time,temperature_2m,relative_humidity_2m,dew_point_2m,precipitation,wind_speed_10m,wind_direction_10m,wind_gusts_10m,surface_pressure,pm10,pm2_5,carbon_monoxide,nitrogen_dioxide,sulphur_dioxide,ozone
2024-01-01 00:00:00,-5.1,59,-11.9,0.0,9.7,207,14.8,1027.3,268.2,187.7,2891.0,61.0,201.4,0.0
2024-01-01 01:00:00,-5.3,66,-10.8,0.0,10.8,206,16.6,1026.9,222.6,155.5,2438.0,58.9,161.3,0.0
2024-01-01 02:00:00,-5.6,70,-10.2,0.0,10.5,202,16.6,1026.4,187.7,130.9,2068.0,56.8,129.4,0.0
2024-01-01 03:00:00,-5.8,72,-10.1,0.0,10.0,201,16.2,1025.9,163.9,114.3,1813.0,54.6,109.9,0.0
2024-01-01 04:00:00,-6.0,73,-10.1,0.0,8.4,200,15.1,1025.0,148.5,103.6,1641.0,52.4,98.6,0.0
2024-01-01 05:00:00,-6.3,75,-10.0,0.0,5.5,203,12.6,1024.5,140.6,98.0,1635.0,50.5,99.9,0.0
2024-01-01 06:00:00,-6.5,76,-10.0,0.0,6.8,212,9.4,1024.3,144.8,101.0,1955.0,48.9,125.1,0.0
2024-01-01 07:00:00,-6.6,77,-9.9,0.0,5.5,203,7.6,1024.0,190.5,133.2,2442.0,47.7,162.9,0.0
2024-01-01 08:00:00,-6.4,76,-9.9,0.0,4.6,219,6.8,1023.9,296.2,206.8,3067.0,46.5,222.2,0.0
2024-01-01 09:00:00,-6.7,78,-9.9,0.0,4.8,257,9.7,1024.1,306.4,214.2,2693.0,46.5,196.2,2.0
2024-01-01 10:00:00,-5.0,69,-9.8,0.0,3.6,264,11.9,1024.0,191.4,133.2,2172.0,46.5,160.1,5.0
2024-01-01 11:00:00,-3.3,62,-9.6,0.0,2.6,254,12.2,1023.5,161.1,112.0,1751.0,47.1,130.9,8.0
2024-01-01 12:00:00,-1.8,55,-9.6,0.0,3.9,202,13.7,1021.8,143.4,99.7,1505.0,48.6,114.6,10.0
2024-01-01 13:00:00,-0.2,49,-9.6,0.0,8.3,198,18.4,1020.3,131.3,91.0,1357.0,50.6,105.2,12.0
2024-01-01 14:00:00,0.5,47,-9.4,0.0,11.6,202,21.2,1019.4,122.5,85.2,1326.0,52.6,102.2,12.0
2024-01-01 15:00:00,0.8,48,-9.1,0.0,13.3,199,22.7,1018.5,117.8,82.0,1392.0,54.7,102.3,9.0
2024-01-01 16:00:00,-0.1,53,-8.6,0.0,10.5,202,22.7,1018.5,129.5,90.1,1574.0,56.6,108.8,4.0
2024-01-01 17:00:00,-1.9,63,-8.1,0.0,9.0,209,16.2,1018.4,184.4,128.5,1944.0,57.3,131.1,0.0
2024-01-01 18:00:00,-2.6,68,-7.7,0.0,8.5,208,14.0,1018.5,266.4,186.3,2628.0,55.7,180.8,0.0
2024-01-01 19:00:00,-4.5,80,-7.5,0.0,9.1,214,13.0,1018.8,351.1,245.9,3501.0,52.7,246.4,0.0
2024-01-01 20:00:00,-5.0,80,-7.9,0.0,8.6,237,12.2,1019.0,287.8,201.2,3071.0,52.6,212.1,0.0
2024-01-01 21:00:00,-5.8,86,-7.8,0.0,6.3,257,8.6,1019.5,312.9,218.9,3333.0,52.3,233.3,0.0
2024-01-01 22:00:00,-6.1,85,-8.1,0.0,5.1,278,7.6,1019.4,337.1,235.6,3689.0,51.8,261.6,0.0
2024-01-01 23:00:00,-6.3,84,-8.6,0.0,4.3,312,6.1,1019.3,370.7,258.9,3904.0,51.2,276.4,0.0
2024-01-02 00:00:00,-6.7,85,-8.7,0.0,4.2,340,6.8,1018.9,372.5,259.8,3872.0,50.3,265.8,0.0
2024-01-02 01:00:00,-7.0,88,-8.7,0.0,5.6,345,9.0,1018.9,358.6,250.5,3700.0,49.2,241.6,0.0
2024-01-02 02:00:00,-7.3,89,-8.9,0.0,4.2,340,8.6,1018.5,341.8,238.4,3481.0,48.1,219.2,0.0
2024-01-02 03:00:00,-7.5,89,-8.9,0.0,3.6,323,6.8,1018.3,321.3,224.4,3185.0,47.0,202.0,0.0
2024-01-02 04:00:00,-7.6,89,-9.1,0.0,3.4,328,5.8,1018.1,298.0,208.6,2842.0,45.9,186.5,0.0
2024-01-02 05:00:00,-7.7,90,-9.1,0.0,2.5,315,5.0,1017.7,279.4,195.1,2636.0,44.7,177.1,0.0
2024-01-02 06:00:00,-7.8,89,-9.2,0.0,2.6,286,4.3,1017.7,264.5,184.4,2732.0,43.2,180.7,0.0
2024-01-02 07:00:00,-7.8,87,-9.6,0.0,3.7,259,5.4,1018.0,290.6,202.6,2966.0,41.7,190.4,1.0
2024-01-02 08:00:00,-7.8,88,-9.6,0.0,3.4,302,5.8,1018.4,273.8,190.9,2561.0,41.0,163.3,2.0
2024-01-02 09:00:00,-7.2,88,-8.8,0.0,2.9,270,8.6,1018.7,264.5,184.4,2287.0,40.0,143.5,4.0
2024-01-02 10:00:00,-4.4,73,-8.5,0.0,3.4,288,10.8,1018.9,236.1,163.9,1904.0,38.8,116.1,7.0
2024-01-02 11:00:00,-1.6,60,-8.4,0.0,1.4,270,11.2,1018.4,170.9,118.0,1578.0,38.4,95.2,9.0
2024-01-02 12:00:00,0.3,52,-8.4,0.0,1.5,256,10.1,1017.5,133.2,91.3,1329.0,39.3,85.6,10.0
2024-01-02 13:00:00,2.0,46,-8.6,0.0,4.5,256,11.9,1016.7,125.7,85.7,1138.0,41.1,82.5,11.0
2024-01-02 14:00:00,2.6,44,-8.6,0.0,7.4,219,13.7,1015.9,128.1,87.3,1115.0,43.7,85.9,11.0
2024-01-02 15:00:00,2.9,44,-8.2,0.0,10.1,215,16.6,1015.8,132.7,90.8,1399.0,47.6,100.5,8.0
2024-01-02 16:00:00,1.0,51,-8.0,0.0,11.5,224,17.6,1016.0,169.0,116.6,1851.0,52.2,121.7,4.0
2024-01-02 17:00:00,-1.5,61,-8.0,0.0,8.6,237,17.6,1016.3,212.3,147.1,2167.0,56.1,135.5,1.0
2024-01-02 18:00:00,-2.5,67,-7.9,0.0,8.1,249,13.3,1016.6,221.2,153.7,2230.0,58.7,136.0,0.0
2024-01-02 19:00:00,-2.7,57,-10.1,0.0,8.8,279,12.6,1016.7,205.4,143.0,2157.0,60.6,129.1,0.0
2024-01-02 20:00:00,-2.0,44,-12.7,0.0,10.4,304,14.4,1017.5,190.0,132.2,2085.0,63.2,122.5,0.0
2024-01-02 21:00:00,-2.0,43,-13.1,0.0,10.5,301,14.8,1018.4,162.5,112.9,1759.0,61.2,105.7,2.0
2024-01-02 22:00:00,-1.2,39,-13.4,0.0,12.4,300,18.0,1018.5,123.4,85.9,1302.0,58.1,82.1,5.0
2024-01-02 23:00:00,-0.9,37,-13.6,0.0,12.6,307,19.4,1019.0,82.9,57.4,917.0,53.7,60.9,9.0
2024-01-03 00:00:00,-2.2,40,-13.9,0.0,10.5,319,19.1,1019.0,51.6,35.5,665.0,46.1,43.8,15.0
2024-01-03 01:00:00,-4.3,47,-14.1,0.0,13.5,344,15.5,1018.9,37.4,25.6,485.0,37.2,29.2,23.0
2024-01-03 02:00:00,-5.5,51,-14.0,0.0,12.8,16,15.8,1019.1,33.3,22.8,388.0,31.9,21.7,26.0
2024-01-03 03:00:00,-5.9,54,-13.7,0.0,8.9,47,14.8,1019.2,35.5,24.3,350.0,33.4,21.0,22.0
2024-01-03 04:00:00,-7.2,59,-13.9,0.0,10.3,36,13.0,1019.1,44.4,30.5,396.0,38.6,27.5,14.0
2024-01-03 05:00:00,-7.2,57,-14.2,0.0,10.0,21,13.0,1019.1,60.3,41.7,617.0,42.9,47.1,8.0
2024-01-03 06:00:00,-7.2,57,-14.4,0.0,11.1,13,13.3,1018.9,83.8,58.2,1222.0,44.9,95.9,4.0
2024-01-03 07:00:00,-8.1,60,-14.6,0.0,12.8,40,14.8,1019.2,153.2,106.9,2002.0,45.9,157.7,2.0
2024-01-03 08:00:00,-7.2,56,-14.4,0.0,8.3,72,14.4,1019.5,217.9,151.8,2047.0,50.1,162.4,1.0
2024-01-03 09:00:00,-4.8,51,-13.2,0.0,11.4,55,18.0,1020.2,306.4,213.3,1690.0,45.7,132.7,7.0
2024-01-03 10:00:00,-2.5,43,-13.5,0.0,3.7,119,16.9,1020.6,146.7,101.7,1196.0,39.7,91.6,16.0
2024-01-03 11:00:00,-0.2,35,-13.8,0.0,4.3,66,13.3,1020.3,80.8,55.5,816.0,35.4,60.7,23.0
2024-01-03 12:00:00,1.5,30,-14.2,0.0,0.7,180,13.3,1019.1,61.0,41.7,639.0,33.6,48.5,27.0
2024-01-03 13:00:00,2.7,28,-14.0,0.0,10.1,207,19.8,1018.1,56.2,38.3,576.0,33.6,46.4,30.0
2024-01-03 14:00:00,2.8,30,-13.1,0.0,15.3,204,26.6,1016.8,57.5,39.2,606.0,36.1,50.3,29.0
2024-01-03 15:00:00,2.6,31,-12.8,0.0,17.3,201,28.8,1016.0,61.5,42.0,748.0,43.2,60.2,21.0
2024-01-03 16:00:00,1.2,36,-12.2,0.0,12.9,203,28.1,1016.0,79.9,55.1,984.0,52.9,76.0,10.0
2024-01-03 17:00:00,-1.8,46,-11.9,0.0,11.3,202,19.8,1015.8,112.9,78.0,1242.0,59.9,93.3,1.0
2024-01-03 18:00:00,-3.0,52,-11.6,0.0,10.2,198,16.9,1015.2,145.8,101.0,1527.0,61.6,112.8,0.0
2024-01-03 19:00:00,-3.8,56,-11.4,0.0,9.8,197,15.1,1014.4,169.0,117.3,1835.0,60.7,133.8,0.0
2024-01-03 20:00:00,-4.4,60,-11.1,0.0,8.8,192,14.4,1014.0,197.4,136.9,2170.0,52.4,158.0,0.0
2024-01-03 21:00:00,-4.6,65,-10.2,0.0,8.1,201,12.6,1014.0,213.7,148.5,2289.0,52.3,167.3,0.0
2024-01-03 22:00:00,-5.2,72,-9.5,0.0,9.9,213,11.9,1013.3,222.1,154.6,2450.0,52.0,179.7,0.0
2024-01-03 23:00:00,-5.3,73,-9.4,0.0,8.9,223,12.2,1012.5,231.0,160.7,2552.0,51.4,185.5,0.0
2024-01-04 00:00:00,-3.9,65,-9.5,0.0,3.3,283,10.1,1012.1,226.8,157.9,2543.0,50.2,178.2,0.0
2024-01-04 01:00:00,-5.4,70,-9.9,0.0,4.0,355,4.7,1011.6,227.2,158.3,2475.0,48.6,164.4,0.0
2024-01-04 02:00:00,-6.1,72,-10.2,0.0,5.2,12,5.8,1010.9,225.4,156.9,2407.0,47.2,153.5,0.0
2024-01-04 03:00:00,-6.9,77,-10.4,0.0,6.9,9,8.3,1010.4,217.5,151.3,2300.0,46.1,145.3,0.0
2024-01-04 04:00:00,-6.9,76,-10.5,0.0,6.1,3,8.6,1009.7,210.9,146.7,2194.0,45.1,140.0,0.0
2024-01-04 05:00:00,-7.1,77,-10.5,0.0,6.5,6,10.4,1009.2,213.7,149.0,2261.0,44.1,148.4,0.0
2024-01-04 06:00:00,-7.2,78,-10.4,0.0,7.3,9,11.9,1009.1,225.4,156.9,2739.0,42.6,188.4,0.0
2024-01-04 07:00:00,-7.6,80,-10.4,0.0,6.5,6,11.2,1009.1,285.9,199.3,3391.0,41.0,242.0,0.0
2024-01-04 08:00:00,-7.5,79,-10.5,0.0,7.2,3,10.8,1009.4,405.1,283.1,3751.0,50.7,271.3,0.0
2024-01-04 09:00:00,-6.7,77,-10.1,0.0,7.9,357,14.8,1009.9,417.2,291.5,3278.0,51.7,231.4,3.0
2024-01-04 10:00:00,-3.6,64,-9.4,0.0,6.1,3,15.1,1010.0,301.7,210.0,2623.0,53.5,176.4,6.0
2024-01-04 11:00:00,-1.2,57,-8.6,0.0,2.9,60,14.8,1009.7,211.9,146.7,2103.0,57.2,135.5,10.0
2024-01-04 12:00:00,0.9,50,-8.4,0.0,3.8,197,13.3,1009.1,180.2,124.3,1833.0,65.2,122.1,13.0
2024-01-04 13:00:00,2.7,44,-8.4,0.0,6.6,241,16.6,1008.6,178.3,122.5,1698.0,75.1,122.8,16.0
2024-01-04 14:00:00,4.0,39,-8.8,0.0,7.1,225,16.6,1008.0,174.2,119.7,1678.0,81.4,125.9,18.0
2024-01-04 15:00:00,3.3,41,-8.8,0.0,14.2,216,22.0,1008.2,165.3,113.9,1796.0,80.7,126.9,18.0
2024-01-04 16:00:00,1.0,47,-9.1,0.0,10.7,220,24.1,1009.4,184.4,127.6,2028.0,76.3,130.3,16.0
2024-01-04 17:00:00,-2.2,59,-9.0,0.0,7.5,235,16.6,1010.3,223.1,155.1,2284.0,72.7,138.1,14.0
2024-01-04 18:00:00,-2.5,61,-8.9,0.0,10.5,274,13.0,1011.3,258.0,179.3,2620.0,71.9,156.6,10.0
2024-01-04 19:00:00,-0.2,36,-13.6,0.0,11.2,310,15.8,1012.5,293.4,204.9,2981.0,71.9,179.5,5.0
2024-01-04 20:00:00,1.2,28,-15.1,0.0,14.5,325,21.2,1013.7,136.4,95.0,1463.0,62.3,102.9,9.0
2024-01-04 21:00:00,2.6,32,-12.4,0.0,17.3,324,27.0,1014.9,121.1,84.3,1436.0,63.1,102.9,7.0
2024-01-04 22:00:00,2.3,33,-12.1,0.0,17.4,320,26.6,1015.7,121.1,84.3,1390.0,64.1,102.0,5.0
2024-01-04 23:00:00,1.5,36,-12.1,0.0,16.8,318,26.6,1016.1,121.1,84.5,1302.0,64.4,95.8,3.0
2024-01-05 00:00:00,1.0,37,-12.1,0.0,18.0,327,27.4,1016.5,97.6,68.2,1128.0,63.7,78.4,2.0
2024-01-05 01:00:00,0.6,38,-12.1,0.0,18.8,340,29.2,1016.7,70.8,49.4,910.0,62.4,55.6,2.0
2024-01-05 02:00:00,-0.2,40,-12.1,0.0,18.4,356,29.5,1016.7,59.3,41.3,753.0,60.6,40.0,2.0
2024-01-05 03:00:00,-1.4,44,-12.0,0.0,14.5,19,28.4,1016.9,54.9,38.4,662.0,57.8,34.4,3.0
2024-01-05 04:00:00,-2.5,48,-12.0,0.0,11.0,38,22.0,1017.1,55.4,38.6,631.0,54.5,35.9,4.0
2024-01-05 05:00:00,-4.4,55,-12.2,0.0,12.1,30,16.2,1017.8,61.7,43.1,747.0,52.0,49.0,5.0
2024-01-05 06:00:00,-4.3,53,-12.4,0.0,12.1,12,14.4,1018.2,75.4,52.7,1174.0,51.2,85.9,3.0
2024-01-05 07:00:00,-4.7,54,-12.4,0.0,12.0,21,14.0,1018.9,127.6,89.2,1747.0,51.1,134.4,1.0
2024-01-05 08:00:00,-2.3,46,-12.4,0.0,6.6,13,13.3,1019.4,223.1,156.0,2170.0,52.6,172.0,1.0
2024-01-05 09:00:00,-2.5,50,-11.4,0.0,4.9,343,9.7,1019.7,232.8,162.5,1874.0,50.1,145.6,6.0
2024-01-05 10:00:00,-0.1,42,-11.4,0.0,1.8,323,9.7,1019.9,168.6,117.8,1462.0,46.7,109.0,13.0
2024-01-05 11:00:00,1.9,36,-11.8,0.0,2.6,214,10.4,1019.7,103.1,71.7,1125.0,44.5,81.1,18.0
2024-01-05 12:00:00,3.3,39,-9.4,0.0,8.7,197,18.4,1018.8,73.3,50.9,910.0,43.8,69.1,22.0
2024-01-05 13:00:00,4.2,38,-8.8,0.0,13.2,209,24.5,1017.6,65.0,44.9,771.0,44.3,65.7,25.0
2024-01-05 14:00:00,4.8,33,-10.0,0.0,17.2,213,29.9,1016.7,65.4,45.2,754.0,46.9,68.0,24.0
2024-01-05 15:00:00,4.3,34,-10.2,0.0,18.1,211,30.2,1016.4,68.5,47.1,908.0,53.5,76.2,18.0
2024-01-05 16:00:00,2.7,39,-9.9,0.0,14.7,205,29.5,1016.6,90.8,63.1,1184.0,62.2,90.1,8.0
2024-01-05 17:00:00,-0.2,48,-9.9,0.0,13.2,209,23.4,1016.7,129.5,90.1,1492.0,68.3,106.1,1.0
2024-01-05 18:00:00,-1.5,54,-9.7,0.0,12.8,218,20.5,1017.1,166.7,116.4,1848.0,69.6,126.9,0.0
2024-01-05 19:00:00,-2.3,58,-9.5,0.0,11.2,222,19.4,1017.5,195.1,136.4,2235.0,68.2,149.7,0.0
2024-01-05 20:00:00,-2.7,60,-9.4,0.0,13.7,215,20.5,1017.5,252.4,176.0,2901.0,58.1,185.3,0.0
2024-01-05 21:00:00,-3.2,68,-8.2,0.0,7.1,255,18.7,1018.4,272.9,190.5,2982.0,57.4,178.4,0.0
2024-01-05 22:00:00,-4.5,74,-8.4,0.0,5.5,328,10.4,1018.8,275.7,191.9,3058.0,56.1,167.1,0.0
2024-01-05 23:00:00,-4.1,66,-9.5,0.0,9.7,345,15.1,1019.5,235.6,163.9,2862.0,53.2,145.7,0.0
2024-01-06 00:00:00,-3.2,51,-11.8,0.0,10.7,340,15.8,1020.0,123.9,84.5,2123.0,47.7,104.2,6.0
2024-01-06 01:00:00,-2.2,40,-14.0,0.0,15.0,336,22.3,1020.6,53.7,35.0,1111.0,40.6,52.7,14.0
2024-01-06 02:00:00,-1.6,33,-15.8,0.0,18.8,324,29.2,1021.3,30.5,19.6,367.0,33.4,15.3,22.0
2024-01-06 03:00:00,-1.8,30,-17.0,0.0,18.3,317,29.2,1021.7,22.0,14.6,149.0,24.9,4.1,31.0
2024-01-06 04:00:00,-2.5,31,-17.4,0.0,18.2,321,28.4,1022.2,18.4,12.5,200.0,16.3,7.1,39.0
2024-01-06 05:00:00,-3.3,34,-17.1,0.0,15.2,329,28.4,1022.6,16.6,11.5,286.0,12.7,12.7,43.0
2024-01-06 06:00:00,-3.8,35,-17.1,0.0,16.0,337,24.5,1022.9,17.1,11.9,358.0,19.2,19.2,36.0
2024-01-06 07:00:00,-3.8,33,-17.5,0.0,18.4,329,28.4,1023.4,26.5,18.5,465.0,30.7,28.3,24.0
2024-01-06 08:00:00,-3.8,33,-17.7,0.0,18.6,328,29.2,1024.0,45.6,31.7,508.0,36.3,32.7,18.0
2024-01-06 09:00:00,-2.2,31,-17.0,0.0,16.9,333,32.4,1024.8,45.8,31.8,450.0,29.3,28.0,26.0
2024-01-06 10:00:00,-0.9,28,-17.1,0.0,17.9,335,30.2,1025.3,28.2,19.6,370.0,19.5,21.5,38.0
2024-01-06 11:00:00,0.3,24,-17.8,0.0,20.1,331,34.2,1025.5,22.7,15.7,307.0,12.3,16.3,46.0
2024-01-06 12:00:00,1.4,22,-18.4,0.0,20.9,336,36.4,1024.8,19.7,13.6,274.0,8.9,13.1,50.0
2024-01-06 13:00:00,1.9,20,-18.6,0.0,20.6,333,36.4,1023.9,17.6,12.2,258.0,8.1,11.0,51.0
2024-01-06 14:00:00,2.1,20,-18.9,0.0,21.9,327,37.1,1023.4,16.2,11.3,267.0,10.6,11.1,48.0
2024-01-06 15:00:00,1.8,20,-18.8,0.0,24.3,322,39.6,1023.3,15.4,10.7,310.0,18.7,13.9,39.0
2024-01-06 16:00:00,0.9,22,-18.4,0.0,22.9,318,40.3,1023.5,16.8,11.6,378.0,30.2,18.8,27.0
2024-01-06 17:00:00,-0.6,24,-18.9,0.0,20.9,318,36.0,1023.8,33.1,23.1,449.0,39.6,24.4,17.0
2024-01-06 18:00:00,-1.0,23,-19.8,0.0,23.0,319,36.0,1024.4,54.8,38.3,519.0,44.4,30.8,13.0
2024-01-06 19:00:00,-1.4,22,-20.2,0.0,21.7,324,36.4,1025.1,59.5,41.6,593.0,46.9,37.8,11.0
2024-01-06 20:00:00,-2.2,24,-20.3,0.0,16.6,336,33.8,1025.6,45.8,31.9,527.0,39.9,31.9,19.0
2024-01-06 21:00:00,-3.5,31,-18.3,0.0,11.5,358,23.4,1026.8,43.2,30.2,530.0,39.8,32.4,19.0
2024-01-06 22:00:00,-4.4,31,-18.9,0.0,10.9,8,18.0,1027.0,42.3,29.6,534.0,39.6,33.1,18.0
2024-01-06 23:00:00,-4.8,32,-19.1,0.0,11.6,5,17.6,1027.3,42.8,29.9,535.0,39.8,33.2,17.0
2024-01-07 00:00:00,-5.0,32,-19.3,0.0,15.3,8,23.0,1027.4,40.5,28.3,530.0,40.6,32.1,15.0
2024-01-07 01:00:00,-5.3,32,-19.4,0.0,16.2,13,24.8,1027.3,41.3,28.9,523.0,41.8,30.4,12.0
2024-01-07 02:00:00,-5.7,33,-19.5,0.0,16.6,18,25.2,1027.5,43.1,30.2,522.0,42.4,29.7,9.0
2024-01-07 03:00:00,-5.8,33,-19.5,0.0,17.3,21,26.6,1027.7,43.3,30.4,486.0,42.0,26.6,8.0
2024-01-07 04:00:00,-5.8,33,-19.5,0.0,16.3,18,26.6,1027.5,43.4,30.4,457.0,41.1,24.5,7.0
2024-01-07 05:00:00,-6.0,33,-19.9,0.0,12.8,11,24.8,1027.5,46.7,32.6,566.0,40.5,34.7,6.0
2024-01-07 06:00:00,-6.3,32,-20.1,0.0,11.2,4,19.8,1027.5,59.1,41.3,994.0,41.0,72.7,4.0
2024-01-07 07:00:00,-6.6,33,-20.4,0.0,9.7,4,16.9,1027.7,110.1,77.1,1560.0,41.9,123.1,1.0
2024-01-07 08:00:00,-7.0,33,-20.5,0.0,6.3,13,15.1,1028.3,165.3,115.5,1413.0,42.5,111.3,2.0
2024-01-07 09:00:00,-6.4,35,-19.5,0.0,7.0,55,14.4,1029.5,210.5,146.7,1209.0,39.3,96.1,7.0
2024-01-07 10:00:00,-5.5,32,-19.5,0.0,7.6,65,16.9,1029.5,110.6,76.8,929.0,35.0,75.1,15.0
2024-01-07 11:00:00,-4.2,28,-19.9,0.0,6.5,71,17.3,1029.0,90.8,62.9,722.0,32.5,60.2,20.0
2024-01-07 12:00:00,-2.8,25,-20.1,0.0,4.7,113,16.6,1027.8,83.1,57.3,644.0,32.8,56.0,22.0
2024-01-07 13:00:00,-1.9,24,-19.6,0.0,7.6,161,18.0,1026.6,82.9,57.0,641.0,34.9,57.8,23.0
2024-01-07 14:00:00,-1.2,24,-19.0,0.0,10.4,180,21.2,1025.5,85.2,58.8,697.0,38.4,62.9,21.0
2024-01-07 15:00:00,-0.8,26,-18.0,0.0,12.8,190,23.0,1024.8,87.8,60.5,801.0,44.4,69.7,15.0
2024-01-07 16:00:00,-1.4,29,-17.2,0.0,13.0,199,23.8,1024.4,92.2,64.0,964.0,51.7,79.9,7.0
2024-01-07 17:00:00,-3.9,36,-16.9,0.0,8.4,200,20.2,1024.2,126.2,87.8,1213.0,56.6,96.0,1.0
2024-01-07 18:00:00,-5.0,39,-17.0,0.0,9.1,189,14.0,1024.3,180.2,125.7,1637.0,56.8,124.7,0.0
2024-01-07 19:00:00,-5.6,41,-16.9,0.0,9.1,187,14.0,1024.0,225.8,157.4,2146.0,54.6,159.3,0.0
2024-01-07 20:00:00,-5.9,42,-16.8,0.0,8.7,185,14.0,1023.9,220.7,154.1,2456.0,46.6,178.7,0.0
2024-01-07 21:00:00,-5.6,45,-15.6,0.0,8.4,187,12.6,1024.0,221.7,155.1,2398.0,46.4,173.1,0.0
2024-01-07 22:00:00,-5.7,46,-15.6,0.0,8.1,193,13.0,1023.6,207.7,145.3,2311.0,46.1,164.8,0.0
2024-01-07 23:00:00,-5.9,46,-15.8,0.0,7.7,191,12.6,1023.0,189.1,132.2,2190.0,45.9,154.0,0.0
2024-01-08 00:00:00,-6.2,46,-16.0,0.0,6.5,186,11.9,1022.5,161.6,113.2,1997.0,45.8,138.1,0.0
2024-01-08 01:00:00,-6.4,46,-16.1,0.0,5.4,180,10.1,1021.8,145.3,101.5,1770.0,45.8,119.7,0.0
2024-01-08 02:00:00,-6.9,47,-16.4,0.0,7.2,174,8.3,1021.0,137.8,96.4,1616.0,45.6,107.4,0.0
2024-01-08 03:00:00,-6.1,44,-16.5,0.0,2.8,140,8.3,1020.4,140.2,98.0,1556.0,45.1,103.5,0.0
2024-01-08 04:00:00,-6.8,46,-16.5,0.0,2.3,18,3.2,1019.7,152.3,106.4,1568.0,44.5,105.8,0.0
2024-01-08 05:00:00,-7.1,47,-16.5,0.0,4.3,5,6.5,1019.0,147.1,102.9,1695.0,43.9,115.6,0.0
2024-01-08 06:00:00,-7.0,46,-16.6,0.0,7.2,3,11.2,1018.5,159.3,111.3,2077.0,43.1,141.3,0.0
2024-01-08 07:00:00,-7.2,46,-16.9,0.0,6.5,6,11.2,1018.2,196.5,137.4,2573.0,42.4,174.7,0.0
2024-01-08 08:00:00,-7.0,44,-17.1,0.0,7.2,3,11.5,1018.2,330.6,231.0,3500.0,44.2,258.5,0.0
2024-01-08 09:00:00,-7.3,50,-15.9,0.0,7.3,9,14.4,1018.6,285.0,199.3,2952.0,45.7,223.5,2.0
2024-01-08 10:00:00,-5.3,45,-15.4,0.0,6.6,22,15.8,1018.3,154.6,108.0,2196.0,48.0,175.3,6.0
2024-01-08 11:00:00,-3.7,41,-15.1,0.0,4.2,31,15.8,1017.4,136.0,95.0,1624.0,50.9,138.5,9.0
2024-01-08 12:00:00,-2.2,37,-14.8,0.0,2.2,99,14.0,1016.0,124.8,87.3,1385.0,54.6,122.7,12.0
2024-01-08 13:00:00,-0.9,35,-14.5,0.0,4.3,156,14.4,1014.5,120.6,84.3,1330.0,59.0,118.4,14.0
2024-01-08 14:00:00,-0.1,33,-14.4,0.0,6.2,173,15.8,1013.4,122.9,85.9,1408.0,63.5,122.3,14.0
2024-01-08 15:00:00,0.2,32,-14.8,0.0,7.6,177,16.2,1013.0,126.2,88.2,1576.0,68.7,130.4,10.0
2024-01-08 16:00:00,-0.2,32,-14.9,0.0,5.9,191,15.5,1013.2,139.2,97.6,1877.0,73.9,146.7,4.0
2024-01-08 17:00:00,-1.2,35,-14.9,0.0,6.2,201,9.4,1013.7,230.0,161.1,2389.0,76.6,180.3,0.0
2024-01-08 18:00:00,-1.3,35,-14.8,0.0,2.3,231,6.8,1014.4,334.3,233.8,3289.0,74.7,246.3,0.0
2024-01-08 19:00:00,-1.4,35,-14.8,0.0,1.1,360,2.9,1014.9,434.9,304.5,4401.0,70.1,329.6,0.0
2024-01-08 20:00:00,-2.2,38,-14.7,0.0,4.0,27,5.8,1015.0,491.7,344.6,5055.0,52.8,360.1,0.0
2024-01-08 21:00:00,-3.0,43,-13.9,0.0,6.1,360,9.7,1016.1,562.5,393.0,5574.0,51.6,407.8,0.0
2024-01-08 22:00:00,-3.3,44,-14.0,0.0,6.8,360,10.4,1015.8,638.9,447.0,6266.0,49.8,470.8,0.0
2024-01-08 23:00:00,-3.2,43,-14.1,0.0,8.6,358,13.3,1015.9,655.7,458.2,6606.0,48.4,497.8,0.0
2024-01-09 00:00:00,-4.6,48,-14.0,0.0,8.8,341,13.3,1015.9,625.8,437.7,6347.0,47.5,461.0,0.0
2024-01-09 01:00:00,-5.4,51,-14.0,0.0,8.8,341,13.7,1015.5,564.4,393.9,5735.0,46.9,388.2,0.0
2024-01-09 02:00:00,-5.2,50,-14.1,0.0,8.4,353,13.7,1015.9,495.5,345.5,4988.0,46.6,312.0,0.0
2024-01-09 03:00:00,-3.8,44,-14.2,0.0,10.5,22,16.2,1016.2,419.1,291.5,4050.0,46.9,234.2,0.0
2024-01-09 04:00:00,-3.5,43,-14.4,0.0,11.9,29,18.0,1016.4,305.5,210.9,2975.0,47.4,152.9,0.0
2024-01-09 05:00:00,-3.7,43,-14.4,0.0,11.0,23,18.7,1016.6,208.2,141.6,2148.0,47.3,95.0,0.0
2024-01-09 06:00:00,-3.6,43,-14.3,0.0,9.9,10,16.9,1017.0,156.9,103.8,1777.0,46.2,78.0,0.0
2024-01-09 07:00:00,-3.3,44,-13.9,0.0,9.6,20,15.1,1017.5,152.7,99.2,1653.0,44.5,84.4,0.0
2024-01-09 08:00:00,-3.2,45,-13.4,0.0,11.2,33,16.6,1018.3,172.8,111.8,1524.0,42.6,88.4,1.0
2024-01-09 09:00:00,-1.8,44,-12.4,0.0,11.5,32,18.0,1019.4,190.9,124.3,1270.0,39.1,74.8,7.0
2024-01-09 10:00:00,0.1,39,-12.1,0.0,10.8,30,19.4,1020.1,139.7,88.5,915.0,34.1,55.8,16.0
2024-01-09 11:00:00,1.9,36,-11.6,0.0,13.8,33,25.2,1020.5,69.4,41.9,627.0,29.2,39.8,25.0
2024-01-09 12:00:00,3.1,30,-12.7,0.0,13.7,27,25.9,1020.1,37.0,21.7,421.0,23.1,26.1,36.0
2024-01-09 13:00:00,3.5,28,-13.1,0.0,11.7,34,26.3,1019.6,31.0,18.5,281.0,17.2,15.4,47.0
2024-01-09 14:00:00,3.7,27,-13.5,0.0,8.7,45,22.7,1019.5,28.2,17.2,322.0,17.1,17.6,50.0
2024-01-09 15:00:00,3.5,27,-13.6,0.0,6.8,72,18.0,1019.5,27.0,16.9,659.0,28.3,42.5,38.0
2024-01-09 16:00:00,2.2,35,-11.7,0.0,4.8,103,13.7,1019.5,44.6,29.5,1178.0,45.4,80.3,17.0
2024-01-09 17:00:00,1.6,33,-12.9,0.0,5.1,184,9.4,1020.3,173.7,119.7,1650.0,57.9,111.9,2.0
2024-01-09 18:00:00,-2.5,47,-12.2,0.0,7.9,231,11.5,1021.1,269.2,186.7,2012.0,60.9,129.7,0.0
2024-01-09 19:00:00,-2.8,49,-12.1,0.0,8.2,221,11.9,1021.9,267.3,185.8,2328.0,59.3,141.1,0.0
2024-01-09 20:00:00,-3.0,49,-12.3,0.0,8.0,243,11.5,1022.5,328.8,230.0,3070.0,61.3,203.6,0.0
2024-01-09 21:00:00,-4.0,53,-12.2,0.0,7.2,307,11.5,1023.3,235.6,164.8,2775.0,61.6,184.0,0.0
2024-01-09 22:00:00,-2.8,39,-14.9,0.0,10.8,2,16.2,1023.4,201.2,141.1,2362.0,61.9,156.4,0.0
2024-01-09 23:00:00,-3.5,39,-15.6,0.0,8.2,23,16.6,1023.6,196.0,137.4,2000.0,61.4,132.0,0.0
2024-01-10 00:00:00,-4.6,43,-15.4,0.0,8.1,32,12.2,1023.6,168.1,117.6,1748.0,59.6,114.4,1.0
2024-01-10 01:00:00,-4.8,44,-15.2,0.0,7.4,43,10.8,1023.4,147.1,102.9,1549.0,56.8,100.0,1.0
2024-01-10 02:00:00,-5.5,47,-15.1,0.0,7.0,55,10.4,1022.9,141.6,99.2,1399.0,53.8,89.0,2.0
2024-01-10 03:00:00,-6.6,51,-14.9,0.0,8.2,67,9.7,1022.7,139.7,97.8,1265.0,50.2,78.5,3.0
2024-01-10 04:00:00,-5.6,48,-14.9,0.0,5.5,32,9.4,1022.2,135.0,94.3,1181.0,46.2,71.4,4.0
2024-01-10 05:00:00,-5.7,48,-15.0,0.0,1.3,236,6.1,1021.7,127.6,89.2,1244.0,43.1,77.3,4.0
2024-01-10 06:00:00,-5.8,48,-15.0,0.0,1.9,202,2.5,1021.2,132.2,92.4,1624.0,41.5,110.9,3.0
2024-01-10 07:00:00,-5.7,48,-15.0,0.0,1.8,233,2.5,1021.2,183.9,128.5,2150.0,40.8,157.3,2.0
2024-01-10 08:00:00,-5.8,48,-15.0,0.0,2.3,231,2.5,1021.0,244.0,170.9,2254.0,40.1,167.1,2.0
2024-01-10 09:00:00,-5.6,49,-14.6,0.0,1.3,236,5.8,1021.4,234.7,163.9,1898.0,39.8,140.3,6.0
2024-01-10 10:00:00,-3.2,42,-14.2,0.0,3.6,186,11.2,1021.0,148.1,103.1,1408.0,39.5,103.5,12.0
2024-01-10 11:00:00,-1.2,41,-12.8,0.0,7.0,192,16.6,1020.1,112.2,77.8,1060.0,41.0,78.0,17.0
2024-01-10 12:00:00,0.2,45,-10.4,0.0,8.0,188,18.4,1018.5,109.4,75.2,971.0,45.1,74.3,19.0
2024-01-10 13:00:00,1.6,43,-9.6,0.0,9.8,186,20.5,1016.7,113.6,77.8,1023.0,50.9,81.8,20.0
2024-01-10 14:00:00,2.5,40,-9.7,0.0,12.2,194,23.0,1015.1,119.2,81.5,1133.0,57.6,89.7,19.0
2024-01-10 15:00:00,2.5,41,-9.6,0.0,15.3,204,25.6,1014.0,127.1,86.6,1279.0,66.3,92.8,14.0
2024-01-10 16:00:00,1.4,45,-9.2,0.0,14.5,210,26.6,1013.3,140.6,96.4,1484.0,76.0,96.3,7.0
2024-01-10 17:00:00,-1.2,56,-8.8,0.0,11.6,216,22.3,1012.9,177.0,122.0,1729.0,82.5,105.0,2.0
2024-01-10 18:00:00,-2.6,65,-8.4,0.0,10.3,216,18.0,1012.5,224.9,155.5,2036.0,83.8,123.5,0.0
2024-01-10 19:00:00,-3.5,70,-8.2,0.0,8.1,225,15.1,1012.3,247.7,171.4,2383.0,82.0,147.1,0.0
2024-01-10 20:00:00,-4.5,74,-8.4,0.0,11.5,238,13.0,1011.9,252.4,174.6,2677.0,78.9,164.0,0.0
2024-01-10 21:00:00,-3.5,70,-8.2,0.0,7.3,261,11.5,1012.7,260.8,180.2,2857.0,75.7,174.9,0.0
2024-01-10 22:00:00,-3.6,66,-9.0,0.0,4.4,325,8.3,1012.1,269.2,186.7,3097.0,71.1,189.0,0.0
2024-01-10 23:00:00,-4.6,66,-9.9,0.0,5.5,337,6.1,1011.6,292.4,203.0,3218.0,66.7,193.9,0.0
2024-01-11 00:00:00,-5.2,66,-10.6,0.0,5.7,342,7.9,1011.4,285.0,197.9,3123.0,63.1,180.8,0.0
2024-01-11 01:00:00,-5.2,64,-11.0,0.0,4.2,329,7.2,1010.8,263.6,183.5,2908.0,59.8,158.4,0.0
2024-01-11 02:00:00,-5.4,63,-11.4,0.0,5.2,326,5.8,1010.7,242.1,168.1,2682.0,56.4,139.9,0.0
2024-01-11 03:00:00,-5.2,59,-11.9,0.0,5.4,312,6.5,1010.5,225.4,156.5,2436.0,52.9,129.1,0.0
2024-01-11 04:00:00,-4.9,57,-12.2,0.0,5.7,305,6.5,1009.8,210.9,145.8,2178.0,49.3,122.3,1.0
2024-01-11 05:00:00,-4.7,54,-12.5,0.0,5.4,318,6.5,1009.6,198.8,137.4,2044.0,46.0,121.3,1.0
2024-01-11 06:00:00,-4.4,54,-12.4,0.0,3.6,315,6.1,1009.9,190.9,131.8,2183.0,42.9,132.9,1.0
2024-01-11 07:00:00,-5.5,61,-11.9,0.0,6.7,16,7.9,1010.3,218.9,151.3,2447.0,40.1,150.4,1.0
2024-01-11 08:00:00,-4.7,65,-10.2,0.0,7.1,24,9.7,1010.6,228.6,156.9,2175.0,39.8,129.1,2.0
2024-01-11 09:00:00,-2.9,60,-9.6,0.0,12.6,13,19.4,1010.8,217.9,149.0,1914.0,37.5,113.3,5.0
2024-01-11 10:00:00,1.8,42,-9.9,0.0,13.4,5,23.0,1011.2,176.0,118.7,1549.0,34.4,91.3,10.0
2024-01-11 11:00:00,5.0,33,-10.1,0.0,7.2,357,22.0,1011.1,141.1,92.7,1238.0,32.8,73.3,14.0
2024-01-11 12:00:00,7.2,27,-10.4,0.0,5.7,18,15.8,1010.8,116.2,73.8,978.0,33.6,59.7,18.0
2024-01-11 13:00:00,8.5,25,-10.6,0.0,2.6,344,14.4,1010.1,107.8,65.9,773.0,35.9,50.1,22.0
2024-01-11 14:00:00,9.1,24,-10.6,0.0,2.4,243,10.4,1009.7,102.9,61.9,794.0,39.8,53.2,23.0
2024-01-11 15:00:00,8.1,26,-10.4,0.0,6.6,189,11.2,1010.1,105.7,64.3,1158.0,46.5,74.3,17.0
2024-01-11 16:00:00,4.1,35,-9.9,0.0,8.0,207,11.2,1010.9,161.6,106.6,1748.0,54.7,108.0,7.0
2024-01-11 17:00:00,0.8,47,-9.4,0.0,8.1,249,10.8,1011.6,256.1,173.7,2391.0,60.6,147.2,0.0
2024-01-11 18:00:00,1.9,45,-8.9,0.0,5.2,254,9.4,1012.4,340.9,233.3,3098.0,62.5,194.8,0.0
2024-01-11 19:00:00,0.0,53,-8.6,0.0,6.6,229,7.2,1013.1,402.3,276.6,3857.0,62.1,247.9,0.0
2024-01-11 20:00:00,-0.4,55,-8.4,0.0,5.8,270,7.6,1013.7,475.9,329.7,4792.0,57.7,308.8,0.0
2024-01-11 21:00:00,-2.3,61,-8.8,0.0,5.2,344,8.6,1013.9,493.6,342.7,4862.0,56.1,315.6,0.0
2024-01-11 22:00:00,-2.8,62,-9.1,0.0,7.2,360,11.5,1014.2,501.1,348.3,4947.0,53.7,324.0,0.0
2024-01-11 23:00:00,-3.2,64,-9.1,0.0,7.6,3,11.2,1014.5,486.2,338.1,4914.0,51.6,322.8,0.0
2024-01-12 00:00:00,-3.2,65,-8.9,0.0,8.3,358,12.2,1015.2,448.9,312.0,4667.0,49.8,304.0,0.0
2024-01-12 01:00:00,-2.9,61,-9.4,0.0,9.8,6,15.1,1015.2,422.8,294.3,4303.0,48.2,275.5,1.0
2024-01-12 02:00:00,-3.0,56,-10.5,0.0,8.8,9,15.1,1015.2,407.9,283.1,3987.0,47.0,250.6,1.0
2024-01-12 03:00:00,-4.1,58,-11.1,0.0,7.1,24,13.3,1015.4,397.7,275.7,3746.0,46.3,230.6,1.0
2024-01-12 04:00:00,-4.6,59,-11.3,0.0,6.3,24,9.7,1014.9,380.0,264.5,3553.0,46.0,214.0,1.0
2024-01-12 05:00:00,-4.7,59,-11.4,0.0,7.3,20,10.8,1015.0,358.6,249.6,3495.0,45.5,209.8,1.0
2024-01-12 06:00:00,-5.2,63,-11.2,0.0,5.3,28,11.2,1015.3,347.4,241.2,3720.0,43.7,231.4,1.0
2024-01-12 07:00:00,-5.5,66,-10.9,0.0,5.6,15,8.6,1015.2,379.0,263.6,4080.0,41.7,265.3,0.0
2024-01-12 08:00:00,-5.2,66,-10.7,0.0,4.0,5,6.5,1015.4,454.5,315.7,4094.0,37.9,281.2,1.0
2024-01-12 09:00:00,-4.1,70,-8.7,0.0,7.9,16,14.4,1016.1,527.1,366.0,3707.0,39.8,247.6,3.0
2024-01-12 10:00:00,-1.8,65,-7.6,0.0,3.1,45,14.0,1016.2,508.5,353.0,3170.0,43.0,201.3,7.0
2024-01-12 11:00:00,0.4,61,-6.2,0.0,3.6,53,12.6,1015.9,294.3,201.2,2740.0,50.3,167.3,9.0
2024-01-12 12:00:00,2.2,57,-5.6,0.0,3.9,112,13.3,1015.3,260.8,177.0,2473.0,65.0,155.3,10.0
2024-01-12 13:00:00,3.7,50,-5.8,0.0,5.4,127,15.1,1014.2,258.0,174.6,2313.0,83.7,155.5,11.0
2024-01-12 14:00:00,4.7,46,-5.9,0.0,6.4,142,15.8,1013.5,260.8,176.0,2347.0,98.7,163.4,10.0
2024-01-12 15:00:00,4.9,46,-5.6,0.0,5.8,120,15.1,1013.6,267.3,180.7,2637.0,107.5,176.8,7.0
2024-01-12 16:00:00,3.0,56,-4.9,0.0,7.2,108,12.2,1013.8,306.4,208.6,3121.0,112.6,197.9,4.0
2024-01-12 17:00:00,-0.1,69,-5.0,0.0,8.4,65,9.4,1014.4,399.5,273.8,3696.0,114.2,228.1,1.0
2024-01-12 18:00:00,-2.2,77,-5.6,0.0,10.0,41,11.9,1015.1,488.0,336.2,4420.0,110.9,275.3,0.0
2024-01-12 19:00:00,-2.5,79,-5.7,0.0,7.2,3,11.9,1015.7,556.9,383.7,5236.0,104.0,331.7,0.0
2024-01-12 20:00:00,-3.2,80,-6.2,0.0,6.5,341,10.4,1016.3,599.8,414.4,5953.0,82.2,385.6,0.0
2024-01-12 21:00:00,-3.7,82,-6.4,0.0,7.8,347,9.7,1016.7,637.0,441.4,6177.0,78.9,402.8,0.0
2024-01-12 22:00:00,-4.3,84,-6.6,0.0,9.0,355,10.4,1016.9,661.2,459.1,6464.0,74.3,424.8,0.0
2024-01-12 23:00:00,-4.4,85,-6.6,0.0,9.1,353,10.4,1017.4,661.2,458.2,6528.0,70.5,428.8,0.0
2024-01-13 00:00:00,-4.4,84,-6.7,0.0,8.8,341,11.2,1017.9,618.4,428.4,6215.0,68.6,401.2,0.0
2024-01-13 01:00:00,-4.1,83,-6.6,0.0,8.0,5,10.1,1017.9,571.8,395.8,5678.0,67.5,355.6,0.0
2024-01-13 02:00:00,-4.1,86,-6.1,0.0,6.9,51,10.1,1018.1,525.3,364.1,5089.0,65.6,309.8,0.0
2024-01-13 03:00:00,-4.3,89,-5.9,0.0,6.7,54,11.5,1018.4,469.4,324.1,4438.0,62.1,265.7,0.0
2024-01-13 04:00:00,-4.7,90,-6.1,0.0,7.4,51,11.5,1018.8,390.2,269.2,3736.0,57.8,221.3,0.0
2024-01-13 05:00:00,-4.6,90,-6.0,0.0,6.7,74,11.5,1019.2,315.7,217.0,3186.0,53.9,188.8,0.0
2024-01-13 06:00:00,-5.1,90,-6.4,0.0,9.1,81,10.4,1019.5,253.3,173.7,2949.0,50.8,179.6,0.0
2024-01-13 07:00:00,-5.2,90,-6.6,0.0,6.4,27,10.4,1020.5,231.0,158.8,2864.0,48.0,182.3,0.0
2024-01-13 08:00:00,-4.4,89,-6.0,0.0,3.7,11,8.3,1021.1,291.5,201.6,3087.0,47.8,202.6,0.0
2024-01-13 09:00:00,-3.0,80,-5.9,0.0,6.6,29,12.6,1021.2,300.8,208.2,2537.0,46.4,164.5,2.0
2024-01-13 10:00:00,-2.2,69,-7.1,0.0,6.9,43,14.8,1021.2,154.1,106.2,1778.0,44.5,111.9,4.0
2024-01-13 11:00:00,-1.5,62,-7.7,0.0,6.4,38,14.8,1020.5,97.3,66.8,1198.0,43.2,71.9,7.0
2024-01-13 12:00:00,-0.7,58,-8.0,0.0,7.1,30,15.5,1019.1,87.5,58.9,939.0,42.7,54.6,10.0
2024-01-13 13:00:00,-0.1,55,-8.0,0.0,5.5,32,16.2,1017.7,83.4,55.2,860.0,42.9,50.0,14.0
2024-01-13 14:00:00,0.4,55,-7.4,0.0,3.7,29,13.7,1016.5,78.7,51.8,925.0,44.4,55.2,15.0
2024-01-13 15:00:00,0.4,55,-7.6,0.0,6.9,6,13.7,1015.8,83.4,54.4,1148.0,48.7,71.1,11.0
2024-01-13 16:00:00,-1.0,59,-8.1,0.0,14.3,350,22.7,1015.7,99.2,65.2,1515.0,54.4,96.8,5.0
2024-01-13 17:00:00,-2.3,69,-7.2,0.0,12.1,350,23.0,1015.6,197.4,134.1,1946.0,58.2,126.4,0.0
2024-01-13 18:00:00,-3.0,78,-6.3,0.0,11.9,355,18.7,1015.7,282.2,193.7,2469.0,58.1,162.8,0.0
2024-01-13 19:00:00,-3.2,83,-5.7,0.0,10.9,352,18.7,1015.9,316.6,217.5,3056.0,56.1,203.1,0.0
2024-01-13 20:00:00,-3.3,86,-5.3,0.0,10.4,2,16.9,1016.1,422.8,291.5,4095.0,41.3,283.3,0.0
2024-01-13 21:00:00,-3.6,84,-5.9,0.0,9.2,349,16.2,1017.4,448.9,310.1,4289.0,43.1,272.6,0.0
2024-01-13 22:00:00,-4.2,89,-5.8,0.0,8.0,350,14.4,1017.5,459.1,318.5,4502.0,45.6,255.1,0.0
2024-01-13 23:00:00,-3.8,83,-6.3,0.0,10.1,4,14.4,1018.1,370.7,256.1,4269.0,46.8,221.4,0.0
2024-01-14 00:00:00,-1.2,55,-9.1,0.0,16.1,10,23.8,1019.2,212.3,145.8,3153.0,46.7,155.7,7.0
2024-01-14 01:00:00,-0.3,40,-12.3,0.0,20.2,5,31.3,1020.4,66.6,45.5,1591.0,45.4,74.0,18.0
2024-01-14 02:00:00,-0.4,37,-13.5,0.0,24.6,6,38.2,1021.5,20.1,13.9,434.0,41.4,14.7,29.0
2024-01-14 03:00:00,-0.9,34,-14.7,0.0,25.8,8,40.3,1022.7,10.7,7.5,80.0,30.7,0.0,42.0
2024-01-14 04:00:00,-1.5,33,-15.6,0.0,24.6,12,40.3,1023.4,9.2,6.4,130.0,17.3,2.0,56.0
2024-01-14 05:00:00,-2.3,33,-16.3,0.0,23.1,15,38.5,1024.7,9.5,6.6,238.0,11.5,10.3,62.0
2024-01-14 06:00:00,-2.8,31,-17.6,0.0,23.8,15,37.1,1025.7,11.9,8.3,330.0,21.8,18.6,51.0
2024-01-14 07:00:00,-3.3,29,-18.7,0.0,23.0,17,37.1,1026.6,24.1,16.8,481.0,39.6,30.3,31.0
2024-01-14 08:00:00,-3.8,29,-19.2,0.0,21.7,15,35.3,1027.9,48.3,33.6,466.0,43.2,28.7,29.0
2024-01-14 09:00:00,-3.3,29,-18.9,0.0,24.1,17,39.6,1029.4,57.0,39.9,417.0,35.3,24.6,38.0
2024-01-14 10:00:00,-2.3,25,-19.8,0.0,23.9,12,41.4,1030.1,31.7,22.1,350.0,24.3,19.0,51.0
2024-01-14 11:00:00,-1.1,22,-20.4,0.0,22.1,7,40.0,1030.3,25.8,18.0,298.0,16.3,14.8,61.0
2024-01-14 12:00:00,0.3,17,-21.7,0.0,18.7,360,37.8,1029.7,23.3,16.2,253.0,12.3,11.5,66.0
2024-01-14 13:00:00,1.5,14,-23.5,0.0,16.6,356,33.5,1028.7,21.8,15.1,224.0,11.3,9.5,67.0
2024-01-14 14:00:00,2.2,13,-23.6,0.0,14.1,356,30.2,1027.6,21.1,14.6,274.0,15.7,13.2,62.0
2024-01-14 15:00:00,2.5,12,-24.2,0.0,10.4,358,25.9,1027.4,21.2,14.7,404.0,30.0,24.0,45.0
2024-01-14 16:00:00,1.4,17,-21.0,0.0,4.9,17,19.1,1027.8,23.9,16.6,613.0,49.8,40.5,22.0
2024-01-14 17:00:00,-2.0,20,-22.2,0.0,9.4,32,10.8,1028.1,95.9,67.1,959.0,64.2,62.9,5.0
2024-01-14 18:00:00,-0.3,16,-23.3,0.0,1.3,214,10.8,1028.5,205.8,144.4,1606.0,67.9,98.7,0.0
2024-01-14 19:00:00,-5.1,24,-22.4,0.0,10.5,207,12.2,1029.1,282.2,197.4,2391.0,66.1,140.4,0.0
2024-01-14 20:00:00,-5.2,28,-20.8,0.0,10.0,206,13.0,1029.3,339.0,237.5,3484.0,64.1,233.3,0.0
2024-01-14 21:00:00,-2.2,21,-21.8,0.0,4.3,294,5.0,1029.9,379.0,265.4,3535.0,62.8,219.0,0.0
2024-01-14 22:00:00,-1.6,19,-22.2,0.0,4.3,318,5.4,1029.5,359.5,251.5,3586.0,60.9,197.9,0.0
2024-01-14 23:00:00,-2.2,19,-22.5,0.0,3.4,18,5.0,1029.9,304.5,213.3,3476.0,58.9,173.0,0.0
2024-01-15 00:00:00,-4.3,22,-22.8,0.0,6.2,80,6.5,1030.0,244.0,170.9,3067.0,56.8,140.8,1.0
2024-01-15 01:00:00,-6.1,25,-22.8,0.0,8.5,78,9.7,1029.7,198.4,138.8,2499.0,54.6,104.7,1.0
2024-01-15 02:00:00,-6.6,26,-22.8,0.0,7.9,47,10.1,1029.4,169.0,118.3,2028.0,52.1,77.5,2.0
2024-01-15 03:00:00,-6.8,27,-22.8,0.0,6.7,36,9.0,1029.4,147.1,102.9,1736.0,49.1,63.4,3.0
2024-01-15 04:00:00,-7.2,28,-22.8,0.0,7.2,27,9.0,1028.8,131.8,92.2,1541.0,45.9,58.3,4.0
2024-01-15 05:00:00,-7.4,29,-22.6,0.0,6.1,28,8.6,1028.3,122.0,85.4,1459.0,43.6,62.1,4.0
2024-01-15 06:00:00,-7.7,29,-22.5,0.0,5.5,11,7.9,1028.2,120.1,84.1,1582.0,42.8,82.5,3.0
2024-01-15 07:00:00,-7.8,30,-22.5,0.0,5.4,356,7.6,1028.1,143.9,100.8,1819.0,42.8,112.0,2.0
2024-01-15 08:00:00,-7.4,29,-22.4,0.0,4.7,360,7.6,1028.2,205.8,143.9,2056.0,39.6,137.2,3.0
2024-01-15 09:00:00,-7.2,37,-19.2,0.0,6.5,3,12.6,1028.9,208.2,145.8,1742.0,39.2,115.8,8.0
2024-01-15 10:00:00,-4.3,30,-19.4,0.0,4.0,5,14.0,1028.9,112.2,78.5,1309.0,38.7,86.3,15.0
2024-01-15 11:00:00,-2.1,25,-19.5,0.0,1.3,146,12.6,1028.4,86.6,60.5,979.0,39.1,64.9,21.0
2024-01-15 12:00:00,-0.4,27,-17.1,0.0,5.8,173,15.8,1027.3,75.2,52.5,831.0,40.5,58.3,24.0
2024-01-15 13:00:00,0.9,26,-16.4,0.0,6.6,171,16.9,1025.8,73.3,51.1,787.0,42.9,59.8,26.0
2024-01-15 14:00:00,1.9,25,-16.2,0.0,9.4,173,19.4,1024.4,76.4,53.2,837.0,46.9,65.5,25.0
2024-01-15 15:00:00,2.3,28,-14.1,0.0,11.3,189,20.5,1023.9,80.3,56.1,964.0,54.4,71.8,19.0
2024-01-15 16:00:00,1.6,33,-13.1,0.0,7.8,202,20.5,1023.9,95.2,66.4,1184.0,63.7,82.4,9.0
2024-01-15 17:00:00,-3.0,45,-13.1,0.0,11.8,200,13.0,1024.1,146.7,102.4,1538.0,70.0,104.0,2.0
2024-01-15 18:00:00,-3.8,46,-13.7,0.0,11.6,202,14.0,1024.6,214.7,149.9,2102.0,71.0,143.2,0.0
2024-01-15 19:00:00,-4.8,45,-14.9,0.0,12.1,197,14.0,1024.8,278.5,194.6,2799.0,69.2,193.4,0.0
2024-01-15 20:00:00,-4.0,38,-16.4,0.0,9.0,196,13.7,1025.2,265.4,185.3,2838.0,65.0,192.4,0.0
2024-01-15 21:00:00,-3.7,47,-13.4,0.0,2.4,333,8.6,1025.5,308.3,215.6,3185.0,63.8,224.2,0.0
2024-01-15 22:00:00,-6.1,60,-12.7,0.0,6.1,360,6.5,1025.4,364.1,255.2,3658.0,62.1,267.3,0.0
2024-01-15 23:00:00,-6.6,65,-12.1,0.0,6.1,357,8.3,1025.5,402.3,281.3,3978.0,60.5,293.7,0.0
2024-01-16 00:00:00,-6.8,66,-12.1,0.0,5.2,348,7.6,1025.5,406.1,284.1,4011.0,59.1,288.6,0.0
2024-01-16 01:00:00,-6.9,64,-12.6,0.0,5.9,349,8.6,1025.1,394.9,276.6,3890.0,57.7,266.8,0.0
2024-01-16 02:00:00,-7.2,60,-13.6,0.0,6.9,6,11.2,1025.1,386.5,270.1,3736.0,56.4,245.1,0.0
2024-01-16 03:00:00,-7.2,56,-14.4,0.0,6.5,6,10.4,1025.2,366.0,256.1,3534.0,55.1,225.2,0.0
2024-01-16 04:00:00,-7.5,55,-15.1,0.0,6.2,10,9.7,1025.0,343.7,240.3,3299.0,53.7,205.4,0.0
2024-01-16 05:00:00,-7.9,56,-15.2,0.0,6.2,7,9.0,1025.2,324.1,226.8,3189.0,52.4,196.9,0.0
2024-01-16 06:00:00,-7.9,56,-15.2,0.0,6.1,360,9.4,1025.3,304.5,213.3,3376.0,50.2,212.6,0.0
2024-01-16 07:00:00,-8.2,58,-15.1,0.0,6.1,360,9.4,1025.5,319.4,223.5,3688.0,47.9,239.7,0.0
2024-01-16 08:00:00,-8.3,58,-15.1,0.0,6.5,3,9.4,1025.6,398.6,279.4,3761.0,51.3,259.8,1.0
2024-01-16 09:00:00,-7.2,63,-13.1,0.0,8.3,5,15.8,1026.9,488.0,340.9,3379.0,58.5,236.2,4.0
2024-01-16 10:00:00,-4.3,51,-12.9,0.0,6.0,17,15.8,1027.0,332.5,232.8,2844.0,68.4,203.1,8.0
2024-01-16 11:00:00,-2.1,44,-12.6,0.0,5.4,37,15.5,1026.7,235.6,164.8,2384.0,76.2,175.0,11.0
2024-01-16 12:00:00,-0.5,40,-12.4,0.0,4.1,75,15.1,1025.6,203.5,142.5,2063.0,79.9,156.7,12.0
2024-01-16 13:00:00,0.4,39,-12.1,0.0,5.6,135,15.1,1024.6,182.1,127.1,1819.0,81.4,143.5,12.0
2024-01-16 14:00:00,0.8,39,-11.6,0.0,8.0,153,17.3,1023.6,172.8,120.6,1688.0,81.9,134.8,11.0
2024-01-16 15:00:00,0.9,41,-10.8,0.0,9.6,167,18.4,1023.0,165.3,115.0,1689.0,81.7,129.5,8.0
2024-01-16 16:00:00,0.7,47,-9.4,0.0,9.4,173,18.4,1022.9,162.1,112.9,1803.0,80.4,128.8,4.0
2024-01-16 17:00:00,-3.0,66,-8.4,0.0,10.1,176,14.4,1022.8,201.2,140.2,2020.0,77.8,136.4,1.0
2024-01-16 18:00:00,-3.8,77,-7.2,0.0,9.0,178,12.2,1022.7,264.5,184.9,2393.0,73.0,156.8,0.0
2024-01-16 19:00:00,-3.3,82,-5.9,0.0,8.0,188,11.5,1023.0,303.6,211.9,2867.0,66.9,185.6,0.0
2024-01-16 20:00:00,-3.0,88,-4.7,0.0,7.4,194,12.2,1023.2,287.8,200.7,3025.0,39.5,207.6,0.0
2024-01-16 21:00:00,-2.0,79,-5.1,0.0,4.6,198,10.8,1023.8,313.9,218.9,3170.0,38.7,220.5,0.0
2024-01-16 22:00:00,-1.7,79,-4.8,0.0,4.8,193,6.5,1023.2,326.0,227.7,3366.0,37.7,237.9,0.0
2024-01-16 23:00:00,-1.5,79,-4.7,0.0,2.3,288,5.4,1022.7,340.9,238.0,3476.0,36.8,247.3,0.0
2024-01-17 00:00:00,-2.0,75,-5.8,0.0,2.6,326,4.0,1022.2,332.5,231.9,3428.0,36.2,241.3,0.0
2024-01-17 01:00:00,-2.1,64,-8.0,0.0,7.3,340,11.9,1021.7,318.5,222.6,3294.0,35.9,227.4,0.0
2024-01-17 02:00:00,-2.4,64,-8.2,0.0,8.6,358,14.8,1021.3,309.2,216.1,3158.0,35.8,215.4,0.0
2024-01-17 03:00:00,-2.5,66,-7.8,0.0,8.3,5,14.8,1021.0,317.6,221.7,3021.0,36.2,208.8,0.0
2024-01-17 04:00:00,-2.4,66,-7.8,0.0,7.2,6,14.0,1020.4,299.0,208.6,2882.0,36.8,204.1,0.0
2024-01-17 05:00:00,-2.3,64,-8.2,0.0,7.2,360,12.6,1020.0,279.4,194.6,2817.0,37.5,201.1,0.0
2024-01-17 06:00:00,-2.2,63,-8.2,0.0,7.2,357,12.6,1019.7,277.5,193.7,2938.0,38.0,202.5,0.0
2024-01-17 07:00:00,-2.2,62,-8.4,0.0,6.8,360,12.6,1019.6,281.3,196.5,3134.0,38.6,205.6,0.0
2024-01-17 08:00:00,-2.0,66,-7.6,0.0,6.8,357,12.2,1019.5,216.1,150.9,2312.0,39.2,150.7,0.0
2024-01-17 09:00:00,-1.5,74,-5.6,0.0,7.3,351,13.3,1020.8,206.8,143.9,2200.0,39.7,147.9,0.0
2024-01-17 10:00:00,-0.9,76,-4.6,0.0,7.2,357,14.4,1020.5,176.5,122.9,2045.0,40.6,144.1,1.0
2024-01-17 11:00:00,-0.4,77,-4.0,0.0,7.3,9,14.8,1020.1,168.1,117.3,1927.0,42.6,140.7,1.0
2024-01-17 12:00:00,0.3,75,-3.6,0.0,5.9,14,15.1,1019.3,161.6,112.7,1854.0,46.4,137.0,2.0
2024-01-17 13:00:00,0.9,73,-3.4,0.0,2.9,7,14.0,1018.4,152.7,106.6,1819.0,51.4,133.7,3.0
2024-01-17 14:00:00,1.5,70,-3.5,0.0,1.1,18,10.4,1017.8,152.7,106.6,1876.0,55.7,135.1,3.0
2024-01-17 15:00:00,1.7,68,-3.5,0.0,1.1,72,8.6,1017.4,155.5,108.5,2009.0,59.3,138.4,2.0
2024-01-17 16:00:00,1.7,68,-3.6,0.0,2.2,189,7.6,1017.7,163.0,113.6,2234.0,62.3,146.4,1.0
2024-01-17 17:00:00,0.1,77,-3.5,0.0,5.1,176,6.1,1018.2,237.0,165.8,2656.0,63.6,170.8,0.0
2024-01-17 18:00:00,-0.5,80,-3.5,0.0,5.7,162,6.5,1019.0,337.1,235.6,3415.0,61.9,223.7,0.0
2024-01-17 19:00:00,0.4,75,-3.5,0.0,3.6,135,6.5,1019.8,433.1,302.7,4371.0,58.5,293.1,0.0
2024-01-17 20:00:00,0.3,76,-3.5,0.0,1.5,45,4.0,1020.6,425.6,298.0,4607.0,48.5,300.6,0.0
2024-01-17 21:00:00,-2.0,88,-3.8,0.0,4.0,297,6.1,1021.7,506.6,353.9,5137.0,47.8,346.4,0.0
2024-01-17 22:00:00,-3.8,90,-5.2,0.0,5.1,321,7.2,1022.1,577.4,404.2,5844.0,47.0,406.8,0.0
2024-01-17 23:00:00,-4.2,90,-5.7,0.0,4.7,337,7.2,1022.4,614.7,430.3,6210.0,46.6,432.0,0.0
2024-01-18 00:00:00,-4.4,90,-5.8,0.0,6.9,351,10.4,1022.9,590.5,413.5,5944.0,47.2,390.4,0.0
2024-01-18 01:00:00,-4.4,89,-5.9,0.0,6.1,357,10.4,1023.5,525.3,366.9,5335.0,48.3,313.5,0.0
2024-01-18 02:00:00,-4.9,89,-6.5,0.0,8.7,353,10.4,1024.1,461.0,322.2,4733.0,49.2,246.3,0.0
2024-01-18 03:00:00,-4.7,88,-6.4,0.0,6.9,351,10.1,1024.8,403.3,281.3,4187.0,49.7,199.6,0.0
2024-01-18 04:00:00,-4.9,88,-6.7,0.0,5.5,349,7.9,1024.9,354.8,247.7,3647.0,50.0,162.5,0.0
2024-01-18 05:00:00,-3.3,82,-5.9,0.0,2.6,326,6.8,1025.5,314.8,219.3,3314.0,50.3,147.0,0.0
2024-01-18 06:00:00,-2.3,76,-5.9,0.0,3.5,246,3.6,1026.1,291.5,203.0,3438.0,50.4,173.6,0.0
2024-01-18 07:00:00,-2.0,65,-7.7,0.0,4.7,180,5.0,1027.2,313.9,218.4,3769.0,50.4,221.8,0.0
2024-01-18 08:00:00,-2.2,61,-8.8,0.0,4.3,175,5.0,1027.8,407.9,284.1,3967.0,50.6,258.6,0.0
2024-01-18 09:00:00,-2.3,83,-4.9,0.0,6.1,93,11.9,1028.5,486.2,339.0,3240.0,54.1,214.6,3.0
2024-01-18 10:00:00,-0.1,48,-9.7,0.0,5.8,120,13.7,1028.5,241.2,168.1,2229.0,58.8,153.3,7.0
2024-01-18 11:00:00,1.3,38,-11.4,0.0,6.9,152,16.6,1028.6,126.7,88.2,1414.0,60.4,102.8,13.0
2024-01-18 12:00:00,2.4,33,-12.1,0.0,7.8,158,18.4,1027.9,85.9,60.1,968.0,55.1,72.2,23.0
2024-01-18 13:00:00,3.0,33,-11.9,0.0,8.9,166,20.2,1027.1,66.1,46.2,718.0,46.9,52.3,34.0
2024-01-18 14:00:00,3.4,32,-11.6,0.0,9.6,167,20.5,1026.4,55.9,39.0,621.0,43.4,43.6,38.0
2024-01-18 15:00:00,3.5,32,-11.9,0.0,9.8,172,20.2,1026.1,51.2,35.7,660.0,49.9,46.3,30.0
2024-01-18 16:00:00,3.0,29,-13.2,0.0,8.5,168,19.1,1026.3,52.3,36.4,852.0,61.2,60.2,15.0
2024-01-18 17:00:00,-0.6,35,-14.3,0.0,9.6,160,13.0,1026.2,120.1,84.1,1203.0,69.1,84.8,3.0
2024-01-18 18:00:00,-2.2,36,-15.2,0.0,9.6,160,12.6,1026.7,216.1,151.3,1862.0,69.8,129.7,0.0
2024-01-18 19:00:00,-2.4,33,-16.6,0.0,8.0,170,11.5,1027.2,301.7,211.4,2679.0,67.1,185.2,0.0
2024-01-18 20:00:00,-2.3,27,-18.7,0.0,7.2,174,10.8,1027.5,372.5,260.8,3442.0,60.7,249.1,0.0
2024-01-18 21:00:00,-2.3,54,-10.5,0.0,7.0,192,8.3,1027.8,375.3,262.6,3427.0,60.1,248.6,0.0
2024-01-18 22:00:00,-2.2,57,-9.7,0.0,6.2,201,8.3,1027.6,356.7,249.6,3405.0,59.3,247.6,0.0
2024-01-18 23:00:00,-1.8,55,-9.7,0.0,2.8,140,6.8,1027.9,352.0,245.9,3384.0,58.2,244.6,0.0
2024-01-19 00:00:00,-2.2,56,-9.9,0.0,4.7,86,6.8,1028.2,352.0,245.9,3373.0,56.9,238.7,0.0
2024-01-19 01:00:00,-2.7,53,-10.9,0.0,8.3,88,12.2,1028.3,353.0,246.8,3362.0,55.4,230.8,0.0
2024-01-19 02:00:00,-2.8,45,-13.2,0.0,10.2,100,15.8,1028.8,354.8,247.7,3335.0,54.0,222.3,0.0
2024-01-19 03:00:00,-2.8,39,-15.0,0.0,7.0,102,15.8,1029.0,346.5,242.1,3258.0,52.6,211.3,0.0
2024-01-19 04:00:00,-3.0,36,-16.0,0.0,5.9,76,10.8,1028.7,326.9,228.6,3164.0,51.3,199.8,0.0
2024-01-19 05:00:00,-3.1,34,-16.8,0.0,4.0,27,9.7,1029.0,312.9,218.9,3132.0,50.4,194.2,0.0
2024-01-19 06:00:00,-3.0,33,-17.1,0.0,4.3,5,8.6,1029.3,299.0,208.6,3305.0,50.0,204.4,0.0
2024-01-19 07:00:00,-3.0,31,-17.6,0.0,3.3,41,8.3,1029.9,301.7,210.9,3540.0,50.0,220.6,0.0
2024-01-19 08:00:00,-3.0,29,-18.4,0.0,2.1,149,6.1,1030.4,289.6,202.6,3035.0,65.4,183.0,0.0
2024-01-19 09:00:00,-2.4,44,-13.1,0.0,6.1,152,12.2,1030.8,217.0,151.3,2474.0,64.4,154.6,2.0
2024-01-19 10:00:00,-2.0,36,-15.1,0.0,6.9,141,14.4,1030.9,144.8,99.4,1699.0,62.9,115.2,4.0
2024-01-19 11:00:00,-1.6,29,-17.1,0.0,6.2,144,15.1,1030.9,121.5,82.0,1102.0,61.6,84.6,6.0
2024-01-19 12:00:00,-1.4,27,-18.1,0.0,6.1,140,14.8,1030.3,105.9,71.0,859.0,60.2,71.4,8.0
2024-01-19 13:00:00,-1.4,26,-18.5,0.0,3.1,135,14.4,1029.3,98.5,65.2,796.0,58.9,67.0,10.0
2024-01-19 14:00:00,-1.4,26,-18.3,0.0,0.5,135,10.1,1028.2,99.7,65.7,778.0,59.2,65.4,11.0
2024-01-19 15:00:00,-1.1,27,-17.6,0.0,3.3,283,9.4,1028.1,102.7,67.5,759.0,62.4,64.6,8.0
2024-01-19 16:00:00,-0.9,29,-16.7,0.0,5.0,300,10.4,1027.9,106.6,70.1,787.0,67.2,66.6,4.0
2024-01-19 17:00:00,-1.2,33,-15.6,0.0,3.8,319,10.8,1028.0,117.8,78.0,869.0,70.9,72.0,1.0
2024-01-19 18:00:00,-1.7,36,-14.9,0.0,5.3,332,7.9,1028.1,169.0,113.9,1038.0,72.4,82.9,0.0
2024-01-19 19:00:00,-2.0,38,-14.6,0.0,6.2,339,10.1,1028.4,183.9,124.3,1262.0,72.9,97.2,0.0
2024-01-19 20:00:00,-2.2,40,-14.1,0.0,5.9,349,9.7,1028.9,332.5,228.6,2884.0,81.6,202.3,0.0
2024-01-19 21:00:00,-2.7,42,-13.8,0.0,3.6,354,7.6,1029.1,267.3,183.5,2844.0,81.7,204.2,0.0
2024-01-19 22:00:00,-2.8,43,-13.5,0.0,3.1,291,4.7,1029.0,286.8,197.0,2790.0,81.8,206.8,0.0
2024-01-19 23:00:00,-2.7,43,-13.4,0.0,1.8,217,4.0,1028.9,331.6,227.7,2751.0,81.4,207.7,0.0
2024-01-20 00:00:00,-3.0,45,-13.4,0.0,3.7,151,4.7,1029.1,377.2,259.8,2800.0,80.2,209.5,0.0
2024-01-20 01:00:00,-2.8,43,-13.8,0.0,6.8,115,9.4,1028.8,398.6,274.7,2864.0,78.5,209.8,0.0
2024-01-20 02:00:00,-3.5,32,-18.0,0.0,6.0,123,10.1,1028.5,334.3,230.5,2761.0,76.2,198.4,0.0
2024-01-20 03:00:00,-4.4,26,-21.0,0.0,7.1,135,9.4,1028.3,233.8,160.7,2296.0,72.9,161.8,0.0
2024-01-20 04:00:00,-4.8,26,-21.5,0.0,8.0,144,9.7,1027.8,170.9,117.6,1664.0,69.0,113.7,0.0
2024-01-20 05:00:00,-3.7,24,-21.6,0.0,3.7,151,9.4,1027.3,141.1,97.1,1260.0,65.6,85.0,0.0
2024-01-20 06:00:00,-4.9,26,-21.6,0.0,6.5,146,7.6,1027.1,132.7,91.7,1361.0,64.2,98.5,0.0
2024-01-20 07:00:00,-5.3,27,-21.6,0.0,6.0,163,7.6,1027.5,157.4,109.4,1691.0,63.3,131.3,0.0
2024-01-20 08:00:00,-5.4,27,-21.6,0.0,5.3,152,6.5,1027.9,162.1,112.2,1362.0,54.7,103.0,1.0
2024-01-20 09:00:00,-2.9,37,-15.6,0.0,5.1,172,11.5,1027.9,93.1,64.3,1100.0,46.7,84.2,11.0
2024-01-20 10:00:00,-2.2,33,-16.2,0.0,3.8,163,12.2,1028.1,71.2,48.9,741.0,35.6,58.3,24.0
2024-01-20 11:00:00,-1.5,31,-16.5,0.0,2.1,149,11.9,1028.0,64.7,44.1,477.0,27.7,39.3,34.0
2024-01-20 12:00:00,-1.1,30,-16.7,0.0,0.5,135,11.5,1027.1,61.5,41.8,383.0,24.7,32.5,39.0
2024-01-20 13:00:00,-0.7,29,-16.6,0.0,2.3,252,11.5,1026.2,61.7,41.9,386.0,24.9,32.6,41.0
2024-01-20 14:00:00,-0.3,28,-16.6,0.0,3.8,229,13.7,1025.6,64.0,43.3,458.0,28.7,37.5,39.0
2024-01-20 15:00:00,-0.1,28,-16.5,0.0,4.0,185,13.7,1025.3,67.3,45.8,565.0,38.9,44.6,28.0
2024-01-20 16:00:00,-0.4,29,-16.2,0.0,5.4,176,12.6,1025.6,73.3,49.9,741.0,52.6,56.5,13.0
2024-01-20 17:00:00,-2.3,38,-14.7,0.0,6.9,174,11.9,1025.6,129.5,89.4,1063.0,62.4,79.6,2.0
2024-01-20 18:00:00,-4.3,43,-15.1,0.0,8.7,232,9.4,1026.2,218.4,151.8,1752.0,64.4,130.7,0.0
2024-01-20 19:00:00,-4.3,43,-15.1,0.0,7.9,231,10.4,1026.6,270.1,187.7,2587.0,62.5,192.8,0.0
2024-01-20 20:00:00,-4.8,43,-15.4,0.0,9.7,207,11.2,1027.2,310.1,216.1,2816.0,56.9,187.9,0.0
2024-01-20 21:00:00,-4.3,44,-14.8,0.0,14.0,334,20.2,1029.6,257.0,179.3,2086.0,48.6,136.9,13.0
2024-01-20 22:00:00,-4.5,34,-18.1,0.0,21.7,331,33.5,1030.2,102.2,71.2,1082.0,36.9,66.6,31.0
2024-01-20 23:00:00,-5.3,28,-21.1,0.0,28.2,332,43.9,1030.6,18.5,13.0,343.0,26.5,14.7,46.0
2024-01-21 00:00:00,-6.1,25,-22.8,0.0,28.5,332,46.1,1031.4,6.3,4.4,136.0,18.8,0.0,53.0
2024-01-21 01:00:00,-7.1,25,-23.8,0.0,26.3,338,45.0,1031.9,7.9,5.5,195.0,12.4,2.6,56.0
2024-01-21 02:00:00,-7.7,25,-24.2,0.0,22.4,356,41.4,1032.7,7.6,5.3,262.0,8.0,6.6,58.0
2024-01-21 03:00:00,-8.3,26,-24.6,0.0,22.7,18,35.6,1033.0,7.2,5.0,251.0,5.9,5.7,59.0
2024-01-21 04:00:00,-8.9,26,-25.0,0.0,21.6,24,36.0,1033.0,6.4,4.5,248.0,5.8,5.7,58.0
2024-01-21 05:00:00,-9.3,26,-25.2,0.0,20.8,10,34.9,1033.3,6.0,4.2,257.0,7.5,6.7,56.0
2024-01-21 06:00:00,-9.8,26,-25.5,0.0,18.9,18,33.1,1033.9,7.0,4.9,291.0,12.7,9.6,50.0
2024-01-21 07:00:00,-10.1,26,-26.0,0.0,18.4,28,29.2,1034.6,11.6,8.1,338.0,19.6,13.4,42.0
2024-01-21 08:00:00,-10.2,25,-26.4,0.0,20.1,21,31.0,1035.6,19.0,13.3,343.0,22.1,15.3,39.0
2024-01-21 09:00:00,-9.9,25,-26.4,0.0,25.9,2,42.5,1036.8,14.6,10.2,322.0,18.1,13.5,44.0
2024-01-21 10:00:00,-8.6,21,-27.3,0.0,25.6,356,43.2,1037.2,11.9,8.4,293.0,12.5,11.0,51.0
2024-01-21 11:00:00,-7.4,17,-28.3,0.0,27.3,348,46.1,1037.4,9.9,6.9,270.0,8.4,9.0,57.0
2024-01-21 12:00:00,-6.5,16,-28.5,0.0,27.0,344,46.8,1036.8,8.5,6.0,256.0,6.7,7.8,60.0
2024-01-21 13:00:00,-5.8,15,-28.5,0.0,26.9,340,46.4,1035.9,7.8,5.5,248.0,6.5,7.1,62.0
2024-01-21 14:00:00,-5.2,14,-28.5,0.0,26.6,333,46.1,1035.0,7.5,5.3,247.0,7.5,6.9,62.0
2024-01-21 15:00:00,-4.9,14,-28.5,0.0,24.7,331,45.0,1034.8,7.4,5.2,253.0,10.4,7.0,60.0
2024-01-21 16:00:00,-5.2,14,-28.4,0.0,23.6,329,41.4,1034.7,7.9,5.5,266.0,14.6,7.7,57.0
2024-01-21 17:00:00,-6.0,16,-27.5,0.0,19.2,330,38.2,1035.2,10.9,7.7,283.0,18.4,9.0,54.0
2024-01-21 18:00:00,-6.9,18,-27.0,0.0,19.1,338,30.2,1036.0,20.4,14.3,308.0,21.7,11.7,51.0
2024-01-21 19:00:00,-7.4,20,-26.7,0.0,21.7,349,34.2,1036.9,21.3,15.0,337.0,24.6,15.1,48.0
2024-01-21 20:00:00,-7.9,21,-26.5,0.0,20.6,355,34.2,1037.8,15.4,10.8,354.0,21.5,14.8,51.0
2024-01-21 21:00:00,-9.1,25,-25.8,0.0,21.0,354,38.2,1039.6,15.2,10.7,354.0,21.0,15.1,51.0
2024-01-21 22:00:00,-9.6,24,-26.2,0.0,18.8,356,33.1,1039.9,16.5,11.6,354.0,20.2,15.5,52.0
2024-01-21 23:00:00,-9.9,25,-26.5,0.0,16.7,354,29.5,1040.0,16.4,11.5,349.0,19.1,15.3,52.0
2024-01-22 00:00:00,-10.1,25,-26.5,0.0,16.7,353,26.3,1040.0,13.0,9.1,333.0,17.2,13.8,53.0
2024-01-22 01:00:00,-10.3,25,-26.5,0.0,16.5,350,26.6,1039.7,11.4,8.0,311.0,14.9,11.7,54.0
2024-01-22 02:00:00,-10.4,25,-26.5,0.0,15.3,351,25.6,1039.7,11.0,7.7,296.0,13.2,10.3,54.0
2024-01-22 03:00:00,-10.5,26,-26.5,0.0,15.0,350,24.1,1039.5,10.6,7.4,283.0,11.6,9.5,55.0
2024-01-22 04:00:00,-10.6,26,-26.3,0.0,14.8,347,23.4,1039.0,10.5,7.4,276.0,10.7,9.4,56.0
2024-01-22 05:00:00,-10.7,27,-26.0,0.0,13.8,345,22.3,1039.0,11.0,7.7,297.0,12.9,11.4,53.0
2024-01-22 06:00:00,-10.8,28,-25.9,0.0,14.4,347,22.0,1038.9,13.7,9.6,381.0,22.2,18.3,43.0
2024-01-22 07:00:00,-10.9,29,-25.6,0.0,14.8,347,23.0,1038.9,25.3,17.7,494.0,34.7,27.4,29.0
2024-01-22 08:00:00,-10.9,29,-25.5,0.0,12.8,349,22.7,1039.1,32.9,23.1,477.0,36.3,26.8,29.0
2024-01-22 09:00:00,-10.2,29,-25.0,0.0,13.4,355,23.0,1040.1,25.7,18.0,433.0,29.3,23.3,38.0
2024-01-22 10:00:00,-8.3,24,-25.5,0.0,14.7,343,26.3,1040.1,17.5,12.2,371.0,19.7,18.4,50.0
2024-01-22 11:00:00,-6.6,20,-26.0,0.0,15.3,321,28.8,1040.0,13.8,9.7,323.0,12.4,14.5,59.0
2024-01-22 12:00:00,-5.2,17,-26.6,0.0,17.3,324,31.7,1039.0,11.5,8.1,298.0,9.1,12.2,63.0
2024-01-22 13:00:00,-4.3,15,-27.0,0.0,19.2,326,34.2,1037.6,9.9,6.9,287.0,8.1,10.9,65.0
2024-01-22 14:00:00,-3.9,15,-26.9,0.0,21.5,325,37.1,1036.9,9.1,6.4,286.0,9.4,10.5,64.0
2024-01-22 15:00:00,-3.8,15,-26.5,0.0,23.1,323,38.9,1036.5,8.8,6.1,295.0,13.8,10.8,60.0
2024-01-22 16:00:00,-3.8,16,-26.2,0.0,24.3,320,39.2,1036.3,9.3,6.5,314.0,20.6,12.0,54.0
2024-01-22 17:00:00,-4.8,19,-25.2,0.0,18.1,316,38.9,1036.4,16.6,11.6,349.0,27.4,14.8,47.0
2024-01-22 18:00:00,-5.8,20,-25.0,0.0,15.8,325,28.8,1036.6,36.0,25.2,413.0,34.1,20.6,40.0
2024-01-22 19:00:00,-6.2,22,-24.8,0.0,17.3,339,26.6,1036.9,43.5,30.5,493.0,40.9,27.9,32.0
2024-01-22 20:00:00,-6.6,23,-24.5,0.0,20.5,350,31.7,1037.2,27.7,19.4,458.0,34.5,22.9,37.0
2024-01-22 21:00:00,-7.8,27,-23.7,0.0,20.5,1,33.8,1038.2,28.1,19.7,467.0,34.3,23.9,37.0
2024-01-22 22:00:00,-8.3,28,-23.7,0.0,16.9,2,31.7,1037.7,29.9,20.9,477.0,33.8,25.2,36.0
2024-01-22 23:00:00,-8.9,29,-23.7,0.0,14.1,4,26.3,1037.6,29.8,20.9,473.0,32.2,25.1,37.0
2024-01-23 00:00:00,-9.4,30,-23.7,0.0,10.1,2,21.6,1037.5,24.6,17.2,442.0,28.3,22.2,40.0
2024-01-23 01:00:00,-9.8,31,-23.8,0.0,6.8,360,15.1,1037.5,20.8,14.5,397.0,23.3,17.8,43.0
2024-01-23 02:00:00,-10.1,31,-24.0,0.0,6.9,354,10.4,1037.5,18.3,12.8,362.0,19.3,14.5,46.0
2024-01-23 03:00:00,-10.4,31,-24.2,0.0,8.8,351,13.0,1036.9,16.4,11.4,333.0,16.2,12.3,48.0
2024-01-23 04:00:00,-10.6,31,-24.5,0.0,9.1,351,13.7,1036.2,15.1,10.6,314.0,14.0,11.1,50.0
2024-01-23 05:00:00,-10.9,31,-24.6,0.0,8.6,358,13.3,1035.7,15.4,10.8,340.0,15.5,13.6,48.0
2024-01-23 06:00:00,-11.2,32,-24.8,0.0,6.9,354,13.3,1035.5,18.0,12.6,464.0,24.7,23.9,38.0
2024-01-23 07:00:00,-11.8,33,-25.0,0.0,6.1,357,10.1,1035.3,32.2,22.6,632.0,37.5,37.7,24.0
2024-01-23 08:00:00,-11.6,32,-25.0,0.0,6.9,351,9.4,1035.2,47.4,33.2,576.0,40.2,33.7,24.0
2024-01-23 09:00:00,-9.5,29,-24.2,0.0,3.7,11,10.8,1035.3,49.2,34.5,518.0,33.1,29.1,33.0
2024-01-23 10:00:00,-7.2,24,-24.6,0.0,3.9,34,13.3,1034.7,29.7,20.8,437.0,23.3,22.7,45.0
2024-01-23 11:00:00,-4.9,19,-25.0,0.0,6.3,283,15.5,1034.2,21.5,15.0,370.0,15.6,17.3,55.0
2024-01-23 12:00:00,-2.5,15,-25.8,0.0,13.6,287,25.9,1032.9,16.4,11.5,328.0,11.5,13.6,61.0
2024-01-23 13:00:00,-1.1,13,-26.0,0.0,17.1,295,31.0,1031.1,12.7,8.9,301.0,9.5,10.8,66.0
2024-01-23 14:00:00,-0.2,12,-26.0,0.0,18.9,291,33.1,1029.9,10.6,7.4,291.0,10.6,9.6,66.0
2024-01-23 15:00:00,0.2,12,-25.9,0.0,18.4,293,33.8,1029.0,9.8,6.9,294.0,15.7,9.6,61.0
2024-01-23 16:00:00,-0.2,13,-25.5,0.0,14.7,292,31.3,1028.7,10.3,7.2,315.0,23.7,11.2,53.0
2024-01-23 17:00:00,-2.7,16,-24.9,0.0,7.6,289,22.7,1028.6,18.9,13.2,374.0,32.6,16.0,44.0
2024-01-23 18:00:00,-5.2,21,-24.4,0.0,10.4,284,13.7,1028.7,38.3,26.8,497.0,42.8,26.2,34.0
2024-01-23 19:00:00,-5.0,21,-24.1,0.0,9.1,304,11.9,1028.9,56.1,39.2,656.0,53.8,39.7,22.0
2024-01-23 20:00:00,-5.8,24,-23.1,0.0,11.1,347,13.7,1029.1,44.5,31.1,596.0,50.7,36.9,26.0
2024-01-23 21:00:00,-4.8,26,-21.4,0.0,8.6,358,12.6,1030.1,58.1,40.6,651.0,51.1,42.7,25.0
2024-01-23 22:00:00,-4.9,26,-21.4,0.0,9.7,356,14.8,1029.7,64.7,45.3,724.0,51.6,50.4,23.0
2024-01-23 23:00:00,-5.3,27,-21.5,0.0,8.7,5,14.8,1029.9,68.0,47.6,758.0,51.6,54.5,21.0
2024-01-24 00:00:00,-5.5,27,-21.6,0.0,10.6,10,15.8,1030.1,64.3,45.1,717.0,50.7,51.5,20.0
2024-01-24 01:00:00,-5.7,27,-21.9,0.0,11.1,13,17.3,1030.2,58.0,40.6,639.0,49.3,44.9,19.0
2024-01-24 02:00:00,-5.9,27,-21.9,0.0,9.8,17,16.9,1030.5,53.4,37.5,575.0,47.5,39.8,19.0
2024-01-24 03:00:00,-6.3,28,-21.9,0.0,10.2,18,15.1,1030.6,49.8,34.8,534.0,44.9,37.3,20.0
2024-01-24 04:00:00,-6.4,28,-21.8,0.0,12.1,17,18.0,1030.4,48.5,34.0,508.0,41.9,36.3,20.0
2024-01-24 05:00:00,-6.6,29,-21.7,0.0,14.5,14,22.0,1030.1,48.0,33.5,530.0,40.4,38.2,20.0
2024-01-24 06:00:00,-6.6,29,-21.6,0.0,15.8,12,24.1,1030.1,49.2,34.5,655.0,42.4,46.5,16.0
2024-01-24 07:00:00,-6.7,30,-21.5,0.0,16.2,13,24.8,1030.3,64.3,45.1,827.0,45.9,57.7,10.0
2024-01-24 08:00:00,-6.6,30,-21.5,0.0,15.0,11,24.5,1030.7,82.2,57.6,795.0,50.2,54.4,10.0
2024-01-24 09:00:00,-4.7,27,-20.6,0.0,18.1,21,29.2,1031.7,76.8,53.9,701.0,43.3,47.4,20.0
2024-01-24 10:00:00,-3.0,24,-20.9,0.0,18.4,23,32.0,1031.9,60.5,42.4,569.0,33.8,37.7,33.0
2024-01-24 11:00:00,-1.2,21,-21.0,0.0,14.8,18,32.0,1031.5,41.8,29.3,463.0,26.4,29.7,44.0
2024-01-24 12:00:00,0.4,18,-21.0,0.0,10.8,2,27.7,1030.8,33.1,23.2,385.0,21.5,23.8,52.0
2024-01-24 13:00:00,1.5,17,-21.0,0.0,5.8,353,23.0,1029.3,30.0,21.1,331.0,18.6,19.6,57.0
2024-01-24 14:00:00,2.0,16,-21.0,0.0,2.4,207,16.6,1028.0,29.1,20.4,355.0,21.1,21.1,55.0
2024-01-24 15:00:00,1.8,17,-21.0,0.0,10.1,197,19.4,1027.3,29.8,20.9,480.0,33.1,30.8,42.0
2024-01-24 16:00:00,0.9,18,-20.6,0.0,13.6,212,23.0,1027.1,33.3,23.3,683.0,50.3,46.2,22.0
2024-01-24 17:00:00,-0.8,21,-20.1,0.0,9.7,231,22.0,1026.9,92.0,64.3,939.0,63.5,63.5,7.0
2024-01-24 18:00:00,-2.2,24,-19.9,0.0,10.9,226,17.3,1026.9,166.7,116.9,1305.0,68.6,85.1,1.0
2024-01-24 19:00:00,-3.1,27,-19.5,0.0,11.5,221,17.6,1027.1,177.0,123.9,1724.0,69.6,108.6,0.0
2024-01-24 20:00:00,-3.6,29,-19.1,0.0,10.7,228,17.6,1027.1,191.4,134.1,2107.0,66.8,125.8,0.0
2024-01-24 21:00:00,-4.4,38,-16.5,0.0,6.1,267,12.6,1027.6,182.5,128.1,2052.0,66.1,121.4,0.0
2024-01-24 22:00:00,-4.8,42,-15.8,0.0,4.1,285,7.9,1027.5,176.0,123.4,1966.0,65.0,114.6,0.0
2024-01-24 23:00:00,-4.9,44,-15.2,0.0,3.6,307,5.8,1027.6,166.7,116.9,1837.0,63.2,104.7,0.0
2024-01-25 00:00:00,-4.8,45,-14.9,0.0,4.8,333,5.8,1027.3,144.4,101.0,1631.0,60.4,89.3,1.0
2024-01-25 01:00:00,-3.3,37,-16.0,0.0,4.7,32,5.8,1027.4,123.4,86.6,1381.0,56.8,70.8,2.0
2024-01-25 02:00:00,-2.8,34,-16.4,0.0,4.5,61,5.4,1027.1,110.6,77.5,1170.0,53.1,56.0,4.0
2024-01-25 03:00:00,-2.5,33,-16.7,0.0,4.2,20,4.7,1026.8,102.2,71.7,1017.0,48.7,46.8,6.0
2024-01-25 04:00:00,-3.2,33,-17.0,0.0,5.6,15,6.1,1026.3,92.4,65.0,902.0,44.1,41.3,9.0
2024-01-25 05:00:00,-4.0,34,-17.6,0.0,7.0,12,7.6,1026.0,81.7,57.3,855.0,41.3,41.0,10.0
2024-01-25 06:00:00,-4.8,34,-18.1,0.0,8.6,15,9.7,1025.8,75.4,53.0,937.0,42.0,50.4,8.0
2024-01-25 07:00:00,-5.4,35,-18.5,0.0,9.4,4,10.8,1026.0,89.4,62.6,1087.0,44.5,65.0,5.0
2024-01-25 08:00:00,-4.4,31,-18.9,0.0,6.1,3,11.2,1026.6,88.9,62.2,906.0,49.5,57.0,8.0
2024-01-25 09:00:00,-2.0,27,-18.3,0.0,9.4,4,17.6,1027.6,91.0,63.8,796.0,44.1,49.2,18.0
2024-01-25 10:00:00,-0.3,23,-19.0,0.0,6.6,22,16.2,1027.7,71.5,50.1,641.0,36.4,38.3,32.0
2024-01-25 11:00:00,1.2,20,-19.5,0.0,1.8,37,15.5,1027.7,43.1,30.0,507.0,29.4,28.7,45.0
2024-01-25 12:00:00,2.9,18,-19.2,0.0,5.6,285,14.8,1026.6,29.2,20.1,406.0,22.4,21.2,56.0
2024-01-25 13:00:00,4.3,15,-20.5,0.0,11.7,304,22.7,1025.5,25.0,17.2,326.0,16.1,15.0,66.0
2024-01-25 14:00:00,4.8,13,-21.3,0.0,16.0,306,28.4,1024.7,23.1,15.8,288.0,15.1,11.9,68.0
2024-01-25 15:00:00,5.0,12,-22.4,0.0,17.9,304,29.9,1024.3,22.4,15.4,288.0,23.0,11.7,59.0
2024-01-25 16:00:00,4.3,13,-21.8,0.0,15.2,301,29.9,1024.3,24.0,16.5,331.0,36.2,14.7,43.0
2024-01-25 17:00:00,1.9,16,-21.5,0.0,11.6,292,23.4,1024.2,42.4,29.5,456.0,48.5,23.5,28.0
2024-01-25 18:00:00,-0.6,19,-21.5,0.0,9.7,285,18.0,1024.5,89.2,62.4,719.0,58.5,42.1,17.0
2024-01-25 19:00:00,-2.2,22,-21.0,0.0,8.8,282,14.4,1024.8,119.2,83.4,1065.0,67.6,66.5,7.0
2024-01-25 20:00:00,-3.0,24,-20.6,0.0,10.3,295,12.6,1025.1,98.7,69.2,1116.0,73.3,72.9,1.0
2024-01-25 21:00:00,-2.8,28,-18.8,0.0,11.6,353,13.3,1026.1,129.5,90.6,1328.0,72.3,92.2,1.0
2024-01-25 22:00:00,-3.3,30,-18.4,0.0,12.0,351,14.0,1026.4,155.1,108.5,1610.0,70.7,117.9,0.0
2024-01-25 23:00:00,-3.2,30,-18.4,0.0,9.1,351,13.7,1026.4,171.8,120.1,1750.0,68.5,130.0,0.0
2024-01-26 00:00:00,-2.9,29,-18.4,0.0,8.4,353,12.2,1026.4,159.3,111.5,1617.0,65.5,115.7,1.0
2024-01-26 01:00:00,-2.9,28,-19.0,0.0,10.8,356,16.2,1026.3,128.5,89.9,1343.0,61.9,87.9,3.0
2024-01-26 02:00:00,-3.0,27,-19.5,0.0,13.3,3,19.8,1026.4,105.9,74.3,1105.0,57.8,65.1,5.0
2024-01-26 03:00:00,-3.0,26,-20.0,0.0,15.6,7,23.8,1026.4,90.1,63.1,948.0,52.7,53.1,7.0
2024-01-26 04:00:00,-3.2,25,-20.4,0.0,15.2,7,24.1,1026.0,80.8,56.6,828.0,47.3,46.1,9.0
2024-01-26 05:00:00,-3.5,25,-20.6,0.0,14.6,9,23.8,1025.8,74.7,52.3,791.0,43.5,45.1,10.0
2024-01-26 06:00:00,-3.8,26,-20.8,0.0,16.3,5,24.8,1026.0,73.1,51.1,920.0,43.4,55.5,8.0
2024-01-26 07:00:00,-4.2,26,-20.8,0.0,15.4,11,24.8,1026.5,90.3,63.1,1132.0,45.1,71.9,4.0
2024-01-26 08:00:00,-4.2,26,-20.9,0.0,13.9,17,23.4,1027.2,121.1,84.5,1060.0,48.6,69.4,6.0
2024-01-26 09:00:00,-2.2,26,-19.1,0.0,15.5,28,24.8,1028.4,109.4,76.1,901.0,42.5,57.9,16.0
2024-01-26 10:00:00,-0.9,24,-19.1,0.0,16.7,33,29.2,1027.9,82.4,57.0,680.0,34.1,41.8,29.0
2024-01-26 11:00:00,0.8,21,-19.3,0.0,15.0,30,29.2,1027.5,58.1,39.6,503.0,27.1,28.9,40.0
2024-01-26 12:00:00,2.2,18,-19.5,0.0,12.5,18,28.1,1026.7,44.9,30.3,395.0,21.4,20.5,49.0
2024-01-26 13:00:00,3.3,17,-19.4,0.0,8.4,10,24.8,1025.7,41.1,27.6,331.0,17.1,15.2,55.0
2024-01-26 14:00:00,4.3,16,-19.5,0.0,6.9,9,19.4,1024.7,39.3,26.3,347.0,18.5,16.1,55.0
2024-01-26 15:00:00,4.9,14,-20.0,0.0,4.8,347,16.9,1024.0,39.1,26.0,418.0,30.1,22.7,42.0
2024-01-26 16:00:00,4.5,15,-19.6,0.0,4.8,228,12.6,1024.1,40.9,27.0,569.0,47.4,35.4,23.0
2024-01-26 17:00:00,1.5,26,-16.1,0.0,10.7,220,16.2,1024.7,102.2,70.3,906.0,60.4,58.6,8.0
2024-01-26 18:00:00,-0.9,30,-16.4,0.0,9.4,247,17.6,1024.9,207.2,143.9,1642.0,64.7,104.8,2.0
2024-01-26 19:00:00,-2.2,34,-16.0,0.0,8.2,241,14.0,1025.1,300.8,210.0,2564.0,64.6,161.4,1.0
2024-01-26 20:00:00,-3.7,40,-15.4,0.0,10.7,250,12.2,1025.5,326.0,228.2,3178.0,64.3,209.2,0.0
2024-01-26 21:00:00,-3.9,38,-16.3,0.0,6.0,327,10.4,1026.5,295.2,205.8,2840.0,63.8,180.4,0.0
2024-01-26 22:00:00,-4.2,37,-16.8,0.0,7.5,343,11.2,1026.4,228.6,158.8,2360.0,63.0,139.9,0.0
2024-01-26 23:00:00,-3.7,33,-17.8,0.0,12.2,358,17.3,1026.5,179.7,124.8,1903.0,61.4,103.7,0.0
2024-01-27 00:00:00,-3.8,32,-18.0,0.0,11.3,31,21.2,1026.8,134.1,92.4,1502.0,58.6,76.4,1.0
2024-01-27 01:00:00,-4.7,35,-18.0,0.0,8.4,43,17.3,1026.9,99.7,68.2,1124.0,55.0,53.4,3.0
2024-01-27 02:00:00,-5.2,35,-18.1,0.0,10.3,36,15.8,1027.1,80.1,54.6,833.0,51.4,36.6,4.0
2024-01-27 03:00:00,-5.2,35,-18.2,0.0,12.0,33,18.0,1027.0,67.3,45.6,654.0,47.7,27.3,5.0
2024-01-27 04:00:00,-5.2,35,-18.4,0.0,12.6,31,19.4,1026.7,57.9,39.0,561.0,43.9,24.2,6.0
2024-01-27 05:00:00,-5.0,34,-18.4,0.0,14.0,29,21.2,1026.6,53.2,35.6,543.0,41.2,25.8,7.0
2024-01-27 06:00:00,-5.0,34,-18.5,0.0,15.6,26,23.8,1026.5,54.5,36.4,650.0,40.9,35.3,5.0
2024-01-27 07:00:00,-5.2,34,-18.6,0.0,16.4,26,25.2,1026.8,71.2,48.2,832.0,41.6,49.4,2.0
2024-01-27 08:00:00,-5.3,34,-18.8,0.0,16.3,28,25.2,1027.4,97.1,65.9,901.0,41.0,56.2,5.0
2024-01-27 09:00:00,-4.2,35,-17.5,0.0,15.9,33,25.9,1028.4,94.5,63.8,783.0,36.2,48.4,14.0
2024-01-27 10:00:00,-2.4,29,-18.0,0.0,17.2,33,30.2,1028.6,75.2,49.0,620.0,29.5,37.5,28.0
2024-01-27 11:00:00,-0.6,24,-18.8,0.0,16.0,31,30.6,1027.9,55.3,35.4,487.0,24.1,28.6,39.0
2024-01-27 12:00:00,0.8,21,-19.3,0.0,13.8,20,29.5,1027.1,42.8,27.6,392.0,19.6,21.8,49.0
2024-01-27 13:00:00,2.0,19,-19.1,0.0,9.9,19,27.4,1025.7,37.7,24.9,328.0,16.4,16.9,56.0
2024-01-27 14:00:00,2.9,18,-19.4,0.0,4.8,13,21.6,1024.4,35.5,23.6,351.0,18.7,18.5,57.0
2024-01-27 15:00:00,3.3,17,-19.5,0.0,2.6,214,14.4,1023.7,34.7,23.1,490.0,30.9,29.8,45.0
2024-01-27 16:00:00,2.5,21,-18.0,0.0,12.1,203,19.4,1023.7,35.6,24.0,715.0,48.6,47.6,26.0
2024-01-27 17:00:00,-0.3,29,-16.4,0.0,13.3,221,22.3,1023.8,108.5,75.4,997.0,62.3,67.3,11.0
2024-01-27 18:00:00,-1.6,34,-15.6,0.0,10.9,236,20.2,1023.9,215.1,149.9,1395.0,68.0,91.4,4.0
2024-01-27 19:00:00,-2.3,37,-15.0,0.0,9.7,225,16.2,1024.1,224.9,157.4,1849.0,69.8,117.5,2.0
2024-01-27 20:00:00,-3.0,39,-14.9,0.0,9.5,233,14.4,1024.1,236.1,165.3,2511.0,69.2,150.6,0.0
2024-01-27 21:00:00,-4.1,45,-14.2,0.0,6.2,260,11.2,1025.0,207.2,144.8,2349.0,68.2,138.8,0.0
2024-01-27 22:00:00,-5.0,48,-14.4,0.0,6.8,267,9.0,1024.8,186.3,129.9,2119.0,66.8,122.0,0.0
2024-01-27 23:00:00,-5.1,47,-14.8,0.0,7.1,255,8.6,1024.6,170.9,119.2,1889.0,65.0,105.2,0.0
2024-01-28 00:00:00,-4.2,42,-15.4,0.0,5.4,250,8.3,1024.7,150.4,104.8,1672.0,63.0,88.6,0.0
2024-01-28 01:00:00,-2.9,35,-16.2,0.0,2.2,270,6.1,1024.6,132.7,92.4,1456.0,60.8,71.9,0.0
2024-01-28 02:00:00,-3.3,35,-16.6,0.0,2.2,351,2.5,1024.4,120.6,83.8,1276.0,57.9,59.6,1.0
2024-01-28 03:00:00,-4.1,37,-16.7,0.0,3.6,6,4.3,1024.3,112.7,78.5,1127.0,53.9,52.8,2.0
2024-01-28 04:00:00,-5.4,41,-16.8,0.0,5.4,356,6.1,1023.8,107.1,74.5,1013.0,49.3,50.3,4.0
2024-01-28 05:00:00,-6.2,43,-16.9,0.0,7.6,8,8.6,1023.7,103.4,71.7,988.0,45.7,53.0,5.0
2024-01-28 06:00:00,-6.2,42,-16.9,0.0,5.4,20,9.0,1023.6,104.8,72.6,1143.0,44.3,66.3,4.0
2024-01-28 07:00:00,-6.4,43,-17.0,0.0,6.2,21,9.4,1023.6,127.6,88.9,1387.0,44.0,84.8,3.0
2024-01-28 08:00:00,-6.1,41,-17.3,0.0,8.1,21,11.2,1023.9,150.9,105.5,1461.0,43.7,93.7,5.0
2024-01-28 09:00:00,-4.8,39,-16.6,0.0,5.9,11,13.7,1024.7,146.2,101.7,1263.0,40.7,80.1,11.0
2024-01-28 10:00:00,-2.2,31,-17.0,0.0,2.2,9,12.2,1024.7,97.8,67.8,988.0,36.7,61.3,19.0
2024-01-28 11:00:00,0.1,26,-17.2,0.0,0.4,90,10.8,1024.7,79.6,54.7,773.0,34.0,47.2,26.0
2024-01-28 12:00:00,1.8,23,-17.3,0.0,3.1,216,12.6,1023.9,71.7,48.8,655.0,33.0,41.3,32.0
2024-01-28 13:00:00,3.3,20,-17.4,0.0,7.1,210,17.6,1022.8,69.2,46.3,597.0,33.4,40.0,38.0
2024-01-28 14:00:00,4.4,19,-17.4,0.0,10.9,197,22.0,1021.8,68.7,45.6,628.0,37.0,43.4,38.0
2024-01-28 15:00:00,4.8,18,-17.4,0.0,11.1,193,22.3,1021.2,68.9,45.6,759.0,46.6,51.0,29.0
2024-01-28 16:00:00,4.1,20,-17.1,0.0,7.2,198,20.2,1021.0,78.0,51.9,979.0,59.4,63.2,15.0
2024-01-28 17:00:00,-0.7,29,-16.7,0.0,11.5,194,12.6,1021.0,137.4,93.8,1279.0,69.2,80.6,4.0
2024-01-28 18:00:00,-2.8,36,-15.9,0.0,11.0,203,14.4,1021.3,194.6,133.6,1713.0,73.3,106.6,0.0
2024-01-28 19:00:00,-2.9,39,-14.8,0.0,9.0,209,13.7,1021.7,236.1,163.0,2227.0,74.4,137.7,0.0
2024-01-28 20:00:00,-3.2,43,-14.0,0.0,8.8,215,13.3,1022.0,271.9,189.1,2823.0,66.3,175.5,0.0
2024-01-28 21:00:00,-3.7,50,-12.5,0.0,9.7,231,14.8,1022.6,271.0,188.6,2885.0,65.0,177.6,0.0
2024-01-28 22:00:00,-3.8,49,-12.9,0.0,5.9,313,12.2,1022.6,270.1,187.7,2966.0,63.2,180.0,0.0
2024-01-28 23:00:00,-4.8,51,-13.4,0.0,6.2,353,8.6,1022.7,285.0,198.4,2994.0,61.1,179.0,0.0
2024-01-29 00:00:00,-5.1,51,-13.6,0.0,5.8,4,8.6,1022.9,286.8,199.8,2948.0,58.6,172.8,0.0
2024-01-29 01:00:00,-5.1,49,-14.1,0.0,7.6,3,11.9,1023.2,275.7,192.3,2849.0,55.9,163.1,0.0
2024-01-29 02:00:00,-5.2,46,-14.9,0.0,6.5,357,11.9,1023.4,265.4,184.9,2691.0,53.6,150.9,0.0
2024-01-29 03:00:00,-5.2,44,-15.8,0.0,6.8,3,9.7,1023.5,242.1,168.1,2422.0,52.3,133.6,0.0
2024-01-29 04:00:00,-5.2,41,-16.3,0.0,7.6,3,11.2,1023.3,207.7,144.4,2094.0,51.5,113.8,1.0
2024-01-29 05:00:00,-5.2,40,-16.5,0.0,8.0,5,11.9,1023.4,182.1,126.7,1849.0,50.5,99.7,1.0
2024-01-29 06:00:00,-5.2,40,-16.7,0.0,9.4,18,14.4,1023.4,163.9,113.9,1798.0,49.2,98.1,0.0
2024-01-29 07:00:00,-5.6,41,-16.7,0.0,8.4,25,14.4,1023.9,161.6,112.2,1831.0,47.6,102.3,0.0
2024-01-29 08:00:00,-5.2,41,-16.5,0.0,8.6,15,13.3,1024.5,177.4,123.9,1863.0,49.2,103.8,2.0
2024-01-29 09:00:00,-3.8,41,-15.1,0.0,9.4,23,16.6,1025.1,175.1,122.0,1554.0,45.5,88.1,9.0
2024-01-29 10:00:00,-1.8,32,-16.3,0.0,9.7,48,19.4,1025.3,114.8,79.2,1128.0,40.4,66.3,18.0
2024-01-29 11:00:00,0.0,30,-15.6,0.0,9.2,64,20.2,1025.5,80.6,55.1,813.0,36.7,50.1,26.0
2024-01-29 12:00:00,1.4,33,-13.1,0.0,9.4,88,20.9,1025.0,79.6,54.4,712.0,34.4,44.4,33.0
2024-01-29 13:00:00,2.5,35,-11.4,0.0,10.2,113,22.0,1024.1,87.8,59.6,723.0,33.4,44.3,38.0
2024-01-29 14:00:00,3.2,37,-10.1,0.0,11.0,122,22.3,1023.0,92.7,62.4,766.0,36.3,45.7,39.0
2024-01-29 15:00:00,3.4,39,-9.2,0.0,12.8,128,23.0,1022.4,94.5,63.1,801.0,46.4,46.3,31.0
2024-01-29 16:00:00,2.8,44,-8.2,0.0,13.0,129,23.0,1022.1,96.2,63.8,869.0,60.4,48.5,18.0
2024-01-29 17:00:00,-0.1,57,-7.6,0.0,7.8,124,20.5,1022.3,119.7,80.6,1014.0,70.5,55.7,8.0
2024-01-29 18:00:00,-2.0,69,-7.0,0.0,9.2,132,13.0,1022.6,157.4,106.9,1279.0,73.2,70.6,3.0
2024-01-29 19:00:00,-2.2,72,-6.4,0.0,10.9,146,16.6,1023.2,171.4,116.9,1622.0,72.0,90.4,1.0
2024-01-29 20:00:00,-1.5,70,-6.3,0.0,9.3,144,17.6,1023.4,177.9,121.1,1957.0,69.1,111.9,0.0
2024-01-29 21:00:00,-4.4,83,-6.8,0.0,8.5,152,11.2,1023.9,177.9,121.5,2135.0,66.8,117.9,0.0
2024-01-29 22:00:00,-3.2,77,-6.7,0.0,3.7,79,9.4,1023.8,181.1,123.9,2374.0,63.6,125.6,0.0
2024-01-29 23:00:00,-4.3,79,-7.4,0.0,4.0,63,6.1,1023.8,179.3,122.5,2511.0,60.7,126.6,0.0
2024-01-30 00:00:00,-4.4,72,-8.8,0.0,4.8,63,7.9,1024.0,147.6,100.1,2449.0,58.7,114.6,0.0
2024-01-30 01:00:00,-4.2,63,-10.2,0.0,7.4,61,12.2,1023.9,129.0,87.1,2285.0,57.1,96.1,0.0
2024-01-30 02:00:00,-4.3,62,-10.4,0.0,9.2,48,15.5,1023.4,116.4,78.2,2146.0,55.8,81.9,0.0
2024-01-30 03:00:00,-4.6,63,-10.4,0.0,9.1,34,15.8,1023.0,113.6,76.4,2068.0,54.9,76.1,0.0
2024-01-30 04:00:00,-4.6,63,-10.6,0.0,9.4,23,16.6,1022.0,111.3,74.5,2014.0,54.3,74.6,0.0
2024-01-30 05:00:00,-4.5,62,-10.6,0.0,9.3,13,16.2,1021.6,109.2,72.9,2005.0,53.9,76.6,0.0
2024-01-30 06:00:00,-4.5,62,-10.7,0.0,8.7,5,15.8,1021.5,109.0,72.6,2091.0,54.0,84.8,0.0
2024-01-30 07:00:00,-4.4,62,-10.6,0.0,8.6,358,14.8,1021.4,120.6,80.8,2222.0,54.3,96.4,0.0
2024-01-30 08:00:00,-4.7,65,-10.3,0.0,8.4,353,14.4,1021.4,140.2,92.0,1871.0,50.2,81.3,1.0
2024-01-30 09:00:00,-4.2,66,-9.6,0.0,5.4,4,13.0,1021.9,148.1,97.1,1826.0,48.1,80.3,3.0
2024-01-30 10:00:00,-3.3,62,-9.4,0.0,5.7,18,13.7,1021.6,144.8,94.8,1762.0,45.2,78.8,6.0
2024-01-30 11:00:00,-2.4,60,-9.1,0.0,5.5,23,14.8,1021.2,133.2,87.1,1699.0,43.0,77.3,8.0
2024-01-30 12:00:00,-1.5,59,-8.4,0.0,4.6,45,14.8,1020.2,119.0,77.8,1618.0,41.8,74.1,10.0
2024-01-30 13:00:00,-0.5,59,-7.4,0.0,5.0,90,15.1,1018.9,116.9,76.4,1538.0,41.3,70.8,13.0
2024-01-30 14:00:00,0.4,57,-7.2,0.0,4.7,99,15.8,1017.6,121.1,79.2,1540.0,42.2,72.9,13.0
2024-01-30 15:00:00,1.0,55,-6.9,0.0,3.6,96,15.1,1017.4,129.5,84.5,1614.0,45.8,78.8,10.0
2024-01-30 16:00:00,1.0,55,-6.9,0.0,3.3,77,12.2,1017.3,141.6,92.2,1770.0,50.7,90.1,5.0
2024-01-30 17:00:00,-0.1,60,-6.9,0.0,3.9,22,8.6,1017.5,215.6,143.9,2123.0,54.0,116.5,1.0
2024-01-30 18:00:00,-2.6,72,-6.9,0.0,5.1,8,6.1,1017.5,324.1,219.3,2835.0,53.8,171.9,0.0
2024-01-30 19:00:00,-3.8,79,-6.9,0.0,6.1,360,7.6,1017.8,414.4,282.2,3743.0,52.0,242.4,0.0
2024-01-30 20:00:00,-3.9,79,-6.9,0.0,6.1,3,8.3,1018.0,491.7,337.1,4458.0,44.6,295.7,0.0
2024-01-30 21:00:00,-5.6,86,-7.4,0.0,6.5,3,9.7,1019.2,532.7,365.1,4814.0,45.0,316.9,0.0
2024-01-30 22:00:00,-5.9,87,-7.7,0.0,6.2,353,9.4,1019.6,562.5,386.5,5281.0,45.8,343.5,0.0
2024-01-30 23:00:00,-5.9,87,-7.8,0.0,6.4,344,9.4,1020.3,523.4,360.4,5465.0,47.1,345.0,0.0
2024-01-31 00:00:00,-5.8,86,-7.8,0.0,6.8,360,10.4,1020.9,444.2,306.4,5168.0,49.4,300.6,0.0
2024-01-31 01:00:00,-5.8,86,-7.8,0.0,7.5,343,11.5,1021.3,379.0,260.8,4586.0,52.3,231.0,0.0
2024-01-31 02:00:00,-5.7,86,-7.7,0.0,9.8,352,14.8,1021.2,311.1,213.7,3917.0,55.1,167.5,0.0
2024-01-31 03:00:00,-5.7,86,-7.7,0.0,10.5,4,15.8,1021.6,220.7,151.3,3141.0,58.3,118.6,0.0
2024-01-31 04:00:00,-5.8,86,-7.8,0.0,14.4,32,21.6,1022.0,150.9,102.2,2278.0,61.5,75.8,0.0
2024-01-31 05:00:00,-5.4,73,-9.6,0.0,16.6,39,25.6,1022.9,107.6,71.9,1579.0,62.1,45.1,1.0
2024-01-31 06:00:00,-5.4,61,-11.8,0.0,18.4,40,27.7,1023.7,78.9,51.9,1166.0,59.2,32.7,2.0
2024-01-31 07:00:00,-5.6,52,-13.8,0.0,18.1,44,28.8,1024.8,67.5,44.6,918.0,53.7,32.4,3.0
2024-01-31 08:00:00,-5.3,45,-15.4,0.0,20.4,45,30.6,1026.2,96.2,64.3,942.0,47.8,43.2,4.0
2024-01-31 09:00:00,-3.6,37,-16.1,0.0,22.5,50,35.3,1026.9,102.0,68.5,772.0,38.8,35.6,15.0
2024-01-31 10:00:00,-2.2,31,-17.2,0.0,24.5,49,41.0,1027.3,59.6,39.6,538.0,26.5,25.1,30.0
2024-01-31 11:00:00,-0.9,26,-18.0,0.0,20.5,52,41.0,1027.7,38.5,25.7,361.0,17.4,17.2,42.0
2024-01-31 12:00:00,-0.1,23,-18.8,0.0,16.9,56,36.0,1027.4,33.1,22.3,288.0,13.3,13.7,48.0
2024-01-31 13:00:00,0.6,21,-19.5,0.0,15.5,54,31.3,1026.7,29.3,19.9,273.0,12.4,12.9,51.0
2024-01-31 14:00:00,1.2,19,-20.1,0.0,15.1,57,28.8,1025.8,27.0,18.4,300.0,16.0,14.9,49.0
2024-01-31 15:00:00,1.4,17,-20.8,0.0,14.5,63,27.7,1025.5,25.9,17.8,321.0,27.3,15.9,37.0
2024-01-31 16:00:00,1.1,17,-21.2,0.0,11.4,77,25.6,1025.7,28.2,19.3,383.0,43.0,19.8,20.0
2024-01-31 17:00:00,-0.8,21,-20.5,0.0,6.4,142,18.4,1026.3,58.3,40.5,616.0,54.9,38.3,7.0
2024-01-31 18:00:00,-1.8,29,-17.6,0.0,9.1,162,13.3,1027.2,125.7,87.5,1205.0,59.0,88.2,2.0
2024-01-31 19:00:00,-2.7,35,-16.1,0.0,7.6,161,13.7,1028.1,202.6,141.6,1965.0,59.3,152.8,1.0
2024-01-31 20:00:00,-2.8,35,-16.0,0.0,7.2,143,11.5,1028.7,248.7,172.3,2091.0,57.9,152.5,0.0
2024-01-31 21:00:00,-4.0,41,-15.3,0.0,4.9,107,9.7,1029.5,278.5,193.7,2155.0,57.1,152.2,0.0
2024-01-31 22:00:00,-4.3,40,-15.8,0.0,5.5,101,8.3,1030.4,286.8,199.3,2229.0,56.1,150.6,0.0
2024-01-31 23:00:00,-4.2,38,-16.5,0.0,8.1,77,12.2,1031.5,239.3,166.2,2176.0,55.8,141.3,0.0
2024-02-01 00:00:00,-4.6,34,-18.0,0.0,8.5,78,13.3,1032.2,174.2,121.1,1875.0,56.8,116.9,0.0
2024-02-01 01:00:00,-5.8,33,-19.5,0.0,5.4,70,12.6,1032.6,134.6,93.4,1447.0,58.4,84.9,0.0
2024-02-01 02:00:00,-5.4,30,-20.4,0.0,5.6,50,8.6,1032.7,110.4,76.6,1117.0,59.5,61.1,0.0
2024-02-01 03:00:00,-4.9,26,-21.7,0.0,8.3,56,12.6,1032.9,99.2,68.9,979.0,59.6,52.5,0.0
2024-02-01 04:00:00,-5.2,22,-23.8,0.0,10.0,75,15.1,1033.0,91.0,63.3,938.0,59.2,52.0,0.0
2024-02-01 05:00:00,-5.6,19,-25.4,0.0,11.9,88,18.4,1033.0,88.0,61.0,935.0,58.6,54.6,0.0
2024-02-01 06:00:00,-6.1,20,-25.5,0.0,10.4,90,19.1,1033.2,83.4,57.9,984.0,58.5,60.9,0.0
2024-02-01 07:00:00,-6.5,20,-25.8,0.0,8.8,81,16.6,1033.5,97.1,67.5,1070.0,58.2,70.3,0.0
2024-02-01 08:00:00,-6.8,19,-26.4,0.0,7.4,76,14.0,1034.4,101.3,70.5,954.0,56.6,68.5,5.0
2024-02-01 09:00:00,-5.9,18,-26.6,0.0,11.8,52,20.5,1034.9,75.2,52.3,846.0,51.0,60.9,12.0
2024-02-01 10:00:00,-5.2,16,-27.1,0.0,13.6,58,25.2,1035.1,67.8,47.1,697.0,43.3,50.6,23.0
2024-02-01 11:00:00,-4.2,16,-26.4,0.0,10.0,64,24.5,1034.9,61.2,42.5,588.0,38.2,43.3,30.0
2024-02-01 12:00:00,-3.4,15,-26.2,0.0,6.1,62,20.5,1033.9,57.6,40.0,551.0,37.4,41.4,33.0
2024-02-01 13:00:00,-3.0,15,-26.2,0.0,2.2,90,16.9,1032.9,57.2,39.7,555.0,39.2,42.5,33.0
2024-02-01 14:00:00,-2.8,15,-26.1,0.0,1.1,90,12.2,1031.7,59.8,41.6,587.0,42.5,45.7,30.0
2024-02-01 15:00:00,-2.6,15,-26.0,0.0,1.5,194,9.7,1031.2,64.7,44.8,609.0,48.3,48.6,23.0
2024-02-01 16:00:00,-2.5,15,-25.5,0.0,4.3,185,11.2,1031.0,70.5,48.9,658.0,55.8,53.6,14.0
2024-02-01 17:00:00,-3.7,18,-24.9,0.0,5.0,180,11.2,1030.7,87.3,60.8,836.0,61.3,66.6,7.0
2024-02-01 18:00:00,-3.5,18,-24.6,0.0,5.1,176,5.8,1030.5,149.5,104.1,1269.0,63.1,95.8,3.0
2024-02-01 19:00:00,-4.2,19,-24.5,0.0,5.6,165,6.1,1030.6,205.8,143.9,1831.0,63.0,133.1,1.0
2024-02-01 20:00:00,-5.9,22,-24.4,0.0,7.2,153,7.9,1030.3,295.2,206.3,2614.0,55.3,185.9,0.0
2024-02-01 21:00:00,-5.6,30,-20.6,0.0,4.8,193,5.0,1029.9,280.3,195.6,2526.0,54.7,179.2,0.0
2024-02-01 22:00:00,-5.8,30,-20.5,0.0,4.0,243,5.4,1029.9,254.3,177.0,2399.0,53.9,169.5,0.0
2024-02-01 23:00:00,-7.2,35,-20.2,0.0,6.1,183,6.5,1029.7,241.2,168.1,2264.0,53.1,158.4,0.0
2024-02-02 00:00:00,-7.2,36,-19.7,0.0,5.2,196,8.3,1029.6,228.2,159.3,2120.0,52.4,145.2,0.0
2024-02-02 01:00:00,-7.2,37,-19.5,0.0,5.6,207,8.3,1029.5,209.1,145.8,1967.0,51.6,130.5,0.0
2024-02-02 02:00:00,-7.6,37,-19.9,0.0,7.1,195,8.3,1028.9,192.8,134.1,1835.0,50.9,118.5,0.0
2024-02-02 03:00:00,-6.8,33,-20.2,0.0,4.0,190,9.0,1028.5,182.1,126.7,1699.0,50.2,108.1,0.0
2024-02-02 04:00:00,-7.1,34,-20.2,0.0,1.1,18,4.3,1028.4,173.7,121.1,1583.0,49.4,100.3,0.0
2024-02-02 05:00:00,-7.9,37,-20.2,0.0,3.6,45,4.3,1028.2,165.8,115.3,1588.0,48.5,101.9,0.0
2024-02-02 06:00:00,-7.7,35,-20.4,0.0,1.8,360,4.3,1028.6,168.1,117.1,1859.0,46.9,122.9,0.0
2024-02-02 07:00:00,-8.4,38,-20.2,0.0,3.4,328,5.0,1029.0,196.5,136.9,2251.0,45.1,153.3,0.0
2024-02-02 08:00:00,-7.8,36,-20.2,0.0,6.9,6,9.7,1029.3,299.0,208.2,2847.0,42.3,202.9,1.0
2024-02-02 09:00:00,-7.3,39,-19.1,0.0,5.6,15,14.4,1029.9,241.2,168.1,2437.0,44.2,179.1,3.0
2024-02-02 10:00:00,-5.1,35,-18.3,0.0,6.8,25,16.2,1029.9,183.5,127.6,1870.0,47.0,146.0,6.0
2024-02-02 11:00:00,-3.5,34,-17.2,0.0,7.0,35,17.6,1030.0,164.8,114.6,1429.0,49.6,119.4,9.0
2024-02-02 12:00:00,-2.4,34,-16.0,0.0,4.1,75,17.6,1029.3,154.1,106.6,1233.0,51.6,105.6,12.0
2024-02-02 13:00:00,-1.5,34,-15.4,0.0,3.9,158,14.0,1028.7,145.3,100.4,1164.0,53.4,98.2,15.0
2024-02-02 14:00:00,-0.8,34,-14.9,0.0,8.0,190,18.0,1027.9,138.8,95.7,1144.0,55.4,93.8,16.0
2024-02-02 15:00:00,-0.6,34,-14.6,0.0,10.6,208,20.5,1027.7,134.1,92.4,1084.0,58.2,85.4,12.0
2024-02-02 16:00:00,-0.9,35,-14.6,0.0,10.3,216,20.5,1027.9,131.3,90.3,1073.0,61.1,80.0,7.0
2024-02-02 17:00:00,-1.8,38,-14.1,0.0,5.4,222,18.0,1028.3,150.4,103.8,1308.0,62.5,94.5,2.0
2024-02-02 18:00:00,-3.7,45,-13.9,0.0,8.5,216,9.7,1028.9,231.9,161.1,1971.0,61.2,143.7,0.0
2024-02-02 19:00:00,-2.2,41,-13.8,0.0,4.0,185,9.7,1029.3,326.0,226.8,2879.0,58.3,212.9,0.0
2024-02-02 20:00:00,-3.9,46,-13.8,0.0,4.0,85,4.3,1029.3,359.5,249.6,3258.0,50.7,232.2,0.0
2024-02-02 21:00:00,-4.3,52,-12.6,0.0,4.8,48,5.4,1030.3,433.1,301.7,3741.0,49.5,276.7,0.0
2024-02-02 22:00:00,-4.4,52,-12.8,0.0,4.1,15,5.4,1030.6,499.2,347.4,4402.0,47.7,337.5,0.0
2024-02-02 23:00:00,-4.6,53,-12.8,0.0,3.2,333,5.0,1031.2,542.0,378.1,4857.0,46.4,379.2,0.0
2024-02-03 00:00:00,-4.8,53,-12.9,0.0,4.7,351,5.8,1031.3,549.5,383.7,4902.0,45.9,383.2,0.0
2024-02-03 01:00:00,-4.8,53,-12.9,0.0,4.8,13,6.1,1031.0,538.3,374.4,4742.0,45.7,368.1,0.0
2024-02-03 02:00:00,-4.8,52,-13.1,0.0,4.7,9,6.5,1031.0,514.1,357.6,4608.0,45.4,354.3,0.0
2024-02-03 03:00:00,-5.1,53,-13.1,0.0,4.8,13,5.4,1030.9,504.8,352.0,4543.0,44.8,345.6,0.0
2024-02-03 04:00:00,-5.2,53,-13.3,0.0,4.7,4,5.4,1030.6,502.9,350.2,4504.0,44.0,338.2,0.0
2024-02-03 05:00:00,-6.5,57,-13.6,0.0,7.2,360,7.9,1030.4,497.3,347.4,4596.0,43.4,340.7,0.0
2024-02-03 06:00:00,-6.8,57,-13.9,0.0,7.6,357,9.0,1030.5,501.1,349.2,5093.0,42.5,372.0,0.0
2024-02-03 07:00:00,-7.1,57,-14.2,0.0,7.6,355,9.4,1030.8,534.6,372.5,5721.0,41.6,413.3,0.0
2024-02-03 08:00:00,-6.1,51,-14.4,0.0,4.7,356,9.0,1031.4,530.9,370.7,5044.0,46.5,331.0,0.0
2024-02-03 09:00:00,-5.2,53,-13.4,0.0,4.5,14,10.1,1031.9,624.0,435.9,4126.0,51.0,285.7,2.0
2024-02-03 10:00:00,-2.5,44,-13.1,0.0,3.6,37,11.9,1032.0,274.7,190.9,2856.0,57.3,222.6,5.0
2024-02-03 11:00:00,-0.8,40,-12.6,0.0,3.1,69,13.3,1031.7,204.9,141.6,1877.0,62.2,170.8,9.0
2024-02-03 12:00:00,0.5,35,-13.1,0.0,3.3,96,14.0,1030.7,180.7,124.8,1465.0,63.9,141.3,14.0
2024-02-03 13:00:00,1.4,30,-14.1,0.0,3.2,117,14.4,1029.4,168.1,115.9,1344.0,64.4,123.1,19.0
2024-02-03 14:00:00,2.0,27,-15.1,0.0,1.8,143,14.0,1028.2,163.0,112.5,1323.0,66.2,112.3,21.0
2024-02-03 15:00:00,2.2,26,-15.4,0.0,2.1,149,11.5,1027.5,160.7,111.1,1331.0,71.7,106.6,17.0
2024-02-03 16:00:00,2.0,26,-15.4,0.0,4.4,171,10.1,1027.1,160.7,111.3,1440.0,78.6,108.3,9.0
2024-02-03 17:00:00,0.0,30,-15.4,0.0,6.1,220,9.0,1027.1,197.9,137.4,1678.0,82.8,120.0,3.0
2024-02-03 18:00:00,-3.0,38,-15.4,0.0,9.2,211,9.7,1027.3,264.5,183.9,2120.0,81.7,146.4,1.0
2024-02-03 19:00:00,-3.7,41,-15.1,0.0,8.2,209,13.0,1027.9,312.0,217.0,2691.0,77.9,182.8,0.0
2024-02-03 20:00:00,-3.7,42,-14.6,0.0,9.0,217,13.3,1028.3,268.2,187.7,2810.0,70.7,187.7,0.0
2024-02-03 21:00:00,-3.8,50,-12.7,0.0,7.8,214,11.2,1028.5,287.8,200.7,3020.0,69.2,207.8,0.0
2024-02-03 22:00:00,-2.5,45,-12.8,0.0,3.8,163,10.4,1028.6,317.6,221.7,3305.0,67.1,234.7,0.0
2024-02-03 23:00:00,-2.8,47,-12.6,0.0,0.5,45,4.0,1028.4,346.5,242.1,3492.0,65.1,249.7,0.0
2024-02-04 00:00:00,-3.2,49,-12.5,0.0,2.6,196,2.9,1028.8,359.5,251.5,3488.0,63.7,241.4,0.0
2024-02-04 01:00:00,-3.7,51,-12.4,0.0,1.5,284,3.2,1028.8,349.2,244.0,3386.0,62.4,221.0,0.0
2024-02-04 02:00:00,-4.2,53,-12.4,0.0,0.7,90,1.8,1028.5,327.8,229.1,3284.0,61.0,203.6,0.0
2024-02-04 03:00:00,-4.7,55,-12.2,0.0,1.6,63,1.8,1028.5,310.1,216.5,3171.0,59.4,191.5,0.0
2024-02-04 04:00:00,-6.0,61,-12.4,0.0,5.4,8,6.1,1028.0,305.5,212.8,3058.0,57.7,182.3,0.0
2024-02-04 05:00:00,-5.8,57,-13.1,0.0,8.4,20,12.6,1027.4,307.3,214.2,3083.0,56.1,183.8,0.0
2024-02-04 06:00:00,-6.2,58,-13.2,0.0,5.9,38,13.0,1027.7,311.1,217.5,3463.0,54.4,209.9,0.0
2024-02-04 07:00:00,-6.8,61,-13.1,0.0,4.8,63,9.7,1028.1,338.1,236.1,3982.0,52.9,246.7,0.0
2024-02-04 08:00:00,-6.1,57,-13.2,0.0,3.8,73,6.8,1028.7,309.2,216.1,3331.0,57.7,188.4,1.0
2024-02-04 09:00:00,-7.1,61,-13.3,0.0,6.6,22,15.1,1029.0,309.2,216.1,2870.0,58.4,168.6,3.0
2024-02-04 10:00:00,-4.9,52,-13.2,0.0,6.4,16,15.8,1029.0,204.9,142.5,2231.0,59.4,141.2,6.0
2024-02-04 11:00:00,-2.8,46,-12.9,0.0,5.1,39,16.2,1028.8,167.2,116.2,1732.0,60.0,120.6,8.0
2024-02-04 12:00:00,-1.4,42,-12.7,0.0,3.8,73,15.5,1027.9,150.4,104.3,1508.0,59.6,113.3,9.0
2024-02-04 13:00:00,-0.2,39,-12.5,0.0,4.0,100,14.4,1026.5,144.8,100.4,1425.0,58.8,112.7,10.0
2024-02-04 14:00:00,0.3,38,-12.4,0.0,4.4,145,14.4,1025.7,142.5,98.7,1398.0,58.4,113.7,10.0
2024-02-04 15:00:00,0.4,38,-12.2,0.0,4.9,163,13.7,1025.1,140.6,97.3,1346.0,59.2,109.2,8.0
2024-02-04 16:00:00,0.3,39,-12.1,0.0,6.1,180,12.6,1025.3,139.7,96.6,1351.0,60.5,106.3,4.0
2024-02-04 17:00:00,-0.3,41,-12.1,0.0,5.5,191,11.5,1025.6,163.4,113.2,1569.0,60.7,120.4,1.0
2024-02-04 18:00:00,-1.9,46,-12.0,0.0,5.8,202,8.3,1025.9,225.8,156.9,2155.0,58.7,165.0,0.0
2024-02-04 19:00:00,-2.6,50,-11.7,0.0,7.5,215,8.3,1025.9,311.1,216.5,2955.0,55.6,226.7,0.0
2024-02-04 20:00:00,-2.6,51,-11.3,0.0,5.4,200,8.6,1025.6,358.6,249.6,3234.0,59.2,234.3,0.0
2024-02-04 21:00:00,-3.3,59,-10.2,0.0,4.8,222,6.8,1025.5,434.9,303.6,3574.0,58.2,262.9,0.0
2024-02-04 22:00:00,-3.0,58,-10.1,0.0,2.9,240,6.1,1025.4,482.4,336.2,4019.0,56.9,300.0,0.0
2024-02-04 23:00:00,-3.0,59,-9.8,0.0,4.0,260,6.1,1025.4,470.3,327.8,4171.0,56.0,310.2,0.0
2024-02-05 00:00:00,-3.3,62,-9.6,0.0,3.4,252,6.1,1025.6,374.4,260.8,3739.0,55.9,266.5,0.0
2024-02-05 01:00:00,-3.4,63,-9.4,0.0,3.3,257,5.4,1025.3,305.5,212.3,3015.0,56.1,195.9,0.0
2024-02-05 02:00:00,-3.5,65,-9.2,0.0,3.2,243,4.7,1025.1,267.3,185.8,2479.0,56.4,144.9,0.0
2024-02-05 03:00:00,-3.3,65,-9.0,0.0,1.6,243,4.3,1024.6,253.3,175.6,2319.0,56.7,133.7,0.0
2024-02-05 04:00:00,-3.7,67,-8.9,0.0,3.4,32,4.0,1023.9,262.6,182.5,2347.0,57.0,142.1,0.0
2024-02-05 05:00:00,-3.6,66,-9.1,0.0,3.1,315,4.3,1023.7,275.7,191.4,2480.0,57.2,155.5,0.0
2024-02-05 06:00:00,-4.0,66,-9.3,0.0,3.8,311,6.1,1023.8,283.1,197.0,2839.0,57.2,177.1,0.0
2024-02-05 07:00:00,-4.3,68,-9.4,0.0,5.5,328,7.6,1024.2,311.1,216.1,3303.0,57.2,203.7,0.0
2024-02-05 08:00:00,-3.7,64,-9.5,0.0,2.8,320,6.1,1024.7,409.8,285.0,3523.0,61.3,212.6,0.0
2024-02-05 09:00:00,-1.9,60,-8.6,0.0,2.6,286,9.0,1025.6,353.9,245.9,2927.0,62.8,183.6,5.0
2024-02-05 10:00:00,-0.1,51,-8.9,0.0,1.8,270,10.1,1025.6,225.4,155.5,2099.0,64.6,143.0,13.0
2024-02-05 11:00:00,1.5,40,-10.7,0.0,0.8,27,10.4,1025.2,178.3,122.5,1429.0,64.1,107.9,22.0
2024-02-05 12:00:00,2.5,33,-12.3,0.0,1.1,108,11.5,1024.5,127.6,87.3,1059.0,57.7,82.7,33.0
2024-02-05 13:00:00,3.2,27,-14.1,0.0,3.4,148,13.7,1023.4,110.1,75.4,847.0,49.1,63.0,46.0
2024-02-05 14:00:00,3.6,26,-14.3,0.0,4.7,184,14.8,1023.0,105.2,72.2,765.0,46.6,52.9,50.0
2024-02-05 15:00:00,3.7,26,-13.9,0.0,6.6,193,15.8,1023.0,107.1,73.6,816.0,56.6,55.1,40.0
2024-02-05 16:00:00,3.3,29,-12.9,0.0,7.3,191,15.8,1023.3,113.9,78.0,995.0,72.8,66.9,23.0
2024-02-05 17:00:00,0.2,42,-11.2,0.0,8.4,190,13.7,1023.3,158.3,109.4,1262.0,84.9,84.6,9.0
2024-02-05 18:00:00,-2.7,49,-11.9,0.0,10.9,197,13.3,1023.5,214.7,149.0,1659.0,88.5,110.4,3.0
2024-02-05 19:00:00,-2.9,50,-11.8,0.0,9.0,203,13.0,1023.9,251.5,175.1,2143.0,88.1,142.1,1.0
2024-02-05 20:00:00,-2.9,50,-11.9,0.0,8.1,212,11.9,1024.3,217.0,150.4,2055.0,82.8,133.3,0.0
2024-02-05 21:00:00,-2.8,61,-9.3,0.0,9.2,222,16.2,1025.0,225.4,156.0,2140.0,81.2,141.7,0.0
2024-02-05 22:00:00,-3.5,66,-8.9,0.0,7.2,217,14.0,1025.3,238.0,164.8,2253.0,78.8,153.0,0.0
2024-02-05 23:00:00,-3.5,67,-8.7,0.0,6.1,220,10.4,1025.7,256.1,177.4,2318.0,76.5,158.8,0.0
2024-02-06 00:00:00,-3.8,70,-8.6,0.0,6.9,223,9.0,1025.8,259.8,179.7,2280.0,74.4,153.3,0.0
2024-02-06 01:00:00,-3.2,70,-8.0,0.0,5.2,245,8.6,1025.8,253.3,175.6,2192.0,72.4,142.4,0.0
2024-02-06 02:00:00,-2.5,65,-8.1,0.0,2.4,297,5.8,1025.9,249.6,172.3,2139.0,70.5,134.8,0.0
2024-02-06 03:00:00,-2.8,67,-7.9,0.0,3.5,336,4.3,1025.7,247.7,171.8,2126.0,68.9,133.3,0.0
2024-02-06 04:00:00,-4.2,75,-7.9,0.0,6.7,344,7.2,1025.5,251.5,173.7,2147.0,67.4,135.3,0.0
2024-02-06 05:00:00,-4.8,77,-8.2,0.0,6.8,360,9.7,1025.5,258.9,179.3,2270.0,66.0,141.1,0.0
2024-02-06 06:00:00,-4.8,75,-8.6,0.0,5.4,4,9.0,1026.0,270.1,187.2,2678.0,65.1,158.8,0.0
2024-02-06 07:00:00,-5.2,74,-9.0,0.0,6.1,360,9.0,1026.5,310.1,215.1,3187.0,64.2,180.4,0.0
2024-02-06 08:00:00,-4.2,69,-9.1,0.0,10.1,360,13.3,1027.3,322.2,223.5,2880.0,62.4,165.8,2.0
2024-02-06 09:00:00,-1.0,51,-9.8,0.0,18.0,358,27.0,1028.1,279.4,194.2,2234.0,53.0,125.6,13.0
2024-02-06 10:00:00,0.3,36,-13.1,0.0,22.3,1,37.1,1028.2,172.3,119.7,1342.0,39.9,70.1,29.0
2024-02-06 11:00:00,1.8,29,-14.6,0.0,20.9,358,37.8,1028.3,46.3,32.1,665.0,28.5,28.0,43.0
2024-02-06 12:00:00,3.0,23,-15.9,0.0,18.8,353,36.4,1027.5,25.5,17.8,409.0,19.4,12.3,53.0
2024-02-06 13:00:00,4.0,21,-16.4,0.0,17.3,348,33.8,1026.3,16.6,11.6,368.0,12.1,10.0,61.0
2024-02-06 14:00:00,4.6,20,-16.5,0.0,16.5,344,31.7,1025.4,12.2,8.5,382.0,10.4,11.2,63.0
2024-02-06 15:00:00,4.7,20,-16.6,0.0,16.4,334,30.2,1024.7,10.3,7.2,382.0,17.8,11.2,54.0
2024-02-06 16:00:00,4.2,21,-16.4,0.0,14.6,327,28.8,1024.5,10.7,7.5,438.0,30.7,14.6,39.0
2024-02-06 17:00:00,1.0,27,-16.0,0.0,8.4,301,23.0,1024.4,33.3,23.3,601.0,42.4,25.5,25.0
2024-02-06 18:00:00,-1.0,33,-15.2,0.0,9.9,289,14.0,1024.9,109.7,76.8,996.0,50.8,52.6,15.0
2024-02-06 19:00:00,-2.0,38,-14.6,0.0,9.3,306,14.4,1025.5,165.3,115.7,1498.0,57.9,87.1,7.0
2024-02-06 20:00:00,-2.1,39,-14.3,0.0,11.3,329,16.6,1026.2,137.4,95.9,1370.0,65.6,79.2,1.0
2024-02-06 21:00:00,-2.0,41,-13.5,0.0,16.9,349,26.3,1027.5,105.0,73.3,1220.0,63.2,70.2,3.0
2024-02-06 22:00:00,-2.5,42,-13.6,0.0,16.3,354,25.9,1027.8,89.6,62.6,1010.0,59.6,57.5,5.0
2024-02-06 23:00:00,-3.0,43,-13.9,0.0,16.9,1,25.9,1027.9,79.6,55.6,826.0,55.7,45.9,8.0
2024-02-07 00:00:00,-3.3,43,-14.2,0.0,17.0,6,26.6,1028.0,62.6,43.9,694.0,51.1,36.4,11.0
2024-02-07 01:00:00,-3.5,42,-14.6,0.0,17.1,7,26.6,1027.8,50.8,35.5,588.0,46.2,28.0,14.0
2024-02-07 02:00:00,-3.8,42,-14.9,0.0,15.9,6,26.6,1027.6,45.2,31.7,512.0,42.0,22.2,16.0
2024-02-07 03:00:00,-4.1,42,-15.1,0.0,16.0,9,24.5,1027.4,43.0,30.0,464.0,39.0,19.4,17.0
2024-02-07 04:00:00,-4.3,42,-15.4,0.0,15.5,12,24.5,1027.1,41.1,28.8,447.0,36.8,19.3,16.0
2024-02-07 05:00:00,-4.7,42,-15.6,0.0,14.6,16,24.1,1026.8,39.5,27.7,472.0,35.8,22.2,15.0
2024-02-07 06:00:00,-5.1,43,-15.8,0.0,13.2,17,22.3,1026.7,41.1,28.8,582.0,37.5,31.5,11.0
2024-02-07 07:00:00,-5.3,43,-16.0,0.0,13.7,18,20.9,1026.7,55.6,39.0,734.0,40.3,43.8,7.0
2024-02-07 08:00:00,-4.9,41,-16.2,0.0,14.8,18,22.3,1027.2,64.5,45.2,714.0,37.0,44.2,9.0
2024-02-07 09:00:00,-3.5,38,-15.9,0.0,17.7,13,29.2,1028.0,54.2,38.0,623.0,31.6,37.6,22.0
2024-02-07 10:00:00,-1.7,32,-16.1,0.0,17.2,10,31.0,1027.6,33.3,23.2,496.0,24.2,28.4,39.0
2024-02-07 11:00:00,0.3,27,-16.3,0.0,15.9,3,30.6,1027.3,26.2,18.2,395.0,18.5,21.1,53.0
2024-02-07 12:00:00,2.2,24,-16.5,0.0,13.3,357,29.9,1026.0,23.9,16.4,330.0,14.5,16.5,62.0
2024-02-07 13:00:00,3.5,22,-16.5,0.0,9.5,349,26.6,1024.4,23.3,16.0,291.0,12.2,13.7,68.0
2024-02-07 14:00:00,4.2,22,-15.9,0.0,4.3,336,21.6,1023.3,23.5,16.1,309.0,15.1,15.2,67.0
2024-02-07 15:00:00,4.5,22,-15.5,0.0,3.7,209,14.0,1022.5,24.8,16.9,385.0,27.1,21.5,54.0
2024-02-07 16:00:00,3.8,24,-14.9,0.0,11.6,206,19.1,1022.1,27.3,18.7,517.0,44.3,31.9,33.0
2024-02-07 17:00:00,1.6,31,-13.6,0.0,11.8,220,20.5,1021.8,75.2,52.4,732.0,58.3,47.1,16.0
2024-02-07 18:00:00,-0.6,38,-13.4,0.0,11.0,229,18.4,1021.8,171.8,120.1,1110.0,66.1,71.9,7.0
2024-02-07 19:00:00,-1.8,41,-13.2,0.0,9.8,234,16.6,1021.8,188.1,131.3,1571.0,70.6,101.5,3.0
2024-02-07 20:00:00,-2.8,44,-13.3,0.0,7.9,254,14.4,1022.0,230.5,161.1,2332.0,69.7,142.1,0.0
2024-02-07 21:00:00,-3.3,43,-14.3,0.0,7.9,313,11.5,1023.0,215.1,150.4,2276.0,68.6,135.8,0.0
2024-02-07 22:00:00,-3.6,42,-14.8,0.0,9.0,331,13.0,1022.7,204.9,143.0,2185.0,66.9,126.3,0.0
2024-02-07 23:00:00,-3.0,41,-14.4,0.0,13.0,354,19.4,1022.8,195.1,136.0,2026.0,64.8,112.8,0.0
2024-02-08 00:00:00,-3.0,41,-14.4,0.0,13.0,3,20.9,1022.4,165.3,115.3,1739.0,62.4,91.7,1.0
2024-02-08 01:00:00,-3.5,42,-14.7,0.0,11.2,6,19.8,1022.2,129.5,90.1,1383.0,59.6,66.6,2.0
2024-02-08 02:00:00,-3.8,41,-15.2,0.0,10.9,17,17.3,1022.0,103.6,72.2,1097.0,56.2,47.8,3.0
2024-02-08 03:00:00,-4.4,41,-15.8,0.0,8.2,15,16.6,1021.9,91.5,63.6,929.0,51.4,39.4,5.0
2024-02-08 04:00:00,-5.1,42,-16.1,0.0,7.2,360,12.6,1021.5,85.9,59.8,831.0,46.0,37.2,7.0
2024-02-08 05:00:00,-5.6,42,-16.5,0.0,7.6,360,10.1,1021.3,82.0,57.0,805.0,42.1,39.6,9.0
2024-02-08 06:00:00,-5.4,40,-16.9,0.0,7.5,17,10.8,1021.1,80.8,56.2,912.0,41.4,50.0,8.0
2024-02-08 07:00:00,-5.6,39,-17.2,0.0,8.1,21,12.6,1021.1,97.6,68.0,1092.0,42.2,64.8,6.0
2024-02-08 08:00:00,-5.0,37,-17.5,0.0,9.9,19,13.3,1021.4,98.0,68.5,904.0,38.0,58.1,8.0
2024-02-08 09:00:00,-3.2,34,-16.7,0.0,10.1,17,18.7,1022.4,92.7,64.7,788.0,35.4,50.6,18.0
2024-02-08 10:00:00,-1.2,28,-17.2,0.0,11.3,17,22.3,1022.2,68.0,47.5,627.0,31.9,40.2,33.0
2024-02-08 11:00:00,0.9,24,-17.4,0.0,11.3,22,23.4,1021.8,49.4,34.5,495.0,28.7,31.6,46.0
2024-02-08 12:00:00,2.7,22,-17.2,0.0,10.0,13,23.4,1020.8,37.1,26.0,407.0,24.9,25.6,57.0
2024-02-08 13:00:00,3.8,20,-17.1,0.0,6.1,3,22.0,1019.5,32.2,22.6,348.0,21.4,21.4,66.0
2024-02-08 14:00:00,4.3,19,-17.0,0.0,2.5,278,16.9,1018.5,32.1,22.5,350.0,23.2,21.6,67.0
2024-02-08 15:00:00,4.8,19,-16.8,0.0,6.0,237,14.8,1017.8,34.6,24.2,419.0,34.5,26.9,54.0
2024-02-08 16:00:00,4.9,20,-16.0,0.0,6.9,227,14.8,1017.4,39.3,27.5,550.0,51.0,36.5,33.0
2024-02-08 17:00:00,2.0,28,-14.6,0.0,7.5,215,11.9,1017.2,76.6,53.7,756.0,64.4,51.2,16.0
2024-02-08 18:00:00,-0.2,34,-14.1,0.0,9.5,217,13.7,1017.5,125.7,88.0,1106.0,71.7,75.8,7.0
2024-02-08 19:00:00,-0.3,39,-12.7,0.0,12.2,214,18.0,1017.7,160.2,112.0,1531.0,76.1,105.4,3.0
2024-02-08 20:00:00,-0.7,43,-11.6,0.0,14.1,218,21.6,1017.8,224.0,156.5,2148.0,73.8,140.2,0.0
2024-02-08 21:00:00,-1.6,53,-9.9,0.0,8.1,238,19.4,1018.6,211.9,148.1,2090.0,72.3,133.1,0.0
2024-02-08 22:00:00,-3.8,61,-10.2,0.0,6.8,273,12.2,1018.5,197.0,137.4,2002.0,70.1,122.5,0.0
2024-02-08 23:00:00,-3.8,58,-10.9,0.0,4.0,280,8.3,1018.4,185.3,129.0,1887.0,67.9,109.7,0.0
2024-02-09 00:00:00,-3.7,54,-11.6,0.0,3.4,288,5.0,1018.3,164.4,114.3,1721.0,66.0,91.8,0.0
2024-02-09 01:00:00,-4.0,52,-12.4,0.0,4.6,315,5.0,1017.7,146.2,101.5,1527.0,64.2,71.6,0.0
2024-02-09 02:00:00,-4.7,54,-12.5,0.0,7.2,342,7.9,1017.4,136.0,94.3,1376.0,62.1,58.7,0.0
2024-02-09 03:00:00,-5.1,57,-12.2,0.0,7.8,347,9.4,1017.3,131.8,91.3,1259.0,59.6,55.0,0.0
2024-02-09 04:00:00,-4.6,56,-12.0,0.0,5.4,352,9.4,1016.9,131.8,91.3,1184.0,56.9,58.6,1.0
2024-02-09 05:00:00,-4.3,56,-11.9,0.0,4.0,10,7.6,1016.3,136.0,94.3,1252.0,54.3,72.9,1.0
2024-02-09 06:00:00,-4.4,55,-12.1,0.0,4.0,10,6.1,1016.4,149.0,103.6,1639.0,51.8,111.5,0.0
2024-02-09 07:00:00,-4.9,56,-12.4,0.0,4.7,360,6.8,1016.4,191.9,133.6,2169.0,49.3,160.8,0.0
2024-02-09 08:00:00,-4.3,52,-12.7,0.0,7.0,348,8.6,1017.2,217.5,152.3,2179.0,38.6,158.7,3.0
2024-02-09 09:00:00,-1.6,44,-12.2,0.0,9.8,6,16.9,1017.7,189.1,132.2,1810.0,40.3,130.2,10.0
2024-02-09 10:00:00,1.0,36,-12.3,0.0,8.7,5,18.0,1017.7,109.7,76.6,1297.0,42.3,90.5,20.0
2024-02-09 11:00:00,3.4,30,-12.5,0.0,8.1,13,19.8,1017.8,72.6,50.4,877.0,41.2,57.5,30.0
2024-02-09 12:00:00,5.3,26,-12.5,0.0,5.0,21,19.1,1016.8,67.3,44.8,642.0,33.0,37.9,43.0
2024-02-09 13:00:00,6.7,24,-12.4,0.0,3.5,24,15.8,1015.9,56.8,34.7,502.0,21.7,25.0,56.0
2024-02-09 14:00:00,7.8,22,-12.4,0.0,6.1,320,15.1,1014.6,53.1,31.4,421.0,15.7,17.2,63.0
2024-02-09 15:00:00,8.2,21,-12.9,0.0,12.4,300,21.2,1014.1,48.7,28.9,402.0,19.8,14.9,58.0
2024-02-09 16:00:00,7.4,21,-13.8,0.0,17.3,315,29.2,1014.3,44.7,27.5,443.0,29.3,17.7,46.0
2024-02-09 17:00:00,4.8,24,-13.9,0.0,20.2,329,31.0,1014.8,56.6,37.5,502.0,38.6,22.3,35.0
2024-02-09 18:00:00,2.9,28,-13.9,0.0,20.5,326,33.5,1015.9,91.0,62.4,584.0,46.6,29.2,27.0
2024-02-09 19:00:00,1.9,30,-14.1,0.0,15.4,323,31.7,1016.8,97.6,67.3,685.0,54.5,38.0,19.0
2024-02-09 20:00:00,0.2,33,-14.4,0.0,11.5,321,23.8,1017.8,52.2,36.0,613.0,51.3,33.7,26.0
2024-02-09 21:00:00,-0.1,34,-14.2,0.0,9.2,334,23.4,1019.3,56.2,39.0,665.0,53.6,38.6,22.0
2024-02-09 22:00:00,-2.2,41,-13.6,0.0,8.8,348,14.0,1019.7,61.9,43.2,735.0,56.7,45.1,18.0
2024-02-09 23:00:00,-1.9,39,-13.9,0.0,12.4,10,17.3,1020.0,66.1,46.1,767.0,58.3,47.9,14.0
2024-02-10 00:00:00,-1.6,34,-15.4,0.0,18.2,18,27.7,1020.0,58.1,40.5,727.0,57.3,43.4,13.0
2024-02-10 01:00:00,-2.3,35,-15.6,0.0,16.4,29,28.1,1020.4,49.5,34.6,649.0,54.9,35.2,13.0
2024-02-10 02:00:00,-3.4,39,-15.4,0.0,14.2,36,25.6,1020.7,46.1,32.2,588.0,52.2,29.0,13.0
2024-02-10 03:00:00,-4.0,40,-15.6,0.0,13.1,37,22.0,1021.1,44.6,31.2,549.0,49.2,26.2,13.0
2024-02-10 04:00:00,-4.4,41,-15.8,0.0,12.8,38,20.2,1020.8,43.1,30.2,526.0,45.9,25.5,14.0
2024-02-10 05:00:00,-4.8,42,-15.9,0.0,12.3,40,19.4,1020.7,42.7,29.8,554.0,43.7,28.5,14.0
2024-02-10 06:00:00,-5.2,42,-16.1,0.0,13.2,45,20.5,1020.8,45.6,31.9,695.0,44.3,39.4,11.0
2024-02-10 07:00:00,-5.6,42,-16.5,0.0,12.3,40,20.5,1021.3,64.0,44.8,887.0,45.9,54.0,7.0
2024-02-10 08:00:00,-5.1,39,-16.8,0.0,11.5,39,19.1,1022.5,97.6,68.2,922.0,44.1,59.7,8.0
2024-02-10 09:00:00,-3.2,40,-14.9,0.0,9.3,36,19.8,1023.5,85.9,59.6,795.0,38.5,51.9,20.0
2024-02-10 10:00:00,-0.9,33,-15.1,0.0,11.9,35,22.7,1023.4,65.7,45.1,620.0,30.8,41.1,36.0
2024-02-10 11:00:00,1.4,28,-15.1,0.0,11.8,38,24.8,1023.2,56.6,38.6,488.0,25.2,32.9,49.0
2024-02-10 12:00:00,2.8,27,-14.6,0.0,5.8,30,24.1,1022.7,52.5,35.7,430.0,22.4,29.3,56.0
2024-02-10 13:00:00,3.5,27,-13.9,0.0,2.3,231,16.9,1021.4,52.5,35.6,414.0,21.7,28.3,60.0
2024-02-10 14:00:00,4.3,26,-13.6,0.0,8.2,209,19.1,1020.3,55.1,37.4,439.0,25.0,29.9,58.0
2024-02-10 15:00:00,5.1,25,-13.2,0.0,12.6,211,23.8,1019.7,57.7,39.0,502.0,35.1,33.7,46.0
2024-02-10 16:00:00,5.3,26,-12.8,0.0,15.9,218,26.6,1019.5,60.3,40.7,605.0,49.1,40.0,28.0
2024-02-10 17:00:00,4.1,30,-11.9,0.0,16.4,220,27.4,1019.6,83.6,57.6,753.0,60.3,49.8,14.0
2024-02-10 18:00:00,1.8,36,-11.6,0.0,15.5,228,25.6,1019.7,109.9,76.4,983.0,66.3,66.5,7.0
2024-02-10 19:00:00,0.6,40,-11.4,0.0,15.3,229,24.5,1019.9,128.1,89.2,1258.0,69.6,86.6,3.0
2024-02-10 20:00:00,-0.2,43,-11.2,0.0,15.3,231,23.4,1020.2,139.7,97.6,1551.0,65.9,92.5,0.0
2024-02-10 21:00:00,0.1,44,-10.9,0.0,16.6,228,25.6,1020.8,141.1,98.5,1572.0,64.5,91.2,0.0
2024-02-10 22:00:00,-0.3,46,-10.6,0.0,17.1,224,25.9,1020.5,139.7,97.3,1596.0,62.6,89.0,0.0
2024-02-10 23:00:00,-0.9,48,-10.4,0.0,14.5,226,25.9,1020.5,136.4,95.0,1576.0,60.8,83.9,0.0
2024-02-11 00:00:00,-1.5,52,-10.2,0.0,11.2,225,22.0,1020.1,124.3,86.1,1475.0,59.5,73.2,0.0
2024-02-11 01:00:00,-1.9,53,-10.1,0.0,10.5,221,17.3,1019.5,112.5,78.0,1330.0,58.3,59.5,1.0
2024-02-11 02:00:00,-2.5,56,-10.1,0.0,8.6,213,15.8,1019.2,104.3,72.2,1205.0,57.0,49.1,1.0
2024-02-11 03:00:00,-3.4,60,-10.0,0.0,6.3,211,13.0,1019.2,97.6,67.5,1101.0,55.4,43.1,2.0
2024-02-11 04:00:00,-4.0,63,-10.0,0.0,6.5,214,9.4,1018.9,94.1,65.0,1017.0,53.8,40.4,2.0
2024-02-11 05:00:00,-4.2,64,-10.0,0.0,6.3,211,9.0,1018.5,90.3,62.4,1008.0,52.2,43.3,3.0
2024-02-11 06:00:00,-4.1,64,-10.0,0.0,6.4,218,8.6,1018.4,89.6,61.9,1156.0,51.0,57.3,3.0
2024-02-11 07:00:00,-4.2,63,-10.1,0.0,8.4,230,9.7,1018.7,110.8,76.6,1379.0,49.9,77.0,3.0
2024-02-11 08:00:00,-1.9,53,-10.2,0.0,4.0,270,10.1,1019.5,136.4,94.5,1391.0,44.9,81.6,6.0
2024-02-11 09:00:00,0.4,47,-9.6,0.0,6.2,10,12.6,1019.8,146.2,101.3,1246.0,43.0,73.6,12.0
2024-02-11 10:00:00,3.2,37,-10.2,0.0,2.1,59,12.6,1019.9,130.4,89.9,1044.0,40.3,62.4,22.0
2024-02-11 11:00:00,5.6,31,-10.4,0.0,3.1,144,11.9,1019.9,93.6,63.6,870.0,38.2,53.3,30.0
2024-02-11 12:00:00,7.3,26,-10.8,0.0,3.0,166,13.3,1019.4,81.3,54.2,733.0,36.0,46.9,39.0
2024-02-11 13:00:00,8.9,23,-11.0,0.0,3.2,180,13.0,1018.3,78.0,51.6,626.0,34.4,42.6,47.0
2024-02-11 14:00:00,9.8,23,-10.2,0.0,6.8,177,16.2,1017.5,74.0,48.8,610.0,36.6,43.1,48.0
2024-02-11 15:00:00,10.1,23,-10.1,0.0,9.4,187,18.0,1017.0,74.5,49.0,705.0,46.1,48.6,37.0
2024-02-11 16:00:00,9.5,27,-8.4,0.0,9.3,196,18.0,1016.8,89.2,60.1,892.0,59.3,59.0,20.0
2024-02-11 17:00:00,5.6,39,-7.3,0.0,8.4,200,14.4,1016.4,130.4,89.4,1176.0,69.4,77.0,7.0
2024-02-11 18:00:00,1.1,53,-7.4,0.0,12.0,201,14.8,1016.6,193.2,133.6,1626.0,73.2,107.9,2.0
2024-02-11 19:00:00,0.3,55,-7.6,0.0,10.8,206,14.8,1016.9,241.2,167.2,2173.0,73.8,146.3,1.0
2024-02-11 20:00:00,-0.5,58,-7.8,0.0,10.8,210,13.7,1017.0,252.4,175.6,2589.0,70.3,168.7,0.0
2024-02-11 21:00:00,-0.6,60,-7.3,0.0,10.1,207,12.2,1017.4,264.5,183.9,2686.0,69.4,179.4,0.0
2024-02-11 22:00:00,-1.3,62,-7.6,0.0,12.1,203,14.0,1017.2,271.9,189.1,2813.0,68.2,193.4,0.0
2024-02-11 23:00:00,-1.1,61,-7.8,0.0,10.9,214,14.0,1017.2,282.2,196.5,2859.0,66.4,198.4,0.0
2024-02-12 00:00:00,1.6,49,-8.1,0.0,5.6,220,11.9,1016.8,272.9,190.5,2749.0,63.9,185.7,0.0
2024-02-12 01:00:00,1.3,49,-8.2,0.0,2.5,8,5.8,1016.3,255.2,177.9,2558.0,61.0,164.0,0.0
2024-02-12 02:00:00,-2.2,65,-7.8,0.0,6.0,17,8.6,1015.9,243.1,169.5,2398.0,58.3,146.5,0.0
2024-02-12 03:00:00,-3.1,73,-7.3,0.0,6.0,17,9.0,1015.4,236.1,164.4,2282.0,56.0,136.3,0.0
2024-02-12 04:00:00,-3.7,76,-7.2,0.0,6.9,6,10.8,1014.8,231.4,161.6,2198.0,54.0,130.3,1.0
2024-02-12 05:00:00,-3.8,77,-7.2,0.0,7.3,9,11.2,1014.3,230.5,160.7,2216.0,52.3,133.2,1.0
2024-02-12 06:00:00,-3.8,78,-7.1,0.0,7.3,11,11.5,1014.2,230.0,160.7,2466.0,50.1,154.9,0.0
2024-02-12 07:00:00,-4.1,79,-7.1,0.0,6.4,16,11.2,1014.3,256.1,178.8,2820.0,48.1,185.4,0.0
2024-02-12 08:00:00,-3.1,74,-7.2,0.0,8.3,18,10.4,1014.4,346.5,242.1,3232.0,17.9,238.2,1.0
2024-02-12 09:00:00,-0.4,59,-7.5,0.0,8.3,18,15.5,1015.2,411.6,287.8,2852.0,26.1,204.8,3.0
2024-02-12 10:00:00,2.2,50,-7.1,0.0,7.4,23,16.9,1014.8,259.8,180.2,2326.0,38.1,158.8,6.0
2024-02-12 11:00:00,4.5,43,-6.9,0.0,7.3,33,18.4,1014.7,204.0,140.2,1919.0,51.6,124.6,13.0
2024-02-12 12:00:00,6.3,39,-6.8,0.0,5.5,58,18.0,1013.7,196.5,134.6,1725.0,66.9,113.3,27.0
2024-02-12 13:00:00,7.8,35,-6.9,0.0,3.6,84,16.2,1012.2,198.8,136.0,1648.0,83.7,113.9,45.0
2024-02-12 14:00:00,8.8,32,-7.0,0.0,3.1,126,14.0,1011.1,206.3,141.1,1672.0,99.0,117.9,53.0
2024-02-12 15:00:00,9.4,32,-6.6,0.0,4.4,171,12.6,1010.3,206.8,141.1,1784.0,112.8,120.2,43.0
2024-02-12 16:00:00,9.2,38,-4.4,0.0,3.6,186,12.2,1009.8,221.7,151.8,1995.0,125.1,126.0,24.0
2024-02-12 17:00:00,8.6,39,-4.6,0.0,6.5,174,7.2,1009.7,277.5,191.4,2321.0,132.3,142.3,9.0
2024-02-12 18:00:00,5.9,49,-3.8,0.0,8.0,175,8.6,1010.3,341.8,236.6,2834.0,131.3,177.3,3.0
2024-02-12 19:00:00,4.8,54,-3.6,0.0,6.9,208,9.0,1010.6,392.1,271.9,3460.0,125.2,222.7,1.0
2024-02-12 20:00:00,3.7,54,-4.7,0.0,4.3,275,7.9,1010.9,388.4,270.1,3802.0,113.3,245.4,0.0
2024-02-12 21:00:00,3.1,64,-3.2,0.0,4.7,270,9.0,1011.8,427.5,298.0,4130.0,111.1,272.0,0.0
2024-02-12 22:00:00,1.4,67,-4.1,0.0,4.0,350,5.4,1011.5,467.5,326.0,4567.0,108.0,307.1,0.0
2024-02-12 23:00:00,-1.1,77,-4.6,0.0,7.6,3,9.7,1011.4,488.0,339.9,4786.0,105.1,322.2,0.0
2024-02-13 00:00:00,-1.3,79,-4.4,0.0,6.9,6,10.1,1011.3,463.8,323.2,4607.0,102.9,299.8,0.0
2024-02-13 01:00:00,-1.5,82,-4.2,0.0,7.6,3,11.2,1010.8,416.3,289.6,4209.0,100.8,257.5,1.0
2024-02-13 02:00:00,-1.9,85,-4.1,0.0,8.0,8,12.2,1010.5,367.9,257.0,3801.0,98.1,219.0,1.0
2024-02-13 03:00:00,-2.0,86,-4.2,0.0,7.7,11,12.2,1010.2,325.0,226.8,3397.0,94.7,189.3,1.0
2024-02-13 04:00:00,-2.0,84,-4.4,0.0,7.6,5,11.5,1010.0,288.7,200.7,2982.0,90.8,163.5,1.0
2024-02-13 05:00:00,-2.2,82,-4.8,0.0,7.9,360,10.8,1010.0,258.9,180.2,2724.0,86.0,150.9,1.0
2024-02-13 06:00:00,-2.3,80,-5.2,0.0,8.0,355,11.2,1009.9,244.0,169.5,2791.0,78.9,164.8,1.0
2024-02-13 07:00:00,-2.3,79,-5.5,0.0,7.6,357,10.8,1010.0,262.6,183.0,3013.0,71.0,191.9,1.0
2024-02-13 08:00:00,-0.7,70,-5.6,0.0,7.2,357,10.4,1010.7,325.0,227.2,3175.0,26.3,209.1,2.0
2024-02-13 09:00:00,2.3,60,-4.7,0.0,6.5,3,13.0,1011.8,348.3,243.1,2795.0,34.0,179.3,7.0
2024-02-13 10:00:00,5.2,52,-3.7,0.0,5.2,16,13.7,1011.8,248.7,172.8,2269.0,45.3,138.3,14.0
2024-02-13 11:00:00,7.8,48,-2.4,0.0,5.7,35,15.5,1011.8,178.8,123.4,1858.0,58.1,108.3,23.0
2024-02-13 12:00:00,9.9,44,-1.9,0.0,4.7,67,15.5,1011.0,163.4,112.0,1640.0,71.7,98.6,38.0
2024-02-13 13:00:00,11.4,39,-2.0,0.0,5.4,98,15.8,1009.9,170.4,117.1,1538.0,86.9,99.8,56.0
2024-02-13 14:00:00,12.1,35,-2.7,0.0,5.1,135,15.5,1009.2,181.1,124.8,1584.0,103.8,106.6,63.0
2024-02-13 15:00:00,12.4,36,-2.2,0.0,5.4,176,14.0,1008.7,194.6,134.6,1808.0,125.3,115.5,50.0
2024-02-13 16:00:00,12.1,43,-0.2,0.0,5.5,203,12.6,1008.5,226.3,156.9,2182.0,148.6,129.9,27.0
2024-02-13 17:00:00,8.8,57,0.9,0.0,8.1,225,9.0,1008.7,300.8,209.1,2649.0,164.6,154.5,9.0
2024-02-13 18:00:00,9.4,53,0.2,0.0,6.4,227,9.4,1009.1,378.1,263.6,3263.0,168.9,196.4,2.0
2024-02-13 19:00:00,8.1,56,-0.2,0.0,3.2,297,7.2,1009.6,439.6,306.4,3972.0,166.1,248.4,1.0
2024-02-13 20:00:00,6.7,59,-0.8,0.0,3.7,349,4.0,1009.9,502.9,351.1,4638.0,164.3,289.8,0.0
2024-02-13 21:00:00,6.9,58,-0.6,0.0,3.1,21,4.7,1010.1,542.0,377.2,4859.0,156.5,310.2,0.0
2024-02-13 22:00:00,5.7,61,-1.3,0.0,1.5,315,4.0,1010.6,551.3,385.6,5140.0,145.2,336.2,0.0
2024-02-13 23:00:00,2.0,71,-2.8,0.0,5.5,337,6.1,1011.0,540.2,376.3,5176.0,133.4,340.9,0.0
2024-02-14 00:00:00,0.2,78,-3.2,0.0,9.1,9,10.8,1011.3,489.9,341.8,4779.0,121.7,307.0,0.0
2024-02-14 01:00:00,0.0,80,-3.0,0.0,6.9,9,10.8,1011.4,426.5,297.1,4139.0,109.5,251.6,1.0
2024-02-14 02:00:00,-0.2,81,-3.0,0.0,9.7,2,14.4,1011.6,364.1,254.3,3515.0,98.1,199.4,1.0
2024-02-14 03:00:00,-0.5,81,-3.4,0.0,7.7,11,14.4,1011.1,301.7,210.0,2969.0,87.9,155.8,1.0
2024-02-14 04:00:00,0.9,70,-3.9,0.0,9.4,7,15.5,1011.9,239.3,166.7,2440.0,78.4,115.3,1.0
2024-02-14 05:00:00,0.8,69,-4.2,0.0,11.7,11,17.3,1012.6,189.1,131.3,2010.0,69.3,86.1,1.0
2024-02-14 06:00:00,0.4,67,-5.1,0.0,13.0,5,19.4,1013.8,151.8,105.2,1748.0,60.5,75.7,2.0
2024-02-14 07:00:00,1.7,45,-8.9,0.0,17.7,13,27.0,1015.6,137.4,94.5,1586.0,52.0,76.7,3.0
2024-02-14 08:00:00,3.5,40,-8.7,0.0,17.9,34,28.1,1017.5,131.3,88.7,1314.0,45.5,69.7,6.0
2024-02-14 09:00:00,7.6,35,-6.8,0.0,23.1,11,35.6,1018.5,107.1,71.5,1033.0,37.6,54.6,18.0
2024-02-14 10:00:00,9.1,34,-6.0,0.0,24.3,7,37.8,1019.4,88.9,56.7,645.0,26.7,33.7,34.0
2024-02-14 11:00:00,10.1,31,-6.2,0.0,26.6,2,44.6,1019.8,36.7,21.0,350.0,18.0,17.5,47.0
2024-02-14 12:00:00,10.5,30,-6.3,0.0,24.1,3,44.6,1019.8,19.2,11.3,234.0,12.4,10.2,57.0
2024-02-14 13:00:00,11.1,28,-6.8,0.0,22.0,2,40.7,1019.8,16.5,10.0,211.0,9.0,7.6,63.0
2024-02-14 14:00:00,11.2,25,-8.1,0.0,21.6,358,37.1,1019.6,21.1,12.4,225.0,10.2,7.7,64.0
2024-02-14 15:00:00,10.6,25,-8.6,0.0,21.0,355,36.4,1020.0,18.5,11.2,231.0,18.9,8.1,55.0
2024-02-14 16:00:00,9.9,26,-8.6,0.0,16.2,4,34.2,1020.6,18.4,11.7,274.0,32.2,11.2,39.0
2024-02-14 17:00:00,8.1,30,-8.4,0.0,8.7,42,25.6,1021.1,36.8,25.1,428.0,44.0,21.8,25.0
2024-02-14 18:00:00,6.3,27,-11.4,0.0,13.6,58,20.2,1021.7,78.9,54.9,821.0,52.9,48.8,14.0
2024-02-14 19:00:00,5.8,22,-14.2,0.0,16.6,42,24.8,1022.8,127.6,88.9,1326.0,60.3,83.3,5.0
2024-02-14 20:00:00,5.3,19,-16.5,0.0,19.2,38,29.9,1023.9,127.6,88.7,1303.0,68.5,84.4,0.0
2024-02-14 21:00:00,3.0,28,-13.9,0.0,8.1,32,19.1,1025.4,108.0,75.4,1116.0,65.6,71.0,4.0
2024-02-14 22:00:00,0.9,35,-12.8,0.0,9.4,32,12.2,1026.0,75.2,52.5,857.0,61.4,52.4,10.0
2024-02-14 23:00:00,-0.7,41,-12.4,0.0,9.7,31,13.0,1026.5,53.8,37.5,648.0,57.0,37.4,15.0
2024-02-15 00:00:00,0.6,37,-12.6,0.0,6.5,19,10.8,1027.0,38.1,26.5,535.0,52.0,29.0,18.0
2024-02-15 01:00:00,1.4,35,-12.4,0.0,5.4,8,7.2,1027.2,33.8,23.6,473.0,46.7,24.2,21.0
2024-02-15 02:00:00,-0.6,40,-12.4,0.0,8.7,42,9.4,1026.6,36.8,25.7,453.0,43.1,22.6,21.0
2024-02-15 03:00:00,-0.9,40,-12.7,0.0,6.8,342,9.7,1026.5,45.2,31.5,467.0,42.3,24.0,18.0
2024-02-15 04:00:00,-3.2,47,-12.9,0.0,7.0,325,8.3,1026.5,52.7,36.8,523.0,43.3,28.5,14.0
2024-02-15 05:00:00,-3.8,49,-12.9,0.0,7.6,341,10.4,1026.4,57.2,39.9,632.0,44.7,36.5,10.0
2024-02-15 06:00:00,-4.1,49,-13.2,0.0,7.3,349,11.2,1026.7,60.5,42.3,877.0,47.8,53.2,6.0
2024-02-15 07:00:00,-4.9,51,-13.6,0.0,6.3,336,10.8,1027.1,84.8,59.1,1176.0,51.3,73.4,2.0
2024-02-15 08:00:00,-3.5,44,-14.0,0.0,6.4,333,9.4,1027.8,97.6,67.8,951.0,53.3,61.2,9.0
2024-02-15 09:00:00,0.8,40,-11.1,0.0,6.6,351,14.0,1027.9,94.5,65.4,758.0,41.0,46.7,26.0
2024-02-15 10:00:00,3.0,28,-13.8,0.0,9.2,349,18.4,1027.8,33.8,22.6,492.0,24.1,26.6,49.0
2024-02-15 11:00:00,4.4,22,-15.3,0.0,13.8,354,26.6,1027.2,27.4,18.3,295.0,11.7,11.9,67.0
2024-02-15 12:00:00,6.0,20,-15.6,0.0,12.6,360,27.7,1026.1,24.5,16.4,229.0,7.1,7.2,74.0
2024-02-15 13:00:00,7.4,18,-15.5,0.0,3.6,354,25.9,1024.5,22.5,15.1,232.0,7.0,7.7,76.0
2024-02-15 14:00:00,7.3,22,-13.1,0.0,17.5,199,30.6,1023.5,21.8,14.6,260.0,10.2,10.1,73.0
2024-02-15 15:00:00,7.6,25,-11.1,0.0,18.4,206,36.7,1022.4,22.6,15.1,294.0,17.0,12.8,65.0
2024-02-15 16:00:00,7.8,24,-11.6,0.0,16.3,194,32.0,1021.5,26.1,17.6,353.0,27.1,17.3,54.0
2024-02-15 17:00:00,6.4,29,-10.5,0.0,10.7,194,27.7,1021.0,41.0,28.2,447.0,38.2,24.8,41.0
2024-02-15 18:00:00,4.0,36,-9.8,0.0,13.8,186,20.9,1020.8,67.3,46.8,607.0,51.7,37.8,27.0
2024-02-15 19:00:00,2.8,39,-9.8,0.0,14.6,189,22.0,1020.7,82.9,57.6,803.0,66.2,53.8,12.0
2024-02-15 20:00:00,1.9,43,-9.6,0.0,14.1,195,23.0,1020.2,92.4,64.5,1095.0,75.1,72.4,1.0
2024-02-15 21:00:00,0.8,51,-8.2,0.0,13.2,197,20.5,1020.2,94.3,65.9,1104.0,73.6,73.8,1.0
2024-02-15 22:00:00,-0.1,56,-7.8,0.0,12.9,198,20.5,1019.6,95.0,66.4,1113.0,71.2,75.4,0.0
2024-02-15 23:00:00,-0.9,59,-7.8,0.0,11.7,191,19.8,1019.1,95.0,66.1,1095.0,67.8,74.1,1.0
2024-02-16 00:00:00,-1.0,59,-7.9,0.0,11.7,191,18.7,1018.5,86.1,60.1,1021.0,62.1,66.7,3.0
2024-02-16 01:00:00,-1.6,63,-7.7,0.0,9.4,198,18.0,1017.6,78.2,54.4,921.0,55.4,56.3,6.0
2024-02-16 02:00:00,-2.7,70,-7.3,0.0,8.9,212,14.0,1016.9,74.0,51.5,852.0,50.8,49.7,8.0
2024-02-16 03:00:00,-3.3,75,-7.2,0.0,9.0,247,12.2,1016.1,73.3,50.9,800.0,50.3,46.3,6.0
2024-02-16 04:00:00,-1.9,66,-7.3,0.0,3.4,302,10.1,1015.4,75.4,52.4,780.0,52.0,46.5,3.0
2024-02-16 05:00:00,-3.2,72,-7.6,0.0,2.9,360,4.0,1014.4,82.2,57.2,898.0,52.9,58.5,1.0
2024-02-16 06:00:00,-4.5,80,-7.5,0.0,5.8,7,6.5,1013.6,98.5,68.5,1331.0,52.3,96.8,0.0
2024-02-16 07:00:00,-4.8,81,-7.5,0.0,5.8,7,8.6,1013.2,148.5,103.6,1903.0,51.1,146.9,0.0
2024-02-16 08:00:00,-3.6,74,-7.6,0.0,7.2,3,11.9,1013.2,207.2,144.8,2025.0,46.2,160.5,2.0
2024-02-16 09:00:00,-1.5,67,-6.9,0.0,4.7,356,11.9,1013.6,145.8,101.5,1694.0,42.7,133.9,9.0
2024-02-16 10:00:00,0.3,62,-6.1,0.0,3.5,24,13.3,1013.0,95.7,66.6,1237.0,37.9,97.3,19.0
2024-02-16 11:00:00,2.2,59,-5.0,0.0,3.6,90,14.0,1012.2,88.7,61.5,901.0,34.9,70.0,28.0
2024-02-16 12:00:00,4.1,57,-3.8,0.0,6.0,155,17.3,1010.5,89.4,61.9,804.0,34.5,61.6,37.0
2024-02-16 13:00:00,5.9,52,-3.2,0.0,7.6,175,19.1,1008.9,93.1,64.0,826.0,35.8,62.4,45.0
2024-02-16 14:00:00,7.3,47,-3.2,0.0,10.4,182,22.3,1007.3,96.9,66.4,859.0,39.3,63.2,48.0
2024-02-16 15:00:00,8.0,45,-3.3,0.0,11.3,189,22.7,1006.2,97.8,66.6,806.0,46.1,55.3,44.0
2024-02-16 16:00:00,8.2,44,-3.4,0.0,12.1,192,22.7,1005.5,96.9,65.4,764.0,55.0,47.4,35.0
2024-02-16 17:00:00,7.3,47,-3.1,0.0,6.4,207,22.0,1004.9,103.1,70.1,906.0,63.3,55.6,26.0
2024-02-16 18:00:00,6.3,51,-3.0,0.0,6.4,243,9.7,1004.5,151.3,104.5,1384.0,70.6,93.9,17.0
2024-02-16 19:00:00,5.8,52,-3.3,0.0,2.3,342,7.2,1004.9,219.8,152.3,2047.0,77.3,148.5,7.0
2024-02-16 20:00:00,5.2,54,-3.5,0.0,1.3,34,2.9,1004.4,253.3,176.5,2461.0,81.2,179.0,0.0
2024-02-16 21:00:00,0.3,78,-3.1,0.0,6.5,19,7.9,1005.6,304.5,211.9,2767.0,79.3,200.2,0.0
2024-02-16 22:00:00,0.0,79,-3.2,0.0,5.0,360,7.9,1005.4,341.8,238.4,3183.0,76.6,228.9,0.0
2024-02-16 23:00:00,-0.9,84,-3.2,0.0,6.9,354,10.8,1005.3,359.5,250.5,3447.0,74.1,246.3,0.0
2024-02-17 00:00:00,-1.8,89,-3.3,0.0,9.0,360,13.7,1004.9,347.4,242.1,3428.0,72.3,242.9,0.0
2024-02-17 01:00:00,-2.2,91,-3.5,0.0,8.5,12,13.7,1004.4,337.1,235.2,3257.0,70.8,228.0,0.0
2024-02-17 02:00:00,-2.4,91,-3.6,0.0,7.0,12,13.0,1004.3,333.4,232.8,3072.0,69.0,211.4,0.0
2024-02-17 03:00:00,-2.5,92,-3.6,0.0,7.2,360,10.8,1004.0,319.4,222.6,2888.0,66.9,193.9,0.0
2024-02-17 04:00:00,-2.5,92,-3.6,0.0,7.2,360,11.2,1003.6,299.0,208.6,2689.0,64.5,174.5,1.0
2024-02-17 05:00:00,-2.5,92,-3.5,0.0,8.0,5,12.6,1003.5,273.8,190.5,2565.0,62.0,159.9,1.0
2024-02-17 06:00:00,-2.8,94,-3.6,0.0,6.6,9,12.6,1003.5,245.9,170.9,2625.0,58.9,155.9,1.0
2024-02-17 07:00:00,-2.9,94,-3.8,0.0,6.8,360,10.8,1004.0,246.8,171.8,2760.0,55.7,156.7,0.0
2024-02-17 08:00:00,-2.0,94,-3.0,0.0,10.3,12,15.5,1004.4,315.7,220.3,3072.0,20.3,196.0,1.0
2024-02-17 09:00:00,1.0,78,-2.5,0.0,9.1,7,17.3,1006.0,284.1,197.9,2659.0,29.5,171.3,5.0
2024-02-17 10:00:00,3.1,67,-2.5,0.0,7.3,20,18.0,1006.0,219.3,152.3,2085.0,42.3,137.0,12.0
2024-02-17 11:00:00,5.0,59,-2.4,0.0,6.6,29,17.6,1005.7,179.3,124.8,1618.0,53.1,108.9,20.0
2024-02-17 12:00:00,6.6,54,-2.1,0.0,5.5,67,17.3,1005.1,162.5,113.2,1344.0,59.0,92.1,34.0
2024-02-17 13:00:00,8.1,53,-0.9,0.0,6.8,115,18.0,1003.6,153.2,106.4,1176.0,62.9,81.6,49.0
2024-02-17 14:00:00,9.3,53,0.2,0.0,7.9,150,18.0,1002.7,146.2,101.5,1125.0,68.1,78.3,55.0
2024-02-17 15:00:00,9.6,55,0.9,0.0,6.8,183,18.4,1002.5,140.6,97.3,1182.0,77.0,81.9,42.0
2024-02-17 16:00:00,9.6,56,1.2,0.0,2.6,196,14.4,1002.5,137.8,95.5,1355.0,87.1,92.8,20.0
2024-02-17 17:00:00,8.1,68,2.5,0.0,3.3,319,8.3,1002.5,203.5,141.6,1679.0,94.2,112.6,3.0
2024-02-17 18:00:00,5.3,75,1.2,0.0,6.6,331,9.4,1002.7,280.3,195.6,2301.0,96.3,150.0,0.0
2024-02-17 19:00:00,3.8,81,0.8,0.0,7.0,339,10.4,1003.1,343.7,240.3,3075.0,95.4,196.4,0.0
2024-02-17 20:00:00,3.2,81,0.2,0.0,7.5,343,11.2,1003.3,275.7,192.8,2842.0,81.5,182.3,0.0
2024-02-17 21:00:00,3.1,78,-0.3,0.0,5.8,22,10.8,1003.8,244.9,170.9,2634.0,77.9,167.6,0.0
2024-02-17 22:00:00,2.2,85,-0.1,0.0,6.5,34,8.3,1003.9,216.1,150.9,2339.0,72.8,146.7,0.0
2024-02-17 23:00:00,3.5,79,0.2,0.0,4.7,32,7.9,1003.9,197.0,137.4,2062.0,68.0,125.5,0.0
2024-02-18 00:00:00,3.7,78,0.2,0.0,5.3,28,9.0,1003.2,170.0,118.5,1830.0,63.9,104.5,0.0
2024-02-18 01:00:00,3.5,79,0.2,0.0,7.9,357,11.9,1002.6,153.2,106.6,1616.0,60.1,83.3,0.0
2024-02-18 02:00:00,3.5,79,0.1,0.0,8.7,355,13.0,1002.6,132.7,92.4,1445.0,56.9,66.7,0.0
2024-02-18 03:00:00,3.7,77,0.0,0.0,10.5,6,16.2,1002.6,115.9,80.6,1306.0,54.4,55.8,0.0
2024-02-18 04:00:00,3.7,77,0.0,0.0,10.2,10,16.6,1002.6,105.2,73.1,1210.0,52.5,49.4,0.0
2024-02-18 05:00:00,3.7,78,0.2,0.0,9.2,26,15.8,1002.2,101.0,70.3,1210.0,50.8,49.3,0.0
2024-02-18 06:00:00,3.8,79,0.4,0.0,10.7,14,16.2,1002.5,107.8,74.7,1398.0,49.0,60.3,0.0
2024-02-18 07:00:00,3.6,81,0.7,0.0,10.8,26,18.0,1002.6,130.4,90.6,1682.0,47.3,77.5,0.0
2024-02-18 08:00:00,4.0,81,0.9,0.0,12.6,2,18.7,1003.6,149.5,104.3,1668.0,51.9,82.6,0.0
2024-02-18 09:00:00,4.8,80,1.6,0.3,7.8,34,18.7,1003.9,166.7,115.7,1594.0,50.0,79.5,1.0
2024-02-18 10:00:00,5.1,88,3.2,0.4,7.9,3,12.6,1004.5,188.1,130.9,1487.0,47.4,75.2,3.0
2024-02-18 11:00:00,5.5,88,3.7,0.3,9.7,27,15.5,1005.0,151.8,105.0,1379.0,45.3,70.8,6.0
2024-02-18 12:00:00,5.8,89,4.1,0.1,11.3,22,18.7,1005.0,133.2,92.0,1245.0,44.0,65.4,10.0
2024-02-18 13:00:00,6.8,84,4.2,0.1,9.7,51,20.2,1004.4,125.7,86.8,1110.0,43.3,60.1,14.0
2024-02-18 14:00:00,6.8,86,4.7,0.1,8.5,78,18.0,1003.5,127.1,87.5,1072.0,43.3,58.8,16.0
2024-02-18 15:00:00,7.2,87,5.2,0.0,6.0,33,16.2,1003.7,138.3,95.2,1265.0,44.8,67.7,13.0
2024-02-18 16:00:00,7.8,85,5.4,0.0,10.1,356,17.3,1004.5,158.8,109.4,1555.0,47.0,80.6,8.0
2024-02-18 17:00:00,7.3,82,4.6,0.0,14.0,360,21.2,1005.2,184.9,127.6,1645.0,48.1,84.0,7.0
2024-02-18 18:00:00,8.6,52,-0.6,0.0,25.3,349,36.0,1006.6,159.3,109.9,1328.0,47.7,68.1,14.0
2024-02-18 19:00:00,7.7,35,-6.8,0.0,29.7,346,47.2,1008.2,91.3,61.9,810.0,46.1,42.5,26.0
2024-02-18 20:00:00,7.3,33,-7.8,0.0,27.9,353,46.4,1009.8,17.8,11.4,275.0,19.5,13.0,62.0
2024-02-18 21:00:00,6.2,32,-9.2,0.0,34.6,352,54.0,1011.9,16.9,11.0,269.0,17.7,12.3,64.0
2024-02-18 22:00:00,5.0,31,-10.6,0.0,32.0,359,54.7,1012.6,15.2,10.1,261.0,15.1,11.2,67.0
2024-02-18 23:00:00,3.5,32,-11.8,0.0,30.7,3,50.4,1013.5,13.0,8.6,252.0,12.6,10.0,70.0
2024-02-19 00:00:00,2.5,32,-12.6,0.0,30.7,4,49.3,1015.2,10.2,6.7,241.0,10.5,8.6,71.0
2024-02-19 01:00:00,1.9,31,-13.7,0.0,31.6,7,49.0,1015.7,9.1,6.0,228.0,8.5,7.1,72.0
2024-02-19 02:00:00,2.1,29,-14.3,0.0,30.5,7,50.8,1016.7,9.3,6.1,221.0,7.1,6.1,72.0
2024-02-19 03:00:00,1.8,28,-14.8,0.0,28.7,12,47.9,1016.9,10.1,6.5,218.0,6.1,5.7,72.0
2024-02-19 04:00:00,1.3,28,-15.4,0.0,26.3,17,45.0,1017.6,15.2,8.6,221.0,5.6,5.8,70.0
2024-02-19 05:00:00,1.0,28,-15.6,0.0,25.4,16,41.4,1018.7,16.0,9.2,235.0,6.9,6.8,68.0
2024-02-19 06:00:00,0.1,26,-17.4,0.0,26.5,18,40.7,1020.1,14.6,9.0,274.0,11.9,9.9,62.0
2024-02-19 07:00:00,-0.6,24,-18.8,0.0,31.4,18,48.6,1020.6,18.5,12.2,325.0,18.6,13.8,55.0
2024-02-19 08:00:00,-0.9,23,-19.7,0.0,31.6,17,50.4,1022.1,19.2,13.0,322.0,19.0,13.3,54.0
2024-02-19 09:00:00,0.0,22,-19.5,0.0,29.2,16,49.7,1023.4,15.3,10.4,306.0,15.5,11.8,58.0
2024-02-19 10:00:00,0.8,20,-19.8,0.0,26.8,17,47.5,1024.3,13.9,9.5,283.0,10.7,9.6,64.0
2024-02-19 11:00:00,1.9,17,-20.5,0.0,25.4,16,45.0,1024.4,13.4,9.1,265.0,7.2,8.0,68.0
2024-02-19 12:00:00,2.9,15,-21.0,0.0,22.8,16,43.9,1024.1,13.1,9.0,255.0,5.9,7.3,70.0
2024-02-19 13:00:00,3.8,14,-21.2,0.0,20.5,18,40.3,1023.4,13.2,9.1,249.0,6.0,7.1,72.0
2024-02-19 14:00:00,4.2,13,-22.0,0.0,18.3,22,37.1,1022.7,13.5,9.3,249.0,7.5,7.3,71.0
2024-02-19 15:00:00,4.4,12,-22.8,0.0,17.9,22,33.1,1022.0,14.0,9.7,220.0,9.7,5.5,69.0
2024-02-19 16:00:00,4.4,11,-23.3,0.0,16.7,25,31.7,1022.0,15.3,10.6,198.0,13.3,4.1,65.0
2024-02-19 17:00:00,3.8,11,-24.1,0.0,15.9,51,28.8,1022.2,19.1,13.3,286.0,20.7,10.3,57.0
2024-02-19 18:00:00,1.8,14,-22.8,0.0,17.9,75,27.4,1023.7,51.5,36.0,623.0,36.1,33.4,38.0
2024-02-19 19:00:00,0.7,17,-21.6,0.3,16.2,58,29.9,1025.1,102.2,71.5,1070.0,55.3,64.0,15.0
2024-02-19 20:00:00,0.2,14,-24.0,0.0,19.1,47,28.1,1026.0,115.7,81.0,1049.0,70.0,64.6,1.0
2024-02-19 21:00:00,-2.3,20,-22.0,0.0,12.6,27,21.6,1026.2,96.4,67.3,899.0,63.7,54.3,7.0
2024-02-19 22:00:00,-3.0,22,-21.9,0.0,14.1,38,21.2,1026.4,74.0,51.8,690.0,54.7,39.8,16.0
2024-02-19 23:00:00,-3.4,22,-22.0,0.0,17.9,30,27.7,1026.6,52.6,36.8,516.0,44.9,27.6,26.0
2024-02-20 00:00:00,-4.0,22,-22.8,0.0,20.6,44,31.7,1027.7,36.9,25.8,411.0,33.6,19.7,37.0
2024-02-20 01:00:00,-4.2,21,-23.1,0.0,19.6,43,32.8,1028.1,28.8,20.1,340.0,21.7,13.9,48.0
2024-02-20 02:00:00,-3.7,20,-23.3,0.0,16.6,42,30.2,1028.7,25.4,17.8,297.0,13.5,10.6,56.0
2024-02-20 03:00:00,-3.5,19,-24.0,0.0,15.9,39,27.4,1029.1,26.1,18.2,285.0,11.4,10.3,57.0
2024-02-20 04:00:00,-3.6,19,-24.1,0.0,12.3,52,25.6,1028.6,26.0,18.2,301.0,13.0,12.3,55.0
2024-02-20 05:00:00,-3.6,18,-24.2,0.0,10.9,63,19.8,1029.1,26.2,18.2,324.0,15.9,15.0,51.0
2024-02-20 06:00:00,-3.6,19,-24.1,0.0,11.6,64,19.1,1029.1,27.8,19.1,356.0,20.5,18.3,46.0
2024-02-20 07:00:00,-3.7,19,-23.8,0.0,8.7,66,19.1,1029.6,34.2,23.5,397.0,26.3,22.2,40.0
2024-02-20 08:00:00,-3.6,21,-23.0,0.0,6.5,84,14.8,1030.2,36.8,25.5,431.0,29.3,25.4,36.0
2024-02-20 09:00:00,-3.5,36,-16.4,0.1,9.9,100,18.0,1029.7,34.8,24.1,423.0,27.9,24.7,38.0
2024-02-20 10:00:00,-2.7,33,-16.8,0.0,6.5,90,19.1,1030.1,33.3,23.0,412.0,26.1,23.7,41.0
2024-02-20 11:00:00,-2.8,32,-17.2,0.0,4.7,99,16.6,1030.2,33.2,22.7,405.0,25.1,23.3,43.0
2024-02-20 12:00:00,-3.0,35,-16.4,0.1,3.4,108,11.9,1030.4,34.0,23.1,408.0,25.6,24.0,43.0
2024-02-20 13:00:00,-3.0,37,-15.6,0.1,4.7,113,12.6,1029.7,35.5,24.0,415.0,27.1,25.2,42.0
2024-02-20 14:00:00,-3.1,36,-15.9,0.1,6.3,121,14.0,1028.9,37.0,25.0,421.0,29.0,26.0,40.0
2024-02-20 15:00:00,-3.0,31,-17.6,0.0,6.3,103,14.8,1028.5,36.9,25.0,418.0,30.9,25.3,39.0
2024-02-20 16:00:00,-2.8,27,-19.1,0.0,6.1,130,14.4,1029.0,36.4,24.6,414.0,33.3,24.2,37.0
2024-02-20 17:00:00,-3.0,26,-19.9,0.0,5.1,135,13.7,1028.8,37.7,25.5,426.0,37.0,25.1,33.0
2024-02-20 18:00:00,-3.2,27,-19.7,0.0,5.8,173,10.8,1029.4,45.6,31.0,450.0,43.3,27.5,26.0
2024-02-20 19:00:00,-3.4,28,-19.1,0.0,5.7,198,10.8,1030.1,53.7,36.6,490.0,50.8,31.9,17.0
2024-02-20 20:00:00,-3.8,34,-17.3,0.1,7.2,207,13.0,1030.7,49.1,33.3,474.0,44.7,31.3,22.0
2024-02-20 21:00:00,-5.3,72,-9.6,0.8,5.8,60,13.3,1030.8,54.4,37.0,498.0,45.5,34.5,21.0
2024-02-20 22:00:00,-5.4,74,-9.3,0.9,3.7,61,11.5,1031.1,59.0,40.2,531.0,46.6,38.8,19.0
2024-02-20 23:00:00,-5.3,76,-8.9,0.7,2.3,18,9.0,1031.5,61.9,42.3,547.0,46.9,40.9,18.0
2024-02-21 00:00:00,-5.3,78,-8.5,0.7,3.2,360,8.3,1031.5,60.1,40.9,530.0,45.8,38.9,18.0
2024-02-21 01:00:00,-5.2,79,-8.4,0.5,4.3,360,9.0,1031.2,58.1,39.6,497.0,44.0,34.8,20.0
2024-02-21 02:00:00,-5.2,77,-8.6,0.4,6.2,353,11.5,1031.1,56.7,38.5,471.0,42.2,31.2,21.0
2024-02-21 03:00:00,-5.1,74,-9.1,0.1,7.6,8,13.3,1030.9,55.9,37.8,460.0,40.7,28.9,22.0
2024-02-21 04:00:00,-5.1,72,-9.2,0.0,7.0,21,13.7,1030.2,62.2,42.1,456.0,39.3,27.3,23.0
2024-02-21 05:00:00,-4.9,71,-9.4,0.0,6.6,22,12.2,1029.9,60.8,41.0,463.0,37.9,26.8,24.0
2024-02-21 06:00:00,-4.8,68,-9.8,0.0,6.2,7,11.5,1029.9,61.0,40.7,500.0,37.2,29.2,25.0
2024-02-21 07:00:00,-5.1,65,-10.6,0.0,7.8,13,11.2,1030.7,72.4,48.4,548.0,36.5,32.9,27.0
2024-02-21 08:00:00,-4.7,58,-11.8,0.0,10.3,36,15.1,1031.4,86.4,58.2,637.0,41.2,53.4,23.0
2024-02-21 09:00:00,-3.1,34,-16.6,0.0,12.8,50,21.6,1031.2,79.2,53.0,540.0,32.9,42.2,34.0
2024-02-21 10:00:00,-2.2,22,-21.1,0.0,15.3,47,27.7,1030.9,56.9,37.4,405.0,21.4,26.7,49.0
2024-02-21 11:00:00,-0.9,21,-20.8,0.0,13.3,38,28.1,1031.2,38.1,24.7,302.0,13.1,15.1,61.0
2024-02-21 12:00:00,-0.2,18,-21.9,0.0,12.4,30,26.3,1030.5,29.3,18.7,259.0,10.1,10.9,67.0
2024-02-21 13:00:00,0.8,13,-24.5,0.0,13.3,33,26.6,1029.7,23.3,15.0,247.0,10.2,10.5,69.0
2024-02-21 14:00:00,0.7,12,-26.0,0.0,9.9,44,25.9,1029.0,19.8,12.9,251.0,12.8,11.3,68.0
2024-02-21 15:00:00,0.6,12,-25.6,0.0,9.8,54,19.8,1028.4,18.4,12.1,234.0,17.7,10.2,64.0
2024-02-21 16:00:00,0.1,13,-24.9,0.0,7.0,78,18.7,1028.3,18.9,12.7,233.0,25.1,10.2,56.0
2024-02-21 17:00:00,0.1,14,-24.4,0.0,2.4,207,12.2,1028.6,26.4,18.0,346.0,34.4,17.8,46.0
2024-02-21 18:00:00,-1.4,22,-20.6,0.0,10.7,237,14.8,1029.0,80.3,55.8,653.0,47.5,37.6,31.0
2024-02-21 19:00:00,-2.5,38,-14.8,0.0,12.0,249,19.1,1030.1,123.4,85.9,1072.0,62.5,65.0,13.0
2024-02-21 20:00:00,-4.4,45,-14.6,0.0,5.2,236,17.6,1031.1,161.1,111.5,1441.0,73.3,97.0,0.0
2024-02-21 21:00:00,-2.7,65,-8.4,0.0,5.1,309,12.2,1031.2,210.5,146.2,1764.0,69.3,129.4,3.0
2024-02-21 22:00:00,-2.3,41,-13.8,0.0,12.3,5,17.6,1031.8,247.7,172.3,2185.0,63.6,171.8,8.0
2024-02-21 23:00:00,-2.8,30,-18.0,0.0,16.6,356,24.1,1032.6,287.8,200.7,2323.0,57.8,187.3,14.0
2024-02-22 00:00:00,-3.0,27,-19.5,0.0,18.0,360,27.7,1032.8,282.2,197.0,1912.0,53.1,150.0,20.0
2024-02-22 01:00:00,-3.7,26,-20.2,0.0,15.9,3,27.4,1033.0,164.4,114.8,1218.0,48.3,85.7,28.0
2024-02-22 02:00:00,-3.5,27,-19.8,0.0,16.9,359,25.9,1033.2,71.0,49.2,664.0,42.0,35.4,36.0
2024-02-22 03:00:00,-3.2,28,-19.0,0.0,19.4,359,29.5,1033.1,35.7,24.7,407.0,30.6,15.3,48.0
2024-02-22 04:00:00,-3.3,30,-18.6,0.0,19.1,360,30.2,1032.7,22.8,15.7,290.0,17.7,9.0,61.0
2024-02-22 05:00:00,-3.8,32,-18.2,0.0,18.0,360,29.5,1032.6,18.6,12.8,262.0,12.4,9.0,65.0
2024-02-22 06:00:00,-3.9,32,-18.1,0.0,14.8,354,27.4,1033.1,20.5,14.1,363.0,23.1,16.6,51.0
2024-02-22 07:00:00,-4.3,32,-18.5,0.0,13.5,9,22.3,1033.1,37.1,25.8,552.0,41.4,30.4,29.0
2024-02-22 08:00:00,-4.2,30,-19.1,0.0,13.3,358,20.5,1033.8,51.5,35.7,529.0,44.3,31.5,29.0
2024-02-22 09:00:00,-2.2,25,-19.5,0.0,16.7,354,28.1,1035.0,31.1,21.5,453.0,34.7,25.5,41.0
2024-02-22 10:00:00,-0.9,18,-22.0,0.0,18.4,359,31.7,1035.2,20.1,13.8,349.0,21.4,17.2,58.0
2024-02-22 11:00:00,0.3,17,-21.9,0.0,16.5,11,32.8,1034.9,17.0,11.7,271.0,11.7,11.2,71.0
2024-02-22 12:00:00,1.0,16,-22.1,0.0,12.6,20,30.6,1033.7,15.4,10.6,245.0,8.3,9.3,76.0
2024-02-22 13:00:00,1.8,14,-22.5,0.0,7.4,14,25.6,1032.4,14.8,10.2,245.0,8.5,9.7,77.0
2024-02-22 14:00:00,2.3,14,-22.8,0.0,6.2,7,19.4,1030.6,15.1,10.4,254.0,10.5,10.8,76.0
2024-02-22 15:00:00,2.7,12,-23.5,0.0,6.7,16,17.6,1029.8,15.7,10.8,212.0,13.3,8.7,74.0
2024-02-22 16:00:00,2.8,12,-23.8,0.0,4.2,31,16.9,1029.7,17.2,11.8,178.0,18.0,7.4,69.0
2024-02-22 17:00:00,2.1,21,-18.2,0.0,2.6,124,11.9,1029.6,22.9,15.8,316.0,26.5,17.4,59.0
2024-02-22 18:00:00,-2.2,25,-19.5,0.0,9.8,186,11.2,1029.8,114.3,79.9,779.0,42.7,48.5,40.0
2024-02-22 19:00:00,-2.8,29,-18.6,0.0,10.2,231,14.4,1030.6,195.6,136.4,1413.0,62.6,91.0,17.0
2024-02-22 20:00:00,-3.0,28,-18.9,0.0,9.2,244,16.2,1031.0,282.2,197.0,2440.0,73.6,169.6,0.0
2024-02-22 21:00:00,-4.9,35,-18.0,0.0,10.0,240,16.9,1031.2,294.3,205.4,2599.0,72.9,182.7,0.0
2024-02-22 22:00:00,-5.1,36,-17.9,0.0,8.7,204,11.2,1031.7,304.5,212.3,2810.0,71.8,199.6,0.0
2024-02-22 23:00:00,-3.7,32,-17.9,0.0,2.3,288,9.7,1032.0,346.5,242.1,2912.0,70.5,204.7,0.0
2024-02-23 00:00:00,-5.2,36,-17.9,0.0,5.8,360,5.8,1032.5,366.0,256.1,2810.0,68.8,186.6,0.0
2024-02-23 01:00:00,-5.4,38,-17.6,0.0,5.2,12,7.6,1032.9,334.3,233.3,2600.0,66.8,156.6,0.0
2024-02-23 02:00:00,-5.7,39,-17.6,0.0,5.6,27,8.6,1033.3,282.2,196.5,2404.0,65.1,133.0,0.0
2024-02-23 03:00:00,-5.9,39,-17.8,0.0,5.1,352,8.6,1033.4,247.7,172.8,2211.0,63.9,120.3,0.0
2024-02-23 04:00:00,-6.3,39,-18.0,0.0,4.3,360,8.3,1032.8,233.3,163.0,2033.0,63.0,114.1,0.0
2024-02-23 05:00:00,-6.4,39,-18.1,0.0,3.9,22,6.5,1032.5,231.0,161.1,2029.0,62.2,119.3,0.0
2024-02-23 06:00:00,-6.2,38,-18.1,0.0,2.9,7,6.8,1032.3,244.0,170.0,2447.0,62.1,150.1,0.0
2024-02-23 07:00:00,-6.4,39,-18.2,0.0,1.8,323,4.7,1032.8,294.3,205.8,3040.0,62.0,192.3,0.0
2024-02-23 08:00:00,-4.9,34,-18.2,0.0,1.9,22,6.8,1033.1,326.0,227.7,2779.0,59.2,182.1,1.0
2024-02-23 09:00:00,-2.8,34,-16.5,0.0,5.5,58,12.6,1034.1,209.5,146.2,2207.0,55.7,149.1,8.0
2024-02-23 10:00:00,-1.5,29,-17.3,0.0,1.8,127,14.0,1034.8,119.0,82.9,1416.0,50.8,103.4,18.0
2024-02-23 11:00:00,0.1,23,-18.8,0.0,5.6,140,16.6,1034.1,92.7,64.5,820.0,46.4,68.2,27.0
2024-02-23 12:00:00,1.4,19,-19.7,0.0,7.1,150,19.1,1033.2,82.4,57.3,608.0,42.3,53.9,35.0
2024-02-23 13:00:00,2.2,17,-20.4,0.0,5.6,130,19.4,1031.6,77.5,53.8,590.0,38.7,50.1,42.0
2024-02-23 14:00:00,2.8,16,-20.8,0.0,4.8,153,17.6,1030.6,74.7,51.9,604.0,38.5,48.5,44.0
2024-02-23 15:00:00,3.0,15,-21.1,0.0,5.5,169,16.2,1030.0,72.2,50.2,543.0,44.1,42.3,39.0
2024-02-23 16:00:00,2.8,15,-21.2,0.0,8.3,175,16.6,1029.6,71.0,49.4,514.0,53.1,38.4,30.0
2024-02-23 17:00:00,1.5,17,-21.1,0.0,5.4,188,16.6,1029.3,83.8,58.3,674.0,60.8,49.0,21.0
2024-02-23 18:00:00,-2.6,23,-20.9,0.0,10.7,192,12.2,1029.5,141.6,98.7,1205.0,65.8,88.7,13.0
2024-02-23 19:00:00,-3.5,25,-20.8,0.0,10.8,182,12.6,1029.3,216.5,151.3,1925.0,69.5,143.0,5.0
2024-02-23 20:00:00,-3.8,25,-20.9,0.0,9.2,191,12.2,1029.2,283.1,197.9,2359.0,71.1,177.9,0.0
2024-02-23 21:00:00,-3.2,43,-14.1,0.0,6.5,183,9.7,1029.6,331.6,231.4,2379.0,70.0,174.4,0.0
2024-02-23 22:00:00,-3.4,42,-14.6,0.0,6.8,205,9.0,1029.5,331.6,231.9,2396.0,68.4,168.6,0.0
2024-02-23 23:00:00,-3.5,40,-15.1,0.0,6.9,208,9.7,1029.4,270.1,189.1,2331.0,66.7,158.4,0.0
2024-02-24 00:00:00,-3.5,40,-15.2,0.0,6.5,214,10.4,1029.6,218.4,152.7,2096.0,64.9,138.6,0.0
2024-02-24 01:00:00,-3.7,42,-14.8,0.0,4.8,207,9.4,1029.3,191.9,134.1,1779.0,63.0,114.2,0.0
2024-02-24 02:00:00,-3.5,43,-14.4,0.0,5.2,196,8.3,1028.8,178.8,124.8,1560.0,61.1,98.1,0.0
2024-02-24 03:00:00,-4.0,45,-14.1,0.0,5.1,219,8.3,1027.8,180.7,126.2,1508.0,59.2,95.9,0.0
2024-02-24 04:00:00,-4.0,45,-14.1,0.0,5.4,250,6.8,1027.0,192.3,134.1,1554.0,57.3,101.8,0.0
2024-02-24 05:00:00,-4.6,47,-14.2,0.0,5.9,232,7.6,1027.4,203.0,142.0,1673.0,55.4,111.7,0.0
2024-02-24 06:00:00,-4.1,44,-14.4,0.0,3.7,209,7.6,1027.4,212.3,148.5,1962.0,53.3,129.7,0.0
2024-02-24 07:00:00,-4.8,48,-14.1,0.0,4.3,204,6.5,1027.0,235.2,164.4,2324.0,51.1,151.6,0.0
2024-02-24 08:00:00,-3.5,43,-14.2,0.0,4.9,253,10.4,1027.6,336.2,234.7,2692.0,51.9,188.6,1.0
2024-02-24 09:00:00,-1.6,43,-12.8,0.0,1.1,72,7.9,1027.1,234.7,163.9,2266.0,52.6,165.6,4.0
2024-02-24 10:00:00,0.3,35,-13.2,0.0,1.1,18,10.1,1026.6,182.1,126.7,1674.0,53.4,133.4,9.0
2024-02-24 11:00:00,2.1,30,-13.8,0.0,2.5,82,13.0,1026.0,150.9,104.8,1206.0,53.5,106.1,14.0
2024-02-24 12:00:00,3.3,25,-14.7,0.0,4.7,171,15.8,1025.3,136.4,93.8,979.0,51.6,88.7,21.0
2024-02-24 13:00:00,4.1,25,-14.1,0.0,7.0,192,18.0,1024.2,129.0,88.5,876.0,48.9,76.1,29.0
2024-02-24 14:00:00,4.8,25,-13.5,0.0,7.1,195,18.4,1022.9,124.3,84.8,833.0,48.7,67.7,32.0
2024-02-24 15:00:00,5.3,25,-12.9,0.0,7.1,195,18.4,1021.9,118.7,80.3,815.0,53.2,62.0,28.0
2024-02-24 16:00:00,5.4,26,-12.6,0.0,9.2,211,17.6,1021.7,116.6,78.5,858.0,60.1,60.4,19.0
2024-02-24 17:00:00,4.3,31,-11.2,0.0,9.4,227,19.4,1021.8,146.7,100.1,1003.0,65.9,66.5,11.0
2024-02-24 18:00:00,1.8,39,-10.6,0.0,9.0,233,14.4,1021.8,190.9,131.3,1323.0,69.5,85.6,6.0
2024-02-24 19:00:00,1.1,43,-10.2,0.0,11.7,227,17.3,1022.1,222.6,154.1,1747.0,72.0,112.5,2.0
2024-02-24 20:00:00,-0.2,47,-10.1,0.0,11.5,221,17.6,1022.2,291.5,201.2,2479.0,66.9,145.1,0.0
2024-02-24 21:00:00,-2.8,63,-8.9,0.0,8.4,250,11.9,1023.1,253.3,174.6,2345.0,65.8,132.6,0.0
2024-02-24 22:00:00,-3.6,66,-8.9,0.0,7.6,278,10.4,1023.5,224.9,155.1,2144.0,64.2,114.6,0.0
2024-02-24 23:00:00,-3.9,65,-9.6,0.0,7.7,311,9.7,1023.5,198.8,136.9,1876.0,62.3,94.7,0.0
2024-02-25 00:00:00,-1.5,41,-13.1,0.0,15.3,351,22.0,1024.0,156.9,106.9,1485.0,60.1,71.5,2.0
2024-02-25 01:00:00,-1.0,27,-17.5,0.0,15.1,3,24.5,1024.3,102.9,68.9,1028.0,57.6,46.5,4.0
2024-02-25 02:00:00,-1.6,26,-18.6,0.0,13.1,8,23.4,1024.3,69.6,45.8,674.0,54.5,27.9,6.0
2024-02-25 03:00:00,-2.4,27,-18.8,0.0,11.3,9,19.8,1024.3,52.7,34.5,490.0,50.3,19.4,8.0
2024-02-25 04:00:00,-3.2,28,-19.0,0.0,9.9,10,17.3,1024.3,45.1,29.4,409.0,45.5,17.3,10.0
2024-02-25 05:00:00,-3.5,29,-19.1,0.0,9.9,19,14.8,1024.3,42.5,27.7,400.0,41.9,19.2,11.0
2024-02-25 06:00:00,-3.8,30,-19.0,0.0,10.6,28,15.8,1024.5,45.2,29.6,508.0,41.3,27.6,9.0
2024-02-25 07:00:00,-4.1,32,-18.4,0.0,11.2,40,17.3,1024.6,61.9,41.3,687.0,42.0,40.0,6.0
2024-02-25 08:00:00,-3.0,30,-18.0,0.0,13.5,48,19.8,1025.5,90.1,61.0,807.0,39.6,48.9,8.0
2024-02-25 09:00:00,-0.3,28,-16.6,0.0,11.2,57,20.5,1026.2,84.5,56.2,665.0,32.4,39.2,20.0
2024-02-25 10:00:00,2.0,24,-16.4,0.0,11.7,45,23.0,1026.5,61.9,37.1,469.0,22.5,25.9,36.0
2024-02-25 11:00:00,3.9,23,-15.4,0.0,10.6,28,23.4,1026.7,50.8,25.2,322.0,15.0,15.7,49.0
2024-02-25 12:00:00,5.8,21,-14.8,0.0,9.2,21,22.7,1026.0,47.7,23.4,269.0,11.2,11.6,56.0
2024-02-25 13:00:00,7.3,19,-14.8,0.0,8.8,19,21.6,1024.6,46.7,22.4,264.0,9.8,10.7,60.0
2024-02-25 14:00:00,8.4,17,-15.4,0.0,9.4,18,21.2,1023.3,44.7,21.4,277.0,11.6,11.1,60.0
2024-02-25 15:00:00,9.0,16,-15.8,0.0,7.8,13,21.2,1022.6,43.2,20.4,256.0,17.9,9.1,55.0
2024-02-25 16:00:00,8.8,15,-16.1,0.0,3.2,243,17.6,1022.7,42.7,20.5,251.0,27.5,8.4,45.0
2024-02-25 17:00:00,6.6,24,-12.6,0.0,12.2,208,19.4,1023.4,51.6,28.1,389.0,37.0,17.7,35.0
2024-02-25 18:00:00,2.0,38,-11.1,0.0,9.4,187,19.4,1024.4,127.1,84.5,785.0,46.3,45.1,23.0
2024-02-25 19:00:00,-0.1,42,-11.3,0.0,10.9,172,13.0,1025.8,164.4,111.3,1323.0,55.6,82.6,9.0
2024-02-25 20:00:00,-0.8,44,-11.6,0.0,10.1,182,13.0,1026.5,264.5,183.0,2453.0,63.9,161.9,0.0
2024-02-25 21:00:00,-2.0,56,-9.6,0.0,7.4,299,12.6,1027.0,274.7,190.0,2099.0,60.9,135.6,5.0
2024-02-25 22:00:00,-1.2,45,-11.8,0.0,13.5,351,19.1,1028.0,217.9,150.9,1602.0,56.7,98.8,12.0
2024-02-25 23:00:00,-1.4,41,-13.1,0.0,10.8,15,21.6,1028.8,116.9,80.8,1170.0,53.5,67.3,17.0
2024-02-26 00:00:00,-1.5,38,-14.1,0.0,13.6,17,19.8,1029.7,61.0,41.9,862.0,52.3,45.7,17.0
2024-02-26 01:00:00,-1.3,30,-16.8,0.0,14.5,42,23.0,1030.2,43.5,29.8,619.0,52.2,29.3,14.0
2024-02-26 02:00:00,-2.2,35,-15.6,0.0,11.2,50,22.3,1030.7,41.0,28.1,469.0,52.0,19.8,11.0
2024-02-26 03:00:00,-2.8,38,-15.2,0.0,8.1,45,17.3,1031.0,44.0,30.2,428.0,51.5,18.2,9.0
2024-02-26 04:00:00,-4.6,44,-14.9,0.0,10.8,53,12.2,1031.2,51.0,34.8,481.0,51.0,23.3,6.0
2024-02-26 05:00:00,-4.1,47,-13.8,0.0,7.9,47,11.9,1031.6,59.6,40.6,603.0,50.7,33.7,4.0
2024-02-26 06:00:00,-4.2,49,-13.4,0.0,6.9,39,8.6,1032.2,72.4,49.4,871.0,51.3,54.8,1.0
2024-02-26 07:00:00,-3.8,49,-13.1,0.0,4.8,27,7.6,1032.4,109.4,75.4,1210.0,52.1,81.1,0.0
2024-02-26 08:00:00,-2.6,44,-13.2,0.0,3.4,18,6.5,1033.2,161.1,111.5,1442.0,48.3,97.5,2.0
2024-02-26 09:00:00,-0.9,57,-8.5,0.0,5.6,75,13.7,1033.7,99.4,67.8,1162.0,42.7,79.0,14.0
2024-02-26 10:00:00,0.7,53,-7.8,0.0,6.6,112,16.6,1033.2,71.7,48.1,776.0,34.9,53.6,30.0
2024-02-26 11:00:00,2.2,50,-7.1,0.0,7.4,141,19.1,1032.6,54.2,35.5,491.0,29.0,34.6,42.0
2024-02-26 12:00:00,3.4,45,-7.5,0.0,13.0,183,25.6,1032.0,49.4,32.0,406.0,26.4,28.5,47.0
2024-02-26 13:00:00,3.9,45,-7.1,0.0,13.8,187,26.6,1030.5,48.5,31.4,423.0,25.6,28.8,48.0
2024-02-26 14:00:00,4.5,42,-7.3,0.0,14.2,189,26.6,1029.0,49.5,32.2,450.0,27.0,30.0,46.0
2024-02-26 15:00:00,4.7,40,-7.9,0.0,14.2,189,26.6,1028.3,50.5,33.1,440.0,31.0,29.1,41.0
2024-02-26 16:00:00,4.4,38,-8.9,0.0,14.2,189,26.3,1027.5,51.6,34.0,440.0,37.1,29.0,34.0
2024-02-26 17:00:00,4.0,39,-8.9,0.0,13.4,186,24.5,1027.2,54.7,36.2,507.0,43.6,33.4,26.0
2024-02-26 18:00:00,2.0,45,-8.8,0.0,8.8,171,20.9,1027.3,75.0,51.0,713.0,51.0,46.9,17.0
2024-02-26 19:00:00,1.3,46,-9.1,0.0,10.5,164,15.8,1027.3,109.2,75.2,985.0,58.9,64.8,7.0
2024-02-26 20:00:00,0.9,43,-10.3,0.0,15.1,168,23.0,1027.5,140.6,96.9,1287.0,63.4,87.7,0.0
2024-02-26 21:00:00,0.1,49,-9.3,0.0,15.9,176,24.8,1028.1,136.0,93.6,1225.0,63.1,83.2,0.0
2024-02-26 22:00:00,-0.7,51,-9.6,0.0,13.3,177,25.2,1027.7,120.6,82.4,1137.0,62.7,76.9,0.0
2024-02-26 23:00:00,-1.9,56,-9.5,0.0,10.5,186,20.5,1027.4,109.4,74.7,1051.0,62.2,70.4,0.0
2024-02-27 00:00:00,-2.7,60,-9.4,0.0,8.8,189,16.2,1026.9,101.5,68.9,973.0,61.4,63.7,0.0
2024-02-27 01:00:00,-3.1,62,-9.4,0.0,7.9,180,13.3,1026.3,95.7,64.7,898.0,60.5,56.9,0.0
2024-02-27 02:00:00,-3.6,64,-9.4,0.0,9.0,175,13.7,1025.6,94.1,63.6,839.0,59.6,52.2,0.0
2024-02-27 03:00:00,-3.8,65,-9.4,0.0,7.9,183,13.7,1025.1,93.1,62.9,802.0,58.9,50.5,0.0
2024-02-27 04:00:00,-3.9,65,-9.4,0.0,7.2,180,12.2,1024.0,93.8,63.3,782.0,58.3,50.9,0.0
2024-02-27 05:00:00,-4.0,66,-9.4,0.0,5.8,184,11.2,1023.7,90.1,60.5,777.0,57.1,52.8,0.0
2024-02-27 06:00:00,-3.5,63,-9.5,0.0,5.8,180,10.1,1023.6,88.5,59.3,800.0,55.4,57.2,1.0
2024-02-27 07:00:00,-3.0,61,-9.6,0.0,5.1,172,12.6,1023.1,97.3,65.2,837.0,53.3,63.1,3.0
2024-02-27 08:00:00,-2.7,59,-9.6,0.0,5.3,152,11.2,1023.0,103.1,68.7,869.0,50.3,66.8,6.0
2024-02-27 09:00:00,-1.0,57,-8.4,0.0,5.2,205,13.3,1024.4,94.8,62.6,825.0,45.9,66.0,12.0
2024-02-27 10:00:00,0.4,52,-8.2,0.0,5.9,194,16.2,1024.1,89.2,58.2,764.0,39.8,64.7,19.0
2024-02-27 11:00:00,2.2,47,-8.1,0.0,6.5,177,18.0,1023.6,87.8,56.9,714.0,35.5,62.8,26.0
2024-02-27 12:00:00,4.2,40,-8.1,0.0,7.9,177,20.2,1022.8,87.8,56.8,684.0,34.3,59.7,30.0
2024-02-27 13:00:00,5.4,37,-7.9,0.0,10.6,198,23.8,1021.7,88.9,57.6,665.0,34.9,56.1,33.0
2024-02-27 14:00:00,6.2,37,-7.6,0.0,11.2,201,24.1,1020.5,91.5,59.4,658.0,37.0,53.2,34.0
2024-02-27 15:00:00,6.4,37,-7.4,0.0,11.2,201,24.1,1019.8,93.8,61.2,603.0,41.1,47.3,31.0
2024-02-27 16:00:00,6.7,36,-7.4,0.0,10.2,198,22.7,1019.2,96.4,63.3,560.0,46.7,42.2,25.0
2024-02-27 17:00:00,6.3,36,-7.6,0.0,9.8,197,20.2,1019.4,102.0,67.3,706.0,52.0,50.8,19.0
2024-02-27 18:00:00,4.6,44,-6.8,0.0,6.5,199,15.8,1019.5,153.2,103.4,1204.0,56.7,84.9,12.0
2024-02-27 19:00:00,5.3,40,-7.2,0.0,4.7,171,7.2,1020.1,232.8,159.3,1891.0,61.0,132.8,5.0
2024-02-27 20:00:00,3.5,47,-6.9,0.0,6.2,159,6.8,1020.7,360.4,244.9,2650.0,57.1,189.4,0.0
2024-02-27 21:00:00,1.4,53,-7.1,0.0,3.1,36,3.6,1022.3,395.8,271.0,2759.0,56.4,196.2,0.0
2024-02-27 22:00:00,0.1,61,-6.5,0.0,5.8,22,8.6,1022.5,397.7,272.9,2895.0,55.4,204.0,0.0
2024-02-27 23:00:00,-0.1,63,-6.2,0.0,8.9,27,13.7,1022.5,368.8,253.3,2890.0,54.5,199.4,0.0
2024-02-28 00:00:00,-0.6,66,-6.2,0.0,8.0,27,13.7,1022.5,314.8,215.1,2614.0,53.8,170.7,0.0
2024-02-28 01:00:00,-0.6,66,-6.2,0.0,9.4,23,14.8,1022.5,266.4,181.6,2197.0,53.2,129.4,0.0
2024-02-28 02:00:00,-0.9,66,-6.5,0.0,8.7,38,15.1,1022.8,233.8,158.8,1861.0,52.6,97.0,0.0
2024-02-28 03:00:00,-1.5,67,-6.8,0.0,7.3,33,13.3,1022.7,220.7,149.0,1683.0,52.0,81.6,0.0
2024-02-28 04:00:00,-1.4,64,-7.3,0.0,8.0,5,13.0,1023.2,211.4,142.0,1586.0,51.3,75.1,0.0
2024-02-28 05:00:00,-1.3,64,-7.2,0.0,10.3,12,15.1,1023.3,200.2,134.1,1565.0,50.7,73.7,0.0
2024-02-28 06:00:00,-1.4,63,-7.6,0.0,10.2,8,15.1,1023.4,196.0,130.9,1703.0,50.8,80.9,0.0
2024-02-28 07:00:00,-1.4,62,-7.7,0.0,9.2,26,15.1,1023.4,216.1,144.8,1917.0,50.9,93.3,0.0
2024-02-28 08:00:00,-0.9,62,-7.2,0.0,9.8,6,15.1,1024.5,209.1,140.6,1659.0,50.5,78.9,2.0
2024-02-28 09:00:00,2.0,56,-5.9,0.0,13.2,22,22.3,1026.0,183.9,124.3,1292.0,41.6,60.9,16.0
2024-02-28 10:00:00,3.1,45,-7.7,0.0,18.8,29,32.4,1026.5,110.6,73.3,787.0,29.2,36.2,36.0
2024-02-28 11:00:00,4.0,41,-8.1,0.0,16.4,38,32.4,1026.4,47.3,31.2,409.0,19.7,17.5,51.0
2024-02-28 12:00:00,5.2,37,-8.4,0.0,14.3,51,29.5,1025.8,31.8,21.1,283.0,15.3,10.9,58.0
2024-02-28 13:00:00,6.2,33,-8.8,0.0,12.0,69,27.4,1024.6,26.7,17.8,285.0,13.7,10.4,61.0
2024-02-28 14:00:00,6.9,31,-9.1,0.0,8.8,78,24.8,1023.8,25.6,17.1,305.0,14.1,11.2,62.0
2024-02-28 15:00:00,6.9,30,-9.6,0.0,7.6,95,20.9,1023.3,26.8,17.9,294.0,15.7,10.8,61.0
2024-02-28 16:00:00,7.1,29,-9.9,0.0,8.2,119,16.9,1023.0,29.7,19.6,302.0,19.3,11.7,58.0
2024-02-28 17:00:00,6.8,30,-9.5,0.0,7.6,155,16.9,1023.3,37.0,24.5,369.0,26.0,17.0,50.0
2024-02-28 18:00:00,3.5,44,-7.6,0.0,7.6,211,11.5,1024.2,75.4,51.1,533.0,39.1,29.3,34.0
2024-02-28 19:00:00,2.9,49,-6.8,0.0,6.8,212,10.8,1024.2,106.9,71.7,756.0,55.3,46.0,14.0
2024-02-28 20:00:00,1.8,55,-6.2,0.0,10.5,184,14.4,1025.1,163.9,110.1,1174.0,65.4,71.1,0.0
2024-02-28 21:00:00,2.2,51,-6.8,0.0,6.4,223,9.7,1026.1,177.9,119.2,1303.0,63.9,83.2,0.0
2024-02-28 22:00:00,0.7,59,-6.3,0.0,8.1,148,9.4,1027.0,193.7,130.4,1476.0,61.8,99.3,0.0
2024-02-28 23:00:00,-0.6,69,-5.6,0.0,4.8,13,9.0,1027.6,207.7,140.2,1571.0,60.6,106.6,0.0
2024-02-29 00:00:00,0.0,42,-11.4,0.0,14.7,343,18.4,1028.3,211.9,143.4,1538.0,61.6,97.6,0.0
2024-02-29 01:00:00,-0.9,38,-13.4,0.0,21.2,10,36.4,1028.9,184.9,125.3,1428.0,63.5,79.8,0.0
2024-02-29 02:00:00,-1.5,49,-10.8,0.0,16.6,18,32.8,1029.5,149.9,101.7,1270.0,63.7,62.6,0.0
2024-02-29 03:00:00,-1.5,37,-14.3,0.0,18.8,17,28.8,1029.4,112.2,76.4,1032.0,60.9,47.7,5.0
2024-02-29 04:00:00,-2.3,40,-14.1,0.0,17.4,24,29.2,1029.7,77.1,52.4,747.0,56.4,33.5,12.0
2024-02-29 05:00:00,-2.5,36,-15.6,0.0,20.1,24,30.6,1029.7,51.1,35.0,544.0,51.8,24.3,19.0
2024-02-29 06:00:00,-2.6,29,-18.0,0.0,22.5,20,34.9,1029.9,36.1,24.9,505.0,48.1,24.3,23.0
2024-02-29 07:00:00,-3.2,28,-19.2,0.0,22.8,21,35.6,1030.4,36.9,25.6,548.0,44.4,29.3,26.0
2024-02-29 08:00:00,-2.7,25,-19.9,0.0,21.9,20,36.7,1031.4,40.5,28.1,491.0,35.8,26.9,36.0
2024-02-29 09:00:00,-1.7,24,-19.8,0.0,25.4,18,41.8,1032.2,19.7,13.3,424.0,27.7,22.0,47.0
2024-02-29 10:00:00,-0.5,22,-19.8,0.0,25.5,8,43.6,1031.5,18.0,11.6,332.0,16.6,15.3,63.0
2024-02-29 11:00:00,0.8,18,-20.9,0.0,22.7,4,43.6,1030.9,18.2,11.1,263.0,8.4,10.2,75.0
2024-02-29 12:00:00,2.2,15,-21.5,0.0,18.5,353,40.0,1030.2,18.2,10.9,239.0,5.9,8.4,80.0
2024-02-29 13:00:00,3.1,14,-22.1,0.0,18.3,338,34.6,1029.0,18.0,10.7,237.0,6.2,8.3,81.0
2024-02-29 14:00:00,3.7,13,-22.4,0.0,21.5,329,38.2,1027.6,17.6,10.5,237.0,7.3,8.2,81.0
2024-02-29 15:00:00,3.8,12,-23.0,0.0,24.4,323,41.8,1026.8,16.6,10.2,226.0,7.4,7.0,82.0
2024-02-29 16:00:00,3.5,12,-23.0,0.0,24.5,319,41.8,1026.3,15.7,9.8,218.0,8.2,6.0,82.0
2024-02-29 17:00:00,2.9,13,-23.0,0.0,24.0,311,41.0,1026.7,15.5,10.0,232.0,12.5,7.0,78.0
2024-02-29 18:00:00,1.5,15,-22.6,0.0,20.7,301,37.8,1027.0,23.2,15.7,291.0,23.9,12.1,65.0
2024-02-29 19:00:00,0.6,15,-23.0,0.0,22.5,309,36.4,1027.9,34.6,23.7,372.0,38.8,19.4,48.0
2024-02-29 20:00:00,-0.6,17,-22.6,0.0,18.6,324,35.3,1028.6,32.6,21.5,370.0,35.6,19.1,52.0
2024-02-29 21:00:00,-3.2,25,-20.5,0.0,12.6,355,19.4,1030.4,29.9,20.2,359.0,32.3,18.6,55.0
2024-02-29 22:00:00,-3.9,23,-22.1,0.0,14.4,356,22.7,1031.1,28.0,18.9,347.0,28.1,18.1,59.0
2024-02-29 23:00:00,-4.7,22,-23.1,0.0,13.0,3,22.7,1031.3,29.4,19.9,354.0,28.1,19.2,57.0
2024-03-01 00:00:00,-5.5,23,-23.4,0.0,9.8,8,19.8,1031.4,32.9,22.5,390.0,36.1,22.5,46.0
2024-03-01 01:00:00,-6.2,24,-23.4,0.0,8.6,22,15.5,1031.1,41.6,28.6,446.0,48.3,27.3,29.0
2024-03-01 02:00:00,-6.5,25,-23.4,0.0,7.8,34,13.0,1030.8,55.8,38.5,516.0,57.8,34.0,16.0
2024-03-01 03:00:00,-6.7,24,-23.8,0.0,7.4,47,11.9,1030.2,70.5,48.9,601.0,61.9,43.6,9.0
2024-03-01 04:00:00,-7.1,25,-23.9,0.0,5.6,63,11.2,1029.4,81.7,56.7,701.0,63.3,55.0,6.0
2024-03-01 05:00:00,-7.4,26,-23.5,0.0,5.4,94,8.3,1029.1,92.2,64.0,806.0,63.3,64.7,4.0
2024-03-01 06:00:00,-7.8,28,-23.2,0.0,6.6,112,7.9,1028.9,105.5,73.3,955.0,62.8,73.2,3.0
2024-03-01 07:00:00,-7.6,27,-23.2,0.0,8.6,213,11.9,1029.0,118.0,82.4,1111.0,61.0,80.0,4.0
2024-03-01 08:00:00,-6.0,23,-23.7,0.0,11.7,214,19.8,1029.0,157.4,109.9,1436.0,59.8,100.0,9.0
2024-03-01 09:00:00,-3.5,26,-20.1,0.0,13.3,213,23.8,1028.7,55.2,38.0,1130.0,48.8,79.1,23.0
2024-03-01 10:00:00,-1.8,25,-19.5,0.0,18.4,208,33.1,1027.8,38.9,26.5,709.0,33.5,50.2,43.0
2024-03-01 11:00:00,0.1,22,-19.1,0.0,19.1,212,35.3,1026.7,35.4,24.0,394.0,21.6,28.0,59.0
2024-03-01 12:00:00,1.5,20,-18.9,0.0,20.4,212,37.4,1025.0,33.9,22.8,295.0,16.1,19.2,66.0
2024-03-01 13:00:00,2.8,19,-18.7,0.0,21.7,207,39.2,1022.7,32.1,21.2,302.0,13.9,17.1,68.0
2024-03-01 14:00:00,3.8,19,-17.7,0.0,23.2,204,40.7,1020.9,29.9,18.9,316.0,13.5,15.8,69.0
2024-03-01 15:00:00,4.8,19,-16.6,0.0,23.9,203,41.8,1019.2,28.3,16.7,279.0,13.3,11.7,70.0
2024-03-01 16:00:00,4.3,21,-16.2,0.0,27.8,184,43.6,1017.7,26.3,14.1,248.0,14.9,8.3,68.0
2024-03-01 17:00:00,4.1,21,-16.1,0.0,30.2,200,50.0,1016.7,27.8,15.3,292.0,21.4,10.6,61.0
2024-03-01 18:00:00,3.3,23,-15.8,0.0,21.9,210,47.5,1016.3,60.8,40.7,487.0,37.9,24.0,42.0
2024-03-01 19:00:00,1.9,27,-15.2,0.0,16.5,216,34.2,1016.3,81.0,55.6,756.0,59.4,43.0,17.0
2024-03-01 20:00:00,1.4,28,-15.1,0.0,17.1,229,26.3,1016.0,128.1,89.2,1353.0,72.0,79.9,0.0
2024-03-01 21:00:00,0.0,37,-13.0,0.0,16.6,221,25.2,1017.2,108.5,75.2,1209.0,71.2,71.2,1.0
2024-03-01 22:00:00,-0.3,39,-12.7,0.0,21.3,210,32.4,1016.0,88.9,61.5,1009.0,69.8,59.0,2.0
2024-03-01 23:00:00,-0.9,43,-11.9,0.0,21.1,207,33.5,1015.2,73.1,50.4,839.0,66.8,48.2,4.0
2024-03-02 00:00:00,-1.1,45,-11.4,0.0,19.6,212,33.1,1014.5,59.6,41.1,732.0,60.4,40.2,9.0
2024-03-02 01:00:00,-1.6,48,-11.2,0.0,15.3,219,30.2,1013.8,54.0,37.3,656.0,52.3,33.5,14.0
2024-03-02 02:00:00,-2.1,50,-11.1,0.0,12.2,223,23.8,1013.3,52.7,36.6,605.0,46.7,28.9,17.0
2024-03-02 03:00:00,-2.8,53,-11.0,0.0,8.9,230,18.7,1012.5,51.8,36.0,566.0,45.8,26.1,15.0
2024-03-02 04:00:00,-4.2,58,-11.1,0.0,9.4,266,13.7,1011.8,50.9,35.3,553.0,47.2,25.5,10.0
2024-03-02 05:00:00,-2.5,48,-12.1,0.0,5.4,274,10.8,1011.7,51.6,35.3,596.0,48.4,28.4,7.0
2024-03-02 06:00:00,-1.8,42,-12.9,0.0,3.1,315,6.1,1011.8,58.3,38.6,775.0,49.4,39.5,4.0
2024-03-02 07:00:00,-4.1,49,-13.1,0.0,5.8,353,6.1,1011.8,85.4,54.8,1011.0,50.1,54.3,2.0
2024-03-02 08:00:00,-2.2,43,-13.1,0.0,7.2,6,11.5,1012.2,119.7,77.3,1133.0,45.8,62.6,6.0
2024-03-02 09:00:00,3.5,32,-11.6,0.0,14.1,345,21.6,1012.5,133.2,82.9,879.0,36.4,47.4,23.0
2024-03-02 10:00:00,6.4,19,-15.4,0.0,20.2,325,33.8,1012.2,210.5,54.4,528.0,23.4,26.5,46.0
2024-03-02 11:00:00,7.6,18,-15.6,0.0,20.9,336,37.1,1011.5,238.4,44.8,269.0,13.5,11.0,65.0
2024-03-02 12:00:00,9.0,16,-15.4,0.0,21.4,331,38.2,1010.5,191.4,40.3,189.0,9.2,6.1,74.0
2024-03-02 13:00:00,10.3,15,-15.4,0.0,21.9,316,38.9,1009.2,163.0,36.9,200.0,8.1,6.6,78.0
2024-03-02 14:00:00,11.2,14,-15.6,0.0,21.6,323,38.9,1007.7,138.8,33.6,224.0,9.3,8.0,79.0
2024-03-02 15:00:00,11.8,13,-15.9,0.0,18.8,328,39.2,1006.6,121.1,31.1,199.0,12.2,6.6,77.0
2024-03-02 16:00:00,10.7,17,-13.4,0.0,15.4,217,33.1,1006.3,115.7,30.7,187.0,17.4,6.1,71.0
2024-03-02 17:00:00,9.6,19,-12.9,0.0,15.5,205,33.5,1006.2,116.4,35.3,291.0,26.0,13.0,61.0
2024-03-02 18:00:00,6.7,24,-12.4,0.0,8.7,197,23.8,1006.3,151.3,81.0,605.0,41.6,32.9,42.0
2024-03-02 19:00:00,5.6,28,-11.6,0.0,7.6,180,13.7,1007.0,178.8,105.7,1035.0,60.7,60.2,17.0
2024-03-02 20:00:00,5.4,28,-11.7,0.0,6.1,177,8.3,1007.3,283.1,182.5,2372.0,70.6,148.8,0.0
2024-03-02 21:00:00,1.2,44,-9.9,0.0,12.2,204,14.0,1008.4,316.6,204.9,2594.0,69.6,164.4,0.0
2024-03-02 22:00:00,2.3,39,-10.4,0.0,8.0,252,13.7,1008.0,344.6,228.6,2870.0,68.1,183.9,0.0
2024-03-02 23:00:00,0.2,47,-9.9,0.0,9.5,11,13.3,1008.5,331.6,219.3,2855.0,66.2,182.8,0.0
2024-03-03 00:00:00,-0.6,50,-9.8,0.0,12.6,5,19.1,1009.6,249.6,161.1,2269.0,64.0,141.2,3.0
2024-03-03 01:00:00,-0.3,43,-11.4,0.0,15.5,18,23.4,1010.6,152.7,94.1,1392.0,61.4,79.2,8.0
2024-03-03 02:00:00,-0.5,38,-12.9,0.0,13.5,34,23.8,1011.4,90.6,54.7,718.0,58.4,32.5,12.0
2024-03-03 03:00:00,-1.2,38,-13.6,0.0,13.8,43,21.2,1012.0,63.8,39.0,457.0,54.3,17.0,14.0
2024-03-03 04:00:00,-1.8,38,-14.2,0.0,13.8,43,21.2,1012.2,54.5,34.2,399.0,49.7,16.9,15.0
2024-03-03 05:00:00,-2.2,37,-14.9,0.0,13.0,39,20.9,1012.6,49.7,32.2,410.0,46.6,20.4,16.0
2024-03-03 06:00:00,-2.9,39,-15.0,0.0,11.4,35,19.8,1013.3,47.7,32.0,493.0,47.2,26.6,13.0
2024-03-03 07:00:00,-3.2,40,-14.9,0.0,8.9,32,17.3,1014.1,59.1,40.7,643.0,49.2,36.5,10.0
2024-03-03 08:00:00,-1.4,36,-14.4,0.0,11.9,35,17.3,1014.8,112.0,76.8,1004.0,49.1,63.3,7.0
2024-03-03 09:00:00,1.4,30,-14.4,0.0,14.3,51,25.2,1015.0,70.1,46.3,806.0,40.2,50.2,22.0
2024-03-03 10:00:00,3.3,25,-14.7,0.0,14.9,58,27.7,1015.2,35.9,24.9,533.0,28.0,32.2,44.0
2024-03-03 11:00:00,5.1,22,-14.9,0.0,15.6,64,30.2,1014.9,28.9,19.5,333.0,19.0,19.1,60.0
2024-03-03 12:00:00,6.2,21,-14.4,0.0,12.8,79,30.2,1014.6,33.5,18.9,274.0,15.7,15.4,66.0
2024-03-03 13:00:00,7.2,21,-13.8,0.0,8.4,121,26.6,1013.5,44.5,20.0,288.0,15.7,16.7,68.0
2024-03-03 14:00:00,8.2,20,-13.2,0.0,8.7,163,21.2,1012.2,56.0,22.2,314.0,17.8,18.9,66.0
2024-03-03 15:00:00,8.7,20,-13.0,0.0,12.0,171,24.1,1011.4,65.2,25.0,321.0,21.7,20.3,63.0
2024-03-03 16:00:00,8.6,21,-12.8,0.0,13.0,183,24.8,1011.1,68.9,27.1,341.0,27.8,22.7,56.0
2024-03-03 17:00:00,8.1,21,-12.9,0.0,13.3,177,23.8,1010.6,68.0,29.2,402.0,36.1,27.5,47.0
2024-03-03 18:00:00,5.0,29,-11.6,0.0,7.6,172,20.9,1010.7,78.2,46.2,543.0,49.0,36.9,32.0
2024-03-03 19:00:00,3.8,34,-10.8,0.0,17.9,161,25.9,1011.5,97.6,62.6,726.0,64.1,48.7,13.0
2024-03-03 20:00:00,2.2,36,-11.4,0.0,17.0,159,28.8,1012.1,78.0,53.3,871.0,74.9,54.5,0.0
2024-03-03 21:00:00,0.8,44,-10.1,0.0,14.0,168,28.4,1012.8,77.5,53.3,897.0,75.2,56.3,0.0
2024-03-03 22:00:00,-0.6,50,-9.8,0.0,7.0,192,21.6,1013.4,84.5,58.1,934.0,75.4,58.7,0.0
2024-03-03 23:00:00,-2.1,59,-9.1,0.0,8.7,204,10.4,1014.1,94.5,64.7,968.0,75.1,61.1,0.0
2024-03-04 00:00:00,-3.0,64,-8.8,0.0,6.8,122,10.8,1014.6,101.7,69.4,1001.0,73.7,63.6,0.0
2024-03-04 01:00:00,-3.3,68,-8.4,0.0,6.1,93,9.4,1014.5,109.2,74.5,1031.0,71.8,65.9,0.0
2024-03-04 02:00:00,-4.0,76,-7.6,0.0,6.2,69,9.4,1014.6,114.8,78.7,1043.0,69.8,66.6,0.0
2024-03-04 03:00:00,-4.1,80,-7.1,0.0,8.4,43,13.0,1014.0,112.9,77.5,1008.0,68.1,63.5,0.0
2024-03-04 04:00:00,-4.4,82,-7.0,0.0,6.8,25,13.0,1013.9,106.6,73.3,956.0,66.5,58.7,0.0
2024-03-04 05:00:00,-4.7,83,-7.2,0.0,7.1,15,10.8,1014.0,99.2,68.2,957.0,64.7,57.1,0.0
2024-03-04 06:00:00,-4.9,82,-7.4,0.0,6.8,360,11.2,1014.1,99.4,68.2,1104.0,63.6,63.8,0.0
2024-03-04 07:00:00,-4.8,80,-7.7,0.0,8.0,355,11.9,1014.2,119.0,82.2,1304.0,62.5,73.8,0.0
2024-03-04 08:00:00,-2.5,67,-7.8,0.0,9.4,353,15.8,1014.4,137.8,95.5,1354.0,60.8,76.3,5.0
2024-03-04 09:00:00,0.3,48,-9.4,0.0,9.4,4,19.1,1015.5,98.5,66.6,1086.0,51.8,62.7,19.0
2024-03-04 10:00:00,1.9,39,-10.6,0.0,10.1,17,21.2,1015.5,62.9,42.3,717.0,39.4,44.0,39.0
2024-03-04 11:00:00,3.7,33,-11.1,0.0,9.9,33,22.3,1015.0,48.3,31.9,442.0,29.9,29.7,54.0
2024-03-04 12:00:00,5.2,29,-11.4,0.0,9.9,46,23.0,1013.6,42.8,26.7,351.0,25.7,24.2,61.0
2024-03-04 13:00:00,5.9,28,-11.4,0.0,9.1,34,22.7,1013.2,43.8,25.0,354.0,24.5,23.2,63.0
2024-03-04 14:00:00,6.5,26,-11.4,0.0,8.6,57,20.9,1012.0,47.1,25.5,374.0,25.7,23.4,61.0
2024-03-04 15:00:00,7.3,25,-11.2,0.0,8.7,73,20.2,1011.5,51.3,27.2,341.0,29.7,20.9,55.0
2024-03-04 16:00:00,7.8,26,-10.4,0.0,9.1,72,19.4,1011.0,55.6,29.9,325.0,36.2,19.6,46.0
2024-03-04 17:00:00,7.5,29,-9.6,0.0,9.4,58,18.4,1011.0,61.9,35.5,456.0,43.7,28.0,36.0
2024-03-04 18:00:00,4.7,38,-8.4,0.0,6.9,28,15.1,1011.1,105.0,68.2,903.0,53.3,57.3,23.0
2024-03-04 19:00:00,2.7,45,-8.0,0.0,8.4,10,10.4,1011.9,170.4,113.9,1497.0,64.0,96.2,10.0
2024-03-04 20:00:00,2.1,47,-7.9,0.0,7.2,6,10.4,1012.6,236.6,159.3,2064.0,71.1,139.3,0.0
2024-03-04 21:00:00,1.2,51,-7.8,0.0,7.9,30,8.6,1014.2,239.3,161.1,1885.0,70.1,124.5,0.0
2024-03-04 22:00:00,2.4,57,-5.3,0.0,10.0,64,14.8,1014.3,177.9,118.0,1635.0,68.6,103.7,0.0
2024-03-04 23:00:00,2.0,70,-3.0,0.0,8.9,69,16.2,1014.6,165.3,107.8,1420.0,67.0,86.0,0.0
2024-03-05 00:00:00,1.1,74,-2.9,0.0,6.1,62,13.3,1015.0,166.7,106.2,1281.0,65.5,74.9,0.0
2024-03-05 01:00:00,1.6,71,-3.1,0.0,6.6,41,10.8,1014.8,162.1,100.8,1177.0,64.0,66.9,0.0
2024-03-05 02:00:00,1.7,71,-3.0,0.0,6.7,16,10.4,1015.2,157.9,96.4,1094.0,62.4,60.1,0.0
2024-03-05 03:00:00,1.6,73,-2.8,0.0,9.1,7,13.7,1015.1,154.6,93.1,1017.0,60.6,53.0,0.0
2024-03-05 04:00:00,1.5,74,-2.6,0.0,8.9,14,14.0,1014.8,153.7,92.0,962.0,58.6,47.1,0.0
2024-03-05 05:00:00,1.5,76,-2.4,0.0,6.5,357,13.3,1015.1,153.2,90.8,957.0,56.8,45.2,0.0
2024-03-05 06:00:00,1.3,80,-1.7,0.1,6.0,343,10.1,1015.2,152.3,89.6,1067.0,55.6,51.4,0.0
2024-03-05 07:00:00,1.1,87,-0.9,0.2,3.7,331,9.0,1015.8,163.9,97.6,1227.0,54.6,61.5,0.0
2024-03-05 08:00:00,1.3,88,-0.4,0.1,2.9,330,6.1,1016.5,197.0,120.6,1291.0,53.6,66.7,1.0
2024-03-05 09:00:00,1.8,86,-0.4,0.2,7.6,3,14.4,1017.9,161.6,93.4,1093.0,50.5,57.8,7.0
2024-03-05 10:00:00,2.3,79,-0.9,0.1,7.6,5,14.4,1017.8,144.4,80.1,821.0,46.2,45.6,16.0
2024-03-05 11:00:00,2.6,77,-0.9,0.1,6.5,354,14.8,1018.0,132.7,71.9,622.0,42.0,36.3,24.0
2024-03-05 12:00:00,3.0,75,-1.0,0.1,5.8,353,13.7,1017.7,127.1,67.5,564.0,37.6,32.7,31.0
2024-03-05 13:00:00,3.4,71,-1.3,0.0,6.6,347,15.1,1017.6,128.1,68.0,579.0,33.3,32.1,38.0
2024-03-05 14:00:00,3.9,65,-2.1,0.0,5.2,12,15.1,1016.6,129.0,68.9,616.0,32.2,33.0,41.0
2024-03-05 15:00:00,4.0,63,-2.5,0.0,3.7,11,13.3,1016.4,136.0,73.8,593.0,36.4,30.2,38.0
2024-03-05 16:00:00,4.1,63,-2.4,0.0,2.6,344,10.1,1016.6,143.0,78.0,591.0,43.7,28.9,31.0
2024-03-05 17:00:00,3.6,65,-2.3,0.0,1.4,90,8.3,1016.6,149.0,82.4,803.0,50.6,42.8,23.0
2024-03-05 18:00:00,2.8,73,-1.5,0.0,3.1,216,5.0,1017.2,212.8,127.1,1431.0,56.3,87.0,15.0
2024-03-05 19:00:00,1.4,80,-1.8,0.0,6.6,248,7.6,1017.6,312.9,197.0,2273.0,61.6,146.4,6.0
2024-03-05 20:00:00,1.4,79,-1.8,0.0,5.4,266,7.9,1017.9,246.8,154.1,1764.0,59.7,101.8,0.0
2024-03-05 21:00:00,-0.1,84,-2.5,0.0,6.9,261,8.3,1019.1,283.1,181.6,1991.0,59.2,123.7,0.0
2024-03-05 22:00:00,-0.4,87,-2.3,0.0,7.2,276,8.6,1019.5,309.2,199.8,2301.0,58.5,153.1,0.0
2024-03-05 23:00:00,-0.4,86,-2.5,0.0,5.7,288,9.0,1019.6,328.8,214.2,2508.0,57.7,169.7,0.0
2024-03-06 00:00:00,-0.7,89,-2.3,0.0,5.4,312,7.6,1019.9,336.2,219.8,2556.0,56.5,163.7,0.0
2024-03-06 01:00:00,-1.2,91,-2.5,0.0,6.2,339,8.6,1020.2,324.1,212.8,2502.0,55.1,144.9,0.0
2024-03-06 02:00:00,-0.7,84,-3.0,0.0,10.9,9,16.2,1020.1,298.0,196.0,2329.0,54.7,122.8,0.0
2024-03-06 03:00:00,-0.3,63,-6.6,0.0,13.6,12,20.5,1019.6,256.1,168.6,1961.0,56.4,97.0,0.0
2024-03-06 04:00:00,-0.6,50,-9.6,0.0,13.8,9,22.0,1019.8,197.0,129.9,1473.0,59.1,67.9,1.0
2024-03-06 05:00:00,-1.5,52,-10.2,0.0,12.5,12,21.6,1019.9,126.2,82.9,1078.0,60.3,45.9,3.0
2024-03-06 06:00:00,-2.3,54,-10.3,0.0,10.7,12,19.1,1020.8,81.0,54.0,875.0,59.9,37.4,5.0
2024-03-06 07:00:00,-2.7,56,-10.4,0.0,11.5,20,16.9,1021.2,71.2,48.8,764.0,57.9,36.0,7.0
2024-03-06 08:00:00,-0.9,48,-10.6,0.0,14.8,26,22.3,1021.8,194.2,130.9,1760.0,53.2,81.8,6.0
2024-03-06 09:00:00,2.5,35,-11.5,0.0,15.8,47,27.0,1022.2,135.0,90.6,1347.0,43.7,63.2,24.0
2024-03-06 10:00:00,4.3,25,-13.9,0.0,18.2,51,32.4,1021.8,59.3,39.1,779.0,30.6,37.5,49.0
2024-03-06 11:00:00,5.8,21,-14.6,0.0,15.3,49,32.8,1021.4,41.6,27.1,364.0,20.9,19.0,68.0
2024-03-06 12:00:00,6.8,22,-13.5,0.0,10.4,56,29.5,1020.7,40.4,26.0,252.0,17.1,14.2,75.0
2024-03-06 13:00:00,7.4,22,-12.8,0.0,7.9,90,23.4,1019.3,40.3,26.0,293.0,16.7,16.4,77.0
2024-03-06 14:00:00,7.9,22,-12.6,0.0,7.7,118,20.9,1017.8,40.2,26.3,351.0,19.0,19.9,75.0
2024-03-06 15:00:00,8.4,21,-12.8,0.0,7.4,151,19.8,1016.8,41.7,27.5,366.0,24.0,21.9,71.0
2024-03-06 16:00:00,8.1,22,-12.1,0.0,11.9,182,22.7,1016.0,46.6,30.9,397.0,31.6,25.1,64.0
2024-03-06 17:00:00,7.3,23,-12.2,0.0,13.6,202,24.5,1015.9,54.9,36.2,483.0,41.1,31.5,54.0
2024-03-06 18:00:00,5.1,30,-11.1,0.0,8.0,234,22.3,1016.0,82.7,55.4,676.0,54.7,44.2,37.0
2024-03-06 19:00:00,2.8,37,-10.4,0.0,8.7,222,11.9,1016.3,107.8,72.4,925.0,70.3,60.2,17.0
2024-03-06 20:00:00,2.0,41,-9.9,0.0,8.9,220,13.0,1016.5,149.9,104.1,1390.0,82.1,86.2,0.0
2024-03-06 21:00:00,2.8,50,-6.4,0.0,14.5,226,22.3,1016.8,145.3,100.4,1372.0,81.0,86.6,0.0
2024-03-06 22:00:00,2.1,53,-6.6,0.0,14.8,229,24.1,1016.7,143.0,98.5,1342.0,79.3,86.8,0.0
2024-03-06 23:00:00,1.0,58,-6.3,0.0,8.2,241,22.7,1016.4,138.8,95.0,1288.0,76.8,84.2,0.0
2024-03-07 00:00:00,-1.1,69,-6.2,0.0,8.7,228,11.9,1016.2,131.8,88.7,1187.0,72.8,76.1,1.0
2024-03-07 01:00:00,-2.5,77,-5.9,0.0,8.5,258,10.8,1015.4,123.9,82.7,1060.0,67.9,65.2,3.0
2024-03-07 02:00:00,-3.1,81,-5.9,0.0,5.9,284,9.7,1015.1,119.0,78.5,965.0,63.7,56.8,4.0
2024-03-07 03:00:00,-3.3,83,-5.8,0.0,4.9,306,7.2,1014.6,115.3,75.7,887.0,60.7,51.0,4.0
2024-03-07 04:00:00,-3.4,83,-5.9,0.0,4.5,346,6.8,1014.2,113.6,74.7,839.0,58.3,47.7,3.0
2024-03-07 05:00:00,-4.0,83,-6.4,0.0,9.0,355,13.0,1013.7,119.0,78.9,917.0,56.2,52.1,2.0
2024-03-07 06:00:00,-4.2,85,-6.4,0.0,10.1,2,17.3,1013.6,132.7,88.7,1275.0,54.4,72.9,1.0
2024-03-07 07:00:00,-4.2,86,-6.2,0.0,10.8,4,16.2,1013.9,169.5,114.8,1760.0,52.9,101.4,1.0
2024-03-07 08:00:00,-2.2,77,-5.8,0.0,10.1,4,18.0,1014.5,174.6,119.7,1569.0,43.7,78.6,4.0
2024-03-07 09:00:00,0.8,70,-4.1,0.0,9.5,11,18.7,1014.7,151.8,103.4,1334.0,42.5,71.1,13.0
2024-03-07 10:00:00,3.2,61,-3.5,0.0,10.0,26,21.6,1014.8,130.9,82.0,1003.0,40.5,60.1,25.0
2024-03-07 11:00:00,5.9,48,-4.3,0.0,8.5,28,22.0,1014.7,104.8,56.3,710.0,35.9,47.7,38.0
2024-03-07 12:00:00,8.9,34,-6.1,0.0,10.6,325,21.6,1013.9,39.6,14.9,493.0,26.1,32.4,52.0
2024-03-07 13:00:00,10.5,20,-11.6,0.0,25.6,322,43.9,1013.0,15.8,6.8,313.0,13.9,15.6,67.0
2024-03-07 14:00:00,10.1,19,-12.2,0.0,29.7,322,50.8,1012.6,8.7,5.1,194.0,5.6,3.9,77.0
2024-03-07 15:00:00,10.2,17,-13.7,0.0,29.5,325,50.4,1012.6,7.6,5.2,159.0,4.5,0.8,79.0
2024-03-07 16:00:00,9.1,17,-14.9,0.0,33.4,342,53.3,1013.2,8.2,5.7,185.0,7.3,2.6,76.0
2024-03-07 17:00:00,7.4,19,-14.6,0.0,35.2,342,56.9,1014.4,9.3,6.4,218.0,11.1,5.2,72.0
2024-03-07 18:00:00,5.8,22,-14.4,0.0,32.7,341,55.8,1015.8,14.1,9.8,242.0,15.1,7.2,69.0
2024-03-07 19:00:00,4.6,23,-14.7,0.0,31.3,337,51.5,1017.3,16.7,11.6,275.0,20.0,10.0,66.0
2024-03-07 20:00:00,3.7,25,-14.7,0.0,29.3,335,49.0,1018.5,22.3,15.4,326.0,25.0,13.3,64.0
2024-03-07 21:00:00,3.5,27,-13.9,0.0,23.1,339,41.8,1020.0,26.1,18.2,386.0,33.5,17.8,53.0
2024-03-07 22:00:00,2.5,28,-14.1,0.0,18.7,341,36.0,1020.1,34.9,24.3,467.0,45.1,23.8,38.0
2024-03-07 23:00:00,1.5,30,-14.1,0.0,15.1,342,29.2,1020.7,44.9,31.2,522.0,53.6,27.7,26.0
2024-03-08 00:00:00,0.6,32,-14.2,0.0,12.5,348,23.4,1020.9,43.9,30.3,521.0,55.7,27.0,22.0
2024-03-08 01:00:00,-0.8,35,-14.2,0.0,9.0,2,19.1,1020.9,42.7,29.2,493.0,54.6,24.1,22.0
2024-03-08 02:00:00,-1.7,38,-14.2,0.0,8.4,25,13.0,1020.7,46.1,31.4,477.0,53.3,22.6,21.0
2024-03-08 03:00:00,-1.7,37,-14.6,0.0,9.5,25,13.7,1020.5,51.0,34.6,468.0,52.6,23.1,19.0
2024-03-08 04:00:00,-1.6,35,-15.1,0.0,10.5,16,15.8,1020.3,54.6,37.0,472.0,51.7,25.0,17.0
2024-03-08 05:00:00,-1.3,33,-15.4,0.0,11.5,14,17.3,1020.3,57.2,38.9,542.0,50.9,29.8,15.0
2024-03-08 06:00:00,-1.1,32,-15.6,0.0,11.2,4,17.6,1020.6,65.0,44.2,774.0,51.4,41.8,12.0
2024-03-08 07:00:00,-1.8,35,-15.2,0.0,9.1,351,17.3,1021.2,97.1,66.8,1071.0,52.1,56.8,9.0
2024-03-08 08:00:00,-0.2,37,-13.1,0.0,7.1,330,13.7,1022.1,129.9,89.2,1208.0,53.0,66.9,10.0
2024-03-08 09:00:00,3.2,32,-11.9,0.0,4.0,350,14.8,1022.4,79.6,52.4,949.0,42.9,52.3,27.0
2024-03-08 10:00:00,5.4,25,-13.1,0.0,4.0,350,14.0,1022.3,44.8,25.2,592.0,29.1,32.3,50.0
2024-03-08 11:00:00,6.9,23,-12.9,0.0,3.5,336,15.5,1021.8,39.0,20.9,329.0,18.6,17.4,68.0
2024-03-08 12:00:00,8.1,22,-12.4,0.0,0.7,270,15.1,1020.9,37.6,19.3,250.0,14.6,12.7,75.0
2024-03-08 13:00:00,9.0,21,-12.0,0.0,6.1,180,18.0,1019.7,36.0,18.3,265.0,14.0,13.3,76.0
2024-03-08 14:00:00,9.3,21,-11.9,0.0,13.4,185,27.0,1018.4,34.3,17.7,289.0,15.1,14.7,75.0
2024-03-08 15:00:00,9.4,20,-12.2,0.0,13.8,200,29.2,1017.4,32.7,17.3,282.0,16.3,14.8,75.0
2024-03-08 16:00:00,10.5,19,-12.4,0.0,11.0,221,27.0,1016.6,31.7,17.4,285.0,19.1,15.8,72.0
2024-03-08 17:00:00,9.6,19,-12.8,0.0,14.0,209,22.7,1016.4,33.2,19.4,335.0,26.7,20.0,64.0
2024-03-08 18:00:00,7.3,25,-11.6,0.0,11.5,212,22.3,1016.6,51.0,33.6,476.0,43.8,30.2,45.0
2024-03-08 19:00:00,5.4,26,-12.6,0.0,12.6,207,20.5,1017.3,65.4,44.4,665.0,65.7,43.6,20.0
2024-03-08 20:00:00,3.9,29,-12.4,0.0,11.4,204,19.4,1017.6,88.7,60.8,1005.0,80.5,63.5,0.0
2024-03-08 21:00:00,2.8,38,-10.1,0.0,7.9,204,14.8,1017.9,95.5,65.7,1021.0,80.0,65.4,0.0
2024-03-08 22:00:00,0.7,47,-9.2,0.0,10.5,229,12.2,1018.1,97.1,66.8,1041.0,79.1,67.6,0.0
2024-03-08 23:00:00,-0.3,53,-8.7,0.0,9.2,244,11.9,1018.5,95.9,65.9,1039.0,77.1,67.0,0.0
2024-03-09 00:00:00,-0.9,57,-8.4,0.0,8.1,257,10.8,1018.5,90.3,61.9,990.0,73.4,60.4,0.0
2024-03-09 01:00:00,-0.5,54,-8.6,0.0,5.1,274,9.0,1018.3,86.6,59.4,919.0,68.7,50.8,1.0
2024-03-09 02:00:00,-0.1,50,-9.2,0.0,4.0,297,6.1,1018.4,87.5,60.1,871.0,64.2,44.4,1.0
2024-03-09 03:00:00,-0.9,52,-9.4,0.0,4.3,318,5.0,1018.1,91.3,62.6,832.0,60.2,42.2,1.0
2024-03-09 04:00:00,-2.0,57,-9.4,0.0,5.3,332,5.8,1017.9,94.5,65.0,816.0,56.5,43.0,1.0
2024-03-09 05:00:00,-3.5,64,-9.3,0.0,7.6,341,8.6,1017.8,98.7,68.0,906.0,53.0,49.5,1.0
2024-03-09 06:00:00,-3.8,66,-9.4,0.0,7.6,352,9.7,1018.0,108.7,75.0,1241.0,49.5,67.4,1.0
2024-03-09 07:00:00,-3.6,64,-9.4,0.0,5.4,356,9.7,1018.3,144.8,100.1,1682.0,46.2,90.9,0.0
2024-03-09 08:00:00,-1.7,57,-9.2,0.0,6.9,6,13.7,1018.7,224.0,155.5,2001.0,39.6,113.9,3.0
2024-03-09 09:00:00,1.6,50,-7.7,0.0,5.0,30,13.7,1019.0,141.6,97.3,1697.0,42.3,105.0,9.0
2024-03-09 10:00:00,4.4,42,-7.5,0.0,2.6,56,14.4,1018.8,109.2,75.2,1275.0,46.0,92.5,18.0
2024-03-09 11:00:00,6.9,36,-7.1,0.0,3.6,180,14.4,1018.3,102.0,70.1,943.0,48.2,81.2,27.0
2024-03-09 12:00:00,9.2,32,-6.5,0.0,8.8,199,21.2,1017.3,96.2,65.9,792.0,47.2,72.7,37.0
2024-03-09 13:00:00,10.9,30,-6.0,0.0,11.8,200,25.6,1015.9,91.7,62.9,730.0,44.6,65.3,48.0
2024-03-09 14:00:00,11.9,27,-6.4,0.0,13.2,197,27.0,1014.9,85.4,58.6,687.0,43.0,58.8,54.0
2024-03-09 15:00:00,12.6,26,-6.7,0.0,14.5,199,27.7,1014.3,78.9,54.0,616.0,42.4,51.4,55.0
2024-03-09 16:00:00,12.6,25,-6.7,0.0,15.6,209,28.1,1013.7,75.7,51.8,563.0,42.9,44.8,51.0
2024-03-09 17:00:00,12.1,27,-6.2,0.0,14.1,220,27.7,1013.5,77.1,53.1,596.0,46.5,44.0,44.0
2024-03-09 18:00:00,8.8,38,-4.8,0.0,7.9,219,22.0,1013.7,92.4,64.0,776.0,56.6,52.7,30.0
2024-03-09 19:00:00,6.3,46,-4.3,0.0,9.1,214,12.6,1014.3,122.0,84.8,1041.0,70.0,67.2,13.0
2024-03-09 20:00:00,5.1,51,-4.2,0.0,9.7,219,12.6,1014.6,124.8,87.1,1252.0,79.4,80.6,0.0
2024-03-09 21:00:00,5.3,52,-3.8,0.0,9.8,216,14.4,1015.2,138.8,96.9,1348.0,78.2,88.5,0.0
2024-03-09 22:00:00,5.0,53,-3.9,0.0,11.0,212,16.6,1015.3,149.5,104.5,1481.0,76.4,99.0,0.0
2024-03-09 23:00:00,3.3,59,-3.8,0.0,8.9,227,16.9,1015.6,165.3,115.5,1575.0,74.3,104.7,0.0
2024-03-10 00:00:00,1.4,68,-3.8,0.0,9.5,241,13.0,1015.7,172.8,121.1,1597.0,71.7,100.8,0.0
2024-03-10 01:00:00,0.6,72,-4.0,0.0,4.7,293,10.4,1015.4,173.7,121.5,1581.0,68.7,92.1,0.0
2024-03-10 02:00:00,-0.4,76,-4.1,0.0,6.2,339,8.3,1015.5,173.7,121.1,1556.0,65.8,85.3,0.0
2024-03-10 03:00:00,-0.9,79,-4.1,0.0,7.0,348,10.4,1015.0,172.3,120.1,1498.0,63.1,82.1,0.0
2024-03-10 04:00:00,-1.5,81,-4.3,0.0,8.4,350,13.0,1015.3,169.0,117.8,1431.0,60.6,80.7,1.0
2024-03-10 05:00:00,-1.8,80,-4.8,0.0,7.9,357,13.0,1015.6,166.2,115.9,1455.0,58.0,82.9,1.0
2024-03-10 06:00:00,-1.8,79,-4.9,0.0,8.0,355,12.2,1015.8,166.7,115.7,1695.0,54.8,92.3,1.0
2024-03-10 07:00:00,-1.4,77,-4.9,0.0,7.6,360,11.9,1016.4,190.5,132.2,2025.0,51.6,105.2,2.0
2024-03-10 08:00:00,1.3,65,-4.7,0.0,10.9,6,17.6,1016.6,261.7,181.6,2324.0,57.3,125.6,4.0
2024-03-10 09:00:00,4.1,57,-3.7,0.0,7.6,19,16.6,1017.1,212.8,146.7,2022.0,60.7,117.3,7.0
2024-03-10 10:00:00,6.2,51,-3.1,0.0,5.6,15,18.0,1017.0,167.2,115.3,1606.0,65.6,106.0,12.0
2024-03-10 11:00:00,7.8,48,-2.5,0.0,3.4,32,15.8,1016.5,162.5,112.5,1299.0,70.9,98.5,15.0
2024-03-10 12:00:00,9.6,44,-2.0,0.0,1.3,56,14.0,1015.5,162.5,112.7,1207.0,77.0,98.8,16.0
2024-03-10 13:00:00,11.1,40,-1.9,0.0,3.4,198,13.7,1014.7,165.3,114.3,1222.0,83.6,102.9,15.0
2024-03-10 14:00:00,12.1,39,-1.5,0.0,6.3,204,16.2,1013.6,168.1,115.9,1249.0,88.7,106.1,14.0
2024-03-10 15:00:00,12.4,40,-0.9,0.0,6.0,205,16.6,1012.5,170.4,117.1,1208.0,92.0,104.0,11.0
2024-03-10 16:00:00,12.5,41,-0.6,0.0,4.8,222,14.8,1012.2,170.9,117.1,1177.0,93.8,101.0,8.0
2024-03-10 17:00:00,11.7,48,1.0,0.0,3.0,256,11.9,1011.8,172.8,118.3,1295.0,93.4,105.5,5.0
2024-03-10 18:00:00,9.6,56,1.3,0.0,7.1,255,8.3,1011.5,208.6,143.9,1685.0,89.5,124.0,3.0
2024-03-10 19:00:00,7.8,61,0.8,0.0,7.5,235,8.6,1011.6,263.6,182.1,2224.0,83.5,150.1,1.0
2024-03-10 20:00:00,6.8,65,0.6,0.0,6.7,286,8.6,1011.6,280.3,194.2,2448.0,84.3,147.6,0.0
2024-03-10 21:00:00,5.8,66,0.1,0.0,5.0,330,6.1,1012.8,291.5,201.6,2547.0,81.8,156.9,0.0
2024-03-10 22:00:00,4.6,72,0.0,0.0,5.5,349,6.1,1012.4,297.1,205.8,2679.0,78.3,168.8,0.0
2024-03-10 23:00:00,2.9,81,0.0,0.0,5.5,328,8.3,1012.3,307.3,213.3,2738.0,75.2,171.3,0.0
2024-03-11 00:00:00,2.2,84,-0.2,0.0,5.2,344,8.3,1011.7,304.5,210.9,2691.0,73.1,157.2,0.0
2024-03-11 01:00:00,1.6,83,-0.9,0.0,10.1,4,15.1,1011.2,281.3,195.1,2573.0,71.4,133.7,0.0
2024-03-11 02:00:00,1.1,82,-1.5,0.0,7.3,340,15.5,1010.5,242.1,167.6,2380.0,69.8,110.3,0.0
2024-03-11 03:00:00,1.0,80,-2.0,0.0,9.7,356,14.4,1010.3,193.2,133.6,2055.0,68.5,88.0,0.0
2024-03-11 04:00:00,0.8,77,-2.8,0.0,11.2,2,17.3,1009.9,150.4,103.4,1656.0,67.3,65.8,1.0
2024-03-11 05:00:00,0.2,75,-3.8,0.0,9.4,353,17.3,1009.9,117.8,80.3,1354.0,64.7,50.8,2.0
2024-03-11 06:00:00,-0.2,68,-5.3,0.0,10.1,6,15.5,1010.2,101.7,69.2,1257.0,59.9,48.4,3.0
2024-03-11 07:00:00,-0.5,68,-5.8,0.0,13.5,16,19.4,1010.9,107.6,72.6,1256.0,53.7,53.2,5.0
2024-03-11 08:00:00,2.3,60,-4.6,0.0,16.2,21,24.8,1011.8,133.2,79.6,1170.0,44.6,52.3,6.0
2024-03-11 09:00:00,6.1,49,-3.8,0.0,13.6,11,24.1,1012.0,126.2,76.8,995.0,40.0,46.8,16.0
2024-03-11 10:00:00,9.5,36,-4.9,0.0,14.7,22,27.7,1012.2,120.6,64.3,750.0,33.4,39.0,31.0
2024-03-11 11:00:00,12.2,26,-6.9,0.0,15.2,31,28.8,1012.3,107.8,56.8,544.0,27.0,31.2,45.0
2024-03-11 12:00:00,13.9,20,-8.6,0.0,13.8,28,29.2,1012.1,85.7,45.6,418.0,20.6,23.5,57.0
2024-03-11 13:00:00,14.6,21,-7.6,0.0,13.2,29,28.1,1011.5,65.9,32.5,331.0,14.5,15.8,68.0
2024-03-11 14:00:00,15.1,20,-7.8,0.0,12.2,34,27.0,1011.1,53.8,24.7,273.0,11.1,10.3,75.0
2024-03-11 15:00:00,15.2,19,-8.1,0.0,9.4,23,25.2,1011.0,46.3,20.4,222.0,10.6,7.0,79.0
2024-03-11 16:00:00,15.2,18,-8.6,0.0,9.9,350,20.2,1011.0,42.0,19.3,200.0,12.9,5.9,78.0
2024-03-11 17:00:00,14.5,20,-8.2,0.0,11.7,326,20.5,1011.1,38.4,19.7,258.0,20.4,9.4,71.0
2024-03-11 18:00:00,12.1,25,-7.2,0.0,8.9,320,19.1,1011.8,63.8,42.1,472.0,37.9,21.5,50.0
2024-03-11 19:00:00,10.4,27,-7.9,0.0,10.9,352,16.9,1013.1,97.8,67.1,766.0,60.6,38.0,22.0
2024-03-11 20:00:00,9.4,28,-8.1,0.0,13.5,34,19.4,1014.3,55.8,37.0,570.0,67.6,30.8,20.0
2024-03-11 21:00:00,9.1,31,-7.4,0.0,20.3,354,29.2,1015.6,52.6,36.2,565.0,63.0,31.0,23.0
2024-03-11 22:00:00,7.7,35,-6.8,0.0,19.5,2,33.8,1017.0,52.3,36.2,562.0,56.8,31.6,26.0
2024-03-11 23:00:00,7.0,32,-8.4,0.0,10.9,8,29.5,1018.3,62.4,43.3,585.0,52.4,33.7,27.0
2024-03-12 00:00:00,5.5,35,-8.9,0.0,8.0,355,16.6,1018.8,83.1,57.6,669.0,52.1,39.7,23.0
2024-03-12 01:00:00,4.0,34,-10.6,0.0,8.2,345,11.9,1019.2,102.2,70.8,780.0,53.8,47.3,16.0
2024-03-12 02:00:00,3.6,29,-12.6,0.0,9.2,339,13.0,1019.8,106.9,74.3,841.0,54.2,50.7,11.0
2024-03-12 03:00:00,3.8,26,-13.8,0.0,10.4,346,15.8,1020.0,100.6,70.3,793.0,51.7,45.2,10.0
2024-03-12 04:00:00,2.5,30,-13.4,0.0,9.4,353,15.8,1020.1,87.5,61.0,695.0,48.0,35.6,10.0
2024-03-12 05:00:00,0.9,36,-12.6,0.0,9.7,358,14.8,1020.3,74.7,52.3,648.0,45.0,30.0,11.0
2024-03-12 06:00:00,-0.8,43,-11.8,0.0,9.4,7,15.1,1020.5,69.6,48.7,734.0,43.9,34.0,9.0
2024-03-12 07:00:00,-1.5,48,-11.1,0.0,8.7,5,14.4,1021.0,82.9,57.9,872.0,43.5,42.1,7.0
2024-03-12 08:00:00,0.8,44,-10.2,0.0,8.3,358,15.5,1021.5,104.1,72.6,839.0,41.0,43.4,10.0
2024-03-12 09:00:00,4.2,39,-8.4,0.0,1.5,284,11.9,1022.1,107.6,74.7,689.0,35.9,36.6,26.0
2024-03-12 10:00:00,7.1,32,-8.6,0.0,1.3,236,11.2,1021.6,82.4,56.3,482.0,28.9,27.1,48.0
2024-03-12 11:00:00,9.6,25,-9.4,0.0,2.9,210,14.0,1020.9,59.8,40.2,326.0,23.1,19.8,66.0
2024-03-12 12:00:00,11.5,21,-10.1,0.0,5.1,225,17.3,1020.2,50.8,33.9,271.0,19.4,16.7,75.0
2024-03-12 13:00:00,12.6,18,-10.8,0.0,8.1,212,20.5,1018.6,47.0,31.4,267.0,17.0,15.8,79.0
2024-03-12 14:00:00,13.6,17,-11.4,0.0,12.8,212,25.9,1016.9,45.8,30.5,274.0,16.4,15.5,80.0
2024-03-12 15:00:00,13.8,17,-10.8,0.0,16.7,205,30.6,1015.6,46.2,30.6,269.0,16.9,14.4,80.0
2024-03-12 16:00:00,13.6,18,-10.4,0.0,18.0,209,31.7,1014.8,48.9,32.0,276.0,19.3,13.8,78.0
2024-03-12 17:00:00,13.2,20,-9.4,0.0,18.6,212,31.3,1014.4,53.7,35.0,323.0,26.5,16.5,69.0
2024-03-12 18:00:00,11.7,24,-8.1,0.0,15.5,208,29.2,1014.3,69.2,46.0,448.0,43.5,25.2,49.0
2024-03-12 19:00:00,10.7,26,-8.1,0.0,16.6,214,26.6,1014.4,85.7,57.3,614.0,65.3,37.2,23.0
2024-03-12 20:00:00,9.1,30,-7.8,0.0,14.4,217,26.3,1014.6,106.2,71.5,839.0,81.2,51.3,2.0
2024-03-12 21:00:00,7.9,34,-6.9,0.0,13.2,215,20.5,1014.9,111.1,74.5,847.0,78.4,52.4,3.0
2024-03-12 22:00:00,7.1,37,-6.7,0.0,14.1,212,21.2,1015.0,109.7,73.6,855.0,74.5,53.8,5.0
2024-03-12 23:00:00,6.5,39,-6.3,0.0,13.9,217,22.0,1014.7,105.5,71.0,848.0,70.2,52.9,6.0
2024-03-13 00:00:00,5.3,44,-6.0,0.0,11.7,223,21.6,1014.2,97.6,65.7,810.0,65.6,47.9,7.0
2024-03-13 01:00:00,3.5,51,-5.8,0.0,7.8,236,17.6,1013.8,89.4,60.3,756.0,60.6,40.8,8.0
2024-03-13 02:00:00,2.0,56,-5.8,0.0,6.6,248,11.5,1013.8,82.0,55.4,712.0,56.6,34.9,8.0
2024-03-13 03:00:00,0.8,61,-5.9,0.0,5.4,266,9.7,1013.3,75.7,51.2,668.0,54.3,30.3,7.0
2024-03-13 04:00:00,-0.4,65,-6.2,0.0,3.9,304,7.9,1013.1,71.0,48.4,635.0,52.9,26.9,4.0
2024-03-13 05:00:00,-0.9,66,-6.5,0.0,5.5,337,7.2,1013.0,70.3,48.1,673.0,51.3,28.1,3.0
2024-03-13 06:00:00,-0.7,63,-6.9,0.0,6.5,354,9.4,1012.8,75.9,52.3,871.0,48.9,38.5,3.0
2024-03-13 07:00:00,-0.2,59,-7.2,0.0,8.3,355,12.2,1013.0,102.4,71.0,1141.0,46.2,53.5,3.0
2024-03-13 08:00:00,2.2,49,-7.4,0.0,10.8,356,18.0,1013.6,123.4,86.4,1213.0,51.4,60.2,7.0
2024-03-13 09:00:00,6.3,40,-6.4,0.0,6.6,13,15.5,1013.8,112.2,78.2,1038.0,50.7,55.7,14.0
2024-03-13 10:00:00,9.7,32,-6.2,0.0,6.9,28,17.6,1013.6,81.3,56.0,794.0,49.5,49.1,24.0
2024-03-13 11:00:00,12.9,25,-6.8,0.0,7.5,35,19.4,1013.4,78.5,51.9,590.0,46.5,42.1,35.0
2024-03-13 12:00:00,15.1,21,-6.8,0.0,3.6,37,19.4,1012.8,89.2,45.5,468.0,39.8,34.3,46.0
2024-03-13 13:00:00,16.8,20,-6.6,0.0,2.5,188,15.1,1012.0,109.9,34.2,386.0,31.4,26.1,58.0
2024-03-13 14:00:00,17.8,18,-6.9,0.0,7.4,203,18.7,1010.9,118.7,31.7,331.0,25.7,19.5,65.0
2024-03-13 15:00:00,18.3,17,-7.1,0.0,8.5,208,19.8,1010.3,110.4,28.8,244.0,23.9,12.4,68.0
2024-03-13 16:00:00,18.5,17,-6.8,0.0,11.1,205,20.9,1009.9,96.2,25.4,184.0,25.0,7.0,67.0
2024-03-13 17:00:00,17.8,19,-6.4,0.0,13.1,201,23.0,1010.0,84.8,25.6,308.0,30.0,12.2,60.0
2024-03-13 18:00:00,14.4,25,-5.6,0.0,8.2,203,20.5,1010.1,138.8,75.2,815.0,42.5,39.2,42.0
2024-03-13 19:00:00,11.4,32,-4.8,0.0,9.2,225,13.7,1010.7,201.2,125.7,1508.0,59.0,76.8,18.0
2024-03-13 20:00:00,10.4,36,-4.1,0.0,10.7,237,16.2,1011.4,204.9,137.4,2026.0,70.1,104.8,0.0
2024-03-13 21:00:00,11.4,30,-5.8,0.0,11.4,257,20.5,1011.8,187.7,126.7,1883.0,68.7,93.8,0.0
2024-03-13 22:00:00,9.2,31,-6.9,0.0,9.2,296,16.9,1012.2,154.1,104.1,1677.0,66.7,78.1,0.0
2024-03-13 23:00:00,7.2,34,-7.8,0.0,8.7,312,14.0,1012.9,131.8,89.4,1460.0,64.1,63.0,0.0
2024-03-14 00:00:00,5.4,36,-8.6,0.0,7.9,330,13.3,1013.0,107.1,72.9,1229.0,60.8,49.2,2.0
2024-03-14 01:00:00,4.8,38,-8.5,0.0,9.8,354,14.8,1013.3,86.1,58.4,988.0,57.1,35.9,4.0
2024-03-14 02:00:00,4.9,36,-8.9,0.0,9.8,354,15.5,1013.3,70.5,47.7,794.0,53.6,26.3,6.0
2024-03-14 03:00:00,3.5,38,-9.4,0.0,9.2,349,14.8,1012.9,60.1,40.4,655.0,50.6,21.3,7.0
2024-03-14 04:00:00,2.3,40,-9.9,0.0,10.5,354,16.2,1012.9,54.0,36.3,564.0,48.0,19.9,8.0
2024-03-14 05:00:00,2.1,41,-9.9,0.0,11.9,360,18.7,1013.3,52.2,34.9,559.0,45.7,22.0,8.0
2024-03-14 06:00:00,1.5,45,-9.2,0.0,10.5,6,18.4,1013.7,56.0,37.6,718.0,43.8,29.8,7.0
2024-03-14 07:00:00,1.3,46,-8.9,0.0,11.2,2,16.6,1014.1,79.9,54.2,962.0,42.2,41.1,6.0
2024-03-14 08:00:00,3.9,39,-8.9,0.0,9.7,356,18.7,1014.3,94.8,63.1,946.0,43.5,44.1,9.0
2024-03-14 09:00:00,7.6,36,-6.6,0.0,2.4,297,15.8,1014.6,90.3,57.3,839.0,43.2,45.4,18.0
2024-03-14 10:00:00,10.9,29,-6.5,0.0,0.7,360,10.8,1014.6,79.6,44.7,690.0,42.8,47.1,30.0
2024-03-14 11:00:00,13.5,25,-6.0,0.0,2.5,180,13.3,1013.9,74.7,40.2,577.0,42.0,47.7,41.0
2024-03-14 12:00:00,16.1,22,-5.7,0.0,7.3,189,19.4,1013.1,66.4,34.9,536.0,40.5,46.6,50.0
2024-03-14 13:00:00,18.1,21,-4.8,0.0,10.0,195,23.0,1012.1,66.1,34.3,529.0,38.6,44.4,58.0
2024-03-14 14:00:00,19.5,19,-4.6,0.0,13.8,195,26.6,1010.8,67.5,34.8,521.0,36.9,41.2,64.0
2024-03-14 15:00:00,20.2,18,-4.8,0.0,16.9,204,31.0,1009.8,68.2,35.0,484.0,33.4,35.2,71.0
2024-03-14 16:00:00,20.4,18,-4.5,0.0,18.7,210,31.7,1009.2,71.0,36.7,445.0,30.2,28.3,77.0
2024-03-14 17:00:00,19.5,21,-3.2,0.0,17.7,218,32.0,1009.0,75.7,41.7,454.0,34.0,26.1,74.0
2024-03-14 18:00:00,17.0,26,-2.5,0.0,14.1,218,27.7,1008.9,88.7,54.2,556.0,52.1,33.3,54.0
2024-03-14 19:00:00,14.6,30,-3.0,0.0,12.9,216,22.0,1009.4,99.0,62.9,706.0,77.2,45.3,25.0
2024-03-14 20:00:00,12.9,32,-3.2,0.0,12.8,218,19.8,1010.0,121.5,78.7,955.0,98.1,59.8,3.0
2024-03-14 21:00:00,13.0,34,-2.4,0.0,16.2,217,24.5,1010.3,121.5,78.7,943.0,93.5,59.5,5.0
2024-03-14 22:00:00,12.6,36,-2.3,0.0,18.4,215,28.1,1010.8,115.9,75.2,924.0,86.9,58.7,8.0
2024-03-14 23:00:00,12.1,37,-2.3,0.0,20.6,213,31.7,1010.8,109.7,71.0,891.0,79.3,55.8,11.0
2024-03-15 00:00:00,11.5,39,-2.1,0.0,19.9,215,32.0,1011.1,99.2,63.8,831.0,69.9,48.9,16.0
2024-03-15 01:00:00,10.5,42,-1.9,0.0,17.3,222,30.6,1011.2,89.6,57.4,757.0,59.6,39.9,22.0
2024-03-15 02:00:00,9.2,47,-1.6,0.0,12.6,233,26.6,1011.6,82.0,52.5,700.0,52.1,32.8,24.0
2024-03-15 03:00:00,7.1,54,-1.5,0.0,8.2,255,19.4,1011.6,75.4,48.5,658.0,49.7,28.4,20.0
2024-03-15 04:00:00,4.8,63,-1.7,0.0,6.9,276,12.2,1011.5,71.2,45.8,633.0,50.2,25.9,13.0
2024-03-15 05:00:00,3.5,68,-1.9,0.0,4.6,315,9.0,1011.8,70.3,45.2,659.0,50.5,26.9,8.0
2024-03-15 06:00:00,2.8,72,-1.8,0.0,6.8,342,7.9,1012.0,73.8,47.4,788.0,49.2,33.7,5.0
2024-03-15 07:00:00,3.3,72,-1.2,0.0,5.7,325,8.6,1012.6,92.7,60.3,968.0,47.7,44.0,4.0
2024-03-15 08:00:00,6.1,60,-1.2,0.0,6.9,351,13.3,1013.3,174.6,113.6,1454.0,52.7,67.2,4.0
2024-03-15 09:00:00,10.1,52,0.6,0.0,4.7,356,13.0,1014.2,156.5,99.0,1293.0,54.2,67.4,12.0
2024-03-15 10:00:00,12.6,46,1.1,0.0,5.2,16,15.8,1014.4,154.1,93.6,1070.0,56.3,67.7,24.0
2024-03-15 11:00:00,14.8,41,1.7,0.0,2.4,63,15.8,1013.9,162.1,98.5,900.0,57.3,67.5,37.0
2024-03-15 12:00:00,17.0,39,3.0,0.0,4.3,156,15.8,1013.3,169.0,103.4,844.0,57.0,67.5,51.0
2024-03-15 13:00:00,19.0,42,5.7,0.0,7.6,175,20.2,1012.4,173.2,106.4,840.0,55.7,67.1,67.0
2024-03-15 14:00:00,20.6,39,6.0,0.0,11.5,184,24.1,1011.4,169.5,103.8,819.0,53.0,63.7,81.0
2024-03-15 15:00:00,21.5,32,4.2,0.0,14.6,189,27.7,1010.6,155.1,93.4,732.0,45.4,53.5,96.0
2024-03-15 16:00:00,21.9,27,2.2,0.0,15.5,192,27.7,1010.2,134.6,79.6,627.0,36.4,40.2,110.0
2024-03-15 17:00:00,21.1,28,1.7,0.0,16.6,193,27.7,1009.9,122.9,73.6,578.0,36.6,32.7,110.0
2024-03-15 18:00:00,18.6,34,2.5,0.0,13.0,178,26.3,1010.1,122.0,75.9,639.0,55.7,36.5,84.0
2024-03-15 19:00:00,16.1,41,2.8,0.0,12.9,167,20.5,1010.6,125.7,80.6,757.0,83.9,46.0,43.0
2024-03-15 20:00:00,15.4,36,0.4,0.0,17.2,170,25.6,1011.4,119.0,77.5,810.0,96.2,50.6,19.0
2024-03-15 21:00:00,14.2,34,-1.6,0.0,16.3,188,29.9,1012.6,115.9,75.9,821.0,94.1,52.6,16.0
2024-03-15 22:00:00,12.6,37,-1.7,0.0,12.8,196,25.6,1012.8,112.9,74.5,835.0,90.9,55.2,11.0
2024-03-15 23:00:00,11.8,39,-1.5,0.0,11.3,202,19.8,1012.7,113.4,75.2,834.0,86.8,55.2,8.0
2024-03-16 00:00:00,10.4,44,-1.2,0.0,7.6,175,16.9,1012.8,109.7,73.1,801.0,81.1,50.1,7.0
2024-03-16 01:00:00,9.8,47,-0.9,0.0,10.0,139,15.5,1012.3,105.5,70.1,752.0,74.5,42.6,7.0
2024-03-16 02:00:00,9.2,52,-0.1,0.0,9.7,112,16.6,1011.9,104.3,69.2,720.0,68.9,37.0,7.0
2024-03-16 03:00:00,8.4,62,1.5,0.0,6.6,81,14.8,1011.3,105.5,69.6,704.0,65.5,35.0,6.0
2024-03-16 04:00:00,8.1,68,2.7,0.0,5.2,34,10.1,1010.7,108.0,71.0,704.0,63.1,34.9,4.0
2024-03-16 05:00:00,7.8,70,2.7,0.0,7.6,5,12.2,1010.5,111.1,72.6,756.0,60.4,37.0,3.0
2024-03-16 06:00:00,7.4,70,2.2,0.0,9.4,2,15.5,1010.5,115.3,75.7,914.0,56.6,42.1,1.0
2024-03-16 07:00:00,7.3,67,1.7,0.0,8.7,7,15.1,1011.2,129.9,85.9,1122.0,52.6,49.2,0.0
2024-03-16 08:00:00,7.2,71,2.3,0.2,8.7,5,17.3,1011.8,160.7,106.9,1337.0,46.1,60.3,2.0
2024-03-16 09:00:00,8.8,64,2.2,0.0,2.3,39,11.5,1012.6,157.9,103.1,1254.0,48.3,66.0,10.0
2024-03-16 10:00:00,9.4,61,2.3,0.0,1.1,108,9.0,1012.6,157.9,102.4,1130.0,50.8,73.0,21.0
2024-03-16 11:00:00,13.0,50,2.8,0.0,5.4,184,15.5,1012.3,152.7,97.1,962.0,48.6,71.5,35.0
2024-03-16 12:00:00,16.9,39,3.0,0.0,6.8,267,18.0,1011.6,133.2,76.6,705.0,36.8,53.0,56.0
2024-03-16 13:00:00,19.8,16,-7.1,0.0,32.5,309,52.9,1010.7,69.2,28.6,404.0,20.3,26.0,79.0
2024-03-16 14:00:00,20.0,13,-9.8,0.0,32.3,308,56.5,1010.1,38.1,12.0,191.0,8.7,6.2,96.0
2024-03-16 15:00:00,20.0,10,-12.4,0.0,30.2,308,54.4,1009.8,30.6,7.9,136.0,6.3,1.1,100.0
2024-03-16 16:00:00,19.0,10,-13.9,0.0,31.8,309,51.5,1010.3,37.8,9.3,168.0,8.8,3.2,98.0
2024-03-16 17:00:00,17.6,9,-15.4,0.0,27.6,311,51.8,1011.2,46.3,11.9,207.0,12.7,6.2,92.0
2024-03-16 18:00:00,16.0,12,-13.2,0.0,23.8,308,43.6,1012.4,47.8,16.4,233.0,18.3,8.6,83.0
2024-03-16 19:00:00,14.4,11,-16.1,0.0,23.2,312,37.1,1013.8,59.8,20.4,266.0,25.4,11.8,72.0
2024-03-16 20:00:00,12.8,13,-14.6,0.0,19.3,315,38.5,1015.6,65.0,19.2,281.0,25.7,13.3,64.0
2024-03-16 21:00:00,11.6,19,-11.0,0.0,19.2,355,27.0,1017.8,61.0,17.7,276.0,23.5,12.9,64.0
2024-03-16 22:00:00,9.9,22,-11.1,0.0,30.9,8,49.0,1019.9,46.2,14.9,268.0,20.4,12.4,63.0
2024-03-16 23:00:00,8.6,21,-12.8,0.0,29.0,6,48.2,1021.4,32.2,12.9,257.0,17.5,11.7,64.0
2024-03-17 00:00:00,7.8,19,-14.2,0.0,28.5,2,45.7,1021.7,22.3,11.0,239.0,14.9,10.7,67.0
2024-03-17 01:00:00,7.2,21,-14.0,0.0,27.8,355,44.6,1022.3,17.4,10.0,219.0,12.7,9.5,71.0
2024-03-17 02:00:00,6.7,22,-13.3,0.0,26.6,347,43.6,1022.6,15.2,9.5,207.0,11.8,9.1,72.0
2024-03-17 03:00:00,6.2,24,-12.9,0.0,26.0,346,41.8,1022.2,14.1,9.2,196.0,12.5,9.1,69.0
2024-03-17 04:00:00,5.7,25,-12.8,0.0,24.5,343,40.7,1022.4,14.4,9.6,193.0,14.6,9.8,63.0
2024-03-17 05:00:00,5.0,26,-12.9,0.0,21.0,348,38.5,1022.7,17.1,11.6,234.0,19.0,12.7,55.0
2024-03-17 06:00:00,4.0,28,-12.9,0.0,9.4,7,32.4,1023.8,24.5,16.8,375.0,29.0,20.7,40.0
2024-03-17 07:00:00,3.2,31,-12.3,0.0,6.9,84,14.0,1024.8,45.3,31.3,560.0,41.2,31.0,21.0
2024-03-17 08:00:00,4.8,27,-12.5,0.0,13.7,87,22.0,1025.6,51.2,34.3,555.0,46.3,31.1,18.0
2024-03-17 09:00:00,6.7,28,-10.6,0.0,14.2,74,26.6,1025.9,28.1,17.9,460.0,37.1,25.7,35.0
2024-03-17 10:00:00,8.4,24,-11.2,0.0,12.1,67,26.6,1025.4,22.9,13.3,330.0,24.4,18.4,59.0
2024-03-17 11:00:00,9.9,18,-13.1,0.0,9.4,67,25.2,1025.0,22.9,12.0,239.0,15.6,13.6,77.0
2024-03-17 12:00:00,11.4,14,-15.0,0.0,7.2,96,22.7,1023.6,23.0,11.8,223.0,14.1,13.6,82.0
2024-03-17 13:00:00,12.3,13,-15.5,0.0,10.4,146,24.1,1021.8,24.2,12.7,246.0,16.3,16.2,81.0
2024-03-17 14:00:00,13.1,14,-14.1,0.0,10.1,174,24.8,1019.8,26.0,14.4,272.0,19.3,18.6,78.0
2024-03-17 15:00:00,13.6,13,-14.4,0.0,16.3,185,30.2,1018.2,27.5,15.9,288.0,21.3,19.7,76.0
2024-03-17 16:00:00,13.6,11,-15.9,0.0,20.5,191,35.6,1017.2,27.8,16.5,307.0,24.1,20.7,72.0
2024-03-17 17:00:00,13.1,11,-16.4,0.0,22.5,200,36.7,1016.4,27.1,16.4,332.0,29.0,22.4,65.0
2024-03-17 18:00:00,11.9,13,-15.6,0.0,16.8,203,36.7,1016.2,28.6,18.5,369.0,38.7,25.8,53.0
2024-03-17 19:00:00,10.4,14,-15.9,0.0,17.9,195,27.7,1016.3,33.6,22.8,412.0,50.6,30.0,38.0
2024-03-17 20:00:00,9.7,15,-15.8,0.0,21.1,197,33.1,1016.5,38.3,24.4,435.0,56.2,32.8,24.0
2024-03-17 21:00:00,8.8,20,-12.8,0.0,18.4,191,29.5,1017.7,37.6,25.5,432.0,53.7,32.6,25.0
2024-03-17 22:00:00,7.8,23,-12.0,0.0,17.7,185,28.8,1017.4,38.1,26.1,428.0,50.3,32.2,26.0
2024-03-17 23:00:00,6.9,26,-11.1,0.0,17.7,192,28.1,1017.0,39.1,27.0,434.0,48.7,32.1,25.0
2024-03-18 00:00:00,6.2,28,-10.9,0.0,13.9,197,27.7,1016.6,41.6,28.8,452.0,50.9,32.2,19.0
2024-03-18 01:00:00,4.2,35,-9.9,0.0,11.6,210,21.6,1016.3,47.3,32.7,480.0,54.9,32.4,11.0
2024-03-18 02:00:00,5.4,30,-10.6,0.0,2.2,351,13.0,1016.4,57.3,39.7,515.0,57.4,33.0,4.0
2024-03-18 03:00:00,2.4,40,-9.9,0.0,7.3,351,10.1,1015.6,67.3,46.6,542.0,56.8,33.3,1.0
2024-03-18 04:00:00,1.1,47,-8.9,0.0,11.9,3,18.7,1015.0,72.2,49.9,576.0,54.7,34.0,0.0
2024-03-18 05:00:00,0.6,50,-8.6,0.0,9.4,4,18.4,1015.1,69.8,48.4,662.0,52.0,37.0,0.0
2024-03-18 06:00:00,0.2,52,-8.5,0.0,8.0,8,14.8,1015.2,72.4,50.2,880.0,49.0,45.2,0.0
2024-03-18 07:00:00,0.6,51,-8.3,0.0,10.9,17,15.5,1015.0,105.7,73.3,1150.0,45.6,55.7,0.0
2024-03-18 08:00:00,3.2,43,-8.1,0.0,12.6,13,22.0,1015.4,128.1,88.7,1325.0,43.7,66.8,4.0
2024-03-18 09:00:00,5.4,42,-6.6,0.0,9.8,36,22.3,1016.3,96.9,65.4,1131.0,41.9,63.5,12.0
2024-03-18 10:00:00,7.5,37,-6.2,0.0,10.5,63,23.0,1015.7,84.1,56.7,863.0,39.5,58.8,23.0
2024-03-18 11:00:00,9.6,33,-6.1,0.0,10.1,73,24.5,1014.6,84.1,52.9,655.0,37.6,54.3,33.0
2024-03-18 12:00:00,11.8,29,-5.8,0.0,7.6,98,23.4,1013.3,85.7,45.9,568.0,36.2,50.2,40.0
2024-03-18 13:00:00,13.8,25,-5.8,0.0,7.4,141,20.9,1011.6,83.6,37.7,542.0,35.3,46.3,46.0
2024-03-18 14:00:00,15.2,23,-5.8,0.0,9.7,165,22.3,1009.9,88.7,34.2,531.0,36.2,43.6,49.0
2024-03-18 15:00:00,15.9,21,-6.1,0.0,11.6,187,24.5,1008.8,114.6,38.6,495.0,39.9,41.5,47.0
2024-03-18 16:00:00,16.0,22,-5.8,0.0,12.0,201,24.5,1008.2,134.6,43.1,475.0,45.3,40.6,43.0
2024-03-18 17:00:00,15.6,21,-6.8,0.0,11.0,199,23.0,1007.9,141.1,46.6,543.0,51.0,43.3,36.0
2024-03-18 18:00:00,13.4,26,-5.8,0.0,6.9,231,18.4,1008.2,142.0,72.9,827.0,59.1,55.3,24.0
2024-03-18 19:00:00,12.3,25,-7.1,0.0,10.7,256,28.4,1009.1,189.5,109.4,1201.0,67.4,70.9,11.0
2024-03-18 20:00:00,12.7,13,-15.1,0.0,33.8,308,48.6,1010.7,53.6,16.2,235.0,15.4,7.6,74.0
2024-03-18 21:00:00,10.6,20,-11.3,0.0,28.4,324,54.0,1014.6,52.0,13.7,230.0,14.4,7.8,75.0
2024-03-18 22:00:00,9.3,20,-12.6,0.0,28.0,325,46.4,1015.4,40.2,11.6,222.0,12.9,8.0,77.0
2024-03-18 23:00:00,8.1,17,-15.3,0.0,27.4,332,43.9,1016.3,34.1,10.5,215.0,11.6,8.0,78.0
2024-03-19 00:00:00,6.9,17,-16.5,0.0,21.9,337,42.8,1016.9,31.4,9.3,206.0,9.7,7.3,79.0
2024-03-19 01:00:00,5.9,18,-16.5,0.0,20.1,336,34.6,1017.5,31.5,9.0,198.0,8.0,6.4,79.0
2024-03-19 02:00:00,4.7,20,-16.4,0.0,14.1,341,31.7,1017.7,33.6,9.2,203.0,8.9,6.8,76.0
2024-03-19 03:00:00,3.0,23,-16.0,0.0,8.4,335,22.0,1017.2,35.0,10.1,207.0,14.0,8.8,67.0
2024-03-19 04:00:00,1.2,27,-15.6,0.0,11.7,315,13.7,1016.8,34.9,12.8,224.0,21.8,12.2,54.0
2024-03-19 05:00:00,0.9,27,-16.0,0.0,11.9,299,13.7,1016.8,39.8,19.2,302.0,29.8,17.8,42.0
2024-03-19 06:00:00,0.9,27,-16.0,0.0,10.3,282,14.0,1016.8,55.2,31.9,529.0,39.8,29.1,28.0
2024-03-19 07:00:00,1.1,36,-12.1,0.0,8.3,270,11.5,1017.0,95.0,60.8,818.0,50.1,42.6,15.0
2024-03-19 08:00:00,4.7,25,-13.6,0.0,9.4,247,15.1,1017.3,126.7,67.8,1000.0,49.6,51.6,10.0
2024-03-19 09:00:00,9.0,18,-13.9,0.0,12.5,224,22.3,1017.1,133.6,41.3,773.0,38.1,39.1,28.0
2024-03-19 10:00:00,11.0,15,-14.4,0.0,19.9,221,34.2,1016.2,123.4,22.0,460.0,22.2,21.8,52.0
2024-03-19 11:00:00,13.2,13,-14.4,0.0,20.9,251,42.8,1015.8,69.6,16.1,229.0,10.1,8.9,71.0
2024-03-19 12:00:00,14.4,11,-15.9,0.0,35.4,316,60.1,1015.1,33.2,11.0,161.0,5.6,4.6,80.0
2024-03-19 13:00:00,14.9,10,-16.0,0.0,38.6,321,67.0,1014.0,22.9,8.6,174.0,4.9,4.6,83.0
2024-03-19 14:00:00,15.5,9,-17.9,0.0,33.9,319,63.4,1013.6,17.2,6.9,193.0,5.2,5.4,84.0
2024-03-19 15:00:00,15.4,8,-18.6,0.0,30.1,320,56.9,1013.6,12.7,5.6,190.0,5.2,5.6,84.0
2024-03-19 16:00:00,14.8,8,-19.1,0.0,29.2,331,50.8,1014.2,10.5,5.2,193.0,6.2,6.6,82.0
2024-03-19 17:00:00,13.6,9,-19.1,0.0,30.5,352,48.2,1015.0,11.6,5.6,207.0,9.5,8.6,78.0
2024-03-19 18:00:00,11.2,12,-17.2,0.0,31.3,2,49.0,1016.6,15.8,8.2,227.0,16.0,11.6,70.0
2024-03-19 19:00:00,9.9,12,-18.2,0.0,32.1,2,50.4,1018.5,21.1,11.9,259.0,24.9,15.7,60.0
2024-03-19 20:00:00,9.1,13,-18.2,0.0,30.2,360,50.4,1020.1,24.9,14.3,308.0,26.0,17.5,59.0
2024-03-19 21:00:00,8.6,16,-15.6,0.0,23.3,8,42.5,1021.7,27.4,17.8,380.0,38.6,22.3,44.0
2024-03-19 22:00:00,7.4,17,-15.9,0.0,18.9,14,36.7,1022.3,36.9,25.0,481.0,56.0,28.9,23.0
2024-03-19 23:00:00,6.2,19,-15.9,0.0,14.2,21,29.5,1022.9,49.5,34.3,568.0,68.3,34.2,7.0
2024-03-20 00:00:00,4.6,21,-15.8,0.0,9.3,28,22.3,1023.4,58.8,41.0,627.0,71.0,36.5,2.0
2024-03-20 01:00:00,3.3,24,-15.6,0.0,8.6,33,14.0,1023.5,65.4,45.6,672.0,68.8,37.5,2.0
2024-03-20 02:00:00,2.4,25,-15.4,0.0,8.8,35,13.7,1023.4,68.7,47.7,704.0,65.3,38.7,3.0
2024-03-20 03:00:00,0.4,31,-14.8,0.0,9.3,62,12.6,1023.2,70.5,48.9,709.0,61.3,40.8,4.0
2024-03-20 04:00:00,-0.6,35,-14.4,0.0,9.8,73,11.5,1023.3,73.3,50.8,701.0,56.2,43.2,5.0
2024-03-20 05:00:00,0.9,29,-15.2,0.0,5.0,111,11.5,1023.6,76.6,52.6,718.0,51.8,45.4,7.0
2024-03-20 06:00:00,-2.0,37,-14.6,0.0,7.4,231,9.0,1024.1,78.7,53.4,809.0,49.6,47.9,8.0
2024-03-20 07:00:00,-0.3,35,-13.9,0.0,7.6,225,10.8,1024.6,87.8,58.8,925.0,48.1,50.1,9.0
2024-03-20 08:00:00,2.9,30,-12.9,0.0,9.3,208,16.6,1024.6,96.6,62.4,997.0,43.6,48.4,12.0
2024-03-20 09:00:00,6.8,25,-12.1,0.0,7.2,198,16.2,1023.9,85.2,45.4,842.0,39.6,46.2,22.0
2024-03-20 10:00:00,9.4,20,-12.8,0.0,13.8,221,26.3,1023.1,74.3,28.5,627.0,34.0,43.0,36.0
2024-03-20 11:00:00,11.2,17,-12.9,0.0,16.8,222,32.0,1022.1,67.8,22.9,462.0,28.9,39.3,48.0
2024-03-20 12:00:00,12.4,16,-12.9,0.0,17.3,216,33.5,1020.3,58.8,20.1,398.0,24.8,34.9,55.0
2024-03-20 13:00:00,13.4,15,-12.9,0.0,18.8,212,35.6,1018.8,49.1,18.1,384.0,21.2,30.1,59.0
2024-03-20 14:00:00,14.1,15,-12.5,0.0,20.1,213,36.7,1016.9,41.7,17.4,378.0,19.3,26.4,62.0
2024-03-20 15:00:00,14.6,15,-12.1,0.0,20.7,211,37.1,1015.2,37.5,17.9,357.0,18.4,23.5,64.0
2024-03-20 16:00:00,14.6,15,-11.8,0.0,22.2,212,37.4,1014.0,36.6,19.7,343.0,19.2,21.7,65.0
2024-03-20 17:00:00,14.1,16,-11.6,0.0,23.8,215,38.9,1013.0,36.1,21.0,362.0,24.8,22.9,59.0
2024-03-20 18:00:00,12.9,18,-11.1,0.0,17.7,213,38.5,1012.6,41.6,27.1,436.0,39.9,29.3,42.0
2024-03-20 19:00:00,10.9,20,-11.1,0.0,17.1,202,28.1,1012.5,50.8,34.2,543.0,59.8,38.6,20.0
2024-03-20 20:00:00,9.7,22,-10.9,0.0,15.9,198,27.4,1012.3,60.3,42.0,715.0,74.7,49.9,3.0
2024-03-20 21:00:00,8.4,28,-8.9,0.0,13.3,199,20.9,1013.2,67.1,46.2,738.0,74.0,52.0,3.0
2024-03-20 22:00:00,7.7,30,-8.9,0.0,13.4,204,20.9,1012.7,71.0,48.8,768.0,72.9,54.9,2.0
2024-03-20 23:00:00,6.8,31,-8.9,0.0,11.9,205,20.9,1012.2,70.1,48.0,783.0,71.2,56.1,2.0
2024-03-21 00:00:00,5.7,34,-9.0,0.0,8.9,201,18.0,1011.6,65.9,44.9,764.0,68.7,53.8,2.0
2024-03-21 01:00:00,4.6,37,-9.0,0.0,8.0,198,13.7,1010.8,65.4,44.7,731.0,65.7,49.9,1.0
2024-03-21 02:00:00,3.3,42,-8.5,0.0,10.3,205,13.0,1010.1,69.2,47.4,718.0,62.8,48.0,1.0
2024-03-21 03:00:00,5.2,35,-9.1,0.0,4.3,180,11.5,1009.1,74.5,51.1,734.0,60.5,50.2,0.0
2024-03-21 04:00:00,3.0,42,-8.7,0.0,3.7,11,4.7,1008.2,79.9,54.9,771.0,58.3,54.4,0.0
2024-03-21 05:00:00,0.9,48,-8.8,0.0,6.0,17,9.0,1007.8,87.1,60.1,843.0,56.0,58.4,0.0
2024-03-21 06:00:00,0.2,50,-8.9,0.0,5.9,11,9.0,1007.4,96.6,66.8,1008.0,53.5,62.2,1.0
2024-03-21 07:00:00,0.8,49,-8.8,0.0,9.4,7,13.7,1007.3,122.9,85.2,1209.0,50.9,65.7,2.0
2024-03-21 08:00:00,3.0,42,-8.7,0.0,10.0,13,18.4,1006.8,135.0,92.9,1313.0,56.9,68.5,6.0
2024-03-21 09:00:00,6.2,38,-7.3,0.0,7.6,25,18.7,1007.1,110.6,73.1,1120.0,53.3,64.4,13.0
2024-03-21 10:00:00,8.6,33,-6.8,0.0,6.9,47,18.0,1006.3,99.9,64.0,853.0,48.4,58.6,23.0
2024-03-21 11:00:00,11.0,30,-6.1,0.0,5.8,60,19.8,1004.7,99.2,62.2,653.0,44.5,53.4,32.0
2024-03-21 12:00:00,11.9,31,-4.8,0.0,3.3,103,18.4,1003.9,104.3,64.0,584.0,42.0,49.5,40.0
2024-03-21 13:00:00,10.8,40,-2.3,1.0,4.2,149,15.1,1002.5,109.2,66.4,580.0,40.7,46.2,47.0
2024-03-21 14:00:00,12.1,37,-2.0,0.0,3.9,112,14.4,1000.8,112.2,67.8,589.0,42.1,43.8,49.0
2024-03-21 15:00:00,12.9,36,-1.9,0.0,3.1,69,15.5,999.3,113.4,68.2,571.0,47.7,41.6,45.0
2024-03-21 16:00:00,13.4,35,-1.8,0.0,1.9,68,12.2,998.2,114.1,68.5,565.0,56.1,40.3,36.0
2024-03-21 17:00:00,13.2,36,-1.6,0.0,4.8,243,9.0,997.7,116.2,70.3,633.0,65.0,42.2,27.0
2024-03-21 18:00:00,11.8,41,-1.1,0.0,4.8,243,9.7,997.7,130.4,82.4,847.0,75.0,50.6,17.0
2024-03-21 19:00:00,10.6,47,-0.3,0.0,4.8,138,7.6,997.6,155.1,100.4,1135.0,85.6,62.3,7.0
2024-03-21 20:00:00,10.0,51,0.4,0.0,7.6,87,11.2,997.9,181.1,117.6,1300.0,92.1,60.2,0.0
2024-03-21 21:00:00,7.7,58,-0.1,0.0,4.7,9,9.7,999.6,202.6,131.3,1393.0,93.9,57.5,1.0
2024-03-21 22:00:00,7.4,60,0.2,0.0,6.3,24,9.4,999.4,221.2,143.4,1517.0,96.0,53.5,2.0
2024-03-21 23:00:00,6.5,74,2.2,0.1,8.9,14,14.0,999.5,227.7,147.1,1581.0,95.5,49.4,2.0
2024-03-22 00:00:00,5.7,78,2.1,0.0,8.0,18,14.8,998.8,206.3,134.1,1527.0,90.0,44.5,2.0
2024-03-22 01:00:00,4.8,78,1.4,0.0,9.0,358,13.7,998.8,186.3,122.0,1413.0,81.9,39.4,1.0
2024-03-22 02:00:00,3.8,81,0.9,0.0,7.7,349,13.7,998.2,168.6,111.3,1318.0,74.9,37.2,0.0
2024-03-22 03:00:00,3.6,80,0.5,0.0,9.4,353,11.9,997.5,159.7,105.7,1268.0,71.0,40.1,0.0
2024-03-22 04:00:00,2.7,83,0.1,0.0,9.4,337,11.9,997.4,153.7,102.0,1237.0,68.1,45.8,0.0
2024-03-22 05:00:00,2.0,84,-0.4,0.0,6.4,313,10.8,997.6,145.3,96.6,1230.0,64.3,50.5,0.0
2024-03-22 06:00:00,1.0,89,-0.5,0.0,6.1,332,9.0,997.9,137.8,92.9,1289.0,57.9,53.4,1.0
2024-03-22 07:00:00,1.8,85,-0.4,0.0,7.9,330,11.5,999.0,142.5,97.3,1372.0,50.6,55.3,3.0
2024-03-22 08:00:00,4.7,72,0.1,0.0,5.1,274,14.0,999.6,171.8,115.9,1580.0,43.9,68.8,5.0
2024-03-22 09:00:00,8.5,56,0.2,0.0,5.6,207,14.8,1000.4,152.7,98.7,1324.0,44.7,63.4,14.0
2024-03-22 10:00:00,12.4,45,0.9,0.0,8.0,207,19.4,1000.4,149.5,82.4,966.0,45.3,55.5,28.0
2024-03-22 11:00:00,16.7,34,0.6,0.0,7.7,221,20.2,1000.1,125.7,48.8,657.0,42.2,45.7,43.0
2024-03-22 12:00:00,20.4,15,-7.1,0.0,13.8,285,27.4,999.8,75.9,24.3,445.0,31.7,32.3,62.0
2024-03-22 13:00:00,21.4,13,-8.1,0.0,24.8,311,42.5,999.2,43.3,14.3,282.0,17.5,17.1,83.0
2024-03-22 14:00:00,22.0,11,-9.6,0.0,25.5,306,45.0,999.0,26.6,9.8,175.0,7.8,6.3,97.0
2024-03-22 15:00:00,22.5,8,-13.1,0.0,22.8,308,43.9,998.9,19.1,8.4,117.0,4.2,1.7,103.0
2024-03-22 16:00:00,22.1,9,-12.9,0.0,20.5,308,39.2,998.9,16.6,8.3,114.0,5.0,1.6,103.0
2024-03-22 17:00:00,21.5,8,-13.9,0.0,16.1,297,34.9,999.0,16.5,9.0,198.0,13.2,6.8,93.0
2024-03-22 18:00:00,18.4,11,-12.6,0.0,10.1,276,25.6,999.7,25.0,16.2,426.0,35.4,20.9,65.0
2024-03-22 19:00:00,14.6,14,-12.3,0.0,10.1,287,15.8,1000.5,58.1,40.2,740.0,65.0,40.3,27.0
2024-03-22 20:00:00,12.1,20,-9.9,0.0,8.2,331,13.7,1001.5,80.3,55.1,903.0,84.2,47.0,0.0
2024-03-22 21:00:00,13.8,22,-7.5,0.0,4.3,246,6.5,1002.2,79.4,54.8,926.0,80.7,48.6,0.0
2024-03-22 22:00:00,10.0,30,-6.8,0.0,6.2,306,7.2,1002.9,80.8,55.9,959.0,75.7,50.8,0.0
2024-03-22 23:00:00,9.9,30,-6.9,0.0,6.3,329,9.0,1003.7,85.9,59.5,983.0,71.2,52.1,0.0
2024-03-23 00:00:00,9.1,33,-6.4,0.0,7.9,360,11.2,1004.8,92.9,64.3,1000.0,67.7,51.6,1.0
2024-03-23 01:00:00,7.9,35,-6.7,0.0,8.3,2,12.2,1005.1,98.3,68.2,1010.0,64.6,50.2,1.0
2024-03-23 02:00:00,7.3,34,-7.4,0.0,10.5,6,15.8,1005.3,97.8,68.0,993.0,62.2,48.6,2.0
2024-03-23 03:00:00,6.9,33,-8.1,0.0,11.2,356,17.3,1005.5,91.3,63.6,907.0,61.1,45.9,2.0
2024-03-23 04:00:00,6.8,33,-8.3,0.0,10.1,358,16.9,1006.0,80.6,55.9,794.0,60.8,43.1,2.0
2024-03-23 05:00:00,6.6,34,-8.4,0.0,7.2,360,15.8,1006.8,71.7,49.8,762.0,59.6,43.2,2.0
2024-03-23 06:00:00,5.9,35,-8.4,0.0,7.6,5,11.9,1007.5,71.9,50.1,911.0,56.4,49.7,2.0
2024-03-23 07:00:00,6.6,34,-8.2,0.0,9.5,9,14.4,1008.4,99.4,69.4,1141.0,52.4,59.3,2.0
2024-03-23 08:00:00,8.9,30,-7.6,0.0,9.4,7,16.9,1009.1,129.5,90.3,1300.0,47.6,63.5,6.0
2024-03-23 09:00:00,12.2,29,-5.4,0.0,9.7,42,20.2,1010.1,73.3,50.3,1095.0,47.4,58.7,17.0
2024-03-23 10:00:00,14.2,27,-4.7,0.0,9.5,37,21.6,1010.4,66.8,44.2,814.0,47.0,51.9,32.0
2024-03-23 11:00:00,16.2,26,-3.5,0.0,8.9,47,22.3,1010.0,78.2,50.5,610.0,45.5,45.6,50.0
2024-03-23 12:00:00,18.2,25,-2.3,0.0,6.5,71,22.0,1009.3,83.8,53.3,550.0,40.6,40.0,74.0
2024-03-23 13:00:00,20.0,24,-1.2,0.0,5.6,117,19.1,1008.4,85.7,53.6,568.0,34.7,34.9,100.0
2024-03-23 14:00:00,21.2,23,-0.8,0.0,7.0,159,18.0,1007.9,90.3,54.7,615.0,34.0,31.8,116.0
2024-03-23 15:00:00,22.1,20,-1.8,0.0,9.7,195,20.2,1007.3,96.6,56.8,655.0,41.2,31.2,116.0
2024-03-23 16:00:00,21.7,20,-2.2,0.0,8.9,212,20.2,1007.5,102.7,60.5,724.0,53.6,32.6,106.0
2024-03-23 17:00:00,20.1,36,4.5,0.0,6.2,249,15.5,1007.9,119.7,74.3,889.0,69.7,36.1,93.0
2024-03-23 18:00:00,19.3,27,-0.2,0.0,7.2,273,7.6,1008.4,148.5,96.4,1192.0,94.0,43.0,75.0
2024-03-23 19:00:00,16.8,30,-0.8,0.0,8.4,110,7.9,1009.2,187.2,124.3,1591.0,122.0,52.0,55.0
2024-03-23 20:00:00,16.0,33,-0.3,0.0,13.8,139,21.2,1010.2,258.0,175.6,2035.0,165.0,80.7,0.0
2024-03-23 21:00:00,14.2,38,0.2,0.0,10.8,159,22.7,1010.1,319.4,217.9,2494.0,152.9,78.6,14.0
2024-03-23 22:00:00,12.9,43,0.6,0.0,7.2,183,16.6,1010.8,387.4,265.4,3134.0,135.7,75.5,34.0
2024-03-23 23:00:00,11.9,44,0.2,0.0,4.1,52,7.9,1011.4,441.4,302.7,3660.0,119.3,71.2,48.0
2024-03-24 00:00:00,9.9,51,0.3,0.0,7.1,75,10.4,1011.9,462.9,317.6,3978.0,104.9,64.7,53.0
2024-03-24 01:00:00,9.4,54,0.6,0.0,10.1,94,15.1,1012.6,475.0,326.0,4182.0,91.2,57.0,52.0
2024-03-24 02:00:00,8.6,58,0.8,0.0,6.1,90,15.8,1013.0,474.0,325.0,4266.0,80.6,51.2,48.0
2024-03-24 03:00:00,8.2,60,1.0,0.0,4.9,54,9.0,1013.1,457.3,312.9,4198.0,74.0,48.8,40.0
2024-03-24 04:00:00,8.7,59,1.2,0.0,6.9,51,10.8,1013.6,431.2,295.2,4009.0,70.4,48.3,29.0
2024-03-24 05:00:00,8.3,62,1.4,0.0,7.2,37,11.2,1014.3,410.7,279.4,3790.0,68.8,48.8,20.0
2024-03-24 06:00:00,8.1,63,1.5,0.0,6.6,9,11.2,1014.9,383.7,258.0,3612.0,71.4,51.7,13.0
2024-03-24 07:00:00,8.4,62,1.5,0.0,7.6,360,13.0,1015.9,350.2,235.2,3404.0,76.0,55.6,7.0
2024-03-24 08:00:00,9.4,58,1.5,0.0,5.2,16,12.6,1016.6,295.2,197.0,2763.0,78.5,56.1,10.0
2024-03-24 09:00:00,11.1,45,-0.3,0.0,4.2,70,10.8,1016.6,235.6,153.7,2183.0,66.3,47.9,24.0
2024-03-24 10:00:00,12.2,33,-3.7,0.0,9.3,103,18.7,1017.3,141.1,90.6,1382.0,49.5,36.6,42.0
2024-03-24 11:00:00,11.9,30,-5.4,0.0,9.3,103,19.1,1017.8,99.2,63.8,769.0,37.5,28.1,55.0
2024-03-24 12:00:00,12.1,28,-5.9,0.0,9.5,119,20.2,1017.7,74.3,47.8,523.0,34.2,25.1,56.0
2024-03-24 13:00:00,11.9,30,-5.3,0.0,7.2,143,19.4,1017.2,62.4,40.0,465.0,35.7,25.0,51.0
2024-03-24 14:00:00,11.3,33,-4.3,0.2,2.3,162,15.8,1017.2,58.2,37.1,464.0,39.7,25.9,44.0
2024-03-24 15:00:00,10.9,35,-3.9,0.2,2.6,56,8.3,1016.9,60.1,38.2,482.0,46.8,26.5,36.0
2024-03-24 16:00:00,10.1,55,1.4,0.5,4.9,36,8.3,1016.8,66.6,42.4,556.0,56.4,28.2,27.0
2024-03-24 17:00:00,9.1,65,3.0,1.2,5.2,25,8.6,1016.7,81.5,53.1,670.0,64.3,33.2,19.0
2024-03-24 18:00:00,8.6,64,2.3,0.8,3.1,21,10.1,1016.6,97.3,64.3,828.0,68.7,43.7,15.0
2024-03-24 19:00:00,7.9,79,4.6,0.3,1.8,349,5.0,1016.9,112.9,75.0,1025.0,71.4,57.5,13.0
2024-03-24 20:00:00,7.8,73,3.2,0.1,1.6,243,2.2,1017.5,157.9,107.6,1301.0,61.3,67.0,18.0
2024-03-24 21:00:00,8.1,86,5.8,0.1,1.6,63,5.4,1017.6,136.0,92.4,1313.0,63.4,69.3,14.0
2024-03-24 22:00:00,7.7,88,5.9,0.2,3.1,126,5.0,1017.7,138.8,94.3,1326.0,66.2,72.2,8.0
2024-03-24 23:00:00,7.3,91,5.9,0.2,6.5,183,9.7,1018.0,161.6,110.8,1313.0,68.3,72.6,4.0
2024-03-25 00:00:00,6.9,92,5.8,0.2,8.8,199,13.7,1017.8,139.2,95.7,1243.0,69.2,67.7,2.0
2024-03-25 01:00:00,6.7,93,5.7,0.1,9.2,211,14.4,1017.4,126.2,86.4,1147.0,69.5,60.3,1.0
2024-03-25 02:00:00,6.3,95,5.5,0.0,7.9,210,14.0,1016.4,117.8,80.8,1086.0,68.9,55.7,1.0
2024-03-25 03:00:00,5.9,95,5.2,0.0,7.6,211,12.6,1015.3,114.3,78.2,1076.0,67.3,56.6,1.0
2024-03-25 04:00:00,5.4,95,4.7,0.0,4.8,222,12.2,1014.7,115.5,79.4,1100.0,65.0,60.3,1.0
2024-03-25 05:00:00,4.7,96,4.1,0.0,5.8,263,9.0,1014.6,118.5,81.7,1175.0,62.4,63.8,2.0
2024-03-25 06:00:00,4.8,96,4.2,0.0,4.6,231,6.8,1015.1,125.7,87.1,1369.0,60.2,67.7,1.0
2024-03-25 07:00:00,5.1,96,4.4,0.0,2.9,300,5.0,1015.5,157.4,109.4,1613.0,57.9,71.3,1.0
2024-03-25 08:00:00,6.5,93,5.4,0.0,4.6,342,10.4,1016.1,143.4,99.7,1867.0,52.4,67.6,10.0
2024-03-25 09:00:00,8.8,85,6.3,0.0,5.1,39,14.8,1016.1,89.2,60.5,1651.0,48.0,58.2,36.0
2024-03-25 10:00:00,10.9,74,6.3,0.0,6.0,57,17.6,1015.4,79.4,51.3,1351.0,41.8,45.0,73.0
2024-03-25 11:00:00,13.1,58,5.1,0.0,8.7,5,20.5,1015.4,64.3,39.7,1104.0,36.2,34.1,101.0
2024-03-25 12:00:00,14.3,52,4.4,0.0,9.0,2,22.3,1014.7,56.9,34.1,964.0,31.5,27.5,113.0
2024-03-25 13:00:00,15.6,45,3.8,0.0,9.3,16,22.3,1013.7,57.2,34.0,877.0,27.4,23.0,118.0
2024-03-25 14:00:00,16.9,40,3.2,0.0,8.5,28,22.7,1012.6,55.6,33.1,819.0,25.6,20.3,119.0
2024-03-25 15:00:00,17.5,37,2.8,0.0,7.2,37,20.9,1011.9,54.0,32.1,776.0,24.9,18.5,121.0
2024-03-25 16:00:00,18.0,35,2.5,0.0,6.6,68,18.0,1011.4,55.4,33.5,763.0,26.6,18.4,120.0
2024-03-25 17:00:00,17.5,36,2.4,0.0,8.7,97,16.9,1011.5,61.2,37.8,798.0,35.7,22.2,109.0
2024-03-25 18:00:00,15.6,42,2.8,0.0,11.1,144,16.2,1012.2,77.5,50.3,916.0,60.2,32.8,77.0
2024-03-25 19:00:00,12.9,51,3.0,0.0,13.5,171,22.0,1013.0,100.4,66.4,1081.0,92.1,47.4,34.0
2024-03-25 20:00:00,11.2,58,3.2,0.0,9.1,173,20.2,1013.6,140.2,91.3,1180.0,105.3,57.0,2.0
2024-03-25 21:00:00,9.9,67,4.2,0.0,10.2,170,16.6,1014.4,152.3,99.7,1220.0,100.5,61.9,2.0
2024-03-25 22:00:00,8.9,73,4.2,0.0,7.9,180,15.8,1014.9,156.5,102.4,1270.0,93.5,68.3,1.0
2024-03-25 23:00:00,8.1,76,4.2,0.0,8.3,180,12.2,1015.3,155.5,101.7,1272.0,86.3,70.6,1.0
2024-03-26 00:00:00,7.6,77,3.9,0.0,10.1,178,15.1,1015.1,146.2,95.5,1179.0,78.7,64.7,2.0
2024-03-26 01:00:00,7.1,79,3.6,0.0,9.1,187,15.5,1015.1,136.4,88.7,1039.0,70.9,54.7,3.0
2024-03-26 02:00:00,5.9,84,3.5,0.0,8.8,189,13.7,1015.1,127.6,82.7,930.0,64.9,47.3,4.0
2024-03-26 03:00:00,6.2,81,3.2,0.0,7.7,191,12.6,1015.0,121.5,78.9,873.0,62.4,45.0,3.0
2024-03-26 04:00:00,6.4,81,3.3,0.0,3.1,291,8.6,1014.8,120.1,78.2,849.0,61.7,45.3,2.0
2024-03-26 05:00:00,3.4,93,2.4,0.0,7.2,354,7.6,1014.5,123.4,81.0,878.0,60.3,47.6,1.0
2024-03-26 06:00:00,3.3,96,2.7,0.0,5.8,7,9.0,1014.6,130.9,87.1,1022.0,57.0,53.4,1.0
2024-03-26 07:00:00,3.9,96,3.3,0.0,7.6,355,11.5,1015.2,165.3,112.2,1221.0,53.1,61.1,1.0
2024-03-26 08:00:00,5.2,90,3.8,0.0,5.0,360,13.3,1015.7,156.9,103.6,1005.0,62.0,62.8,6.0
2024-03-26 09:00:00,7.2,83,4.5,0.0,1.8,360,11.5,1016.7,152.7,100.1,961.0,58.7,63.5,12.0
2024-03-26 10:00:00,9.2,74,4.8,0.0,2.5,262,12.2,1016.7,148.5,96.9,898.0,53.8,64.2,21.0
2024-03-26 11:00:00,12.4,61,4.9,0.0,6.2,187,17.6,1016.2,142.0,92.4,832.0,48.5,62.6,33.0
2024-03-26 12:00:00,14.9,51,5.0,0.0,11.6,185,25.2,1014.9,132.2,85.7,761.0,42.0,56.6,50.0
2024-03-26 13:00:00,16.1,48,5.1,0.0,15.5,193,31.0,1013.6,122.0,77.3,686.0,35.0,48.2,69.0
2024-03-26 14:00:00,17.6,44,5.2,0.0,17.0,201,32.0,1012.2,116.6,72.6,630.0,30.6,41.3,84.0
2024-03-26 15:00:00,18.4,42,5.2,0.0,19.8,199,35.3,1010.7,112.5,69.6,588.0,28.3,36.2,93.0
2024-03-26 16:00:00,18.5,41,5.2,0.0,21.5,194,36.4,1009.7,111.1,68.7,564.0,28.7,32.5,97.0
2024-03-26 17:00:00,18.2,42,5.2,0.0,20.3,197,36.7,1009.0,115.5,69.2,598.0,36.0,32.7,91.0
2024-03-26 18:00:00,17.1,47,5.6,0.0,10.7,200,32.8,1008.9,113.4,71.5,715.0,56.7,40.0,66.0
2024-03-26 19:00:00,13.4,62,6.2,0.0,10.2,228,16.6,1009.5,122.9,80.3,890.0,84.4,51.1,31.0
2024-03-26 20:00:00,13.8,60,6.1,0.0,12.2,180,18.4,1009.3,127.1,85.9,938.0,98.5,52.9,9.0
2024-03-26 21:00:00,10.8,73,6.1,0.0,10.2,108,15.1,1011.9,155.1,104.8,1157.0,99.0,52.9,6.0
2024-03-26 22:00:00,9.1,78,5.3,0.0,7.9,87,16.2,1011.9,180.7,122.9,1465.0,99.4,52.7,2.0
2024-03-26 23:00:00,7.7,81,4.6,0.0,5.5,58,11.9,1011.7,208.2,142.0,1727.0,97.6,50.9,0.0
2024-03-27 00:00:00,7.0,82,4.2,0.0,7.7,37,11.2,1011.5,220.3,150.9,1901.0,92.0,46.1,1.0
2024-03-27 01:00:00,6.6,82,3.8,0.0,10.0,30,15.1,1010.8,231.0,158.3,2031.0,84.3,39.8,3.0
2024-03-27 02:00:00,6.1,83,3.5,0.0,11.0,19,16.9,1010.0,236.1,161.6,2113.0,76.9,34.9,5.0
2024-03-27 03:00:00,5.6,85,3.3,0.0,10.6,18,17.3,1009.4,233.8,160.2,2130.0,70.2,32.2,6.0
2024-03-27 04:00:00,5.2,87,3.2,0.0,9.3,16,16.2,1008.7,230.0,157.4,2100.0,63.9,30.8,7.0
2024-03-27 05:00:00,4.9,88,3.2,0.0,10.4,14,16.2,1008.2,226.8,154.6,2068.0,59.4,31.3,8.0
2024-03-27 06:00:00,4.5,92,3.3,0.0,9.4,7,16.2,1008.3,222.1,151.8,2069.0,58.4,34.7,7.0
2024-03-27 07:00:00,5.6,87,3.5,0.0,10.2,10,16.2,1008.4,232.4,158.8,2068.0,59.2,40.0,6.0
2024-03-27 08:00:00,7.6,75,3.5,0.0,10.7,12,19.1,1008.2,265.4,180.2,2134.0,56.5,42.6,13.0
2024-03-27 09:00:00,10.4,69,4.9,0.0,7.2,37,17.3,1008.3,247.7,167.2,1925.0,54.0,45.2,28.0
2024-03-27 10:00:00,11.8,65,5.4,0.0,4.8,42,17.6,1007.5,228.2,153.2,1636.0,50.7,48.9,49.0
2024-03-27 11:00:00,13.1,62,5.9,0.0,4.4,35,15.1,1007.0,213.7,143.4,1414.0,49.7,52.3,65.0
2024-03-27 12:00:00,14.6,59,6.6,0.0,2.2,270,14.8,1006.2,212.3,140.6,1329.0,52.6,54.7,73.0
2024-03-27 13:00:00,17.4,52,7.4,0.0,9.0,247,19.8,1005.0,210.5,139.2,1310.0,57.7,56.7,77.0
2024-03-27 14:00:00,18.6,48,7.4,0.0,7.0,235,22.0,1003.0,215.6,141.6,1293.0,63.4,59.2,78.0
2024-03-27 15:00:00,18.3,50,7.7,0.0,10.5,344,19.8,1002.1,209.1,136.9,1204.0,68.4,60.2,76.0
2024-03-27 16:00:00,15.1,66,8.7,0.0,16.6,358,28.8,1001.4,199.3,129.5,1117.0,73.9,61.7,71.0
2024-03-27 17:00:00,13.9,68,8.1,0.0,12.9,18,29.9,1001.2,194.6,127.1,1189.0,81.6,69.9,61.0
2024-03-27 18:00:00,13.0,71,7.8,0.0,7.2,53,22.3,1000.4,220.7,147.1,1606.0,94.8,94.1,42.0
2024-03-27 19:00:00,10.4,85,8.1,0.0,5.0,21,11.5,1000.4,276.6,187.2,2183.0,110.3,125.1,17.0
2024-03-27 20:00:00,10.0,89,8.3,0.0,6.5,3,9.7,1001.0,338.1,231.9,2744.0,106.2,142.8,0.0
2024-03-27 21:00:00,8.2,96,7.6,1.0,6.9,9,19.4,1005.0,353.0,243.1,2641.0,105.5,124.3,0.0
2024-03-27 22:00:00,8.6,94,7.7,0.0,7.2,3,18.0,1005.1,289.6,197.4,2472.0,103.3,98.0,0.0
2024-03-27 23:00:00,7.2,94,6.3,0.0,8.8,9,13.3,1005.1,225.4,152.3,2153.0,93.5,72.4,0.0
2024-03-28 00:00:00,9.7,40,-3.2,0.0,27.9,336,37.1,1005.1,195.1,131.3,1535.0,68.5,48.2,27.0
2024-03-28 01:00:00,11.1,16,-13.6,0.0,30.8,327,55.4,1005.9,187.7,69.2,767.0,35.8,24.8,65.0
2024-03-28 02:00:00,9.6,16,-14.8,0.0,20.0,330,48.6,1006.5,161.6,36.6,214.0,11.9,8.5,91.0
2024-03-28 03:00:00,8.4,17,-15.4,0.0,20.1,339,31.7,1006.1,106.9,28.2,66.0,4.3,3.5,95.0
2024-03-28 04:00:00,7.6,15,-17.4,0.0,22.6,343,36.4,1006.0,72.2,23.1,133.0,5.5,5.7,87.0
2024-03-28 05:00:00,6.1,15,-19.0,0.0,16.9,344,35.3,1006.6,54.4,20.5,212.0,8.9,8.9,79.0
2024-03-28 06:00:00,5.1,16,-18.9,0.0,18.7,358,28.1,1006.9,47.4,20.3,248.0,14.4,11.8,72.0
2024-03-28 07:00:00,5.3,16,-18.5,0.0,22.0,350,34.6,1007.1,53.7,26.0,296.0,22.1,15.7,63.0
2024-03-28 08:00:00,6.8,16,-17.5,0.0,18.8,340,33.8,1007.7,83.4,36.7,440.0,35.9,22.9,39.0
2024-03-28 09:00:00,9.8,15,-16.0,0.0,18.5,333,34.9,1006.5,52.9,18.9,369.0,27.4,19.4,55.0
2024-03-28 10:00:00,11.1,12,-17.7,0.0,17.0,324,33.1,1006.0,30.7,13.9,272.0,15.7,14.7,76.0
2024-03-28 11:00:00,12.6,9,-19.4,0.0,23.4,316,41.4,1005.1,21.5,10.7,200.0,7.3,11.8,92.0
2024-03-28 12:00:00,13.9,9,-19.0,0.0,24.2,316,43.2,1004.1,17.6,9.5,178.0,5.0,12.3,97.0
2024-03-28 13:00:00,15.1,9,-17.9,0.0,25.7,318,45.4,1002.7,15.5,9.0,182.0,5.8,14.5,97.0
2024-03-28 14:00:00,15.9,9,-16.6,0.0,21.4,324,45.4,1000.8,14.9,9.1,191.0,7.7,16.7,96.0
2024-03-28 15:00:00,16.0,10,-15.6,0.0,5.2,326,37.8,999.1,14.9,9.6,157.0,8.1,16.1,97.0
2024-03-28 16:00:00,16.1,12,-13.2,0.0,7.1,131,15.5,997.7,16.9,10.2,129.0,9.4,15.5,96.0
2024-03-28 17:00:00,15.4,13,-13.2,0.0,16.1,56,24.1,996.1,25.4,12.5,227.0,16.9,21.2,87.0
2024-03-28 18:00:00,13.9,13,-14.1,0.0,13.8,15,34.9,996.0,55.6,33.9,602.0,36.9,41.2,61.0
2024-03-28 19:00:00,12.9,16,-12.6,0.0,13.6,127,20.5,995.2,113.9,77.1,1103.0,63.0,67.6,25.0
2024-03-28 20:00:00,10.4,21,-11.4,0.0,11.4,145,21.6,995.4,68.2,47.8,763.0,85.6,50.2,0.0
2024-03-28 21:00:00,9.9,24,-9.8,0.0,11.2,42,17.3,997.8,68.7,46.8,736.0,84.0,49.1,0.0
2024-03-28 22:00:00,9.2,26,-9.2,0.0,8.7,7,17.3,997.7,66.8,45.5,701.0,81.7,47.5,0.0
2024-03-28 23:00:00,8.1,31,-8.2,0.0,14.4,1,21.2,998.3,65.0,43.8,683.0,79.1,45.9,0.0
2024-03-29 00:00:00,8.6,30,-8.1,0.0,10.6,350,24.5,998.9,68.9,46.9,719.0,77.3,45.2,0.0
2024-03-29 01:00:00,6.8,34,-7.9,0.0,5.6,310,15.8,998.8,78.7,53.3,772.0,75.2,44.6,0.0
2024-03-29 02:00:00,6.9,33,-8.1,0.0,11.8,329,16.6,999.1,82.9,54.8,766.0,70.3,41.8,0.0
2024-03-29 03:00:00,7.6,28,-9.6,0.0,14.7,349,23.4,999.3,70.1,35.0,623.0,59.0,34.0,13.0
2024-03-29 04:00:00,4.2,37,-9.1,0.0,12.8,16,22.0,999.6,53.9,22.9,419.0,45.0,24.1,31.0
2024-03-29 05:00:00,3.8,40,-8.5,0.0,9.7,42,14.4,999.9,44.7,20.7,311.0,36.3,18.9,42.0
2024-03-29 06:00:00,4.7,34,-9.8,0.0,10.4,34,15.1,1000.2,46.4,25.0,415.0,39.8,24.1,37.0
2024-03-29 07:00:00,5.4,30,-10.8,0.0,8.7,42,15.5,1000.8,71.0,44.4,613.0,48.6,33.9,25.0
2024-03-29 08:00:00,7.9,27,-10.1,0.0,6.9,47,14.8,1001.7,94.8,57.0,859.0,46.8,40.5,15.0
2024-03-29 09:00:00,11.7,18,-12.2,0.0,9.1,56,21.2,1001.8,72.2,27.1,666.0,35.9,32.5,37.0
2024-03-29 10:00:00,14.4,15,-11.9,0.0,16.9,304,28.8,1001.8,53.0,19.2,400.0,20.9,21.4,68.0
2024-03-29 11:00:00,16.5,10,-15.4,0.0,26.5,288,46.1,1001.7,36.1,15.8,204.0,9.6,12.9,91.0
2024-03-29 12:00:00,17.9,10,-14.6,0.0,24.0,283,46.1,1001.8,24.2,12.8,146.0,5.6,9.3,99.0
2024-03-29 13:00:00,18.8,11,-12.4,0.0,22.1,292,42.8,1001.0,20.8,11.6,158.0,5.3,8.3,100.0
2024-03-29 14:00:00,19.6,11,-11.4,0.0,19.7,298,40.0,1000.0,19.5,11.5,176.0,6.2,7.9,99.0
2024-03-29 15:00:00,19.8,11,-11.1,0.0,14.1,283,36.0,999.3,18.8,11.5,150.0,5.6,5.9,101.0
2024-03-29 16:00:00,19.4,12,-10.9,0.0,5.4,262,27.4,999.0,19.2,12.0,131.0,6.3,4.6,100.0
2024-03-29 17:00:00,19.5,12,-11.1,0.0,4.3,42,14.8,998.7,20.4,13.1,200.0,13.7,8.6,91.0
2024-03-29 18:00:00,17.5,16,-8.5,0.0,15.2,144,21.6,998.5,29.9,20.3,433.0,35.1,22.3,63.0
2024-03-29 19:00:00,16.1,19,-7.8,0.0,9.7,138,25.6,998.3,63.8,44.5,756.0,63.2,41.4,27.0
2024-03-29 20:00:00,13.4,25,-6.3,0.0,7.8,236,14.4,1000.0,93.8,65.7,1036.0,83.3,52.6,0.0
2024-03-29 21:00:00,11.6,32,-4.8,0.0,8.4,245,16.9,1000.6,100.4,69.8,1171.0,80.5,63.7,0.0
2024-03-29 22:00:00,10.2,39,-3.2,0.0,7.2,267,10.8,1001.2,114.8,79.2,1345.0,76.5,78.2,0.0
2024-03-29 23:00:00,9.9,41,-2.9,0.0,5.1,309,9.0,1001.8,137.4,95.2,1384.0,72.1,82.8,0.0
2024-03-30 00:00:00,9.1,44,-2.5,0.0,7.2,3,16.2,1002.5,119.7,83.4,1159.0,67.6,67.8,5.0
2024-03-30 01:00:00,8.4,45,-2.8,0.0,9.3,324,12.2,1002.9,81.5,56.8,798.0,62.7,43.0,12.0
2024-03-30 02:00:00,8.2,41,-4.2,0.0,12.3,345,19.4,1004.2,47.4,30.0,512.0,58.0,24.1,17.0
2024-03-30 03:00:00,5.3,53,-3.5,0.0,8.7,5,19.1,1004.8,38.6,20.6,381.0,53.2,17.8,19.0
2024-03-30 04:00:00,4.2,58,-3.2,0.0,9.0,16,11.2,1005.2,37.3,19.8,324.0,48.4,17.4,19.0
2024-03-30 05:00:00,5.8,46,-5.1,0.0,10.6,18,14.4,1006.1,40.6,22.6,315.0,44.7,18.6,19.0
2024-03-30 06:00:00,8.1,28,-9.4,0.0,17.3,5,25.9,1007.3,48.0,27.6,380.0,43.5,21.2,17.0
2024-03-30 07:00:00,8.4,28,-9.2,0.0,14.6,16,28.1,1008.7,62.4,35.9,492.0,43.3,25.3,16.0
2024-03-30 08:00:00,9.4,30,-7.4,0.0,12.9,36,22.0,1009.5,63.1,33.9,515.0,39.9,24.3,22.0
2024-03-30 09:00:00,14.4,17,-10.1,0.0,16.3,43,28.4,1008.9,54.2,18.3,430.0,31.3,20.5,40.0
2024-03-30 10:00:00,15.4,15,-10.9,0.0,14.8,14,31.0,1009.0,42.0,16.5,313.0,19.5,15.1,64.0
2024-03-30 11:00:00,17.2,14,-10.4,0.0,12.4,338,28.8,1009.1,35.5,15.8,225.0,10.8,11.0,83.0
2024-03-30 12:00:00,19.3,11,-11.9,0.0,21.6,316,37.8,1008.3,30.0,14.7,195.0,8.0,9.2,92.0
2024-03-30 13:00:00,20.0,12,-10.4,0.0,24.2,318,43.6,1007.5,24.2,13.2,195.0,8.2,8.7,96.0
2024-03-30 14:00:00,21.0,13,-8.6,0.0,25.3,320,44.3,1006.4,18.9,11.6,198.0,9.4,8.3,98.0
2024-03-30 15:00:00,21.4,13,-8.0,0.0,22.2,324,44.6,1005.3,16.8,10.9,180.0,8.8,6.7,100.0
2024-03-30 16:00:00,21.8,13,-7.4,0.0,13.8,319,38.9,1004.4,16.9,10.8,166.0,9.1,5.3,99.0
2024-03-30 17:00:00,21.0,15,-7.1,0.0,8.8,235,25.2,1004.1,19.6,12.0,208.0,16.0,7.6,89.0
2024-03-30 18:00:00,19.1,18,-5.8,0.0,14.8,198,23.4,1004.2,41.1,27.1,365.0,36.4,17.0,62.0
2024-03-30 19:00:00,16.9,20,-6.1,0.0,15.5,179,22.3,1003.9,80.1,54.4,578.0,63.3,30.1,25.0
2024-03-30 20:00:00,15.9,21,-6.3,0.0,16.3,194,29.2,1004.7,65.7,44.1,757.0,82.1,43.5,2.0
2024-03-30 21:00:00,13.8,26,-5.7,0.0,15.7,169,27.4,1005.3,62.2,39.9,712.0,77.1,42.3,12.0
2024-03-30 22:00:00,12.1,30,-4.9,0.0,10.9,172,24.1,1005.6,64.3,41.1,650.0,70.0,40.5,25.0
2024-03-30 23:00:00,10.4,35,-4.3,0.0,7.6,177,16.6,1005.6,65.4,42.3,603.0,63.3,38.2,34.0
2024-03-31 00:00:00,9.4,38,-4.3,0.0,9.1,146,13.0,1005.6,63.1,41.2,579.0,57.0,34.8,37.0
2024-03-31 01:00:00,8.9,37,-5.1,0.0,9.5,127,17.3,1005.3,63.6,42.1,571.0,51.0,30.8,35.0
2024-03-31 02:00:00,7.8,38,-5.6,0.0,8.9,104,14.8,1004.7,68.9,46.1,587.0,47.6,28.1,32.0
2024-03-31 03:00:00,6.1,43,-5.7,0.0,7.1,66,13.7,1004.8,75.4,51.0,634.0,49.0,27.3,25.0
2024-03-31 04:00:00,5.4,46,-5.2,0.0,6.1,28,9.7,1004.9,83.4,56.6,706.0,52.9,27.8,15.0
2024-03-31 05:00:00,5.5,48,-4.6,0.0,12.9,13,20.5,1005.5,89.2,61.0,790.0,55.3,29.0,9.0
2024-03-31 06:00:00,5.1,50,-4.4,0.0,10.0,26,19.4,1006.1,94.3,64.7,914.0,54.6,31.5,7.0
2024-03-31 07:00:00,5.7,50,-4.0,0.0,9.8,28,15.5,1006.6,107.6,73.8,1050.0,52.3,34.8,9.0
2024-03-31 08:00:00,7.8,43,-4.2,0.0,10.3,25,19.1,1007.0,125.3,85.2,1157.0,47.7,36.4,35.0
2024-03-31 09:00:00,10.1,39,-3.4,0.0,8.7,45,19.4,1007.4,122.0,78.7,1039.0,42.0,35.0,53.0
2024-03-31 10:00:00,12.2,33,-3.6,0.0,10.3,54,23.4,1006.9,105.5,66.4,876.0,34.3,33.0,78.0
2024-03-31 11:00:00,14.4,28,-3.7,0.0,8.6,68,23.4,1006.1,98.5,61.2,742.0,28.9,31.9,97.0
2024-03-31 12:00:00,16.4,25,-3.8,0.0,8.1,103,22.3,1004.8,92.4,55.4,670.0,27.6,32.3,104.0
2024-03-31 13:00:00,18.1,22,-3.7,0.0,7.1,114,22.0,1004.0,87.5,50.2,628.0,28.6,33.4,104.0
2024-03-31 14:00:00,19.6,21,-3.5,0.0,9.3,144,22.3,1002.8,83.6,45.4,599.0,31.2,34.6,101.0
2024-03-31 15:00:00,20.4,21,-2.8,0.0,10.7,166,23.4,1002.1,80.1,42.4,559.0,34.4,34.6,96.0
2024-03-31 16:00:00,20.6,21,-2.7,0.0,13.0,178,24.8,1001.5,78.9,41.9,530.0,39.2,34.7,88.0
2024-03-31 17:00:00,20.2,21,-2.6,0.0,10.0,167,24.5,1001.6,78.9,43.1,567.0,47.5,37.6,74.0
2024-03-31 18:00:00,18.0,32,1.1,0.0,7.0,159,17.6,1002.2,84.3,51.6,715.0,63.0,46.3,50.0
2024-03-31 19:00:00,15.1,34,-0.8,0.0,8.9,111,9.4,1002.8,100.1,64.3,928.0,82.1,57.9,21.0
2024-03-31 20:00:00,13.6,38,-0.6,0.0,10.2,113,12.2,1004.0,109.7,72.2,1138.0,95.5,65.9,0.0
2024-03-31 21:00:00,13.1,41,0.0,0.0,7.6,93,11.9,1004.3,118.5,78.9,1144.0,93.7,64.4,0.0
2024-03-31 22:00:00,11.4,47,0.6,0.0,9.7,86,10.8,1004.9,115.7,78.0,1148.0,90.9,62.0,0.0
2024-03-31 23:00:00,10.7,50,0.8,0.0,8.3,72,11.2,1005.5,115.3,78.0,1118.0,86.6,58.2,0.0
2024-04-01 00:00:00,9.3,56,0.9,0.0,8.2,67,9.4,1006.3,109.2,73.8,1022.0,79.4,51.3,2.0
2024-04-01 01:00:00,8.9,56,0.6,0.0,8.3,85,12.2,1007.1,99.7,67.1,892.0,70.8,43.1,5.0
2024-04-01 02:00:00,7.4,61,0.4,0.0,6.7,74,13.7,1007.3,92.2,61.5,791.0,64.3,37.8,6.0
2024-04-01 03:00:00,6.1,67,0.3,0.0,5.7,18,9.7,1007.5,89.2,59.1,750.0,62.4,38.0,4.0
2024-04-01 04:00:00,6.2,64,-0.2,0.0,7.1,30,10.8,1007.6,88.5,58.3,737.0,62.7,41.2,1.0
2024-04-01 05:00:00,5.5,62,-1.3,0.0,5.6,27,11.2,1008.0,90.8,59.5,724.0,61.7,44.3,1.0
2024-04-01 06:00:00,5.1,60,-2.0,0.0,5.7,18,8.6,1008.9,97.1,63.6,705.0,58.2,47.0,4.0
2024-04-01 07:00:00,6.5,53,-2.3,0.0,7.4,14,10.8,1009.8,120.1,79.6,685.0,53.3,49.7,10.0
2024-04-01 08:00:00,8.0,45,-3.3,0.0,5.6,50,13.3,1010.3,110.1,69.6,710.0,49.0,53.0,14.0
2024-04-01 09:00:00,10.2,35,-4.7,0.0,9.8,84,20.5,1010.5,93.1,57.0,608.0,42.8,47.1,26.0
2024-04-01 10:00:00,11.8,31,-4.9,0.0,11.5,88,24.1,1010.2,84.8,52.3,472.0,34.4,39.0,43.0
2024-04-01 11:00:00,13.0,28,-5.1,0.0,9.7,94,24.1,1009.7,78.5,48.8,399.0,28.2,33.4,56.0
2024-04-01 12:00:00,14.2,26,-5.3,0.0,10.0,105,23.0,1008.8,75.0,47.0,419.0,25.5,32.1,61.0
2024-04-01 13:00:00,15.3,23,-5.5,0.0,12.5,123,25.9,1007.3,73.6,46.3,502.0,25.1,33.3,62.0
2024-04-01 14:00:00,15.8,24,-4.8,0.0,14.5,138,28.8,1006.1,73.8,46.8,653.0,28.0,36.6,60.0
2024-04-01 15:00:00,15.5,25,-4.7,0.0,14.0,138,28.8,1005.4,75.2,47.8,901.0,35.7,42.2,54.0
2024-04-01 16:00:00,15.4,25,-4.5,0.0,11.2,135,26.3,1004.6,76.6,48.7,1218.0,46.6,49.9,44.0
2024-04-01 17:00:00,15.4,25,-4.4,0.0,12.2,135,21.6,1004.3,78.0,49.5,1525.0,57.3,58.0,34.0
2024-04-01 18:00:00,14.8,26,-4.7,0.0,11.2,132,22.0,1004.8,80.1,51.3,1818.0,67.7,67.1,22.0
2024-04-01 19:00:00,13.9,27,-4.8,0.0,10.3,119,18.0,1005.3,100.1,66.6,2100.0,77.8,76.7,9.0
2024-04-01 20:00:00,12.9,25,-6.5,0.0,14.3,102,21.2,1005.4,131.3,86.1,2192.0,75.5,78.3,0.0
2024-04-01 21:00:00,12.0,21,-9.9,0.0,13.4,95,20.9,1006.4,142.0,93.6,2194.0,74.2,79.9,0.0
2024-04-01 22:00:00,11.4,19,-11.6,0.0,12.3,69,21.2,1006.7,138.3,91.3,2192.0,72.3,81.7,0.0
2024-04-01 23:00:00,10.9,19,-11.7,0.0,12.1,78,19.4,1006.6,136.9,90.6,2160.0,70.3,80.8,0.0
2024-04-02 00:00:00,10.6,20,-11.4,0.0,8.2,61,18.4,1007.1,131.8,87.5,2070.0,68.1,74.6,0.0
2024-04-02 01:00:00,10.2,21,-11.2,0.0,8.4,25,13.0,1007.3,123.9,82.4,1950.0,65.7,65.6,0.0
2024-04-02 02:00:00,9.4,24,-10.4,0.0,8.6,2,13.3,1007.2,115.0,76.1,1861.0,63.5,58.3,0.0
2024-04-02 03:00:00,8.6,27,-9.1,0.0,9.5,349,14.4,1006.8,109.4,71.9,1822.0,62.2,54.1,0.0
2024-04-02 04:00:00,7.9,30,-8.6,0.0,11.6,344,17.6,1006.8,105.9,69.6,1815.0,61.1,51.5,0.0
2024-04-02 05:00:00,7.5,31,-8.6,0.0,11.1,335,18.0,1006.9,104.1,68.0,1845.0,59.0,50.6,0.0
2024-04-02 06:00:00,7.4,33,-8.0,0.0,9.4,342,16.9,1006.7,104.3,68.0,1971.0,54.9,52.7,0.0
2024-04-02 07:00:00,8.1,35,-6.6,0.0,10.0,334,14.8,1007.6,114.3,74.7,2135.0,49.8,56.5,0.0
2024-04-02 08:00:00,10.1,33,-5.3,0.0,11.4,13,20.2,1007.9,135.0,89.4,2195.0,44.3,58.4,3.0
2024-04-02 09:00:00,12.4,26,-6.8,0.0,12.1,10,23.4,1007.9,138.3,88.2,1941.0,41.1,56.8,13.0
2024-04-02 10:00:00,15.1,21,-7.1,0.0,10.3,12,24.5,1007.9,130.9,80.3,1584.0,36.7,54.4,28.0
2024-04-02 11:00:00,17.0,19,-6.6,0.0,10.2,32,23.8,1008.0,125.7,75.2,1275.0,32.5,50.7,42.0
2024-04-02 12:00:00,18.6,19,-5.5,0.0,10.7,48,24.8,1007.4,122.5,72.4,1066.0,28.6,44.5,56.0
2024-04-02 13:00:00,19.6,20,-3.8,0.0,8.7,73,24.8,1006.9,117.1,69.4,904.0,25.0,37.0,69.0
2024-04-02 14:00:00,20.3,20,-3.1,0.0,8.3,72,22.3,1005.6,112.7,66.4,777.0,23.4,31.1,79.0
2024-04-02 15:00:00,20.5,20,-3.3,0.0,7.7,79,21.6,1004.8,109.7,64.3,663.0,23.2,26.8,85.0
2024-04-02 16:00:00,20.5,19,-4.0,0.0,7.9,87,19.8,1004.3,109.7,63.8,583.0,25.1,24.2,87.0
2024-04-02 17:00:00,20.2,19,-4.3,0.0,7.0,102,18.0,1004.5,113.2,65.4,594.0,32.7,26.4,80.0
2024-04-02 18:00:00,19.4,21,-3.8,0.0,4.6,129,13.7,1004.5,122.9,73.6,767.0,51.9,37.4,56.0
2024-04-02 19:00:00,17.5,24,-3.5,0.0,6.0,155,8.6,1005.1,148.1,91.7,1029.0,76.9,53.2,24.0
2024-04-02 20:00:00,17.0,26,-2.5,0.0,9.9,170,14.0,1006.1,190.0,120.6,1288.0,89.1,68.3,0.0
2024-04-02 21:00:00,15.1,34,-0.6,0.0,15.2,175,22.7,1007.9,184.4,116.4,1224.0,85.8,65.1,0.0
2024-04-02 22:00:00,13.4,42,0.9,0.0,12.6,180,24.8,1008.3,158.3,99.9,1136.0,81.2,60.6,0.0
2024-04-02 23:00:00,12.5,47,1.5,0.0,9.5,189,19.8,1009.0,139.2,88.2,1071.0,76.7,57.5,0.0
2024-04-03 00:00:00,12.1,49,1.6,0.0,7.7,191,15.1,1009.8,128.5,82.4,1050.0,72.8,57.3,0.0
2024-04-03 01:00:00,11.8,50,1.5,0.0,5.7,215,11.9,1010.4,125.3,81.0,1051.0,69.1,58.5,0.0
2024-04-03 02:00:00,11.4,53,2.0,0.0,2.7,293,8.6,1010.7,129.9,84.8,1056.0,66.2,58.8,0.0
2024-04-03 03:00:00,11.3,52,1.8,0.0,4.7,351,7.2,1011.2,139.7,90.6,1078.0,64.8,57.9,0.0
2024-04-03 04:00:00,10.9,55,2.2,0.1,5.8,360,8.3,1011.5,137.4,88.5,1104.0,64.1,56.2,0.0
2024-04-03 05:00:00,10.6,59,3.0,0.1,9.2,334,14.0,1012.4,129.5,82.4,1072.0,62.5,52.4,0.0
2024-04-03 06:00:00,10.4,61,3.3,0.1,4.3,318,14.0,1012.9,116.4,72.4,938.0,60.1,45.0,3.0
2024-04-03 07:00:00,10.6,64,4.2,0.1,6.1,332,8.6,1013.3,95.2,59.5,747.0,56.8,35.4,9.0
2024-04-03 08:00:00,12.1,58,4.2,0.0,5.2,348,11.9,1013.9,138.3,88.2,1186.0,57.7,50.9,8.0
2024-04-03 09:00:00,16.0,24,-4.8,0.0,2.4,297,12.6,1013.3,61.9,36.0,909.0,44.5,38.9,28.0
2024-04-03 10:00:00,16.9,23,-4.2,0.0,4.3,48,14.4,1012.7,52.3,29.3,529.0,26.6,22.4,55.0
2024-04-03 11:00:00,17.8,23,-3.8,0.0,2.2,81,16.2,1012.4,54.0,29.9,261.0,14.5,11.3,75.0
2024-04-03 12:00:00,18.8,21,-3.8,0.0,8.0,207,20.5,1012.1,59.6,32.9,214.0,13.5,10.4,80.0
2024-04-03 13:00:00,19.4,22,-2.8,0.0,14.6,213,29.2,1011.4,65.7,36.8,280.0,18.4,14.8,77.0
2024-04-03 14:00:00,19.5,23,-2.0,0.0,12.7,223,29.9,1010.5,71.9,41.0,348.0,24.0,19.3,72.0
2024-04-03 15:00:00,20.3,22,-1.9,0.0,10.4,236,25.9,1009.7,78.2,45.5,380.0,28.5,22.0,67.0
2024-04-03 16:00:00,20.0,23,-2.0,0.0,18.1,226,31.0,1009.4,82.7,49.0,414.0,33.7,24.8,60.0
2024-04-03 17:00:00,19.0,24,-2.0,0.0,20.2,221,33.1,1009.0,84.3,50.9,452.0,40.5,28.0,50.0
2024-04-03 18:00:00,18.0,26,-1.8,0.0,19.8,213,34.2,1009.5,83.6,52.9,502.0,51.5,32.5,36.0
2024-04-03 19:00:00,16.4,28,-2.3,0.0,20.4,206,31.7,1010.1,81.5,53.2,555.0,64.0,37.5,19.0
2024-04-03 20:00:00,15.3,28,-2.9,0.0,23.7,208,37.1,1010.7,85.4,55.2,570.0,62.9,40.7,16.0
2024-04-03 21:00:00,13.7,37,-0.9,0.0,26.2,217,41.0,1010.7,81.7,53.6,568.0,59.6,39.0,15.0
2024-04-03 22:00:00,13.0,39,-0.6,0.0,23.0,220,41.8,1011.3,84.1,55.2,567.0,55.0,36.8,13.0
2024-04-03 23:00:00,12.1,43,0.0,0.0,15.1,213,35.6,1011.7,91.3,59.8,576.0,51.5,35.5,10.0
2024-04-04 00:00:00,11.3,47,0.4,0.0,12.9,210,23.8,1011.8,97.3,63.8,606.0,50.2,36.4,7.0
2024-04-04 01:00:00,10.4,51,0.6,0.0,9.1,214,20.2,1012.2,102.0,67.1,645.0,50.0,38.4,3.0
2024-04-04 02:00:00,9.4,55,0.9,0.0,7.6,205,14.0,1012.7,104.8,69.2,671.0,49.2,39.4,0.0
2024-04-04 03:00:00,8.9,57,0.9,0.0,3.6,90,9.0,1013.6,105.2,69.8,669.0,47.3,38.1,0.0
2024-04-04 04:00:00,8.1,59,0.6,0.0,6.8,72,10.1,1014.1,99.7,66.4,653.0,44.8,35.9,0.0
2024-04-04 05:00:00,7.4,62,0.6,0.0,6.9,81,10.1,1015.2,91.7,61.2,645.0,42.4,34.7,0.0
2024-04-04 06:00:00,7.3,61,0.3,0.0,6.0,57,9.0,1016.4,88.9,59.6,671.0,40.5,36.2,0.0
2024-04-04 07:00:00,8.8,44,-2.8,0.0,12.9,72,19.1,1017.5,96.4,65.2,705.0,38.5,38.6,0.0
2024-04-04 08:00:00,10.1,35,-4.9,0.0,15.1,87,25.6,1018.4,115.0,76.8,720.0,33.4,40.7,7.0
2024-04-04 09:00:00,12.1,32,-4.0,0.0,18.1,111,32.4,1018.5,84.1,56.0,615.0,29.8,36.3,20.0
2024-04-04 10:00:00,13.5,35,-1.5,0.0,17.8,137,33.1,1018.7,65.4,43.7,470.0,24.9,30.2,37.0
2024-04-04 11:00:00,15.2,36,0.1,0.0,16.8,149,33.1,1018.2,64.0,41.8,368.0,21.7,25.8,51.0
2024-04-04 12:00:00,16.8,35,1.2,0.0,17.2,170,33.1,1017.1,68.9,43.9,348.0,21.6,24.8,57.0
2024-04-04 13:00:00,17.6,31,0.3,0.0,16.8,171,33.1,1016.1,74.0,46.4,371.0,23.3,25.4,60.0
2024-04-04 14:00:00,18.5,29,-0.1,0.0,18.8,183,35.3,1014.9,78.2,48.5,395.0,25.3,25.9,62.0
2024-04-04 15:00:00,19.3,27,-0.1,0.0,18.0,200,35.3,1013.8,82.9,51.5,407.0,26.3,25.1,65.0
2024-04-04 16:00:00,18.5,28,-0.4,0.0,20.5,191,36.7,1013.3,83.6,51.7,421.0,27.7,24.1,67.0
2024-04-04 17:00:00,17.8,27,-1.5,0.0,20.4,172,35.6,1013.2,80.6,50.1,436.0,32.7,24.4,63.0
2024-04-04 18:00:00,15.4,23,-5.8,0.0,23.3,153,37.1,1013.4,76.8,49.2,451.0,44.8,27.1,48.0
2024-04-04 19:00:00,13.1,24,-7.1,0.0,22.4,154,37.8,1014.0,74.3,49.1,467.0,60.5,31.1,28.0
2024-04-04 20:00:00,11.8,25,-7.4,0.0,20.1,151,34.9,1015.1,89.6,59.6,645.0,76.2,37.5,6.0
2024-04-04 21:00:00,10.1,37,-3.8,0.0,14.2,173,27.7,1015.7,79.9,53.4,621.0,75.0,37.3,5.0
2024-04-04 22:00:00,9.2,41,-3.2,0.0,8.9,194,22.0,1015.8,73.3,49.5,589.0,73.3,37.0,4.0
2024-04-04 23:00:00,9.4,39,-3.8,0.1,9.0,203,14.8,1015.6,70.3,47.4,562.0,71.4,36.6,3.0
2024-04-05 00:00:00,8.9,46,-2.2,0.2,9.5,205,14.4,1015.6,68.7,46.2,544.0,69.3,35.6,3.0
2024-04-05 01:00:00,7.7,57,-0.2,0.2,7.6,183,14.4,1015.2,70.1,47.3,532.0,67.0,34.4,2.0
2024-04-05 02:00:00,6.7,62,-0.1,0.0,6.6,167,11.5,1014.6,74.3,50.1,534.0,64.6,34.2,2.0
2024-04-05 03:00:00,6.1,66,0.2,0.0,6.3,167,10.4,1014.3,79.9,54.1,556.0,62.0,35.5,1.0
2024-04-05 04:00:00,7.1,60,-0.1,0.0,3.0,104,9.4,1013.6,83.8,56.9,592.0,59.3,37.9,0.0
2024-04-05 05:00:00,5.5,67,-0.2,0.0,3.9,34,4.3,1013.4,85.4,58.2,631.0,56.4,40.8,0.0
2024-04-05 06:00:00,4.7,70,-0.3,0.0,4.9,17,6.1,1013.6,90.1,61.5,680.0,53.3,44.5,2.0
2024-04-05 07:00:00,6.1,63,-0.6,0.0,6.1,360,9.7,1014.2,112.9,77.5,732.0,50.1,48.8,6.0
2024-04-05 08:00:00,7.8,51,-1.6,0.0,9.1,9,17.3,1013.9,117.1,79.6,859.0,54.4,56.5,10.0
2024-04-05 09:00:00,10.6,41,-2.2,0.0,7.4,14,18.7,1014.3,108.7,73.3,801.0,51.5,57.8,17.0
2024-04-05 10:00:00,12.8,36,-1.8,0.0,4.2,59,18.7,1014.1,105.7,71.0,721.0,47.6,59.4,27.0
2024-04-05 11:00:00,14.9,36,-0.1,0.0,5.0,150,17.3,1013.7,103.6,68.9,660.0,44.8,60.0,36.0
2024-04-05 12:00:00,17.0,36,1.8,0.0,7.6,172,20.9,1012.4,103.6,68.2,637.0,44.0,58.7,45.0
2024-04-05 13:00:00,18.8,34,2.8,0.0,10.1,186,24.1,1011.3,105.9,68.2,633.0,44.3,56.4,53.0
2024-04-05 14:00:00,20.0,33,3.3,0.0,10.5,184,24.8,1010.0,108.7,68.2,630.0,45.2,53.8,59.0
2024-04-05 15:00:00,21.0,32,3.5,0.0,12.8,190,26.3,1009.0,107.8,65.4,614.0,45.4,50.7,64.0
2024-04-05 16:00:00,21.2,32,4.0,0.0,14.5,194,27.4,1008.3,107.1,63.1,600.0,46.2,47.4,67.0
2024-04-05 17:00:00,20.9,33,4.1,0.0,16.6,198,28.4,1008.2,107.3,61.7,612.0,51.5,45.8,63.0
2024-04-05 18:00:00,19.9,36,4.4,0.0,16.1,214,28.4,1008.5,110.1,66.6,671.0,66.0,47.4,47.0
2024-04-05 19:00:00,17.9,42,4.8,0.0,18.6,224,28.4,1008.5,115.3,71.5,756.0,84.8,50.7,24.0
2024-04-05 20:00:00,17.0,46,5.3,0.0,21.6,226,33.5,1008.9,131.3,84.3,864.0,95.7,56.2,8.0
2024-04-05 21:00:00,14.6,58,6.3,0.0,7.6,225,21.6,1010.6,139.2,88.2,861.0,90.8,55.8,11.0
2024-04-05 22:00:00,13.1,64,6.4,0.0,9.2,219,11.2,1010.6,143.9,91.7,856.0,83.8,55.0,15.0
2024-04-05 23:00:00,12.9,64,6.3,0.0,6.4,227,10.8,1010.8,147.6,94.5,849.0,77.7,53.0,16.0
2024-04-06 00:00:00,11.1,72,6.3,0.0,5.8,277,9.4,1011.1,143.9,93.1,840.0,74.1,48.9,12.0
2024-04-06 01:00:00,10.2,77,6.3,0.0,4.7,302,7.6,1010.7,135.0,88.0,830.0,71.3,43.7,6.0
2024-04-06 02:00:00,9.1,82,6.2,0.0,5.4,323,6.8,1010.4,123.9,81.5,815.0,67.2,39.3,1.0
2024-04-06 03:00:00,9.0,81,6.0,0.0,5.7,342,8.3,1010.2,113.6,75.4,780.0,60.0,36.3,0.0
2024-04-06 04:00:00,8.7,81,5.7,0.0,5.8,356,9.0,1010.2,103.8,68.9,740.0,51.5,34.1,0.0
2024-04-06 05:00:00,8.6,80,5.3,0.0,6.2,353,8.6,1010.2,96.9,64.5,743.0,44.4,33.6,0.0
2024-04-06 06:00:00,8.2,79,4.7,0.0,7.1,336,8.3,1010.6,96.4,64.3,846.0,39.4,35.5,0.0
2024-04-06 07:00:00,10.1,65,3.9,0.0,6.6,347,9.4,1011.3,116.9,78.7,990.0,35.9,39.0,0.0
2024-04-06 08:00:00,12.5,53,3.3,0.0,6.8,360,13.7,1011.5,124.8,81.3,1019.0,32.6,36.6,5.0
2024-04-06 09:00:00,15.4,51,5.2,0.0,3.3,13,14.0,1011.7,99.9,60.8,870.0,36.3,38.2,19.0
2024-04-06 10:00:00,18.2,43,5.3,0.0,2.5,188,12.6,1011.6,93.6,53.3,662.0,40.9,40.0,38.0
2024-04-06 11:00:00,21.5,31,3.5,0.0,5.9,194,18.0,1011.0,85.0,45.1,483.0,41.2,38.3,58.0
2024-04-06 12:00:00,24.4,21,0.5,0.0,8.4,190,21.6,1009.8,46.1,19.2,364.0,32.8,29.6,77.0
2024-04-06 13:00:00,26.0,18,0.2,0.0,8.4,223,21.6,1008.9,31.0,12.4,274.0,20.1,17.5,96.0
2024-04-06 14:00:00,27.0,16,-1.4,0.0,10.8,233,24.1,1007.6,24.2,9.7,212.0,11.0,8.3,110.0
2024-04-06 15:00:00,27.4,15,-1.5,0.0,14.5,228,28.1,1006.3,20.0,8.3,159.0,6.7,3.9,119.0
2024-04-06 16:00:00,27.0,15,-1.5,0.0,14.8,221,29.2,1005.3,16.5,7.3,134.0,6.2,2.4,122.0
2024-04-06 17:00:00,26.4,16,-1.5,0.0,15.9,219,27.7,1005.0,14.8,7.6,192.0,13.9,5.4,112.0
2024-04-06 18:00:00,24.1,19,-0.6,0.0,12.2,227,27.7,1005.3,22.1,14.3,402.0,37.9,16.1,79.0
2024-04-06 19:00:00,22.1,24,0.9,0.0,16.7,237,24.8,1005.5,65.2,44.8,694.0,70.2,31.1,34.0
2024-04-06 20:00:00,21.5,26,1.0,0.0,22.5,231,34.9,1006.1,92.4,61.5,893.0,91.1,41.3,2.0
2024-04-06 21:00:00,20.9,32,3.7,0.0,18.6,238,35.3,1007.2,94.3,63.1,923.0,86.8,41.9,1.0
2024-04-06 22:00:00,18.9,37,3.8,0.0,12.1,258,28.4,1007.8,101.3,68.2,959.0,80.6,42.4,0.0
2024-04-06 23:00:00,15.5,37,0.9,0.0,8.2,308,18.4,1008.5,103.8,70.5,951.0,73.8,40.8,0.0
2024-04-07 00:00:00,14.4,28,-3.9,0.0,11.3,329,16.2,1009.1,96.2,65.7,866.0,66.0,35.0,2.0
2024-04-07 01:00:00,16.5,21,-5.6,0.0,16.2,348,25.6,1009.4,81.5,56.0,737.0,57.6,27.0,5.0
2024-04-07 02:00:00,15.0,24,-5.3,0.0,12.3,3,24.5,1009.5,58.3,40.0,613.0,50.8,20.6,7.0
2024-04-07 03:00:00,12.9,29,-4.9,0.0,9.7,356,18.7,1009.5,36.6,24.6,488.0,46.8,16.9,7.0
2024-04-07 04:00:00,12.0,31,-4.7,0.0,8.9,346,14.8,1009.5,29.0,18.7,367.0,44.4,14.8,7.0
2024-04-07 05:00:00,11.4,32,-4.6,0.0,9.4,358,14.0,1009.4,27.6,17.3,315.0,42.0,14.7,7.0
2024-04-07 06:00:00,10.6,35,-4.2,0.0,10.1,6,15.5,1009.9,31.2,19.4,403.0,39.4,18.6,5.0
2024-04-07 07:00:00,11.6,34,-3.7,0.0,12.7,7,18.0,1010.7,47.4,30.3,559.0,36.7,24.6,3.0
2024-04-07 08:00:00,14.4,29,-3.3,0.0,11.4,13,20.5,1010.7,61.5,38.8,643.0,31.7,27.4,9.0
2024-04-07 09:00:00,19.0,23,-2.7,0.0,10.1,4,20.9,1010.8,65.7,32.0,522.0,27.0,22.7,29.0
2024-04-07 10:00:00,22.2,18,-3.0,0.0,10.7,14,23.0,1011.0,64.3,18.5,355.0,20.4,16.1,58.0
2024-04-07 11:00:00,24.6,15,-3.6,0.0,10.3,12,24.1,1010.5,56.2,12.0,231.0,15.3,11.1,81.0
2024-04-07 12:00:00,25.7,14,-4.1,0.0,4.5,14,23.4,1009.6,48.4,10.3,190.0,12.7,9.0,94.0
2024-04-07 13:00:00,26.5,12,-4.8,0.0,2.8,50,16.9,1008.6,44.0,9.7,192.0,11.6,8.5,101.0
2024-04-07 14:00:00,27.9,10,-6.2,0.0,9.4,32,21.6,1007.4,39.8,9.5,201.0,12.0,8.5,105.0
2024-04-07 15:00:00,28.2,9,-8.4,0.0,7.6,335,23.4,1006.4,34.2,9.0,196.0,12.6,7.8,107.0
2024-04-07 16:00:00,27.4,12,-4.8,0.0,16.1,230,27.0,1005.8,31.1,9.4,198.0,14.7,7.7,106.0
2024-04-07 17:00:00,26.0,12,-5.4,0.0,23.0,221,37.4,1005.9,30.4,10.6,237.0,22.6,10.5,95.0
2024-04-07 18:00:00,24.1,16,-3.5,0.0,15.6,247,36.7,1006.2,41.4,23.2,352.0,42.5,19.3,67.0
2024-04-07 19:00:00,22.0,19,-2.5,0.0,13.8,231,24.8,1006.4,53.2,33.2,504.0,68.1,31.1,30.0
2024-04-07 20:00:00,21.1,21,-2.0,0.0,18.2,219,28.1,1006.9,71.5,43.0,717.0,84.1,43.4,3.0
2024-04-07 21:00:00,20.2,25,-0.6,0.0,20.9,226,33.8,1007.8,62.2,37.8,647.0,77.1,40.3,11.0
2024-04-07 22:00:00,19.6,26,-0.2,0.0,18.4,231,32.4,1008.0,57.3,35.0,551.0,67.4,36.1,21.0
2024-04-07 23:00:00,18.9,28,0.0,0.0,14.6,237,28.4,1008.3,61.0,37.5,479.0,59.5,32.5,28.0
2024-04-08 00:00:00,17.2,31,0.1,0.0,9.1,236,22.3,1008.4,66.8,41.3,453.0,55.0,30.2,30.0
2024-04-08 01:00:00,14.8,37,0.3,0.0,8.0,252,13.7,1008.6,71.0,44.2,451.0,52.3,28.6,29.0
2024-04-08 02:00:00,12.9,42,0.4,0.0,5.6,310,10.1,1008.5,70.1,44.4,459.0,50.8,27.8,25.0
2024-04-08 03:00:00,11.9,44,0.2,0.0,5.8,338,9.0,1008.6,67.5,43.5,484.0,51.9,28.5,16.0
2024-04-08 04:00:00,11.2,44,-0.5,0.0,11.9,360,16.2,1008.9,66.6,43.3,519.0,54.2,30.0,5.0
2024-04-08 05:00:00,13.3,38,-0.9,0.0,17.1,46,26.6,1010.3,68.9,45.3,525.0,53.1,29.7,1.0
2024-04-08 06:00:00,13.8,32,-2.5,0.0,21.7,75,32.8,1012.2,60.8,40.2,476.0,45.4,25.8,10.0
2024-04-08 07:00:00,14.1,28,-4.1,0.0,24.3,78,38.2,1014.2,46.3,31.2,398.0,34.4,20.1,26.0
2024-04-08 08:00:00,15.2,24,-5.2,0.0,20.3,83,37.1,1015.7,42.4,28.6,442.0,32.1,21.1,22.0
2024-04-08 09:00:00,17.5,26,-2.0,0.0,15.9,84,29.2,1015.4,20.9,14.0,383.0,26.1,17.9,36.0
2024-04-08 10:00:00,18.5,22,-3.4,0.0,17.0,86,32.0,1016.1,16.9,10.5,302.0,17.8,13.4,56.0
2024-04-08 11:00:00,19.6,19,-4.6,0.0,17.4,96,33.5,1016.6,18.1,10.7,245.0,11.9,10.5,72.0
2024-04-08 12:00:00,20.7,17,-5.2,0.0,17.1,112,33.8,1016.4,21.6,12.6,234.0,10.4,10.4,81.0
2024-04-08 13:00:00,21.5,15,-5.9,0.0,18.0,127,34.6,1016.0,26.3,15.3,247.0,11.4,11.8,86.0
2024-04-08 14:00:00,22.1,15,-6.1,0.0,17.2,143,34.6,1015.6,31.0,18.2,261.0,13.3,13.2,89.0
2024-04-08 15:00:00,21.9,15,-5.8,0.0,17.0,148,33.1,1015.1,34.3,20.4,266.0,14.8,13.5,91.0
2024-04-08 16:00:00,21.6,15,-5.9,0.0,15.8,150,32.0,1014.8,36.9,22.2,273.0,17.3,13.8,90.0
2024-04-08 17:00:00,21.0,15,-6.9,0.0,17.3,168,29.2,1015.1,37.3,22.7,292.0,23.7,15.5,83.0
2024-04-08 18:00:00,18.6,18,-6.1,0.0,22.2,188,35.6,1016.0,36.1,22.8,333.0,37.6,20.0,65.0
2024-04-08 19:00:00,16.6,22,-5.4,0.0,18.1,185,35.3,1017.0,40.0,26.9,387.0,55.5,25.9,40.0
2024-04-08 20:00:00,15.3,24,-5.4,0.0,15.5,185,28.1,1018.0,33.1,22.6,433.0,67.7,31.0,23.0
2024-04-08 21:00:00,15.4,26,-4.0,0.0,21.0,192,33.1,1018.5,30.9,21.3,455.0,70.6,33.3,18.0
2024-04-08 22:00:00,13.9,26,-5.2,0.0,18.4,206,33.1,1019.2,34.6,24.0,484.0,74.5,36.4,11.0
2024-04-08 23:00:00,12.9,26,-6.2,0.0,17.3,216,29.5,1020.1,40.2,27.9,500.0,76.0,38.7,7.0
2024-04-09 00:00:00,12.4,25,-6.9,0.0,17.1,221,28.1,1020.9,41.8,29.0,489.0,73.4,39.6,8.0
2024-04-09 01:00:00,11.8,27,-6.9,0.0,13.8,223,27.4,1020.9,39.6,27.5,465.0,68.3,39.5,13.0
2024-04-09 02:00:00,11.6,26,-7.1,0.0,14.3,227,24.1,1020.8,34.8,24.1,442.0,62.9,38.5,17.0
2024-04-09 03:00:00,10.6,36,-4.0,0.5,15.7,238,28.1,1021.1,35.0,23.7,422.0,57.1,35.4,20.0
2024-04-09 04:00:00,7.3,67,1.5,3.2,11.5,250,26.3,1021.3,41.8,27.3,403.0,50.8,31.2,24.0
2024-04-09 05:00:00,7.6,67,1.9,0.8,1.1,108,22.0,1021.3,70.5,42.0,398.0,46.0,29.1,27.0
2024-04-09 06:00:00,7.7,70,2.6,0.0,4.7,99,8.3,1021.5,81.0,48.8,421.0,44.2,31.4,30.0
2024-04-09 07:00:00,8.1,65,2.0,0.0,8.3,108,14.4,1022.1,96.6,58.8,456.0,43.8,35.8,32.0
2024-04-09 08:00:00,9.1,58,1.4,0.0,8.8,125,18.0,1022.1,50.8,32.6,431.0,37.6,32.9,43.0
2024-04-09 09:00:00,12.0,37,-2.3,0.0,10.1,182,21.6,1021.8,43.1,28.0,416.0,33.7,30.7,50.0
2024-04-09 10:00:00,13.4,32,-3.1,0.0,12.6,182,25.6,1021.8,39.7,26.1,395.0,28.2,27.8,59.0
2024-04-09 11:00:00,14.4,29,-3.7,0.0,16.2,177,31.7,1021.1,41.9,26.5,379.0,24.1,25.3,67.0
2024-04-09 12:00:00,15.4,28,-2.8,0.0,18.0,180,34.9,1020.0,50.8,30.5,374.0,22.3,23.9,73.0
2024-04-09 13:00:00,16.3,26,-3.0,0.0,20.5,180,38.5,1018.7,61.9,35.9,374.0,21.8,23.1,78.0
2024-04-09 14:00:00,16.8,25,-3.7,0.0,20.2,180,38.5,1017.6,72.6,41.3,377.0,22.7,22.6,80.0
2024-04-09 15:00:00,17.0,19,-6.9,0.0,19.8,177,37.8,1016.2,78.5,44.5,380.0,24.4,22.1,80.0
2024-04-09 16:00:00,16.8,18,-7.8,0.0,21.0,174,36.7,1015.4,81.0,46.2,385.0,27.4,22.0,77.0
2024-04-09 17:00:00,15.9,22,-5.9,0.0,19.8,178,37.1,1014.8,81.7,47.1,401.0,33.5,22.9,69.0
2024-04-09 18:00:00,14.7,23,-6.4,0.0,18.4,168,33.5,1014.6,81.5,48.1,436.0,45.8,25.7,53.0
2024-04-09 19:00:00,12.8,22,-8.3,0.0,16.5,148,29.5,1014.9,83.8,51.8,481.0,61.3,29.4,32.0
2024-04-09 20:00:00,11.4,23,-9.3,0.0,17.6,145,28.4,1015.5,85.4,53.9,541.0,70.9,33.2,15.0
2024-04-09 21:00:00,10.4,27,-7.9,0.0,14.4,148,24.5,1016.6,81.0,51.6,537.0,71.7,33.7,11.0
2024-04-09 22:00:00,9.5,28,-8.1,0.0,9.0,151,22.0,1016.3,75.2,48.7,534.0,72.8,34.4,6.0
2024-04-09 23:00:00,8.8,30,-7.9,0.0,7.5,163,13.7,1016.0,74.3,48.9,542.0,72.7,35.2,2.0
2024-04-10 00:00:00,8.2,33,-7.3,0.0,4.3,175,11.9,1016.2,75.0,49.9,573.0,70.5,36.1,0.0
2024-04-10 01:00:00,7.7,35,-6.7,0.0,4.2,160,6.1,1015.8,80.6,54.4,615.0,67.2,37.1,0.0
2024-04-10 02:00:00,7.8,36,-6.4,0.0,4.3,138,7.2,1015.0,86.6,58.9,648.0,64.4,38.6,0.0
2024-04-10 03:00:00,7.4,37,-6.2,0.0,3.8,131,7.2,1014.3,87.3,59.6,661.0,62.8,40.4,0.0
2024-04-10 04:00:00,7.3,38,-6.0,0.0,4.4,55,7.9,1014.1,83.1,56.6,665.0,61.8,42.7,0.0
2024-04-10 05:00:00,7.1,39,-6.0,0.0,4.1,75,7.6,1013.9,83.6,56.8,672.0,61.2,46.2,0.0
2024-04-10 06:00:00,6.9,40,-5.8,0.0,3.9,112,6.5,1013.8,84.1,57.0,687.0,61.1,51.7,1.0
2024-04-10 07:00:00,7.2,39,-5.9,0.0,0.5,135,7.2,1014.1,95.5,64.0,706.0,61.3,58.4,3.0
2024-04-10 08:00:00,7.6,39,-5.7,0.1,2.6,344,8.3,1013.8,125.7,78.9,762.0,63.5,66.0,3.0
2024-04-10 09:00:00,9.4,39,-3.9,0.1,1.8,53,8.6,1014.4,128.1,81.0,777.0,62.9,70.1,4.0
2024-04-10 10:00:00,9.6,43,-2.5,0.1,2.1,121,9.7,1014.5,166.7,99.7,800.0,62.0,75.9,4.0
2024-04-10 11:00:00,10.0,49,-0.2,0.2,1.1,90,10.4,1014.5,161.1,99.2,829.0,61.1,80.9,5.0
2024-04-10 12:00:00,10.4,54,1.5,0.2,0.5,315,10.1,1014.0,158.8,99.2,870.0,60.2,84.1,5.0
2024-04-10 13:00:00,10.6,59,2.8,0.3,3.6,127,11.9,1012.7,159.7,102.2,918.0,59.4,86.5,6.0
2024-04-10 14:00:00,10.8,63,4.0,0.3,1.6,117,14.0,1011.9,161.6,105.5,956.0,59.1,88.4,6.0
2024-04-10 15:00:00,11.9,59,4.2,0.0,3.6,53,14.0,1010.8,160.7,105.7,955.0,59.9,89.8,7.0
2024-04-10 16:00:00,12.9,56,4.2,0.0,7.1,75,18.0,1009.9,159.7,104.5,945.0,61.3,90.8,9.0
2024-04-10 17:00:00,12.9,56,4.3,0.0,7.3,99,18.4,1009.6,160.2,104.8,991.0,62.1,92.1,9.0
2024-04-10 18:00:00,12.6,58,4.6,0.0,4.7,81,16.2,1009.9,165.3,108.0,1137.0,62.0,93.2,7.0
2024-04-10 19:00:00,10.2,70,5.0,0.0,6.4,63,9.0,1010.1,190.5,127.6,1340.0,61.5,94.7,3.0
2024-04-10 20:00:00,10.4,71,5.3,0.0,7.7,101,12.6,1010.3,209.1,139.7,1750.0,57.5,102.5,0.0
2024-04-10 21:00:00,10.5,82,7.5,1.4,10.3,168,15.5,1011.2,231.4,155.5,1852.0,56.0,108.0,0.0
2024-04-10 22:00:00,10.1,87,8.0,0.0,3.1,315,18.0,1010.8,244.9,164.8,1989.0,53.8,115.2,0.0
2024-04-10 23:00:00,9.1,90,7.6,0.0,2.6,56,6.5,1010.8,250.5,169.0,2064.0,51.7,117.3,0.0
2024-04-11 00:00:00,7.6,96,6.9,0.0,5.9,43,7.9,1010.8,248.7,167.6,2030.0,49.9,110.1,0.0
2024-04-11 01:00:00,6.8,98,6.6,0.0,5.5,23,8.3,1010.3,237.5,160.7,1934.0,48.1,97.9,0.0
2024-04-11 02:00:00,6.4,97,6.1,0.0,4.7,4,8.3,1010.0,216.5,147.1,1825.0,46.7,86.7,0.0
2024-04-11 03:00:00,6.1,97,5.6,0.0,5.2,16,9.4,1009.6,189.5,128.5,1700.0,45.7,78.3,0.0
2024-04-11 04:00:00,5.5,97,5.1,0.0,5.3,28,9.4,1009.0,166.2,112.7,1563.0,45.0,71.0,0.0
2024-04-11 05:00:00,5.3,97,4.8,0.0,5.4,20,8.6,1008.8,149.9,101.5,1471.0,44.5,65.9,0.0
2024-04-11 06:00:00,5.3,97,4.9,0.0,6.4,16,10.1,1008.8,141.6,95.5,1479.0,43.4,63.1,1.0
2024-04-11 07:00:00,6.7,94,5.8,0.0,8.7,17,13.7,1009.3,144.8,98.0,1533.0,42.5,62.5,2.0
2024-04-11 08:00:00,8.5,87,6.4,0.0,7.0,21,15.5,1009.5,149.0,101.3,1375.0,45.0,60.4,9.0
2024-04-11 09:00:00,10.9,77,7.1,0.0,4.2,31,15.1,1010.0,146.7,95.0,1294.0,49.2,68.3,13.0
2024-04-11 10:00:00,13.1,68,7.3,0.0,2.2,9,15.1,1009.7,163.9,104.1,1183.0,55.4,79.0,19.0
2024-04-11 11:00:00,15.4,60,7.6,0.0,0.7,180,13.7,1009.2,177.9,113.2,1098.0,61.9,86.3,27.0
2024-04-11 12:00:00,17.8,52,7.8,0.0,4.7,189,17.6,1008.1,190.9,121.5,1074.0,70.0,87.8,39.0
2024-04-11 13:00:00,20.1,46,8.1,0.0,7.9,196,21.2,1007.2,203.0,129.5,1077.0,78.6,85.8,54.0
2024-04-11 14:00:00,21.9,42,8.3,0.0,10.2,198,23.8,1005.8,211.4,135.0,1059.0,82.7,81.5,69.0
2024-04-11 15:00:00,23.0,39,8.4,0.0,12.9,203,26.6,1004.7,211.4,135.0,980.0,76.0,73.3,90.0
2024-04-11 16:00:00,23.5,39,8.6,0.0,14.6,200,27.4,1003.8,202.1,128.5,880.0,64.8,62.8,111.0
2024-04-11 17:00:00,23.2,40,8.8,0.0,15.6,195,27.7,1003.2,188.1,119.2,836.0,63.7,55.5,116.0
2024-04-11 18:00:00,22.0,45,9.5,0.0,10.4,194,26.6,1003.2,175.1,112.2,907.0,84.6,54.8,88.0
2024-04-11 19:00:00,18.5,57,9.9,0.0,8.5,208,16.2,1003.7,176.0,114.8,1032.0,115.4,57.3,43.0
2024-04-11 20:00:00,17.1,63,10.0,0.0,9.1,187,11.5,1004.0,185.8,122.0,877.0,95.7,47.0,45.0
2024-04-11 21:00:00,16.5,68,10.6,0.0,7.4,151,11.2,1005.3,185.3,122.0,872.0,93.9,47.3,39.0
2024-04-11 22:00:00,15.1,76,10.8,0.0,9.5,143,10.8,1005.3,173.2,114.3,863.0,90.9,47.4,31.0
2024-04-11 23:00:00,16.5,69,10.8,0.0,6.5,177,10.8,1005.2,156.9,103.6,833.0,85.6,46.4,27.0
2024-04-12 00:00:00,15.9,71,10.8,0.0,5.8,266,7.2,1005.1,138.3,91.5,764.0,75.7,42.9,30.0
2024-04-12 01:00:00,13.8,81,10.6,0.0,8.6,255,9.0,1004.6,122.5,81.3,674.0,63.4,38.1,37.0
2024-04-12 02:00:00,12.6,86,10.4,0.0,11.1,241,12.2,1004.1,110.8,73.3,606.0,54.3,34.7,40.0
2024-04-12 03:00:00,12.4,86,10.1,0.0,10.4,250,12.6,1003.7,102.2,68.0,568.0,51.1,33.5,37.0
2024-04-12 04:00:00,12.9,84,10.2,0.0,8.5,242,11.5,1003.5,96.9,64.5,552.0,51.1,33.5,31.0
2024-04-12 05:00:00,13.5,82,10.6,0.0,6.2,260,9.7,1003.4,95.0,63.3,573.0,51.7,35.1,25.0
2024-04-12 06:00:00,11.6,89,9.9,0.0,3.8,319,6.8,1003.4,99.4,66.6,670.0,52.9,39.1,19.0
2024-04-12 07:00:00,12.3,86,10.1,0.0,4.9,343,9.0,1004.0,123.9,83.8,803.0,54.6,44.6,13.0
2024-04-12 08:00:00,14.1,79,10.4,0.0,4.5,346,11.5,1004.4,113.2,76.8,800.0,54.2,45.6,15.0
2024-04-12 09:00:00,15.8,80,12.4,0.1,3.3,6,15.1,1005.7,96.9,65.2,749.0,49.3,46.1,26.0
2024-04-12 10:00:00,18.0,70,12.6,0.0,0.7,180,19.4,1005.7,90.3,60.5,678.0,42.5,46.7,41.0
2024-04-12 11:00:00,21.2,59,12.9,0.0,9.7,207,21.6,1005.2,90.8,60.8,624.0,36.9,46.4,57.0
2024-04-12 12:00:00,23.5,52,13.0,0.0,13.2,209,27.7,1004.4,93.4,62.6,607.0,33.9,44.8,74.0
2024-04-12 13:00:00,25.1,47,13.1,0.0,13.7,207,28.4,1003.4,97.1,65.2,607.0,32.1,42.4,91.0
2024-04-12 14:00:00,26.5,43,12.8,0.0,16.2,197,31.0,1002.5,100.4,67.3,602.0,30.9,39.3,106.0
2024-04-12 15:00:00,27.2,41,12.7,0.0,16.7,205,32.4,1001.4,101.5,67.8,573.0,27.7,34.5,122.0
2024-04-12 16:00:00,27.2,41,12.8,0.0,16.4,206,31.3,1000.8,99.7,66.4,540.0,25.0,29.2,135.0
2024-04-12 17:00:00,27.0,42,12.9,0.0,16.9,204,29.5,1000.5,95.9,63.8,541.0,29.8,26.8,135.0
2024-04-12 18:00:00,25.7,46,13.2,0.0,10.7,220,27.7,1000.8,98.3,65.7,612.0,49.9,30.3,109.0
2024-04-12 19:00:00,22.4,57,13.5,0.0,7.9,219,16.9,1001.1,104.1,69.8,717.0,77.4,36.7,68.0
2024-04-12 20:00:00,20.5,64,13.6,0.0,8.0,198,11.9,1002.2,98.0,65.9,743.0,88.2,38.8,43.0
2024-04-12 21:00:00,20.9,61,13.1,0.0,14.0,180,20.2,1003.7,102.9,69.4,746.0,87.0,39.7,37.0
2024-04-12 22:00:00,20.6,61,12.9,0.0,15.6,195,24.8,1003.9,99.2,67.1,748.0,85.0,40.9,29.0
2024-04-12 23:00:00,19.9,64,12.9,0.0,12.3,183,24.1,1003.9,92.9,62.9,737.0,81.0,40.7,24.0
2024-04-13 00:00:00,18.4,70,12.9,0.0,8.7,185,18.7,1004.3,86.1,58.2,698.0,73.0,37.7,24.0
2024-04-13 01:00:00,17.5,74,12.8,0.0,8.7,175,13.0,1004.4,81.0,54.7,644.0,63.1,33.4,26.0
2024-04-13 02:00:00,16.8,77,12.6,0.0,9.2,169,14.0,1004.2,78.0,52.6,606.0,56.2,30.5,26.0
2024-04-13 03:00:00,16.1,79,12.4,0.0,9.9,170,15.5,1004.3,77.3,52.3,590.0,55.6,30.2,21.0
2024-04-13 04:00:00,15.1,83,12.4,0.0,7.9,177,15.1,1004.7,79.2,53.4,590.0,58.0,31.4,14.0
2024-04-13 05:00:00,14.0,89,12.2,0.0,8.5,192,11.2,1004.9,83.4,56.3,608.0,58.6,33.3,9.0
2024-04-13 06:00:00,13.7,89,12.0,0.0,8.2,203,11.2,1005.5,91.0,61.9,666.0,55.0,36.4,8.0
2024-04-13 07:00:00,15.4,82,12.4,0.0,4.5,209,9.0,1006.1,115.7,79.2,744.0,49.6,40.3,10.0
2024-04-13 08:00:00,17.3,74,12.6,0.0,1.6,153,8.3,1006.5,99.9,67.5,722.0,45.2,41.9,22.0
2024-04-13 09:00:00,19.5,67,13.1,0.0,4.0,207,13.3,1007.7,86.1,58.4,686.0,41.8,40.7,34.0
2024-04-13 10:00:00,22.0,59,13.6,0.0,11.0,199,22.3,1007.6,75.4,51.3,634.0,36.9,38.9,52.0
2024-04-13 11:00:00,23.2,53,13.1,0.0,16.7,199,31.0,1007.2,69.2,46.9,582.0,31.6,35.8,72.0
2024-04-13 12:00:00,24.6,46,12.4,0.0,20.8,198,37.1,1006.4,63.3,42.0,529.0,25.3,30.4,94.0
2024-04-13 13:00:00,26.0,41,11.6,0.0,23.5,198,41.4,1005.7,60.5,39.1,475.0,18.7,23.7,118.0
2024-04-13 14:00:00,27.2,34,10.1,0.0,24.9,194,42.5,1004.6,61.0,39.2,439.0,14.6,18.7,137.0
2024-04-13 15:00:00,28.0,30,9.0,0.0,24.4,188,42.8,1003.1,62.6,40.5,425.0,13.2,16.2,150.0
2024-04-13 16:00:00,27.9,32,9.6,0.0,23.5,185,41.0,1002.0,64.3,41.7,429.0,14.4,15.3,157.0
2024-04-13 17:00:00,27.1,34,9.8,0.0,25.2,181,41.0,1001.6,65.9,43.1,457.0,20.4,16.3,152.0
2024-04-13 18:00:00,25.7,37,10.1,0.0,17.9,189,41.0,1001.6,68.7,45.9,530.0,35.5,20.7,128.0
2024-04-13 19:00:00,23.3,46,11.1,0.0,9.0,185,28.1,1002.1,76.8,51.7,627.0,55.3,27.0,93.0
2024-04-13 20:00:00,22.6,49,11.4,0.0,15.5,138,22.0,1003.1,112.7,75.7,628.0,61.7,30.5,64.0
2024-04-13 21:00:00,21.9,53,11.8,0.0,17.8,159,26.3,1004.3,117.1,78.5,644.0,63.0,32.0,54.0
2024-04-13 22:00:00,20.6,56,11.6,0.0,19.4,149,30.6,1003.8,111.5,74.5,665.0,64.8,34.0,40.0
2024-04-13 23:00:00,19.0,61,11.4,0.0,17.6,149,30.2,1004.0,98.7,66.1,668.0,65.3,34.7,29.0
2024-04-14 00:00:00,18.1,64,11.2,0.0,10.7,160,27.0,1004.5,85.0,57.0,638.0,63.8,32.9,23.0
2024-04-14 01:00:00,17.5,67,11.3,0.0,5.2,164,16.2,1004.7,75.4,50.8,591.0,61.1,29.8,19.0
2024-04-14 02:00:00,17.1,69,11.3,0.0,9.9,134,14.4,1004.4,69.4,46.9,550.0,58.3,27.4,16.0
2024-04-14 03:00:00,17.0,70,11.4,0.0,11.5,129,18.0,1003.9,64.5,43.8,518.0,55.5,26.2,14.0
2024-04-14 04:00:00,16.1,75,11.7,0.0,10.7,132,18.0,1003.7,61.0,41.6,492.0,52.6,25.8,14.0
2024-04-14 05:00:00,16.0,78,12.2,0.1,11.2,138,17.3,1004.1,58.6,39.9,484.0,50.3,26.5,13.0
2024-04-14 06:00:00,15.8,81,12.6,0.0,12.5,136,19.1,1004.3,58.2,39.8,510.0,48.9,29.2,12.0
2024-04-14 07:00:00,16.6,79,12.9,0.0,12.5,141,19.8,1004.7,64.7,44.6,556.0,48.0,33.2,11.0
2024-04-14 08:00:00,17.6,75,13.1,0.0,13.3,147,22.7,1005.1,69.8,48.0,599.0,46.5,38.9,16.0
2024-04-14 09:00:00,19.0,65,12.2,0.0,20.4,197,34.2,1006.3,70.3,48.3,586.0,43.5,37.3,20.0
2024-04-14 10:00:00,18.9,66,12.5,0.0,17.6,211,34.6,1006.3,70.1,48.1,568.0,39.4,35.1,25.0
2024-04-14 11:00:00,19.0,67,12.9,0.2,15.6,214,29.9,1006.3,69.8,48.0,555.0,36.2,33.0,31.0
2024-04-14 12:00:00,20.1,63,12.9,0.2,13.9,205,29.9,1005.6,73.6,50.1,553.0,34.5,31.2,37.0
2024-04-14 13:00:00,20.9,59,12.4,0.0,14.1,195,27.7,1004.9,72.2,49.0,555.0,33.7,29.7,42.0
2024-04-14 14:00:00,21.1,55,11.8,0.0,14.1,174,27.0,1003.9,70.1,47.5,550.0,34.2,28.6,46.0
2024-04-14 15:00:00,21.9,51,11.4,0.0,12.3,185,27.0,1003.0,68.9,46.9,529.0,35.8,28.3,48.0
2024-04-14 16:00:00,21.8,51,11.1,0.0,11.2,195,23.8,1002.6,66.1,44.8,502.0,38.7,28.4,47.0
2024-04-14 17:00:00,22.0,48,10.5,0.0,10.4,180,21.2,1002.0,62.9,42.6,480.0,43.8,28.9,43.0
2024-04-14 18:00:00,21.0,51,10.4,0.0,8.9,153,19.1,1002.1,57.2,38.9,472.0,53.5,29.9,32.0
2024-04-14 19:00:00,19.0,60,10.9,0.0,15.1,130,21.6,1002.5,54.9,37.8,471.0,65.4,31.1,17.0
2024-04-14 20:00:00,16.6,70,11.1,0.0,19.7,130,31.0,1003.4,60.8,42.0,492.0,75.1,32.9,2.0
2024-04-14 21:00:00,14.7,76,10.6,0.0,12.5,129,25.2,1004.8,50.6,35.0,476.0,73.4,33.3,2.0
2024-04-14 22:00:00,13.9,80,10.5,0.0,9.3,118,19.4,1004.9,47.7,33.1,454.0,71.0,33.8,2.0
2024-04-14 23:00:00,13.5,81,10.4,0.0,10.5,121,18.0,1004.7,45.9,31.9,439.0,68.9,34.4,2.0
2024-04-15 00:00:00,13.4,81,10.2,0.0,6.2,36,16.9,1004.9,45.8,31.8,432.0,67.9,35.2,1.0
2024-04-15 01:00:00,13.3,85,10.8,0.6,9.3,28,16.6,1004.6,46.1,32.0,431.0,67.2,36.1,1.0
2024-04-15 02:00:00,12.8,90,11.2,0.0,6.5,354,15.5,1003.9,47.7,32.9,442.0,65.8,36.9,0.0
2024-04-15 03:00:00,11.9,94,11.1,0.0,5.6,333,11.5,1003.6,48.8,34.0,483.0,63.5,38.4,0.0
2024-04-15 04:00:00,10.6,96,10.1,0.0,6.6,315,7.9,1003.5,52.5,36.7,536.0,60.5,39.7,0.0
2024-04-15 05:00:00,10.1,98,9.8,0.0,6.6,311,8.3,1003.9,56.7,38.6,558.0,55.8,38.3,1.0
2024-04-15 06:00:00,9.2,98,8.9,0.0,11.1,347,11.9,1004.4,64.5,36.6,527.0,48.7,31.7,8.0
2024-04-15 07:00:00,13.2,39,-0.4,0.0,26.0,318,38.5,1005.3,92.0,36.2,465.0,39.9,22.3,18.0
2024-04-15 08:00:00,15.6,23,-5.2,0.0,24.3,322,43.2,1006.3,93.1,38.9,536.0,33.9,18.9,20.0
2024-04-15 09:00:00,18.0,16,-8.1,0.0,33.7,319,53.6,1006.2,139.7,27.8,435.0,25.9,14.7,40.0
2024-04-15 10:00:00,18.5,12,-11.4,0.0,30.8,317,57.2,1006.5,102.2,26.3,295.0,14.8,9.0,67.0
2024-04-15 11:00:00,19.6,12,-11.1,0.0,25.7,316,51.8,1006.4,82.0,25.3,193.0,6.7,4.8,87.0
2024-04-15 12:00:00,21.0,11,-10.1,0.0,25.2,318,45.0,1005.9,65.7,23.5,166.0,4.3,3.7,93.0
2024-04-15 13:00:00,22.0,12,-9.1,0.0,25.7,313,45.7,1005.1,50.1,20.9,177.0,4.9,4.1,91.0
2024-04-15 14:00:00,22.8,11,-8.9,0.0,27.3,310,47.2,1004.4,36.8,17.9,189.0,6.0,4.5,88.0
2024-04-15 15:00:00,23.1,11,-8.6,0.0,28.4,309,48.6,1003.6,27.7,15.1,186.0,5.7,3.8,88.0
2024-04-15 16:00:00,23.4,12,-7.6,0.0,26.8,306,47.9,1003.5,22.1,12.8,184.0,5.9,3.1,87.0
2024-04-15 17:00:00,23.1,13,-6.8,0.0,24.1,309,44.6,1003.6,19.1,10.9,196.0,10.1,3.6,81.0
2024-04-15 18:00:00,22.0,15,-5.4,0.0,16.6,311,39.2,1003.9,19.0,10.8,232.0,21.8,6.2,65.0
2024-04-15 19:00:00,18.7,21,-4.2,0.0,10.2,318,25.6,1004.8,23.7,14.4,282.0,37.5,10.0,45.0
2024-04-15 20:00:00,17.1,24,-3.7,0.0,11.7,349,16.9,1006.1,29.7,21.1,375.0,55.2,14.9,22.0
2024-04-15 21:00:00,17.7,23,-3.9,0.0,17.3,324,26.6,1007.8,40.0,27.7,443.0,57.2,18.0,16.0
2024-04-15 22:00:00,16.9,23,-4.4,0.0,16.6,326,27.0,1008.5,50.2,34.7,533.0,59.8,22.2,8.0
2024-04-15 23:00:00,15.9,23,-5.2,0.0,15.2,324,25.6,1009.2,54.8,37.7,576.0,60.8,24.1,3.0
2024-04-16 00:00:00,15.4,21,-7.1,0.0,15.0,318,23.8,1009.7,50.9,34.2,525.0,59.1,21.4,3.0
2024-04-16 01:00:00,14.7,19,-9.0,0.0,14.5,314,23.0,1009.7,43.7,28.0,426.0,55.8,16.5,6.0
2024-04-16 02:00:00,13.5,19,-9.9,0.0,12.7,315,22.3,1009.4,38.0,22.8,346.0,52.2,12.8,9.0
2024-04-16 03:00:00,12.0,21,-9.9,0.0,10.5,329,19.1,1009.2,35.4,20.5,303.0,48.4,11.5,10.0
2024-04-16 04:00:00,10.8,23,-9.3,0.0,11.3,338,17.3,1009.2,33.3,19.2,280.0,44.3,11.4,11.0
2024-04-16 05:00:00,9.6,26,-8.9,0.0,11.1,331,17.6,1009.7,31.9,18.6,291.0,40.7,12.4,12.0
2024-04-16 06:00:00,8.7,28,-8.8,0.0,9.2,339,16.9,1010.5,32.9,19.9,374.0,38.6,15.7,10.0
2024-04-16 07:00:00,10.2,27,-8.1,0.0,12.3,357,18.4,1011.0,43.3,26.7,490.0,37.1,20.2,8.0
2024-04-16 08:00:00,13.4,22,-8.0,0.0,9.4,360,19.8,1011.2,54.5,33.9,559.0,32.7,21.9,15.0
2024-04-16 09:00:00,18.2,15,-9.1,0.0,9.5,9,20.5,1010.7,68.9,26.1,456.0,27.0,17.8,38.0
2024-04-16 10:00:00,21.0,10,-11.4,0.0,11.6,344,24.5,1010.5,55.2,16.4,316.0,19.2,12.2,71.0
2024-04-16 11:00:00,22.9,9,-12.2,0.0,10.9,333,27.0,1010.3,39.2,13.6,215.0,13.8,8.5,95.0
2024-04-16 12:00:00,23.9,8,-11.9,0.0,5.0,330,24.8,1009.7,35.3,13.1,191.0,12.6,8.2,104.0
2024-04-16 13:00:00,24.9,8,-11.9,0.0,0.8,297,17.3,1008.6,34.2,13.2,208.0,13.8,9.8,104.0
2024-04-16 14:00:00,25.6,8,-11.9,0.0,4.0,190,15.1,1007.2,34.8,13.8,231.0,16.2,11.9,103.0
2024-04-16 15:00:00,26.1,8,-11.2,0.0,11.8,200,24.5,1006.6,36.7,14.9,245.0,17.9,13.9,103.0
2024-04-16 16:00:00,25.9,9,-9.4,0.0,13.4,211,26.6,1006.1,39.5,16.4,266.0,20.8,16.5,101.0
2024-04-16 17:00:00,25.1,12,-5.8,0.0,16.4,218,27.7,1005.7,42.3,18.1,308.0,29.3,20.1,92.0
2024-04-16 18:00:00,23.4,16,-3.9,0.0,16.4,220,30.6,1005.8,44.2,22.1,389.0,49.3,25.7,68.0
2024-04-16 19:00:00,20.4,21,-2.8,0.0,10.9,224,25.6,1005.9,51.9,31.1,491.0,74.8,32.4,36.0
2024-04-16 20:00:00,18.5,25,-2.1,0.0,10.3,216,16.9,1006.5,59.8,38.8,620.0,94.3,39.3,9.0
2024-04-16 21:00:00,17.4,30,-0.4,0.0,9.7,211,16.6,1007.0,70.1,44.9,644.0,93.3,40.5,8.0
2024-04-16 22:00:00,16.4,33,0.2,0.0,11.4,204,17.3,1006.9,74.5,48.1,675.0,91.8,42.1,6.0
2024-04-16 23:00:00,15.7,36,0.6,0.0,11.7,214,18.4,1006.9,76.1,49.1,687.0,89.2,42.6,5.0
2024-04-17 00:00:00,15.0,39,1.2,0.0,10.6,208,18.0,1006.9,74.5,48.2,660.0,85.0,40.8,5.0
2024-04-17 01:00:00,14.0,44,1.8,0.0,8.9,207,16.2,1006.7,72.6,47.1,614.0,79.8,37.9,5.0
2024-04-17 02:00:00,12.5,49,2.2,0.0,9.5,205,13.0,1006.3,72.6,47.6,583.0,74.6,35.7,5.0
2024-04-17 03:00:00,11.6,53,2.5,0.0,9.4,220,12.6,1006.2,75.4,49.6,577.0,69.8,34.7,3.0
2024-04-17 04:00:00,13.2,48,2.5,0.0,4.0,275,10.4,1006.2,76.4,50.6,585.0,65.0,34.4,1.0
2024-04-17 05:00:00,11.0,57,2.8,0.0,4.1,322,4.7,1006.2,76.8,51.3,611.0,60.2,35.6,1.0
2024-04-17 06:00:00,9.7,63,3.1,0.0,5.6,345,8.3,1006.7,81.3,54.7,674.0,54.8,39.3,3.0
2024-04-17 07:00:00,11.6,54,2.7,0.0,9.7,360,15.8,1007.3,106.4,72.4,755.0,49.5,44.4,7.0
2024-04-17 08:00:00,13.9,43,1.6,0.0,8.0,8,16.9,1007.9,89.6,58.8,817.0,41.8,54.0,14.0
2024-04-17 09:00:00,17.3,36,2.0,0.0,5.9,14,16.9,1008.4,93.6,57.5,755.0,43.6,55.5,25.0
2024-04-17 10:00:00,20.0,30,2.0,0.0,2.5,8,16.6,1008.0,98.5,56.9,668.0,45.9,57.3,41.0
2024-04-17 11:00:00,22.5,27,2.7,0.0,3.5,204,14.8,1007.3,100.8,55.5,590.0,45.7,56.4,58.0
2024-04-17 12:00:00,24.9,28,5.2,0.0,11.8,207,25.6,1006.3,103.1,55.4,531.0,40.5,50.3,77.0
2024-04-17 13:00:00,26.4,27,5.7,0.0,15.8,210,31.3,1005.1,99.9,53.6,482.0,32.9,41.5,97.0
2024-04-17 14:00:00,27.3,24,4.8,0.0,17.9,208,33.8,1004.1,95.0,50.9,445.0,27.3,34.3,113.0
2024-04-17 15:00:00,27.8,23,4.6,0.0,19.6,200,35.3,1002.7,91.7,48.1,420.0,24.7,30.0,123.0
2024-04-17 16:00:00,27.6,23,4.3,0.0,22.1,206,37.8,1001.9,91.0,47.5,407.0,24.1,27.2,128.0
2024-04-17 17:00:00,27.0,24,4.8,0.0,22.9,210,38.2,1001.5,91.5,48.7,417.0,27.8,26.7,125.0
2024-04-17 18:00:00,25.5,29,6.1,0.0,19.9,215,37.8,1001.6,90.8,52.2,458.0,38.1,29.4,112.0
2024-04-17 19:00:00,23.3,35,6.8,0.0,16.3,211,31.3,1001.9,96.4,57.5,521.0,52.6,34.3,91.0
2024-04-17 20:00:00,21.5,39,7.1,0.0,13.1,196,25.2,1002.2,99.7,61.0,580.0,59.9,36.7,76.0
2024-04-17 21:00:00,20.1,47,8.4,0.0,11.0,191,16.6,1003.0,108.5,67.1,621.0,66.4,38.2,63.0
2024-04-17 22:00:00,19.0,52,8.9,0.0,8.3,182,18.7,1003.1,114.6,71.9,678.0,75.3,40.2,46.0
2024-04-17 23:00:00,17.9,56,9.1,0.0,7.9,177,12.2,1003.4,120.6,76.6,724.0,81.8,41.3,30.0
2024-04-18 00:00:00,15.9,66,9.5,0.0,10.6,215,12.2,1003.3,125.7,80.3,751.0,84.4,41.0,18.0
2024-04-18 01:00:00,15.2,67,9.1,0.0,4.1,308,11.5,1003.3,129.0,83.4,767.0,84.6,39.9,8.0
2024-04-18 02:00:00,14.6,68,8.7,0.0,5.8,338,8.6,1003.3,128.1,83.6,771.0,82.2,38.1,1.0
2024-04-18 03:00:00,14.1,68,8.4,0.0,12.6,355,19.4,1003.4,122.0,80.1,759.0,76.2,35.3,0.0
2024-04-18 04:00:00,13.3,69,7.8,0.0,11.6,5,19.4,1003.4,111.1,73.1,735.0,67.6,31.7,0.0
2024-04-18 05:00:00,12.6,70,7.3,0.0,10.1,4,17.6,1003.9,94.8,62.2,713.0,58.9,28.9,1.0
2024-04-18 06:00:00,12.4,72,7.5,0.0,9.7,356,15.5,1004.8,78.5,51.6,712.0,50.6,27.8,2.0
2024-04-18 07:00:00,14.3,62,7.2,0.0,13.4,354,20.2,1005.7,71.5,47.1,714.0,42.3,27.3,4.0
2024-04-18 08:00:00,17.2,44,4.8,0.0,12.2,19,22.0,1006.3,70.5,46.6,687.0,42.1,26.4,11.0
2024-04-18 09:00:00,21.4,29,2.8,0.0,11.5,39,23.4,1006.2,58.1,36.6,552.0,33.8,21.3,31.0
2024-04-18 10:00:00,24.8,21,1.2,0.0,15.0,46,28.4,1006.1,28.5,17.5,366.0,22.5,14.3,58.0
2024-04-18 11:00:00,26.9,16,-1.0,0.0,19.7,52,36.4,1005.8,28.4,17.3,233.0,14.1,9.5,80.0
2024-04-18 12:00:00,28.2,16,-0.2,0.0,17.1,65,36.7,1004.9,32.4,19.7,201.0,11.3,8.7,92.0
2024-04-18 13:00:00,29.0,17,1.7,0.0,13.0,90,32.8,1004.4,36.3,22.2,222.0,11.6,10.0,99.0
2024-04-18 14:00:00,29.6,16,1.1,0.0,12.9,120,27.7,1003.6,42.0,25.7,250.0,13.3,11.8,104.0
2024-04-18 15:00:00,30.0,14,-0.4,0.0,14.8,135,28.1,1002.6,50.1,30.6,273.0,15.4,13.6,109.0
2024-04-18 16:00:00,29.3,20,3.8,0.0,18.6,144,32.4,1001.9,59.0,36.0,303.0,18.9,15.9,111.0
2024-04-18 17:00:00,28.4,21,4.2,0.0,20.8,154,34.2,1001.7,67.3,40.9,338.0,25.7,18.8,106.0
2024-04-18 18:00:00,25.6,21,1.7,0.0,24.0,152,39.2,1002.3,73.1,44.9,380.0,38.5,22.7,89.0
2024-04-18 19:00:00,22.8,25,1.6,0.0,18.4,154,37.8,1002.8,76.8,48.4,427.0,54.5,27.2,65.0
2024-04-18 20:00:00,20.6,30,2.4,0.0,11.4,162,28.4,1004.1,95.2,59.6,536.0,67.9,32.3,51.0
2024-04-18 21:00:00,19.2,44,6.5,0.0,9.9,134,22.3,1004.5,93.6,58.0,536.0,71.1,32.0,39.0
2024-04-18 22:00:00,17.5,45,5.5,0.0,6.3,103,15.1,1005.4,89.2,55.3,534.0,75.3,31.5,23.0
2024-04-18 23:00:00,17.3,42,4.3,0.0,6.9,96,10.4,1005.5,84.3,52.6,521.0,77.1,30.6,10.0
2024-04-19 00:00:00,16.4,43,3.8,0.0,8.7,73,13.7,1005.7,77.8,48.8,491.0,74.5,28.8,5.0
2024-04-19 01:00:00,15.6,45,3.5,0.0,10.6,62,16.6,1005.6,69.4,43.9,451.0,69.5,26.6,4.0
2024-04-19 02:00:00,15.1,44,3.0,0.0,10.9,46,17.6,1005.4,60.8,38.8,412.0,64.3,24.7,4.0
2024-04-19 03:00:00,14.9,42,2.2,0.0,10.0,41,16.9,1005.4,53.1,34.2,374.0,59.2,23.3,5.0
2024-04-19 04:00:00,14.5,40,1.1,0.0,8.5,36,15.1,1005.3,48.0,31.2,338.0,53.8,22.3,7.0
2024-04-19 05:00:00,14.4,38,0.2,0.0,8.4,25,13.3,1005.6,45.2,29.6,320.0,49.4,22.2,10.0
2024-04-19 06:00:00,14.7,35,-0.4,0.0,7.2,27,13.0,1006.0,44.8,29.8,331.0,47.1,24.0,13.0
2024-04-19 07:00:00,15.8,31,-1.3,0.0,8.2,29,13.7,1006.4,51.2,34.6,361.0,45.7,26.8,17.0
2024-04-19 08:00:00,16.9,27,-2.2,0.0,8.2,38,15.5,1006.8,52.0,34.0,371.0,40.3,28.6,27.0
2024-04-19 09:00:00,18.7,25,-1.8,0.0,12.6,93,21.6,1006.8,49.4,32.5,371.0,35.7,26.6,34.0
2024-04-19 10:00:00,19.6,19,-4.5,0.0,16.6,88,29.2,1006.8,43.9,28.8,369.0,29.2,23.8,43.0
2024-04-19 11:00:00,19.1,20,-4.4,0.0,16.5,80,29.5,1006.9,36.8,23.9,357.0,23.8,20.9,52.0
2024-04-19 12:00:00,19.2,21,-3.8,0.0,17.6,75,29.9,1006.5,31.0,19.7,325.0,20.3,17.8,59.0
2024-04-19 13:00:00,19.2,21,-3.6,0.0,18.2,72,31.0,1005.9,27.8,17.6,284.0,17.9,14.5,65.0
2024-04-19 14:00:00,19.5,20,-3.8,0.0,15.8,73,30.6,1005.5,29.0,17.9,253.0,17.3,12.1,68.0
2024-04-19 15:00:00,19.8,19,-4.2,0.0,15.6,71,25.9,1005.1,32.5,20.0,239.0,18.4,10.9,69.0
2024-04-19 16:00:00,19.6,19,-4.7,0.0,17.6,62,27.4,1004.7,35.6,21.8,237.0,21.3,10.6,67.0
2024-04-19 17:00:00,19.1,20,-4.6,0.0,19.6,47,30.6,1004.6,38.9,23.9,247.0,26.3,11.2,61.0
2024-04-19 18:00:00,17.8,25,-2.5,0.0,18.9,31,31.0,1004.6,43.9,27.9,283.0,36.2,13.7,47.0
2024-04-19 19:00:00,15.7,36,0.7,0.0,16.7,19,30.2,1005.0,47.8,31.5,332.0,48.3,17.1,29.0
2024-04-19 20:00:00,15.2,37,0.8,0.0,15.6,19,25.9,1005.7,56.7,37.4,388.0,60.0,19.4,12.0
2024-04-19 21:00:00,16.4,31,-1.0,0.0,9.0,61,17.3,1005.6,59.6,39.5,385.0,57.6,19.7,12.0
2024-04-19 22:00:00,16.0,31,-0.9,0.0,8.0,72,14.0,1005.3,60.8,40.3,380.0,53.9,20.1,12.0
2024-04-19 23:00:00,15.4,34,-0.6,0.0,6.5,56,12.6,1005.0,59.6,39.7,367.0,49.3,19.9,14.0
2024-04-20 00:00:00,15.0,36,0.2,0.0,7.1,66,11.5,1004.7,55.9,37.1,340.0,43.0,18.5,19.0
2024-04-20 01:00:00,14.4,40,0.9,0.0,3.5,24,10.4,1004.4,53.8,35.3,306.0,35.7,16.5,25.0
2024-04-20 02:00:00,14.1,43,1.7,0.0,5.9,349,8.6,1003.8,54.6,35.0,278.0,29.4,15.0,31.0
2024-04-20 03:00:00,13.7,47,2.5,0.0,8.3,355,13.0,1003.4,56.9,35.9,260.0,24.7,14.4,37.0
2024-04-20 04:00:00,13.1,50,3.0,0.0,7.2,6,13.0,1003.1,60.5,37.6,249.0,21.1,14.3,44.0
2024-04-20 05:00:00,12.6,53,3.2,0.0,6.2,10,11.5,1003.0,77.5,46.1,245.0,19.0,14.4,49.0
2024-04-20 06:00:00,13.1,52,3.3,0.0,6.3,13,10.4,1003.5,85.7,50.6,255.0,19.4,14.8,51.0
2024-04-20 07:00:00,13.9,49,3.5,0.0,7.7,41,13.3,1004.1,87.5,51.7,272.0,21.2,15.4,52.0
2024-04-20 08:00:00,15.1,46,3.7,0.0,10.2,32,19.1,1004.7,113.9,65.4,311.0,21.2,15.8,56.0
2024-04-20 09:00:00,15.9,44,3.7,0.0,12.6,24,22.0,1005.4,107.8,61.5,318.0,18.9,15.8,63.0
2024-04-20 10:00:00,17.1,39,3.2,0.0,12.6,31,24.8,1005.3,100.8,57.6,328.0,15.7,15.7,73.0
2024-04-20 11:00:00,19.2,33,2.7,0.0,11.3,27,26.6,1005.1,93.4,54.0,333.0,13.5,15.4,80.0
2024-04-20 12:00:00,20.0,32,2.8,0.0,10.8,30,26.3,1004.6,78.9,46.8,327.0,12.9,14.6,83.0
2024-04-20 13:00:00,20.8,31,2.8,0.0,12.8,38,27.7,1004.0,67.3,40.9,317.0,13.3,13.5,83.0
2024-04-20 14:00:00,21.8,28,2.7,0.0,8.9,43,27.7,1003.4,62.2,38.4,311.0,14.3,12.8,83.0
2024-04-20 15:00:00,22.4,27,2.2,0.0,8.0,10,22.3,1002.6,58.4,36.7,307.0,14.0,12.3,86.0
2024-04-20 16:00:00,23.1,25,2.2,0.0,10.9,6,21.2,1002.4,57.5,36.4,309.0,14.3,12.3,88.0
2024-04-20 17:00:00,23.0,25,2.0,0.0,12.4,26,23.8,1002.1,59.0,37.6,335.0,20.5,14.0,83.0
2024-04-20 18:00:00,22.0,27,2.2,0.0,9.2,51,22.3,1002.1,62.6,40.2,400.0,38.5,18.4,63.0
2024-04-20 19:00:00,18.4,35,2.8,0.0,9.5,99,14.8,1002.5,72.6,47.7,489.0,62.5,24.4,36.0
2024-04-20 20:00:00,17.6,36,2.3,0.0,8.0,170,11.5,1003.6,61.0,41.7,563.0,78.3,26.5,7.0
2024-04-20 21:00:00,15.6,46,4.2,0.0,9.6,110,11.5,1005.8,70.8,48.1,647.0,79.8,33.3,5.0
2024-04-20 22:00:00,15.6,46,4.0,0.0,10.5,158,15.5,1005.7,85.7,58.3,762.0,81.6,42.7,2.0
2024-04-20 23:00:00,14.9,50,4.6,0.0,9.8,197,16.6,1006.1,100.1,68.2,849.0,81.7,49.7,0.0
2024-04-21 00:00:00,13.6,55,4.8,0.0,7.6,183,14.8,1006.3,106.2,72.6,879.0,78.6,52.1,0.0
2024-04-21 01:00:00,12.6,59,4.9,0.0,7.2,186,11.5,1006.3,109.0,74.3,880.0,73.7,52.1,0.0
2024-04-21 02:00:00,11.8,64,5.1,0.0,6.7,164,10.4,1006.1,111.5,76.1,877.0,68.8,51.2,0.0
2024-04-21 03:00:00,11.1,67,5.2,0.0,6.6,139,11.2,1006.4,110.8,75.7,872.0,64.5,48.9,0.0
2024-04-21 04:00:00,10.0,73,5.3,0.0,6.4,128,9.7,1007.0,108.3,73.6,862.0,60.1,45.6,0.0
2024-04-21 05:00:00,9.3,77,5.5,0.0,5.9,104,9.0,1007.2,106.4,72.4,865.0,56.0,44.1,1.0
2024-04-21 06:00:00,9.2,80,5.9,0.0,3.6,53,6.8,1007.6,109.2,74.0,901.0,52.0,46.1,3.0
2024-04-21 07:00:00,11.1,71,5.9,0.0,6.0,57,11.5,1007.9,119.2,81.0,949.0,48.2,50.0,7.0
2024-04-21 08:00:00,12.9,64,6.2,0.0,5.9,76,14.8,1008.0,112.7,75.2,972.0,34.4,55.5,10.0
2024-04-21 09:00:00,15.8,53,6.1,0.0,3.3,96,14.8,1008.5,122.9,81.3,932.0,36.3,57.1,18.0
2024-04-21 10:00:00,17.8,45,5.7,0.0,2.9,120,14.4,1007.8,127.1,83.4,873.0,38.7,58.9,31.0
2024-04-21 11:00:00,20.1,39,5.6,0.0,6.5,174,19.1,1007.2,125.7,82.2,812.0,39.2,58.1,44.0
2024-04-21 12:00:00,22.2,34,5.4,0.0,11.6,187,25.9,1006.0,118.0,77.1,747.0,36.0,52.4,60.0
2024-04-21 13:00:00,23.8,30,5.2,0.0,15.2,194,31.0,1004.8,112.7,73.6,678.0,30.9,44.0,77.0
2024-04-21 14:00:00,24.6,28,5.0,0.0,16.7,199,32.8,1003.6,106.4,69.8,622.0,27.2,37.0,90.0
2024-04-21 15:00:00,25.0,27,4.8,0.0,17.9,199,33.5,1002.3,99.0,65.2,581.0,24.3,32.6,100.0
2024-04-21 16:00:00,25.0,27,4.8,0.0,18.3,195,33.5,1001.7,93.1,61.5,553.0,22.8,29.6,107.0
2024-04-21 17:00:00,24.6,28,4.9,0.0,18.9,194,33.1,1001.6,89.9,59.5,546.0,27.5,28.5,103.0
2024-04-21 18:00:00,23.8,29,4.8,0.0,17.5,188,32.0,1001.6,87.8,58.4,581.0,44.3,30.4,82.0
2024-04-21 19:00:00,21.7,34,5.1,0.0,12.6,183,27.4,1001.9,92.0,61.9,637.0,67.3,34.2,51.0
2024-04-21 20:00:00,20.0,38,5.2,0.0,12.7,173,19.4,1002.9,88.2,59.8,662.0,78.3,36.6,30.0
2024-04-21 21:00:00,18.5,43,5.8,0.0,12.6,160,18.7,1004.0,89.9,61.0,635.0,79.1,36.6,24.0
2024-04-21 22:00:00,16.9,56,7.9,0.0,15.9,155,24.8,1004.4,91.0,61.7,596.0,80.1,36.5,16.0
2024-04-21 23:00:00,15.6,66,9.4,0.0,12.7,155,24.8,1004.5,90.6,61.2,558.0,79.5,35.7,10.0
2024-04-22 00:00:00,14.8,71,9.6,0.0,10.0,154,19.4,1004.3,88.0,59.4,522.0,76.0,33.6,8.0
2024-04-22 01:00:00,13.9,76,9.7,0.0,6.6,158,15.1,1004.1,85.7,57.6,486.0,71.0,30.9,8.0
2024-04-22 02:00:00,13.1,80,9.8,0.0,5.9,128,9.4,1003.4,83.8,56.3,461.0,66.5,28.8,8.0
2024-04-22 03:00:00,11.9,87,9.8,0.0,6.3,103,8.6,1003.1,82.0,55.1,451.0,64.0,27.6,5.0
2024-04-22 04:00:00,11.2,90,9.7,0.0,4.0,63,7.9,1003.2,80.8,54.4,452.0,62.0,27.0,2.0
2024-04-22 05:00:00,10.6,93,9.5,0.0,5.6,50,9.0,1003.5,81.0,54.4,455.0,58.7,27.3,2.0
2024-04-22 06:00:00,10.4,92,9.2,0.0,7.1,41,10.4,1003.6,82.7,55.5,459.0,52.4,28.8,9.0
2024-04-22 07:00:00,11.9,82,8.8,0.0,8.1,32,15.1,1003.9,88.2,59.1,467.0,44.8,31.1,19.0
2024-04-22 08:00:00,13.8,71,8.6,0.0,9.3,28,19.4,1004.2,103.8,69.4,557.0,39.5,37.8,21.0
2024-04-22 09:00:00,16.8,61,9.2,0.0,8.9,21,20.5,1004.7,112.5,74.7,560.0,39.0,41.4,28.0
2024-04-22 10:00:00,18.9,53,9.1,0.0,7.2,27,22.0,1004.7,118.3,78.9,564.0,38.3,46.3,37.0
2024-04-22 11:00:00,21.2,44,8.5,0.0,5.1,45,20.2,1004.6,123.4,82.4,570.0,37.6,49.0,49.0
2024-04-22 12:00:00,23.1,38,8.2,0.0,4.0,170,18.0,1003.9,129.9,86.4,577.0,36.4,47.3,65.0
2024-04-22 13:00:00,24.3,37,8.8,0.0,8.3,175,21.2,1002.9,136.9,90.6,585.0,35.1,43.5,84.0
2024-04-22 14:00:00,24.9,36,8.9,0.0,6.2,190,22.3,1002.2,143.4,94.5,593.0,35.2,40.2,97.0
2024-04-22 15:00:00,25.1,35,8.8,0.0,5.2,192,19.1,1001.4,152.3,97.8,597.0,35.9,38.5,104.0
2024-04-22 16:00:00,25.4,35,8.6,0.0,5.5,148,15.8,1000.6,168.6,101.5,601.0,38.1,37.5,107.0
2024-04-22 17:00:00,26.1,33,8.6,0.0,12.2,152,21.2,1000.4,185.3,109.0,622.0,45.6,36.8,99.0
2024-04-22 18:00:00,24.2,39,9.4,0.1,15.3,135,25.2,1000.7,190.9,113.6,683.0,65.3,37.0,72.0
2024-04-22 19:00:00,23.0,42,9.5,0.0,10.2,129,24.5,1000.4,198.4,123.4,761.0,90.4,37.7,34.0
2024-04-22 20:00:00,21.1,50,10.4,0.0,5.8,97,15.8,1001.3,170.0,109.0,696.0,69.9,30.6,49.0
2024-04-22 21:00:00,16.6,85,14.0,1.2,15.2,22,24.1,1004.2,159.7,103.8,685.0,63.0,28.3,52.0
2024-04-22 22:00:00,15.5,88,13.5,5.1,14.3,12,26.3,1005.0,154.6,102.2,669.0,53.3,25.2,57.0
2024-04-22 23:00:00,15.1,88,13.1,1.6,19.2,60,30.2,1003.9,153.7,103.1,646.0,45.3,22.6,59.0
2024-04-23 00:00:00,15.2,90,13.6,0.8,11.2,2,29.5,1003.8,147.1,99.7,609.0,40.8,21.2,57.0
2024-04-23 01:00:00,14.5,90,12.9,1.2,19.4,359,31.3,1003.4,139.7,95.5,564.0,37.9,20.5,52.0
2024-04-23 02:00:00,14.2,89,12.4,2.1,17.1,30,30.6,1002.8,135.0,90.3,530.0,35.3,19.9,49.0
2024-04-23 03:00:00,13.1,87,11.1,1.6,20.0,14,31.0,1003.5,129.5,86.8,525.0,32.6,19.8,50.0
2024-04-23 04:00:00,12.9,83,10.1,2.4,25.6,1,40.3,1003.2,124.8,84.1,530.0,30.3,19.9,53.0
2024-04-23 05:00:00,12.6,75,8.3,0.5,22.2,352,40.3,1003.8,115.5,78.5,506.0,28.0,18.8,56.0
2024-04-23 06:00:00,12.2,77,8.4,0.6,27.7,347,41.8,1003.7,89.4,58.0,421.0,26.1,15.2,56.0
2024-04-23 07:00:00,12.1,65,5.6,0.1,29.3,349,50.4,1004.3,40.2,22.8,306.0,24.3,10.3,55.0
2024-04-23 08:00:00,12.2,61,5.1,0.0,24.1,358,45.4,1004.2,43.4,20.1,249.0,26.1,9.0,42.0
2024-04-23 09:00:00,13.2,73,8.6,0.2,17.9,345,33.8,1004.1,54.9,19.0,231.0,20.5,8.0,52.0
2024-04-23 10:00:00,15.9,54,6.6,0.1,16.6,347,36.0,1004.3,53.9,15.9,206.0,12.9,6.6,65.0
2024-04-23 11:00:00,17.8,41,4.2,0.0,18.7,358,40.3,1004.1,50.2,13.9,188.0,7.2,5.5,76.0
2024-04-23 12:00:00,19.2,34,3.2,0.0,19.5,3,38.9,1003.5,44.8,12.3,182.0,5.4,4.9,82.0
2024-04-23 13:00:00,19.1,31,1.5,0.0,19.3,33,37.8,1002.8,42.1,11.2,183.0,5.6,4.7,85.0
2024-04-23 14:00:00,18.2,35,2.5,0.0,19.2,60,35.3,1001.7,39.8,10.0,186.0,6.5,4.5,88.0
2024-04-23 15:00:00,19.0,34,2.8,0.0,17.5,53,35.3,1000.6,34.0,8.6,161.0,5.5,3.1,96.0
2024-04-23 16:00:00,19.5,34,3.1,0.0,9.7,48,32.0,1000.1,27.4,7.5,138.0,5.3,1.8,105.0
2024-04-23 17:00:00,19.4,36,3.7,0.0,4.5,104,20.2,1000.0,20.5,7.0,200.0,12.4,4.6,101.0
2024-04-23 18:00:00,17.8,42,4.8,0.0,10.7,135,16.2,1000.2,22.5,12.4,442.0,34.8,15.9,73.0
2024-04-23 19:00:00,14.8,52,5.0,0.0,8.7,132,17.6,1001.0,55.2,36.9,768.0,64.6,31.2,33.0
2024-04-23 20:00:00,12.8,59,5.1,0.0,6.9,118,13.0,1001.9,65.7,43.3,692.0,79.2,30.0,1.0
2024-04-23 21:00:00,12.8,72,7.9,0.0,6.4,137,9.7,1003.8,56.9,38.2,688.0,77.2,31.9,1.0
2024-04-23 22:00:00,11.9,79,8.4,0.0,7.0,168,10.8,1004.4,53.8,36.8,683.0,74.4,34.5,0.0
2024-04-23 23:00:00,10.9,86,8.6,0.0,6.2,187,10.8,1004.7,58.0,40.0,679.0,71.9,36.8,0.0
2024-04-24 00:00:00,10.4,89,8.6,0.0,6.2,234,9.0,1004.6,63.8,44.4,678.0,70.5,38.5,0.0
2024-04-24 01:00:00,10.0,89,8.3,0.0,6.9,231,10.4,1004.1,61.5,42.7,679.0,69.4,40.0,0.0
2024-04-24 02:00:00,9.2,92,7.9,0.0,6.9,227,10.1,1003.8,60.8,42.3,679.0,68.0,41.2,0.0
2024-04-24 03:00:00,8.6,92,7.5,0.0,7.9,231,9.7,1003.8,60.3,42.0,677.0,66.1,41.5,0.0
2024-04-24 04:00:00,8.5,91,7.1,0.0,7.6,245,10.4,1003.6,60.1,41.9,674.0,63.7,41.4,0.0
2024-04-24 05:00:00,8.6,88,6.7,0.0,4.7,293,8.6,1003.2,60.5,42.1,677.0,60.8,42.8,0.0
2024-04-24 06:00:00,8.2,90,6.7,0.0,3.5,336,5.8,1003.6,65.2,45.4,696.0,56.8,47.5,4.0
2024-04-24 07:00:00,10.3,82,7.3,0.0,3.1,54,7.9,1004.0,73.8,51.5,720.0,52.2,53.6,10.0
2024-04-24 08:00:00,12.4,73,7.8,0.0,2.6,106,10.4,1004.3,63.3,43.4,713.0,41.0,54.0,13.0
2024-04-24 09:00:00,14.9,64,8.1,0.0,5.8,158,16.2,1004.6,61.7,40.9,692.0,40.4,55.6,19.0
2024-04-24 10:00:00,16.7,56,7.9,0.0,7.6,172,19.4,1003.8,61.0,39.3,662.0,39.5,57.6,28.0
2024-04-24 11:00:00,19.0,48,7.6,0.0,9.8,188,23.0,1003.3,61.7,39.8,628.0,38.3,57.5,38.0
2024-04-24 12:00:00,21.3,39,6.7,0.0,12.7,195,27.0,1002.1,62.4,41.0,594.0,36.7,54.0,48.0
2024-04-24 13:00:00,23.1,34,6.3,0.0,14.8,193,29.9,1000.8,62.2,41.6,556.0,34.8,48.4,59.0
2024-04-24 14:00:00,24.6,30,5.7,0.0,17.4,193,32.4,999.4,59.0,39.9,512.0,32.8,42.0,70.0
2024-04-24 15:00:00,25.4,28,5.4,0.0,19.2,197,34.6,998.2,53.3,36.2,446.0,28.6,33.9,86.0
2024-04-24 16:00:00,25.7,27,5.2,0.0,19.4,195,34.6,997.3,48.5,32.8,375.0,24.3,25.0,103.0
2024-04-24 17:00:00,25.1,28,5.6,0.0,20.7,197,34.2,996.8,46.3,31.3,340.0,26.4,19.9,108.0
2024-04-24 18:00:00,23.7,33,6.5,0.0,13.4,204,33.1,996.5,47.6,32.6,374.0,41.0,21.6,91.0
2024-04-24 19:00:00,20.5,41,6.8,0.0,8.8,192,20.5,996.6,51.1,35.3,445.0,62.0,27.2,63.0
2024-04-24 20:00:00,19.6,43,6.7,0.0,15.3,188,23.0,996.7,51.7,35.4,496.0,67.9,30.7,52.0
2024-04-24 21:00:00,16.8,59,8.6,0.0,10.0,195,11.9,998.7,56.2,39.1,514.0,70.4,32.1,45.0
2024-04-24 22:00:00,16.7,58,8.4,0.0,8.6,178,12.2,998.0,58.2,40.6,538.0,73.6,33.9,34.0
2024-04-24 23:00:00,15.7,61,8.2,0.0,7.9,177,12.6,997.7,59.1,41.3,549.0,74.6,34.7,26.0
2024-04-25 00:00:00,17.0,55,7.9,0.0,7.8,193,13.7,997.9,57.9,40.4,533.0,71.4,33.5,23.0
2024-04-25 01:00:00,16.3,58,8.0,0.0,2.4,333,8.3,997.6,57.0,39.8,505.0,66.0,31.4,22.0
2024-04-25 02:00:00,12.6,78,8.8,0.0,5.5,349,7.9,997.1,60.3,42.0,490.0,61.8,29.8,20.0
2024-04-25 03:00:00,11.6,87,9.5,0.0,7.6,355,11.9,996.9,65.0,45.3,496.0,60.7,29.2,13.0
2024-04-25 04:00:00,10.9,92,9.6,0.0,10.9,351,17.3,997.0,68.0,47.5,516.0,60.8,29.2,5.0
2024-04-25 05:00:00,10.8,91,9.4,0.0,9.4,360,17.3,996.9,68.9,48.2,553.0,59.2,30.1,1.0
2024-04-25 06:00:00,11.1,88,9.3,0.0,8.6,360,14.4,997.3,69.2,48.4,630.0,53.7,31.9,2.0
2024-04-25 07:00:00,13.4,77,9.4,0.0,10.5,16,17.3,997.7,79.2,55.4,724.0,46.5,34.5,6.0
2024-04-25 08:00:00,15.9,64,9.2,0.0,9.1,9,18.4,998.0,91.0,63.6,782.0,43.2,40.3,14.0
2024-04-25 09:00:00,18.3,57,9.6,0.0,7.4,14,18.4,998.3,95.2,65.4,722.0,43.0,44.2,25.0
2024-04-25 10:00:00,20.3,51,9.9,0.0,6.8,32,18.7,997.6,96.9,66.1,640.0,42.7,49.5,41.0
2024-04-25 11:00:00,22.2,46,10.1,0.0,4.5,61,18.7,997.3,99.4,67.8,584.0,43.0,53.8,55.0
2024-04-25 12:00:00,24.0,41,10.1,0.0,2.3,141,16.6,996.6,103.1,69.2,581.0,44.2,56.4,67.0
2024-04-25 13:00:00,25.5,37,9.8,0.0,6.2,173,18.0,995.5,106.6,70.1,603.0,46.0,57.9,77.0
2024-04-25 14:00:00,26.8,35,10.1,0.0,10.5,188,23.0,994.8,110.1,70.8,618.0,47.7,57.6,86.0
2024-04-25 15:00:00,27.8,35,10.8,0.0,12.5,192,24.5,993.7,112.5,69.4,596.0,46.5,53.8,97.0
2024-04-25 16:00:00,28.0,34,10.6,0.0,17.9,190,31.0,993.1,111.8,68.0,567.0,45.2,48.1,108.0
2024-04-25 17:00:00,27.5,36,10.9,0.0,16.3,202,31.7,993.2,108.3,65.4,584.0,51.8,44.7,105.0
2024-04-25 18:00:00,26.0,43,12.6,0.0,6.0,197,26.6,993.5,106.9,67.3,698.0,74.8,46.4,78.0
2024-04-25 19:00:00,22.2,55,12.9,0.0,9.4,173,10.8,993.6,116.9,76.4,858.0,105.7,50.4,38.0
2024-04-25 20:00:00,20.9,60,12.9,0.0,9.0,180,11.2,994.3,107.3,73.1,783.0,116.1,45.9,22.0
2024-04-25 21:00:00,20.1,65,13.3,0.0,7.7,169,16.9,995.8,112.2,76.4,790.0,112.0,46.0,19.0
2024-04-25 22:00:00,18.9,70,13.4,0.0,8.7,138,11.5,995.7,109.0,74.7,798.0,106.0,46.1,15.0
2024-04-25 23:00:00,19.6,66,13.1,0.0,2.7,23,9.7,996.0,105.2,72.4,794.0,99.7,45.3,11.0
2024-04-26 00:00:00,19.5,66,13.1,0.0,0.8,27,3.2,996.0,99.7,68.7,767.0,93.2,42.7,8.0
2024-04-26 01:00:00,15.9,83,13.0,0.0,7.5,343,7.6,995.9,97.6,67.3,727.0,86.4,39.2,6.0
2024-04-26 02:00:00,15.4,84,12.8,0.0,6.5,357,9.4,995.9,99.4,68.7,698.0,79.8,36.6,4.0
2024-04-26 03:00:00,14.6,87,12.4,0.0,6.8,357,11.5,995.9,100.8,69.8,687.0,73.7,35.4,2.0
2024-04-26 04:00:00,14.1,89,12.3,0.0,6.6,351,10.8,995.7,100.6,69.6,686.0,68.0,35.1,1.0
2024-04-26 05:00:00,13.8,91,12.3,0.0,8.7,353,13.3,996.1,102.2,70.8,691.0,62.6,36.0,2.0
2024-04-26 06:00:00,13.7,92,12.4,0.0,10.5,4,15.8,996.5,108.7,75.2,713.0,57.5,39.1,6.0
2024-04-26 07:00:00,15.6,84,12.9,0.0,10.5,8,17.6,997.2,127.6,88.2,740.0,52.8,43.4,12.0
2024-04-26 08:00:00,17.9,76,13.7,0.0,11.0,19,21.6,997.9,113.9,78.9,748.0,44.8,40.0,19.0
2024-04-26 09:00:00,21.0,67,14.7,0.0,8.8,35,20.9,997.9,108.3,73.8,677.0,41.9,39.5,33.0
2024-04-26 10:00:00,22.9,61,15.0,0.0,6.8,72,20.2,998.0,105.0,70.3,579.0,37.9,38.7,52.0
2024-04-26 11:00:00,24.6,54,14.8,0.0,6.3,121,18.7,998.0,107.6,71.0,508.0,34.7,38.0,71.0
2024-04-26 12:00:00,26.1,48,14.1,0.0,8.4,140,20.5,997.3,113.6,74.3,480.0,30.6,37.0,92.0
2024-04-26 13:00:00,27.3,43,13.6,0.0,10.5,149,22.7,996.3,122.0,79.2,480.0,27.2,36.0,114.0
2024-04-26 14:00:00,27.7,42,13.6,0.0,9.2,169,23.8,995.7,130.4,84.1,514.0,31.7,36.1,119.0
2024-04-26 15:00:00,28.0,42,13.8,0.0,4.6,219,20.5,995.6,136.4,87.8,574.0,51.1,37.1,96.0
2024-04-26 16:00:00,27.3,44,13.9,0.0,6.5,360,15.1,995.7,141.1,90.6,669.0,78.3,39.1,58.0
2024-04-26 17:00:00,26.6,46,14.2,0.0,11.7,349,18.7,996.3,161.1,105.5,826.0,99.1,43.7,27.0
2024-04-26 18:00:00,24.2,55,14.7,0.0,12.8,338,21.6,996.9,186.3,123.9,1105.0,107.2,52.9,12.0
2024-04-26 19:00:00,22.8,61,14.8,0.0,12.9,347,19.8,998.0,206.8,139.2,1447.0,108.9,64.7,5.0
2024-04-26 20:00:00,22.0,63,14.6,0.0,10.1,4,24.1,998.2,179.3,119.0,1090.0,107.9,47.6,0.0
2024-04-26 21:00:00,21.1,69,15.1,0.0,5.9,104,10.1,1000.2,181.6,121.5,1064.0,104.8,45.4,0.0
2024-04-26 22:00:00,19.8,75,15.2,0.0,4.2,329,8.6,1000.1,171.4,114.8,1026.0,100.5,42.4,0.0
2024-04-26 23:00:00,18.5,81,15.2,0.0,5.4,132,7.9,1000.8,160.7,106.4,981.0,96.3,39.5,0.0
2024-04-27 00:00:00,18.2,83,15.2,0.0,5.4,188,8.6,1001.0,152.7,100.6,924.0,93.3,37.1,0.0
2024-04-27 01:00:00,16.8,90,15.1,0.0,4.3,24,6.1,1001.1,146.7,96.4,860.0,90.5,34.9,0.0
2024-04-27 02:00:00,16.3,92,15.0,0.0,9.5,25,14.0,1001.3,141.6,93.4,806.0,86.4,32.9,0.0
2024-04-27 03:00:00,15.8,93,14.8,0.0,10.1,35,19.1,1001.7,131.3,87.8,768.0,80.0,31.0,0.0
2024-04-27 04:00:00,15.3,93,14.2,0.0,6.4,52,15.1,1001.9,122.5,82.2,741.0,72.2,29.4,0.0
2024-04-27 05:00:00,14.8,95,14.0,0.0,6.0,25,9.4,1002.1,115.0,77.3,717.0,64.6,28.3,0.0
2024-04-27 06:00:00,14.9,96,14.3,0.0,8.1,13,12.2,1002.7,110.6,74.5,706.0,57.8,28.5,5.0
2024-04-27 07:00:00,16.9,87,14.6,0.0,6.8,25,13.3,1004.0,108.7,72.9,700.0,51.1,29.3,12.0
2024-04-27 08:00:00,18.7,70,13.2,0.0,11.0,67,19.1,1005.0,89.9,58.6,639.0,42.7,26.6,20.0
2024-04-27 09:00:00,21.4,30,3.0,0.0,24.0,49,39.2,1005.2,68.5,36.7,548.0,34.1,22.7,40.0
2024-04-27 10:00:00,22.3,35,6.1,0.0,22.2,47,43.6,1005.4,62.4,35.4,423.0,22.3,17.4,68.0
2024-04-27 11:00:00,23.0,44,10.0,0.0,19.7,82,38.2,1005.9,65.4,38.6,329.0,13.5,13.4,90.0
2024-04-27 12:00:00,22.1,41,8.3,0.0,28.3,97,47.9,1006.0,67.3,39.9,295.0,10.3,12.0,101.0
2024-04-27 13:00:00,21.9,43,8.8,0.0,23.7,100,48.2,1006.3,68.0,39.9,293.0,10.2,11.9,107.0
2024-04-27 14:00:00,21.8,42,8.1,0.0,18.8,95,41.4,1006.0,69.4,40.3,299.0,12.1,12.2,108.0
2024-04-27 15:00:00,22.2,38,7.2,0.0,18.6,100,33.8,1005.3,71.0,41.8,309.0,15.6,12.7,104.0
2024-04-27 16:00:00,21.6,38,6.8,0.1,18.7,109,32.8,1005.3,73.8,43.7,328.0,21.0,13.6,95.0
2024-04-27 17:00:00,21.5,37,6.1,0.0,17.5,104,31.7,1005.2,77.1,45.9,350.0,28.1,15.0,83.0
2024-04-27 18:00:00,21.4,36,5.8,0.0,13.4,84,28.8,1005.1,80.1,47.6,378.0,38.2,17.2,68.0
2024-04-27 19:00:00,20.1,40,6.2,0.0,5.4,90,20.9,1005.9,84.1,51.2,410.0,50.0,19.9,49.0
2024-04-27 20:00:00,19.6,45,7.4,0.0,5.4,132,10.1,1006.9,84.5,53.6,420.0,52.1,22.3,37.0
2024-04-27 21:00:00,18.0,55,8.8,0.0,10.5,106,15.8,1008.5,111.5,68.5,405.0,51.2,21.9,34.0
2024-04-27 22:00:00,17.8,57,9.1,0.0,7.2,117,15.8,1008.9,127.1,77.8,382.0,49.6,21.3,31.0
2024-04-27 23:00:00,17.6,54,8.3,0.0,5.4,86,10.4,1009.2,138.8,83.4,355.0,45.6,20.0,32.0
2024-04-28 00:00:00,17.0,52,7.1,0.0,9.0,85,13.7,1010.0,153.2,90.3,319.0,36.8,17.2,40.0
2024-04-28 01:00:00,16.2,51,6.1,0.0,10.8,92,15.5,1010.6,208.2,121.5,278.0,25.6,13.7,53.0
2024-04-28 02:00:00,14.6,56,5.9,0.1,12.8,80,19.8,1010.7,210.9,124.3,249.0,17.3,11.3,62.0
2024-04-28 03:00:00,13.1,67,7.2,0.6,9.5,53,19.8,1011.0,199.8,118.0,239.0,14.2,10.8,65.0
2024-04-28 04:00:00,12.4,76,8.2,0.7,12.2,24,19.1,1010.7,186.7,110.4,241.0,14.0,11.3,65.0
2024-04-28 05:00:00,12.7,71,7.6,0.0,12.6,358,20.9,1010.3,175.6,104.5,248.0,15.5,12.1,64.0
2024-04-28 06:00:00,13.1,70,7.6,0.0,11.2,4,19.8,1010.7,170.9,102.0,263.0,19.6,13.1,60.0
2024-04-28 07:00:00,13.4,67,7.5,0.0,11.2,4,18.4,1011.6,168.1,99.7,284.0,25.2,14.4,54.0
2024-04-28 08:00:00,13.8,64,7.2,0.0,11.2,2,18.4,1012.0,130.9,77.5,264.0,22.7,10.9,60.0
2024-04-28 09:00:00,14.8,64,8.1,0.0,15.8,47,27.4,1012.9,110.8,64.3,261.0,21.1,10.8,64.0
2024-04-28 10:00:00,14.8,52,4.9,0.0,16.6,51,28.8,1013.1,95.7,55.3,257.0,18.9,10.7,70.0
2024-04-28 11:00:00,15.1,48,4.1,0.0,16.3,49,29.5,1013.2,85.7,49.2,254.0,16.9,10.5,75.0
2024-04-28 12:00:00,15.6,46,4.0,0.0,15.5,48,29.5,1012.9,78.9,45.6,251.0,15.0,10.1,78.0
2024-04-28 13:00:00,16.0,45,4.2,0.0,14.3,62,28.4,1012.4,72.9,42.6,249.0,13.3,9.5,81.0
2024-04-28 14:00:00,16.4,44,4.1,0.0,13.0,71,26.6,1011.7,67.1,39.5,248.0,12.7,9.1,81.0
2024-04-28 15:00:00,16.8,41,3.4,0.0,13.7,76,24.8,1010.9,61.9,36.7,248.0,13.4,8.7,80.0
2024-04-28 16:00:00,16.5,39,2.5,0.0,13.4,76,25.6,1010.5,56.1,33.6,249.0,15.2,8.5,77.0
2024-04-28 17:00:00,16.0,39,2.0,0.0,15.5,72,25.6,1010.6,50.9,30.9,256.0,18.8,8.9,71.0
2024-04-28 18:00:00,15.6,41,2.2,0.0,13.7,72,25.9,1010.7,52.3,31.8,274.0,25.5,10.3,60.0
2024-04-28 19:00:00,15.4,42,2.5,0.0,10.7,76,22.3,1010.7,55.1,34.7,298.0,34.0,12.4,46.0
2024-04-28 20:00:00,14.7,47,3.3,0.0,10.0,69,16.6,1011.2,33.5,22.1,302.0,34.7,13.3,46.0
2024-04-28 21:00:00,12.7,60,5.1,0.0,11.9,35,26.6,1012.6,32.0,21.1,308.0,36.1,13.8,43.0
2024-04-28 22:00:00,12.4,62,5.3,0.0,10.2,32,18.7,1012.6,33.6,22.2,316.0,38.0,14.4,40.0
2024-04-28 23:00:00,11.5,66,5.3,0.0,8.0,36,15.8,1012.3,38.8,25.0,317.0,38.2,14.9,38.0
2024-04-29 00:00:00,11.1,67,5.2,0.0,6.9,43,13.3,1012.2,44.4,28.2,306.0,35.2,14.9,41.0
2024-04-29 01:00:00,11.2,66,5.1,0.0,7.6,45,12.6,1012.1,43.7,27.8,288.0,30.6,14.8,45.0
2024-04-29 02:00:00,11.2,66,5.2,0.0,6.4,63,12.6,1011.6,51.0,32.0,277.0,27.5,15.2,48.0
2024-04-29 03:00:00,11.2,67,5.3,0.0,4.7,94,10.8,1011.4,49.4,31.4,275.0,27.0,16.5,48.0
2024-04-29 04:00:00,10.9,70,5.7,0.1,4.2,70,7.9,1010.9,48.7,31.3,279.0,28.0,18.3,46.0
2024-04-29 05:00:00,10.7,75,6.4,0.1,6.4,27,10.4,1010.8,48.1,31.3,291.0,30.3,20.1,43.0
2024-04-29 06:00:00,10.2,84,7.7,0.6,6.4,52,12.2,1011.0,48.2,31.8,320.0,35.2,22.0,39.0
2024-04-29 07:00:00,10.1,87,7.9,1.0,5.6,50,11.5,1011.1,49.9,33.3,357.0,41.4,23.9,35.0
2024-04-29 08:00:00,10.1,87,8.0,1.1,4.6,72,10.1,1011.4,49.1,33.5,402.0,49.6,29.1,24.0
2024-04-29 09:00:00,10.2,86,7.9,0.5,2.3,72,9.4,1011.8,48.8,33.3,395.0,47.9,29.6,29.0
2024-04-29 10:00:00,10.4,82,7.6,0.7,1.6,243,7.6,1011.9,46.0,31.1,386.0,45.3,30.2,36.0
2024-04-29 11:00:00,10.9,78,7.2,0.3,2.3,219,10.1,1012.0,46.4,31.1,376.0,42.2,30.0,43.0
2024-04-29 12:00:00,11.5,74,7.0,0.0,2.9,173,10.8,1011.5,46.0,30.7,367.0,38.1,28.5,48.0
2024-04-29 13:00:00,11.9,71,6.8,0.0,2.1,149,10.8,1010.7,40.9,27.8,357.0,33.4,26.1,53.0
2024-04-29 14:00:00,13.0,68,7.2,0.0,3.5,66,10.8,1009.7,36.7,25.2,347.0,30.2,23.5,57.0
2024-04-29 15:00:00,13.9,65,7.4,0.0,9.2,121,18.7,1008.5,30.0,20.8,317.0,27.9,19.5,61.0
2024-04-29 16:00:00,14.2,63,7.3,0.0,9.4,140,21.2,1008.4,25.3,17.6,287.0,27.1,15.2,65.0
2024-04-29 17:00:00,13.6,65,7.1,0.0,10.0,159,19.8,1008.8,24.0,16.7,310.0,31.1,14.7,61.0
2024-04-29 18:00:00,13.2,67,7.1,0.0,7.7,221,18.4,1009.4,28.1,19.7,430.0,44.7,21.2,43.0
2024-04-29 19:00:00,12.4,72,7.5,0.0,9.0,265,15.1,1009.8,45.3,31.8,603.0,63.0,31.4,18.0
2024-04-29 20:00:00,11.2,79,7.7,0.0,6.8,273,14.0,1010.2,78.0,54.2,720.0,76.6,37.4,0.0
2024-04-29 21:00:00,10.6,85,8.2,0.0,8.2,255,13.3,1012.1,90.6,63.1,795.0,73.6,40.5,0.0
2024-04-29 22:00:00,10.0,90,8.4,0.0,8.4,250,13.7,1011.6,96.6,67.5,895.0,69.5,44.5,0.0
2024-04-29 23:00:00,9.5,93,8.4,0.0,5.4,262,13.0,1010.8,95.9,67.1,941.0,65.4,45.4,0.0
2024-04-30 00:00:00,8.6,94,7.7,0.0,5.2,295,8.3,1010.3,88.9,62.2,890.0,62.2,40.6,0.0
2024-04-30 01:00:00,7.7,94,6.8,0.0,4.5,284,7.6,1009.5,77.8,54.2,787.0,59.1,32.8,0.0
2024-04-30 02:00:00,6.8,94,6.0,0.0,5.5,238,6.1,1009.3,66.8,46.6,682.0,55.5,25.9,0.0
2024-04-30 03:00:00,6.8,92,5.5,0.0,6.6,241,8.6,1009.7,56.6,39.5,582.0,50.8,20.9,1.0
2024-04-30 04:00:00,6.7,85,4.4,0.0,5.8,263,8.6,1009.7,48.0,33.4,481.0,45.6,16.7,2.0
2024-04-30 05:00:00,6.4,78,3.0,0.0,4.0,297,7.6,1009.6,41.9,29.2,417.0,40.8,14.4,4.0
2024-04-30 06:00:00,7.2,72,2.5,0.0,4.8,312,7.6,1010.4,39.2,27.3,427.0,36.9,15.3,4.0
2024-04-30 07:00:00,9.8,64,3.4,0.0,8.7,336,13.7,1010.9,42.8,29.7,474.0,33.4,18.0,4.0
2024-04-30 08:00:00,12.8,52,3.2,0.0,8.1,347,16.2,1011.0,54.5,37.7,526.0,31.2,20.1,10.0
2024-04-30 09:00:00,15.8,43,3.3,0.0,6.8,360,16.6,1010.9,47.8,31.0,446.0,28.8,18.9,27.0
2024-04-30 10:00:00,18.0,33,1.5,0.0,5.8,22,18.0,1010.8,48.0,24.4,335.0,25.2,17.1,51.0
2024-04-30 11:00:00,19.4,30,1.5,0.0,4.3,360,17.3,1010.1,58.1,14.1,248.0,21.4,15.0,72.0
2024-04-30 12:00:00,21.0,28,1.5,0.0,3.7,331,15.5,1009.2,52.9,9.5,207.0,16.8,12.2,86.0
2024-04-30 13:00:00,22.8,19,-2.2,0.0,7.9,336,19.1,1008.2,42.1,8.1,190.0,11.8,8.9,96.0
2024-04-30 14:00:00,23.5,14,-5.5,0.0,8.0,333,21.2,1007.2,36.7,7.7,182.0,9.0,6.7,102.0
2024-04-30 15:00:00,24.2,14,-5.3,0.0,5.1,225,19.8,1006.0,34.5,8.1,167.0,7.2,5.2,107.0
2024-04-30 16:00:00,25.0,12,-6.3,0.0,6.5,214,15.1,1004.9,33.6,8.8,162.0,7.5,4.7,107.0
2024-04-30 17:00:00,23.2,17,-3.2,0.0,16.5,212,26.6,1004.9,31.7,9.2,196.0,15.4,7.0,98.0
2024-04-30 18:00:00,21.0,22,-1.6,0.0,17.4,204,27.7,1004.6,43.7,23.0,312.0,39.3,15.0,68.0
2024-04-30 19:00:00,19.2,24,-2.0,0.0,20.6,216,34.6,1004.7,54.8,33.2,467.0,70.9,25.9,28.0
2024-04-30 20:00:00,16.9,30,-0.9,0.0,16.1,220,31.7,1005.2,65.2,41.0,658.0,90.1,32.3,1.0
2024-04-30 21:00:00,16.8,34,0.8,0.0,19.9,215,30.2,1006.7,61.0,38.9,637.0,84.9,32.2,4.0
2024-04-30 22:00:00,16.3,34,0.6,0.0,19.4,220,32.0,1007.3,56.3,36.2,607.0,77.3,31.9,9.0
2024-04-30 23:00:00,15.5,36,0.6,0.0,16.8,227,29.9,1007.1,51.2,32.8,568.0,69.0,30.1,13.0
2024-05-01 00:00:00,14.4,39,0.7,0.0,12.6,239,25.9,1007.0,44.5,28.3,515.0,59.4,25.6,16.0
2024-05-01 01:00:00,12.0,50,1.8,0.0,6.9,264,19.4,1006.7,38.5,24.7,454.0,49.1,19.7,19.0
2024-05-01 02:00:00,9.7,64,3.3,0.0,4.9,306,10.1,1006.3,34.2,22.2,403.0,41.8,15.2,19.0
2024-05-01 03:00:00,8.6,74,4.2,0.0,6.4,344,7.6,1006.5,31.4,20.7,362.0,40.1,13.0,14.0
2024-05-01 04:00:00,8.1,75,3.8,0.0,6.0,335,8.3,1006.4,29.7,19.8,332.0,41.5,12.2,7.0
2024-05-01 05:00:00,8.4,70,3.2,0.0,5.3,332,7.9,1006.3,28.4,19.2,328.0,41.9,12.6,3.0
2024-05-01 06:00:00,8.9,67,3.2,0.0,4.4,325,8.3,1006.9,30.2,20.4,379.0,39.2,14.5,3.0
2024-05-01 07:00:00,11.0,64,4.4,0.0,2.7,337,8.3,1007.7,38.9,26.1,456.0,35.5,17.6,6.0
2024-05-01 08:00:00,13.9,47,2.8,0.0,2.2,351,9.7,1007.7,52.4,33.6,541.0,31.2,20.5,13.0
2024-05-01 09:00:00,17.4,40,3.5,0.0,1.1,360,10.8,1008.3,48.2,28.8,468.0,29.9,20.3,35.0
2024-05-01 10:00:00,20.2,33,3.6,0.0,0.8,153,11.2,1008.0,43.3,25.7,368.0,28.1,19.9,65.0
2024-05-01 11:00:00,23.0,27,3.2,0.0,4.0,170,14.8,1007.6,31.8,18.5,289.0,25.5,18.9,89.0
2024-05-01 12:00:00,25.4,21,1.2,0.0,11.6,206,23.4,1006.7,27.3,14.5,253.0,21.3,16.7,103.0
2024-05-01 13:00:00,26.2,18,0.1,0.0,16.2,212,30.6,1005.8,26.7,14.6,239.0,16.5,13.8,111.0
2024-05-01 14:00:00,26.6,17,-0.2,0.0,16.8,211,31.3,1005.2,26.4,15.1,234.0,13.7,11.7,115.0
2024-05-01 15:00:00,26.6,16,-0.9,0.0,18.8,209,32.8,1004.5,26.1,15.2,229.0,12.8,10.4,118.0
2024-05-01 16:00:00,26.3,17,-0.6,0.0,19.3,207,33.1,1004.0,26.1,15.2,233.0,13.9,10.0,117.0
2024-05-01 17:00:00,25.5,19,0.6,0.0,20.1,207,33.1,1004.0,27.1,15.9,257.0,20.1,11.5,109.0
2024-05-01 18:00:00,23.9,24,2.1,0.0,20.3,207,31.7,1004.1,34.7,22.1,318.0,36.3,16.8,87.0
2024-05-01 19:00:00,21.5,29,3.0,0.0,18.7,214,31.7,1004.6,42.4,27.8,399.0,57.7,24.2,58.0
2024-05-01 20:00:00,19.6,35,3.7,0.0,17.4,214,28.8,1005.4,61.2,37.6,501.0,83.2,31.6,25.0
2024-05-01 21:00:00,19.4,38,4.6,0.0,21.9,216,33.8,1006.8,60.8,38.2,488.0,77.5,31.2,27.0
2024-05-01 22:00:00,18.7,39,4.3,0.0,22.7,213,35.3,1006.8,59.6,37.8,469.0,69.5,30.5,30.0
2024-05-01 23:00:00,18.0,40,4.2,0.0,21.3,210,35.6,1007.0,58.3,37.3,452.0,62.9,29.8,31.0
2024-05-02 00:00:00,17.1,43,4.3,0.0,18.7,210,33.1,1007.3,56.2,36.3,438.0,59.1,29.0,31.0
2024-05-02 01:00:00,15.9,47,4.6,0.0,14.6,218,29.2,1007.1,54.8,35.9,425.0,56.6,28.2,29.0
2024-05-02 02:00:00,14.5,52,4.8,0.0,10.5,221,22.3,1007.0,55.1,36.4,421.0,54.8,27.4,25.0
2024-05-02 03:00:00,12.9,60,5.2,0.0,7.4,227,15.8,1007.3,55.6,37.4,426.0,54.2,26.0,17.0
2024-05-02 04:00:00,11.6,67,5.6,0.0,8.5,242,10.4,1007.8,56.3,38.2,440.0,54.3,24.6,6.0
2024-05-02 05:00:00,11.1,69,5.7,0.0,7.6,262,10.4,1008.3,57.6,39.3,463.0,53.3,25.2,1.0
2024-05-02 06:00:00,11.5,72,6.6,0.0,5.5,293,8.6,1009.1,62.2,42.5,508.0,49.8,29.2,4.0
2024-05-02 07:00:00,13.6,60,6.1,0.0,5.9,313,11.5,1009.8,75.0,51.3,562.0,45.2,35.3,12.0
2024-05-02 08:00:00,15.6,53,6.1,0.0,2.3,288,11.9,1010.3,60.1,41.0,600.0,44.0,38.7,22.0
2024-05-02 09:00:00,18.1,48,6.9,0.0,7.2,217,17.3,1011.3,70.1,46.7,577.0,42.9,41.2,34.0
2024-05-02 10:00:00,20.6,42,7.3,0.0,9.1,214,21.2,1011.2,74.5,49.4,544.0,41.1,44.4,52.0
2024-05-02 11:00:00,23.0,38,7.8,0.0,13.5,214,27.0,1011.4,76.6,50.4,505.0,37.8,44.5,71.0
2024-05-02 12:00:00,25.1,33,7.6,0.0,18.5,213,34.6,1010.7,74.5,49.0,455.0,31.5,38.7,92.0
2024-05-02 13:00:00,26.4,28,6.6,0.0,20.3,210,37.4,1010.0,68.5,44.8,400.0,23.7,29.8,114.0
2024-05-02 14:00:00,26.9,27,6.3,0.0,20.4,206,37.4,1009.4,61.0,40.0,357.0,18.4,22.7,129.0
2024-05-02 15:00:00,27.1,26,5.9,0.0,21.3,206,37.4,1008.9,52.7,34.8,324.0,14.7,18.7,137.0
2024-05-02 16:00:00,26.8,26,5.8,0.0,21.4,209,38.2,1008.8,49.5,32.7,304.0,13.5,16.5,138.0
2024-05-02 17:00:00,26.1,27,5.4,0.0,19.6,212,37.1,1008.7,49.6,32.8,326.0,21.3,17.0,127.0
2024-05-02 18:00:00,24.8,31,6.4,0.0,13.8,213,32.4,1008.8,55.1,37.1,423.0,46.9,21.8,92.0
2024-05-02 19:00:00,21.8,38,6.9,0.0,10.1,207,21.6,1009.0,67.5,46.3,563.0,81.5,29.2,45.0
2024-05-02 20:00:00,19.5,44,7.1,0.0,9.8,208,15.8,1009.5,80.3,55.5,710.0,105.0,36.1,8.0
2024-05-02 21:00:00,19.2,49,8.3,0.0,10.3,205,15.8,1010.6,84.5,58.3,717.0,102.7,38.1,7.0
2024-05-02 22:00:00,18.1,53,8.3,0.0,11.2,213,17.3,1010.8,85.0,58.7,725.0,99.2,40.6,5.0
2024-05-02 23:00:00,17.1,56,8.2,0.0,11.3,211,17.6,1011.0,82.9,57.2,715.0,94.0,41.8,5.0
2024-05-03 00:00:00,16.0,59,8.1,0.0,11.8,200,18.0,1011.2,76.6,53.0,668.0,85.6,40.1,10.0
2024-05-03 01:00:00,15.5,59,7.6,0.0,13.6,202,20.9,1010.9,71.2,49.1,603.0,75.5,37.0,16.0
2024-05-03 02:00:00,15.1,59,7.1,0.0,13.2,206,21.6,1010.9,68.5,47.3,554.0,67.8,34.6,20.0
2024-05-03 03:00:00,14.2,61,6.9,0.0,10.0,206,20.2,1010.8,67.1,46.4,533.0,64.9,33.3,17.0
2024-05-03 04:00:00,13.5,64,6.9,0.0,8.5,208,15.1,1010.9,66.4,46.1,528.0,64.3,32.6,11.0
2024-05-03 05:00:00,12.0,72,7.1,0.0,7.7,233,12.6,1011.3,68.0,47.1,539.0,62.9,33.4,8.0
2024-05-03 06:00:00,12.2,75,8.0,0.0,5.2,258,10.1,1011.8,74.0,51.5,588.0,59.7,37.5,9.0
2024-05-03 07:00:00,14.2,66,7.9,0.0,3.2,270,8.6,1012.1,90.3,62.9,653.0,55.7,43.1,14.0
2024-05-03 08:00:00,16.5,58,8.1,0.0,1.1,270,9.0,1012.2,89.9,62.2,676.0,49.7,48.2,26.0
2024-05-03 09:00:00,19.5,50,8.8,0.0,2.2,189,11.9,1012.5,91.7,62.9,605.0,43.8,44.0,50.0
2024-05-03 10:00:00,22.4,41,8.6,0.0,7.3,189,18.4,1011.9,89.2,61.0,507.0,35.5,38.1,84.0
2024-05-03 11:00:00,24.9,27,4.8,0.0,18.0,206,32.8,1011.6,76.4,51.9,425.0,27.9,32.2,112.0
2024-05-03 12:00:00,26.0,23,3.5,0.0,22.1,206,39.6,1010.7,70.1,47.4,377.0,21.4,26.4,129.0
2024-05-03 13:00:00,26.6,22,3.3,0.0,23.8,205,42.5,1010.0,65.0,43.9,345.0,15.5,20.5,141.0
2024-05-03 14:00:00,27.0,21,3.1,0.0,24.3,205,43.2,1009.2,60.3,40.6,324.0,12.1,16.3,148.0
2024-05-03 15:00:00,27.0,21,2.8,0.0,22.9,206,42.8,1008.4,57.3,38.6,306.0,10.0,14.0,153.0
2024-05-03 16:00:00,26.9,21,2.9,0.0,21.3,206,40.0,1007.8,55.5,37.5,298.0,10.3,13.3,152.0
2024-05-03 17:00:00,26.2,22,2.7,0.0,20.6,205,36.7,1007.5,54.8,37.0,323.0,18.8,14.7,140.0
2024-05-03 18:00:00,25.0,25,3.5,0.0,16.0,211,34.2,1007.4,57.6,39.3,401.0,43.0,19.4,106.0
2024-05-03 19:00:00,22.1,32,4.5,0.0,9.6,214,24.8,1007.4,67.3,46.3,511.0,75.2,26.2,61.0
2024-05-03 20:00:00,19.9,38,5.1,0.0,9.6,214,14.8,1007.9,71.5,49.6,582.0,90.8,31.4,30.0
2024-05-03 21:00:00,19.2,41,5.8,0.0,10.0,218,17.6,1009.3,79.2,55.1,625.0,92.6,34.8,23.0
2024-05-03 22:00:00,18.1,44,5.8,0.0,9.2,228,15.1,1009.0,84.5,58.8,683.0,94.9,39.5,14.0
2024-05-03 23:00:00,17.1,46,5.6,0.0,8.2,218,14.4,1008.8,90.8,63.1,726.0,94.7,42.7,7.0
2024-05-04 00:00:00,15.6,53,6.1,0.0,7.4,151,11.5,1008.7,95.0,66.1,737.0,90.0,42.9,5.0
2024-05-04 01:00:00,14.9,56,6.2,0.0,8.7,156,14.4,1008.0,98.7,68.9,732.0,82.9,41.6,6.0
2024-05-04 02:00:00,14.1,59,6.1,0.0,7.2,183,13.3,1007.2,101.0,70.3,725.0,76.3,40.6,7.0
2024-05-04 03:00:00,13.8,61,6.4,0.0,10.2,190,10.8,1006.8,102.7,71.5,718.0,71.5,40.4,6.0
2024-05-04 04:00:00,15.5,53,6.0,0.0,1.6,333,11.2,1007.0,103.8,72.2,709.0,67.4,40.6,5.0
2024-05-04 05:00:00,13.4,64,6.7,0.0,5.1,356,7.6,1007.0,106.2,73.8,707.0,63.3,41.6,6.0
2024-05-04 06:00:00,13.3,66,7.0,0.0,8.2,23,12.2,1007.3,111.8,77.5,722.0,58.6,43.9,10.0
2024-05-04 07:00:00,14.4,61,7.1,0.0,9.5,9,16.9,1007.5,117.1,81.3,745.0,54.0,47.0,16.0
2024-05-04 08:00:00,15.9,55,6.8,0.0,8.1,13,16.9,1007.4,105.0,72.2,740.0,52.1,51.9,23.0
2024-05-04 09:00:00,18.9,48,7.4,0.0,5.0,69,16.6,1007.3,97.6,66.6,717.0,53.1,55.3,27.0
2024-05-04 10:00:00,20.5,43,7.4,0.0,4.4,81,15.1,1006.9,89.6,61.2,682.0,54.2,59.6,33.0
2024-05-04 11:00:00,21.2,41,7.6,0.0,8.4,173,14.8,1006.9,84.3,57.4,635.0,52.7,59.8,44.0
2024-05-04 12:00:00,21.5,41,7.7,0.0,8.9,166,24.1,1006.1,75.9,51.6,566.0,45.9,52.1,66.0
2024-05-04 13:00:00,22.7,37,7.2,0.0,10.8,182,23.0,1005.4,67.3,45.4,484.0,36.4,40.2,93.0
2024-05-04 14:00:00,23.6,33,6.2,0.0,13.4,200,26.6,1004.5,62.4,42.1,422.0,29.5,30.8,113.0
2024-05-04 15:00:00,23.2,33,5.9,0.0,14.3,192,27.0,1003.6,58.8,39.7,390.0,26.0,26.2,122.0
2024-05-04 16:00:00,23.4,33,6.4,0.0,15.2,175,28.1,1003.3,56.8,38.4,377.0,25.1,24.0,124.0
2024-05-04 17:00:00,23.1,36,7.1,0.0,15.3,171,27.7,1003.1,56.2,38.0,383.0,29.4,23.5,117.0
2024-05-04 18:00:00,22.7,38,7.6,0.0,14.5,174,26.6,1003.0,56.3,38.2,416.0,42.8,25.2,96.0
2024-05-04 19:00:00,20.6,44,7.8,0.0,8.7,150,22.3,1003.1,60.5,41.3,467.0,61.3,28.7,67.0
2024-05-04 20:00:00,19.4,47,7.9,0.0,10.8,150,16.2,1003.5,87.8,60.5,683.0,101.9,36.9,15.0
2024-05-04 21:00:00,18.1,55,8.9,0.0,13.5,155,20.5,1004.7,97.6,67.3,722.0,98.7,39.3,12.0
2024-05-04 22:00:00,17.5,60,9.6,0.0,13.0,183,21.2,1004.9,100.4,69.4,774.0,94.0,42.4,8.0
2024-05-04 23:00:00,16.7,64,9.8,0.0,11.1,193,19.8,1004.9,101.3,70.1,796.0,88.7,43.8,5.0
2024-05-05 00:00:00,16.1,66,9.8,0.0,12.2,194,18.7,1004.6,96.4,66.6,759.0,82.6,41.8,4.0
2024-05-05 01:00:00,15.4,69,9.7,0.0,10.7,192,18.7,1004.5,90.8,62.9,692.0,75.8,38.0,3.0
2024-05-05 02:00:00,14.1,75,9.8,0.0,8.4,211,16.2,1003.9,88.7,61.5,641.0,69.7,35.0,3.0
2024-05-05 03:00:00,14.9,71,9.7,0.0,3.6,127,9.4,1003.7,88.9,61.5,624.0,64.8,33.2,2.0
2024-05-05 04:00:00,14.4,73,9.8,0.0,1.8,37,4.3,1003.3,89.9,62.2,623.0,60.5,32.2,0.0
2024-05-05 05:00:00,13.1,82,10.1,0.0,4.1,15,5.4,1003.2,90.1,62.4,626.0,56.3,32.6,1.0
2024-05-05 06:00:00,13.3,83,10.4,0.0,7.6,357,10.8,1003.5,92.4,63.8,634.0,51.6,35.3,5.0
2024-05-05 07:00:00,14.3,78,10.4,0.0,7.6,357,14.8,1003.7,95.2,65.9,647.0,47.0,39.5,10.0
2024-05-05 08:00:00,15.9,70,10.4,0.0,9.0,2,19.1,1003.5,113.2,75.9,774.0,48.9,46.7,6.0
2024-05-05 09:00:00,16.8,69,11.1,0.0,4.7,351,15.5,1003.8,119.7,79.4,769.0,50.7,55.2,11.0
2024-05-05 10:00:00,17.6,66,11.1,0.0,0.5,135,13.3,1003.8,123.4,80.6,760.0,53.2,66.7,17.0
2024-05-05 11:00:00,19.0,62,11.4,0.2,4.7,203,14.8,1003.6,127.6,82.4,745.0,55.8,73.8,25.0
2024-05-05 12:00:00,20.8,55,11.5,0.0,6.9,219,19.1,1002.9,128.5,82.9,718.0,58.2,72.5,35.0
2024-05-05 13:00:00,21.1,53,11.2,0.1,7.1,229,19.1,1002.2,126.7,82.4,684.0,60.6,66.7,46.0
2024-05-05 14:00:00,21.6,52,11.2,0.0,9.9,224,20.9,1001.3,123.9,81.0,659.0,63.4,61.5,54.0
2024-05-05 15:00:00,22.0,50,11.2,0.0,10.3,234,22.7,1000.7,121.5,80.1,643.0,66.1,58.2,59.0
2024-05-05 16:00:00,21.1,51,10.7,0.0,14.9,233,26.3,1000.2,119.0,78.9,635.0,69.1,55.3,60.0
2024-05-05 17:00:00,20.5,53,10.6,0.0,16.1,228,27.7,1000.3,116.6,77.8,653.0,73.8,53.7,56.0
2024-05-05 18:00:00,19.8,57,11.1,0.0,16.7,217,27.0,1000.6,119.0,80.3,714.0,82.9,54.1,42.0
2024-05-05 19:00:00,18.7,61,11.1,0.0,18.2,219,28.1,1001.1,141.1,91.5,800.0,93.7,55.7,21.0
2024-05-05 20:00:00,18.1,65,11.4,0.0,16.9,218,28.1,1001.7,122.0,84.1,804.0,102.8,51.0,5.0
2024-05-05 21:00:00,17.2,73,12.3,0.1,11.9,267,27.4,1002.9,123.9,84.5,843.0,98.8,51.8,4.0
2024-05-05 22:00:00,16.5,87,14.2,0.9,7.2,252,18.7,1002.9,124.8,85.2,897.0,93.0,52.8,2.0
2024-05-05 23:00:00,15.9,92,14.6,0.3,15.7,32,21.2,1004.1,136.0,93.6,938.0,86.2,51.9,1.0
2024-05-06 00:00:00,15.6,92,14.3,1.5,4.1,308,25.6,1003.5,145.3,100.4,958.0,78.0,47.8,0.0
2024-05-06 01:00:00,15.4,95,14.6,0.3,6.1,28,10.4,1003.9,141.1,97.6,966.0,68.7,41.9,0.0
2024-05-06 02:00:00,15.2,95,14.4,0.1,4.0,27,9.0,1003.7,135.5,93.6,962.0,60.2,36.4,0.0
2024-05-06 03:00:00,14.6,96,13.9,0.0,4.0,27,6.8,1003.8,130.4,90.1,937.0,52.6,31.3,0.0
2024-05-06 04:00:00,14.8,96,14.1,0.0,4.7,4,7.2,1003.9,122.9,84.8,899.0,45.8,26.6,0.0
2024-05-06 05:00:00,14.4,95,13.7,0.0,5.2,344,9.4,1004.3,115.9,79.4,875.0,41.2,24.2,1.0
2024-05-06 06:00:00,14.7,93,13.6,0.0,5.4,340,9.0,1005.0,113.6,77.1,901.0,41.3,26.8,0.0
2024-05-06 07:00:00,15.6,91,14.1,0.0,6.9,332,11.9,1005.7,123.9,83.4,941.0,43.7,31.8,0.0
2024-05-06 08:00:00,17.5,84,14.6,0.0,6.1,332,13.7,1006.3,122.9,81.0,952.0,37.5,28.7,4.0
2024-05-06 09:00:00,20.8,53,10.9,0.0,11.1,29,20.2,1006.6,116.9,72.2,761.0,30.4,22.7,32.0
2024-05-06 10:00:00,22.5,32,4.8,0.0,20.3,27,36.0,1006.6,52.2,35.0,499.0,20.6,14.5,71.0
2024-05-06 11:00:00,23.8,26,3.2,0.0,19.9,32,37.4,1006.8,35.3,24.2,300.0,13.2,8.3,101.0
2024-05-06 12:00:00,24.9,24,2.9,0.0,16.3,35,36.4,1006.5,28.2,19.3,229.0,10.1,6.2,112.0
2024-05-06 13:00:00,25.7,22,2.5,0.0,12.5,33,32.0,1005.8,25.0,17.1,222.0,9.3,6.2,113.0
2024-05-06 14:00:00,26.2,21,2.3,0.0,7.7,41,26.6,1005.1,24.4,16.6,228.0,10.1,6.7,112.0
2024-05-06 15:00:00,26.6,21,2.5,0.0,2.2,99,19.8,1004.5,25.1,17.1,221.0,10.8,6.5,112.0
2024-05-06 16:00:00,26.5,22,3.1,0.0,5.7,198,14.4,1004.2,27.1,18.3,226.0,13.0,6.8,110.0
2024-05-06 17:00:00,25.5,28,5.5,0.0,13.2,223,22.3,1004.4,31.8,21.4,267.0,21.1,9.9,101.0
2024-05-06 18:00:00,24.0,38,8.6,0.0,15.3,240,26.3,1004.5,48.3,32.6,367.0,40.9,18.0,80.0
2024-05-06 19:00:00,21.9,48,10.4,0.0,6.7,254,23.4,1004.9,72.9,48.7,503.0,66.6,28.8,52.0
2024-05-06 20:00:00,20.5,58,11.9,0.0,9.2,231,13.3,1005.7,125.7,82.0,705.0,97.1,41.1,15.0
2024-05-06 21:00:00,19.8,59,11.6,0.0,8.0,175,16.2,1007.3,140.6,91.5,788.0,94.6,45.5,12.0
2024-05-06 22:00:00,18.6,59,10.6,0.0,7.6,135,11.9,1008.0,154.1,100.4,902.0,91.0,51.4,8.0
2024-05-06 23:00:00,17.4,61,9.7,0.0,8.4,140,11.5,1008.7,167.6,110.6,978.0,86.7,54.5,4.0
2024-05-07 00:00:00,17.2,56,8.4,0.0,9.4,130,11.9,1009.7,174.2,116.2,983.0,81.6,52.4,2.0
2024-05-07 01:00:00,15.6,78,11.8,1.6,8.0,170,18.4,1010.5,163.9,110.4,950.0,75.8,47.6,1.0
2024-05-07 02:00:00,14.9,84,12.2,1.1,12.0,286,18.0,1010.4,144.8,98.0,908.0,70.2,43.0,0.0
2024-05-07 03:00:00,14.6,84,11.9,0.0,9.2,312,20.9,1011.0,129.9,88.2,858.0,64.8,39.1,0.0
2024-05-07 04:00:00,14.6,85,12.1,0.0,7.8,347,14.0,1010.9,120.6,82.2,799.0,59.6,35.3,0.0
2024-05-07 05:00:00,14.4,85,11.9,0.0,9.0,2,14.8,1011.4,114.8,78.0,756.0,55.2,33.7,2.0
2024-05-07 06:00:00,14.7,82,11.6,0.0,7.6,352,13.7,1011.9,101.7,68.9,757.0,52.9,36.7,4.0
2024-05-07 07:00:00,16.5,74,11.9,0.0,9.0,5,15.1,1012.7,109.2,73.8,773.0,51.5,41.9,7.0
2024-05-07 08:00:00,19.0,63,11.9,0.0,8.0,18,16.2,1013.5,91.3,62.2,674.0,43.1,36.7,24.0
2024-05-07 09:00:00,22.5,26,2.2,0.0,18.0,37,31.3,1013.7,51.7,35.0,588.0,35.3,29.2,53.0
2024-05-07 10:00:00,24.0,19,-0.9,0.0,17.7,57,34.2,1013.7,39.0,25.8,470.0,24.6,18.9,94.0
2024-05-07 11:00:00,25.1,18,-1.0,0.0,12.4,64,32.4,1013.8,37.7,24.9,375.0,16.4,11.2,125.0
2024-05-07 12:00:00,26.0,18,-0.2,0.0,8.5,62,25.9,1013.5,36.1,24.0,330.0,13.1,8.8,137.0
2024-05-07 13:00:00,26.8,18,0.2,0.0,4.7,67,21.2,1012.8,34.3,22.9,309.0,12.3,9.0,139.0
2024-05-07 14:00:00,27.5,17,0.2,0.0,0.7,180,16.9,1012.0,32.6,21.9,295.0,12.7,9.4,138.0
2024-05-07 15:00:00,27.5,16,-0.3,0.0,4.6,231,15.1,1011.3,30.2,20.4,268.0,11.2,8.3,139.0
2024-05-07 16:00:00,27.8,16,-0.2,0.0,9.8,234,19.8,1010.8,27.6,18.9,247.0,10.9,7.3,136.0
2024-05-07 17:00:00,26.8,20,2.2,0.0,15.6,255,26.3,1010.4,27.6,18.9,275.0,20.0,9.1,123.0
2024-05-07 18:00:00,25.1,25,3.8,0.0,15.3,261,28.8,1010.2,50.9,35.3,395.0,48.6,16.4,88.0
2024-05-07 19:00:00,22.2,32,4.6,0.0,7.0,235,23.8,1010.7,66.8,46.4,563.0,86.5,26.5,42.0
2024-05-07 20:00:00,20.6,38,5.8,0.0,8.6,213,12.6,1011.3,64.7,44.9,685.0,111.3,37.2,9.0
2024-05-07 21:00:00,20.5,46,8.5,0.0,11.6,210,22.0,1012.1,74.7,51.7,698.0,103.8,37.6,14.0
2024-05-07 22:00:00,19.5,49,8.4,0.0,11.6,206,18.4,1012.4,85.2,58.8,716.0,93.5,38.2,21.0
2024-05-07 23:00:00,18.4,51,8.1,0.0,10.4,200,17.6,1012.9,94.5,65.0,729.0,85.7,38.2,24.0
2024-05-08 00:00:00,17.5,54,8.1,0.0,8.0,207,15.8,1013.3,102.7,70.5,733.0,83.7,37.2,20.0
2024-05-08 01:00:00,16.1,60,8.4,0.0,8.4,223,11.5,1013.1,107.8,74.0,732.0,84.3,35.7,12.0
2024-05-08 02:00:00,16.0,60,8.4,0.0,6.6,248,10.8,1012.8,108.3,74.5,728.0,83.4,34.6,6.0
2024-05-08 03:00:00,15.1,65,8.7,0.0,5.8,270,10.1,1012.7,106.2,73.1,715.0,79.0,33.6,3.0
2024-05-08 04:00:00,16.6,59,8.4,0.0,3.5,246,6.5,1013.0,105.0,72.2,700.0,73.0,33.0,1.0
2024-05-08 05:00:00,16.1,60,8.5,0.0,3.3,264,5.0,1013.1,104.8,71.9,702.0,67.4,34.3,3.0
2024-05-08 06:00:00,15.4,64,8.7,0.0,2.6,16,4.0,1013.6,107.6,74.0,745.0,62.5,39.4,8.0
2024-05-08 07:00:00,15.9,64,9.0,0.0,4.5,29,10.1,1014.1,110.1,75.9,806.0,58.0,46.4,16.0
2024-05-08 08:00:00,17.3,57,8.8,0.0,5.8,7,14.8,1014.1,90.6,62.6,853.0,62.7,50.7,28.0
2024-05-08 09:00:00,19.7,50,8.9,0.0,5.6,27,17.3,1014.3,99.9,68.9,826.0,63.6,54.9,45.0
2024-05-08 10:00:00,22.2,42,8.8,0.0,3.8,41,16.9,1013.9,104.8,71.7,784.0,64.2,60.2,70.0
2024-05-08 11:00:00,24.5,37,9.1,0.0,2.5,188,15.5,1013.3,101.0,68.9,724.0,60.6,60.5,95.0
2024-05-08 12:00:00,27.0,34,10.0,0.0,13.0,214,26.3,1012.2,91.5,62.2,628.0,48.5,51.0,119.0
2024-05-08 13:00:00,28.7,33,10.9,0.0,20.7,221,37.4,1010.6,78.9,53.4,514.0,32.2,36.4,142.0
2024-05-08 14:00:00,29.7,27,8.9,0.0,25.5,216,43.9,1009.3,67.5,45.6,426.0,20.2,24.9,159.0
2024-05-08 15:00:00,29.9,27,8.7,0.0,26.3,216,45.7,1008.2,61.0,41.2,381.0,15.7,19.3,167.0
2024-05-08 16:00:00,29.7,27,8.9,0.0,26.3,213,45.4,1007.3,58.9,39.9,362.0,15.5,16.8,167.0
2024-05-08 17:00:00,29.0,29,9.4,0.0,26.7,212,43.9,1006.8,59.4,40.3,363.0,18.4,16.4,162.0
2024-05-08 18:00:00,27.9,33,10.1,0.0,23.9,211,43.2,1006.3,62.2,42.6,392.0,26.4,19.2,147.0
2024-05-08 19:00:00,26.1,36,10.1,0.0,22.6,209,37.4,1006.5,65.7,45.3,441.0,37.6,24.1,125.0
2024-05-08 20:00:00,24.7,40,10.1,0.0,23.2,210,36.0,1006.9,60.5,42.0,517.0,53.1,30.3,95.0
2024-05-08 21:00:00,23.4,41,9.3,0.0,19.2,208,30.2,1007.6,63.1,43.7,516.0,50.5,29.4,93.0
2024-05-08 22:00:00,22.6,43,9.4,0.0,20.9,209,32.4,1007.8,62.4,43.2,516.0,47.0,28.1,90.0
2024-05-08 23:00:00,22.2,45,9.8,0.0,22.8,211,35.6,1007.4,61.5,42.6,516.0,44.6,27.2,86.0
2024-05-09 00:00:00,21.6,47,9.9,0.0,22.2,216,36.0,1007.3,61.2,42.5,517.0,44.2,27.1,82.0
2024-05-09 01:00:00,20.5,50,9.8,0.0,17.1,222,34.6,1006.4,61.7,43.0,519.0,45.0,27.3,76.0
2024-05-09 02:00:00,19.5,53,9.7,0.0,15.2,216,26.3,1006.2,62.6,43.5,523.0,46.3,27.4,68.0
2024-05-09 03:00:00,18.6,55,9.4,0.0,11.5,224,23.0,1005.9,62.6,43.5,528.0,48.7,26.5,53.0
2024-05-09 04:00:00,16.2,67,10.1,0.0,8.3,270,17.3,1006.0,63.1,43.9,535.0,51.5,25.5,36.0
2024-05-09 05:00:00,15.2,78,11.4,0.0,6.1,320,9.7,1006.2,66.4,46.1,546.0,52.6,26.2,25.0
2024-05-09 06:00:00,16.1,75,11.8,0.0,5.7,342,7.6,1006.8,73.1,51.0,571.0,50.5,30.6,25.0
2024-05-09 07:00:00,17.5,68,11.6,0.0,7.8,347,14.4,1007.6,78.0,54.4,602.0,46.5,36.9,32.0
2024-05-09 08:00:00,19.5,55,10.2,0.0,9.8,6,20.2,1008.0,73.6,51.1,615.0,43.5,40.3,40.0
2024-05-09 09:00:00,21.8,44,8.9,0.0,8.9,58,21.6,1008.3,65.7,45.6,579.0,40.6,39.2,49.0
2024-05-09 10:00:00,24.1,36,8.1,0.0,8.5,102,20.9,1008.3,63.1,43.7,530.0,36.5,37.6,63.0
2024-05-09 11:00:00,26.1,32,8.0,0.0,11.2,135,24.5,1008.1,64.5,44.7,493.0,33.1,36.1,78.0
2024-05-09 12:00:00,27.5,30,8.5,0.0,12.5,147,27.0,1006.8,68.7,47.6,482.0,31.0,34.7,94.0
2024-05-09 13:00:00,28.5,30,9.1,0.0,14.0,154,28.8,1005.2,76.6,53.0,484.0,29.5,33.4,112.0
2024-05-09 14:00:00,29.2,28,9.0,0.0,14.8,162,29.5,1003.8,85.0,58.7,487.0,28.4,32.0,129.0
2024-05-09 15:00:00,29.8,27,8.8,0.0,16.8,171,31.3,1002.7,92.4,63.8,483.0,26.3,30.2,150.0
2024-05-09 16:00:00,29.8,28,9.2,0.0,18.4,180,32.8,1001.4,97.3,67.1,480.0,24.6,28.4,170.0
2024-05-09 17:00:00,29.5,30,10.1,0.0,19.2,193,32.8,1000.8,99.0,68.2,490.0,27.5,27.8,177.0
2024-05-09 18:00:00,28.9,33,11.0,0.0,13.8,200,32.4,1000.7,99.4,68.7,530.0,40.2,29.8,158.0
2024-05-09 19:00:00,26.3,41,11.9,0.0,8.0,198,21.2,1000.8,100.8,69.6,582.0,57.4,33.0,126.0
2024-05-09 20:00:00,24.1,48,12.4,0.0,8.6,202,12.2,1001.2,90.6,62.6,582.0,62.8,34.3,98.0
2024-05-09 21:00:00,23.5,39,8.8,0.0,19.9,186,30.6,1002.5,96.6,66.8,573.0,62.1,34.7,88.0
2024-05-09 22:00:00,22.9,40,8.6,0.0,20.6,192,32.0,1002.0,90.3,62.6,559.0,60.9,35.1,73.0
2024-05-09 23:00:00,22.2,43,8.9,0.0,20.1,201,32.0,1001.5,79.4,55.1,538.0,58.4,34.7,62.0
2024-05-10 00:00:00,21.5,45,9.1,0.0,18.5,204,31.3,1000.9,69.6,48.2,505.0,53.0,32.6,59.0
2024-05-10 01:00:00,20.6,48,9.1,0.0,15.9,198,28.4,1000.2,62.9,43.5,465.0,46.2,29.7,59.0
2024-05-10 02:00:00,19.8,50,9.1,0.0,11.6,196,24.5,999.6,58.7,40.6,437.0,41.8,27.7,57.0
2024-05-10 03:00:00,18.9,53,9.2,0.0,8.1,193,17.6,999.0,56.7,39.2,426.0,42.1,27.2,50.0
2024-05-10 04:00:00,18.0,57,9.4,0.0,7.3,191,12.2,998.6,56.2,38.9,426.0,44.9,27.5,42.0
2024-05-10 05:00:00,17.1,62,9.8,0.0,9.6,193,10.4,998.0,58.6,40.6,436.0,47.0,29.2,38.0
2024-05-10 06:00:00,18.4,66,12.0,0.0,4.9,234,10.8,998.2,64.7,44.9,463.0,47.6,33.2,39.0
2024-05-10 07:00:00,19.8,53,10.1,0.0,2.6,326,7.6,998.7,73.1,50.8,499.0,47.6,38.4,43.0
2024-05-10 08:00:00,21.2,50,10.3,0.0,3.2,207,10.8,998.3,65.9,45.5,513.0,46.7,43.4,52.0
2024-05-10 09:00:00,22.8,47,10.8,0.0,6.8,205,16.6,999.4,66.8,46.2,512.0,44.0,43.4,62.0
2024-05-10 10:00:00,24.4,46,12.1,0.0,11.6,196,23.8,998.7,69.6,48.2,510.0,40.1,43.1,76.0
2024-05-10 11:00:00,25.4,47,13.4,0.0,15.1,198,33.1,998.2,74.3,51.5,504.0,36.2,41.7,93.0
2024-05-10 12:00:00,26.5,47,14.1,0.0,12.8,202,32.8,996.5,79.4,54.8,490.0,31.7,38.0,114.0
2024-05-10 13:00:00,28.0,44,14.7,0.0,12.3,212,26.6,995.6,82.4,56.6,473.0,27.3,33.1,137.0
2024-05-10 14:00:00,29.5,41,14.9,0.0,17.5,199,32.0,994.0,81.7,55.5,464.0,25.4,29.4,153.0
2024-05-10 15:00:00,27.3,52,16.5,1.5,22.7,271,37.4,995.0,90.3,58.4,468.0,26.9,28.2,160.0
2024-05-10 16:00:00,24.2,69,18.2,1.3,9.0,265,39.6,995.0,98.0,63.3,480.0,31.0,28.3,161.0
2024-05-10 17:00:00,24.9,66,18.0,0.0,5.1,278,18.0,994.1,97.3,63.1,495.0,38.3,28.2,149.0
2024-05-10 18:00:00,25.3,63,17.9,0.1,10.6,190,20.2,994.4,109.7,70.1,526.0,54.0,27.9,114.0
2024-05-10 19:00:00,24.2,72,18.8,0.0,9.2,281,17.3,996.7,121.1,77.5,560.0,72.9,27.4,67.0
2024-05-10 20:00:00,23.2,74,18.3,0.0,11.4,336,21.6,998.6,110.6,65.0,529.0,77.4,29.1,39.0
2024-05-10 21:00:00,22.4,27,2.6,0.0,28.1,327,43.2,1002.5,96.9,34.3,430.0,58.8,22.3,51.0
2024-05-10 22:00:00,21.5,22,-0.9,0.0,21.3,336,43.9,1003.9,99.2,33.1,294.0,33.3,13.1,67.0
2024-05-10 23:00:00,20.4,20,-3.3,0.0,29.9,333,45.7,1004.9,96.6,31.4,196.0,15.6,6.6,76.0
2024-05-11 00:00:00,19.7,17,-6.2,0.0,19.3,307,46.8,1006.4,91.3,30.6,174.0,13.2,5.7,72.0
2024-05-11 01:00:00,18.5,16,-7.4,0.0,12.8,292,30.2,1006.4,87.8,31.2,191.0,18.6,7.5,62.0
2024-05-11 02:00:00,15.8,22,-6.0,0.0,10.1,276,20.2,1005.8,86.4,32.6,209.0,24.1,9.4,52.0
2024-05-11 03:00:00,14.5,26,-5.1,0.0,12.1,297,12.6,1005.2,85.9,33.2,218.0,27.9,10.6,44.0
2024-05-11 04:00:00,15.7,21,-6.7,0.0,11.2,312,16.6,1005.3,79.4,32.1,229.0,31.7,11.8,36.0
2024-05-11 05:00:00,15.1,22,-6.7,0.0,12.7,315,18.0,1005.4,73.1,31.1,236.0,33.1,12.4,34.0
2024-05-11 06:00:00,15.8,22,-6.2,0.0,15.7,307,23.0,1005.9,69.8,31.1,239.0,30.4,12.1,40.0
2024-05-11 07:00:00,17.9,20,-5.6,0.0,20.2,301,29.9,1006.3,78.5,33.8,238.0,25.1,11.1,52.0
2024-05-11 08:00:00,19.8,14,-8.1,0.0,25.7,304,39.6,1006.5,66.4,23.4,188.0,11.9,5.4,80.0
2024-05-11 09:00:00,21.0,14,-7.6,0.0,34.2,310,56.9,1006.6,44.6,18.9,183.0,10.2,5.0,86.0
2024-05-11 10:00:00,21.9,14,-7.1,0.0,31.0,309,56.5,1006.5,35.6,16.5,176.0,7.8,4.5,93.0
2024-05-11 11:00:00,22.9,14,-6.4,0.0,29.2,305,52.2,1006.8,31.3,15.4,171.0,6.1,4.1,100.0
2024-05-11 12:00:00,23.9,13,-6.1,0.0,30.0,308,51.8,1005.7,28.1,14.4,170.0,5.5,3.9,105.0
2024-05-11 13:00:00,25.0,13,-5.8,0.0,27.9,306,52.2,1004.8,26.3,14.3,171.0,5.7,3.8,108.0
2024-05-11 14:00:00,25.8,12,-5.8,0.0,26.8,310,48.2,1003.6,24.7,13.9,172.0,6.3,3.7,110.0
2024-05-11 15:00:00,26.0,12,-6.1,0.0,28.1,310,47.9,1002.9,24.4,13.9,168.0,6.1,3.3,113.0
2024-05-11 16:00:00,26.0,11,-6.8,0.0,28.0,307,47.9,1002.4,25.6,14.4,165.0,6.4,3.0,114.0
2024-05-11 17:00:00,25.5,11,-6.9,0.0,26.0,307,46.8,1002.3,28.4,15.5,178.0,11.3,3.7,108.0
2024-05-11 18:00:00,24.5,13,-5.2,0.0,17.0,306,42.1,1002.6,33.2,18.7,217.0,24.9,6.3,89.0
2024-05-11 19:00:00,21.5,19,-3.3,0.0,8.5,306,26.6,1003.9,38.9,23.1,271.0,43.1,9.9,64.0
2024-05-11 20:00:00,19.1,23,-2.3,0.0,8.8,341,13.0,1004.8,48.0,31.1,381.0,70.4,14.9,29.0
2024-05-11 21:00:00,18.4,28,-0.4,0.0,8.0,342,11.5,1007.1,59.4,39.2,472.0,71.4,18.3,21.0
2024-05-11 22:00:00,19.0,23,-2.5,0.0,12.6,358,18.7,1007.7,69.8,46.8,595.0,72.5,22.9,11.0
2024-05-11 23:00:00,18.6,23,-3.0,0.0,14.1,357,21.2,1008.4,79.4,53.4,674.0,71.2,25.3,3.0
2024-05-12 00:00:00,17.7,25,-2.7,0.0,13.4,346,21.2,1008.4,82.2,55.3,674.0,65.6,23.6,1.0
2024-05-12 01:00:00,17.0,27,-2.3,0.0,12.4,334,20.2,1008.7,78.7,52.6,630.0,57.7,19.8,2.0
2024-05-12 02:00:00,16.3,28,-2.0,0.0,11.6,324,18.7,1008.6,71.0,46.4,574.0,50.7,16.6,3.0
2024-05-12 03:00:00,15.4,30,-2.0,0.0,11.5,321,18.0,1009.0,61.9,39.6,503.0,45.8,14.6,4.0
2024-05-12 04:00:00,13.9,34,-1.5,0.0,10.5,329,17.6,1009.2,53.2,32.7,421.0,41.9,13.2,6.0
2024-05-12 05:00:00,12.8,38,-1.4,0.0,10.8,330,16.6,1009.2,47.3,27.5,366.0,38.5,12.8,9.0
2024-05-12 06:00:00,13.1,38,-1.0,0.0,12.2,336,18.0,1010.0,44.8,25.0,372.0,36.2,14.5,11.0
2024-05-12 07:00:00,15.4,34,-0.5,0.0,12.9,347,21.2,1011.1,49.0,27.5,406.0,34.5,17.3,14.0
2024-05-12 08:00:00,18.2,28,-0.4,0.0,10.9,351,20.9,1011.3,49.0,22.8,349.0,30.5,15.3,29.0
2024-05-12 09:00:00,21.9,21,-1.8,0.0,14.5,346,26.3,1011.7,38.1,13.8,301.0,23.8,12.2,51.0
2024-05-12 10:00:00,23.5,17,-2.8,0.0,23.1,342,40.7,1011.6,18.5,8.1,234.0,14.6,7.9,80.0
2024-05-12 11:00:00,24.6,16,-2.7,0.0,19.1,340,40.3,1011.4,15.5,7.6,185.0,7.9,4.8,103.0
2024-05-12 12:00:00,25.6,15,-2.8,0.0,15.4,327,35.6,1009.9,13.5,7.2,170.0,5.8,3.8,111.0
2024-05-12 13:00:00,26.9,14,-2.8,0.0,14.7,324,31.0,1008.8,11.9,6.8,172.0,6.1,4.0,113.0
2024-05-12 14:00:00,27.8,13,-2.8,0.0,13.0,316,29.5,1007.5,10.5,6.4,176.0,7.3,4.3,112.0
2024-05-12 15:00:00,28.8,12,-3.3,0.0,9.9,303,27.0,1006.5,9.4,6.0,155.0,6.5,3.5,114.0
2024-05-12 16:00:00,29.2,11,-3.8,0.0,10.5,319,22.3,1005.4,8.6,5.7,137.0,6.6,2.9,115.0
2024-05-12 17:00:00,29.2,11,-4.0,0.0,9.1,342,21.6,1005.3,8.6,5.9,190.0,14.3,5.1,105.0
2024-05-12 18:00:00,27.5,22,4.1,0.0,4.2,340,17.3,1005.0,23.9,16.6,390.0,38.1,13.3,74.0
2024-05-12 19:00:00,23.8,24,1.7,0.0,9.6,290,10.1,1005.6,65.2,45.6,662.0,69.5,24.4,32.0
2024-05-12 20:00:00,21.2,29,2.3,0.0,9.4,277,12.2,1006.0,66.4,46.1,741.0,98.1,31.2,1.0
2024-05-12 21:00:00,21.0,30,2.8,0.0,20.9,229,33.8,1007.2,67.1,46.6,721.0,94.0,31.2,1.0
2024-05-12 22:00:00,20.4,32,3.3,0.0,18.0,233,31.7,1007.4,63.1,43.7,692.0,87.9,31.1,0.0
2024-05-12 23:00:00,19.1,36,3.5,0.0,12.5,237,27.4,1007.9,58.7,40.6,659.0,80.2,29.5,0.0
2024-05-13 00:00:00,17.6,40,3.8,0.0,10.4,236,18.7,1007.3,54.0,37.5,620.0,69.8,25.3,0.0
2024-05-13 01:00:00,16.6,42,3.8,0.0,10.8,233,16.6,1006.8,50.1,34.8,576.0,57.8,19.6,0.0
2024-05-13 02:00:00,15.9,44,3.6,0.0,9.9,237,16.6,1006.6,47.6,33.3,535.0,47.9,15.2,0.0
2024-05-13 03:00:00,14.6,47,3.4,0.0,6.4,254,14.8,1006.6,44.8,31.3,493.0,41.3,12.7,0.0
2024-05-13 04:00:00,12.9,54,3.8,0.0,4.5,299,9.4,1006.1,40.9,28.5,453.0,36.8,11.5,0.0
2024-05-13 05:00:00,12.1,58,4.2,0.0,6.6,338,7.6,1006.1,38.1,26.5,435.0,34.4,12.1,1.0
2024-05-13 06:00:00,13.8,53,4.2,0.0,4.0,350,8.3,1006.6,39.7,27.7,457.0,34.9,15.2,5.0
2024-05-13 07:00:00,15.7,47,4.3,0.0,5.8,353,12.2,1006.9,49.0,34.1,500.0,37.4,20.3,10.0
2024-05-13 08:00:00,18.6,38,4.0,0.0,4.0,355,13.3,1007.1,59.1,40.5,562.0,39.5,25.2,18.0
2024-05-13 09:00:00,22.0,32,4.6,0.0,2.3,18,13.7,1007.3,55.1,36.8,544.0,42.7,32.5,32.0
2024-05-13 10:00:00,24.9,28,4.9,0.0,2.6,146,13.0,1007.1,60.1,39.5,517.0,46.7,42.1,52.0
2024-05-13 11:00:00,27.4,22,3.8,0.0,7.6,177,19.8,1006.3,62.9,39.9,479.0,46.6,46.3,73.0
2024-05-13 12:00:00,29.1,21,4.6,0.0,11.7,198,25.6,1004.8,58.4,35.6,418.0,38.0,39.9,94.0
2024-05-13 13:00:00,30.7,19,4.2,0.0,18.2,207,33.8,1003.5,49.9,29.2,346.0,25.2,28.0,114.0
2024-05-13 14:00:00,31.5,17,3.6,0.0,24.5,208,42.5,1001.8,47.1,27.2,293.0,16.2,18.7,130.0
2024-05-13 15:00:00,31.9,18,4.3,0.0,28.5,209,47.9,1000.5,45.4,26.3,270.0,13.9,14.9,139.0
2024-05-13 16:00:00,32.0,16,3.0,0.0,30.6,210,50.0,999.5,43.7,25.7,266.0,15.3,13.6,142.0
2024-05-13 17:00:00,31.0,17,3.2,0.0,31.3,210,51.5,999.0,42.1,25.4,277.0,19.2,14.2,140.0
2024-05-13 18:00:00,29.7,20,4.7,0.0,26.6,210,50.0,998.9,44.2,28.3,309.0,27.3,17.4,130.0
2024-05-13 19:00:00,27.8,24,5.2,0.0,26.8,211,41.8,999.1,47.1,30.9,356.0,38.0,22.5,115.0
2024-05-13 20:00:00,26.5,27,5.8,0.0,29.4,211,45.7,998.6,40.9,28.7,426.0,52.6,28.7,88.0
2024-05-13 21:00:00,25.0,30,6.4,0.0,24.2,210,37.4,1000.3,44.8,30.4,415.0,46.8,27.5,96.0
2024-05-13 22:00:00,24.0,33,6.9,0.0,24.2,210,38.2,1000.1,47.5,32.0,401.0,38.8,25.8,107.0
2024-05-13 23:00:00,23.4,36,7.6,0.0,23.8,209,38.2,999.9,52.5,35.2,393.0,33.4,24.8,113.0
2024-05-14 00:00:00,22.8,40,8.3,0.0,22.1,214,37.1,999.4,58.6,39.0,396.0,32.9,25.3,111.0
2024-05-14 01:00:00,21.6,44,8.9,0.0,14.8,219,34.2,998.9,63.6,42.4,406.0,35.0,26.5,103.0
2024-05-14 02:00:00,20.2,49,9.2,0.0,10.5,218,22.7,998.7,65.2,43.7,415.0,37.7,26.9,91.0
2024-05-14 03:00:00,18.9,55,9.6,0.0,7.7,229,16.2,998.7,62.6,42.1,419.0,41.1,25.4,71.0
2024-05-14 04:00:00,16.9,63,9.8,0.0,7.4,256,11.2,998.8,57.5,38.9,422.0,45.1,23.0,45.0
2024-05-14 05:00:00,16.2,64,9.4,0.0,7.9,246,9.0,999.0,55.4,37.7,433.0,47.2,21.5,27.0
2024-05-14 06:00:00,17.7,55,8.6,0.0,8.6,338,10.4,1000.5,56.1,38.5,472.0,47.0,22.5,19.0
2024-05-14 07:00:00,19.2,49,8.4,0.0,16.4,351,24.1,1002.2,54.8,37.7,518.0,44.9,24.5,17.0
2024-05-14 08:00:00,22.4,44,9.7,0.0,15.8,359,29.2,1003.5,53.9,37.0,559.0,43.1,25.1,25.0
2024-05-14 09:00:00,26.3,37,10.4,0.0,15.6,352,28.8,1004.0,31.9,20.2,453.0,32.2,19.8,46.0
2024-05-14 10:00:00,29.5,25,7.5,0.0,24.8,359,41.8,1004.6,27.5,17.1,307.0,17.3,12.6,75.0
2024-05-14 11:00:00,31.1,20,5.4,0.0,30.5,19,50.8,1005.5,29.5,18.5,198.0,6.4,7.2,97.0
2024-05-14 12:00:00,31.4,18,3.9,0.0,30.8,29,52.9,1004.8,28.5,17.6,161.0,3.4,5.7,104.0
2024-05-14 13:00:00,32.5,15,2.7,0.0,29.2,24,52.2,1004.2,26.6,15.9,161.0,4.5,6.1,103.0
2024-05-14 14:00:00,33.0,14,2.2,0.0,26.8,7,49.7,1004.1,26.3,15.1,164.0,6.0,6.5,102.0
2024-05-14 15:00:00,32.0,13,0.2,0.0,33.0,352,54.0,1004.8,26.7,14.6,159.0,6.3,6.1,103.0
2024-05-14 16:00:00,29.7,12,-2.7,0.0,37.8,2,61.2,1006.5,26.8,13.2,159.0,7.1,5.8,102.0
2024-05-14 17:00:00,27.2,11,-5.5,0.0,39.6,359,64.8,1008.1,25.8,11.3,166.0,10.1,6.0,98.0
2024-05-14 18:00:00,24.5,14,-5.2,0.0,35.4,351,63.7,1010.0,26.7,11.1,189.0,17.8,7.4,86.0
2024-05-14 19:00:00,23.5,15,-4.9,0.0,25.2,360,56.5,1011.5,27.4,12.0,220.0,27.7,9.5,70.0
2024-05-14 20:00:00,22.8,15,-5.2,0.0,11.8,20,38.9,1012.3,27.1,12.6,220.0,24.7,8.8,71.0
2024-05-14 21:00:00,23.4,13,-6.6,0.0,25.9,344,38.5,1013.5,31.0,18.3,267.0,36.1,11.1,56.0
2024-05-14 22:00:00,22.4,11,-9.7,0.0,34.2,348,54.0,1014.8,39.9,26.2,329.0,51.1,14.2,35.0
2024-05-14 23:00:00,21.4,10,-11.0,0.0,31.4,336,53.6,1016.0,31.4,20.9,356.0,57.7,15.6,25.0
2024-05-15 00:00:00,19.9,10,-12.6,0.0,28.3,348,49.3,1017.1,15.9,10.9,311.0,47.2,13.4,36.0
2024-05-15 01:00:00,18.5,12,-11.2,0.0,20.2,2,44.3,1018.8,9.1,6.4,232.0,28.3,9.5,56.0
2024-05-15 02:00:00,17.4,14,-10.9,0.0,17.3,360,31.7,1019.2,8.4,5.9,173.0,14.7,6.8,70.0
2024-05-15 03:00:00,15.7,16,-10.2,0.0,11.2,354,26.6,1019.8,8.6,6.1,160.0,12.9,6.7,68.0
2024-05-15 04:00:00,14.6,18,-9.7,0.0,11.0,337,17.3,1019.9,8.8,6.2,169.0,16.6,7.9,60.0
2024-05-15 05:00:00,14.4,17,-10.5,0.0,13.9,335,21.2,1020.1,10.0,7.0,183.0,19.9,9.1,54.0
2024-05-15 06:00:00,15.1,16,-10.4,0.0,12.3,345,22.0,1020.4,12.7,8.9,202.0,21.7,10.4,55.0
2024-05-15 07:00:00,16.9,17,-8.3,0.0,10.9,351,19.1,1020.6,19.5,13.6,226.0,23.2,11.7,59.0
2024-05-15 08:00:00,19.0,14,-9.1,0.0,9.9,350,18.7,1020.4,16.5,11.6,236.0,21.5,11.6,68.0
2024-05-15 09:00:00,22.0,10,-10.9,0.0,14.6,340,27.7,1020.9,12.2,8.5,219.0,17.7,9.9,75.0
2024-05-15 10:00:00,23.3,9,-11.6,0.0,9.6,340,27.7,1020.9,9.7,6.8,195.0,12.5,7.5,86.0
2024-05-15 11:00:00,24.4,8,-11.4,0.0,5.2,335,22.3,1020.0,8.5,6.0,178.0,8.7,5.8,95.0
2024-05-15 12:00:00,25.5,8,-10.9,0.0,3.8,311,17.6,1017.9,8.5,5.9,173.0,7.4,5.4,102.0
2024-05-15 13:00:00,26.4,8,-10.6,0.0,5.4,228,17.3,1016.4,9.1,6.4,174.0,7.5,5.6,107.0
2024-05-15 14:00:00,26.9,8,-10.1,0.0,15.6,209,30.6,1014.7,9.8,6.9,177.0,8.3,5.9,110.0
2024-05-15 15:00:00,27.0,8,-9.9,0.0,19.6,206,34.9,1013.3,10.1,7.1,175.0,8.2,5.6,112.0
2024-05-15 16:00:00,26.1,10,-8.5,0.0,26.7,215,44.6,1012.2,10.1,7.1,175.0,8.7,5.4,112.0
2024-05-15 17:00:00,25.6,10,-7.8,0.0,30.9,222,50.4,1010.9,10.3,7.2,192.0,13.7,6.6,106.0
2024-05-15 18:00:00,24.7,12,-6.2,0.0,29.0,224,50.4,1010.2,14.8,10.4,241.0,27.8,10.6,87.0
2024-05-15 19:00:00,23.4,15,-5.2,0.0,27.7,224,45.7,1010.0,24.0,16.8,308.0,46.4,16.2,62.0
2024-05-15 20:00:00,22.0,16,-4.7,0.0,29.5,227,46.1,1009.3,27.5,19.2,388.0,69.8,21.1,26.0
2024-05-15 21:00:00,20.8,22,-1.8,0.0,27.2,223,44.3,1010.0,27.8,19.5,390.0,66.2,21.8,27.0
2024-05-15 22:00:00,19.9,24,-1.4,0.0,25.4,219,42.8,1009.3,29.0,20.3,393.0,61.0,22.6,29.0
2024-05-15 23:00:00,18.9,26,-1.0,0.0,24.6,219,39.6,1008.5,31.3,21.9,392.0,56.1,23.0,29.0
2024-05-16 00:00:00,18.1,28,-0.9,0.0,23.4,223,37.8,1008.0,32.0,22.4,383.0,51.6,22.5,28.0
2024-05-16 01:00:00,17.2,29,-1.1,0.0,19.9,225,36.0,1007.2,31.1,21.7,371.0,47.4,21.4,26.0
2024-05-16 02:00:00,16.2,30,-1.3,0.0,14.8,229,30.6,1006.6,29.9,21.0,360.0,44.2,20.5,23.0
2024-05-16 03:00:00,14.9,33,-1.2,0.0,8.7,240,22.7,1006.1,28.9,20.3,349.0,42.7,19.1,17.0
2024-05-16 04:00:00,12.9,40,-0.5,0.0,7.6,265,13.0,1005.5,28.9,20.2,341.0,42.3,17.7,10.0
2024-05-16 05:00:00,12.1,45,0.4,0.0,6.4,297,9.7,1005.2,31.7,22.1,348.0,42.4,18.8,6.0
2024-05-16 06:00:00,13.5,41,0.6,0.0,4.6,309,7.9,1005.1,39.6,27.7,382.0,42.9,23.9,8.0
2024-05-16 07:00:00,15.1,33,-1.0,0.0,5.5,302,11.5,1004.9,49.7,34.8,431.0,43.9,31.3,14.0
2024-05-16 08:00:00,17.2,28,-1.2,0.0,4.2,329,13.7,1004.2,49.2,34.5,486.0,44.4,31.3,20.0
2024-05-16 09:00:00,19.5,29,1.2,0.0,3.0,14,13.7,1004.4,50.1,35.0,497.0,45.7,37.3,29.0
2024-05-16 10:00:00,21.4,27,1.5,0.0,1.8,37,13.7,1003.2,54.0,37.8,512.0,47.6,45.7,41.0
2024-05-16 11:00:00,22.7,24,1.1,0.0,4.8,153,14.8,1002.2,58.0,40.6,522.0,48.8,51.8,52.0
2024-05-16 12:00:00,25.1,20,0.8,0.0,4.4,215,17.6,1001.1,61.5,43.1,526.0,49.1,54.3,60.0
2024-05-16 13:00:00,26.0,19,0.8,0.0,7.3,191,18.4,999.3,62.9,44.0,525.0,48.8,54.7,67.0
2024-05-16 14:00:00,28.0,18,1.5,0.0,13.9,201,27.4,997.6,61.7,43.0,516.0,47.8,52.8,77.0
2024-05-16 15:00:00,29.0,19,3.0,0.0,15.9,208,30.6,996.7,60.5,42.0,487.0,43.2,47.2,95.0
2024-05-16 16:00:00,29.6,19,3.3,0.0,16.5,190,30.6,995.5,61.5,42.3,450.0,37.8,39.4,115.0
2024-05-16 17:00:00,29.5,21,4.9,0.0,15.2,202,29.9,994.9,65.4,44.5,443.0,39.9,34.0,122.0
2024-05-16 18:00:00,28.5,26,7.2,0.0,12.2,194,25.9,994.7,71.7,48.8,488.0,56.4,33.2,106.0
2024-05-16 19:00:00,25.8,35,9.1,0.0,6.8,183,18.7,994.9,78.9,53.7,563.0,80.3,34.8,78.0
2024-05-16 20:00:00,24.0,40,9.7,0.0,6.9,152,10.4,995.0,77.8,53.4,605.0,82.6,35.9,67.0
2024-05-16 21:00:00,22.2,44,9.2,0.0,7.9,137,13.0,997.1,91.7,63.3,655.0,88.9,37.3,50.0
2024-05-16 22:00:00,21.1,47,9.3,0.0,8.0,117,10.1,996.8,100.6,69.4,722.0,97.2,39.2,26.0
2024-05-16 23:00:00,22.4,43,9.1,0.0,2.6,56,11.2,997.1,105.7,73.3,765.0,100.5,39.7,9.0
2024-05-17 00:00:00,19.8,50,8.9,0.0,6.9,351,9.7,997.5,105.2,72.9,760.0,94.8,37.8,4.0
2024-05-17 01:00:00,18.5,48,7.4,0.0,8.4,10,13.7,997.2,105.5,73.1,730.0,84.1,34.6,4.0
2024-05-17 02:00:00,17.5,52,7.3,0.0,6.6,9,12.6,997.3,105.7,73.6,701.0,73.8,31.6,5.0
2024-05-17 03:00:00,16.7,55,7.5,0.0,7.2,354,11.2,997.5,99.2,69.2,682.0,65.4,28.8,3.0
2024-05-17 04:00:00,16.2,56,7.4,0.0,8.3,358,12.6,997.6,89.2,62.2,663.0,57.4,26.2,0.0
2024-05-17 05:00:00,15.9,58,7.6,0.0,8.6,15,13.3,998.2,82.0,57.0,646.0,50.9,25.8,2.0
2024-05-17 06:00:00,16.4,59,8.2,0.0,10.5,6,14.4,998.8,79.9,55.4,633.0,46.7,29.4,9.0
2024-05-17 07:00:00,18.6,52,8.5,0.0,10.1,360,18.0,999.6,86.4,59.8,622.0,43.9,35.2,21.0
2024-05-17 08:00:00,21.4,45,9.1,0.0,8.0,8,18.0,1000.1,70.3,48.8,638.0,44.1,41.4,37.0
2024-05-17 09:00:00,23.9,44,10.8,0.0,9.0,53,21.2,1000.6,75.0,51.8,605.0,41.5,41.2,55.0
2024-05-17 10:00:00,26.0,41,11.8,0.0,8.4,80,21.2,1000.3,78.9,54.6,558.0,37.8,40.8,80.0
2024-05-17 11:00:00,27.9,37,12.1,0.0,7.9,90,21.6,1000.3,79.4,54.9,509.0,33.5,39.0,104.0
2024-05-17 12:00:00,29.8,33,11.6,0.0,7.8,103,21.2,999.6,73.1,50.5,457.0,28.0,34.5,124.0
2024-05-17 13:00:00,31.5,29,11.2,0.0,8.0,126,20.9,998.7,67.3,46.2,404.0,21.9,28.6,142.0
2024-05-17 14:00:00,32.8,27,11.2,0.0,10.1,145,23.0,997.8,65.4,44.5,368.0,18.2,24.1,158.0
2024-05-17 15:00:00,33.3,26,11.4,0.0,12.2,156,25.2,997.0,64.7,43.9,352.0,16.5,21.8,173.0
2024-05-17 16:00:00,33.2,26,11.4,0.0,14.5,157,27.0,996.6,67.3,45.4,352.0,17.1,20.9,186.0
2024-05-17 17:00:00,32.8,27,11.4,0.0,15.2,166,27.4,996.4,71.0,47.8,379.0,23.8,21.9,185.0
2024-05-17 18:00:00,31.4,31,12.0,0.0,14.4,181,27.0,996.7,76.8,52.0,453.0,42.1,26.1,161.0
2024-05-17 19:00:00,29.1,38,13.2,0.0,10.2,188,22.3,997.5,88.5,60.5,555.0,66.5,32.1,124.0
2024-05-17 20:00:00,26.9,44,13.6,0.0,9.7,178,15.8,998.4,78.7,54.7,585.0,71.1,34.2,108.0
2024-05-17 21:00:00,25.5,51,14.8,0.0,10.6,152,14.8,1000.3,88.7,61.5,607.0,75.6,35.7,89.0
2024-05-17 22:00:00,24.1,55,14.6,0.0,15.4,147,23.8,1000.9,93.8,64.3,637.0,81.7,37.7,63.0
2024-05-17 23:00:00,22.7,60,14.5,0.0,9.5,169,23.8,1001.7,98.0,66.1,655.0,86.3,38.7,41.0
2024-05-18 00:00:00,21.5,65,14.6,0.0,6.4,207,14.4,1001.9,102.7,68.9,650.0,88.0,37.5,27.0
2024-05-18 01:00:00,20.6,69,14.8,0.0,5.9,194,9.7,1002.0,101.0,67.3,634.0,88.2,35.3,18.0
2024-05-18 02:00:00,19.8,72,14.6,0.0,5.1,141,9.0,1001.9,97.6,64.3,622.0,87.0,33.8,11.0
2024-05-18 03:00:00,19.0,75,14.4,0.0,5.1,98,7.9,1001.9,97.1,63.8,623.0,84.9,33.6,5.0
2024-05-18 04:00:00,18.3,78,14.4,0.0,6.5,56,9.4,1002.0,98.7,65.0,628.0,81.5,34.0,1.0
2024-05-18 05:00:00,17.7,80,14.3,0.0,6.4,38,11.2,1002.1,98.7,65.2,626.0,76.2,35.5,4.0
2024-05-18 06:00:00,18.3,78,14.4,0.0,7.3,20,11.5,1002.6,98.7,65.4,611.0,67.8,39.2,18.0
2024-05-18 07:00:00,19.8,71,14.4,0.0,6.5,19,13.7,1003.1,109.0,70.5,589.0,57.6,43.9,38.0
2024-05-18 08:00:00,22.0,60,13.9,0.0,6.4,27,15.8,1003.2,140.6,82.9,588.0,50.6,45.9,56.0
2024-05-18 09:00:00,24.8,49,13.2,0.0,3.6,84,13.7,1003.4,138.8,79.2,560.0,46.7,44.3,75.0
2024-05-18 10:00:00,27.0,42,12.9,0.0,7.9,120,19.8,1002.9,134.6,77.3,522.0,41.2,41.8,103.0
2024-05-18 11:00:00,29.2,37,12.9,0.0,10.7,138,24.5,1002.8,127.6,75.4,489.0,35.4,38.7,131.0
2024-05-18 12:00:00,30.9,35,13.4,0.0,12.7,151,27.0,1002.2,120.1,73.3,465.0,28.9,34.3,160.0
2024-05-18 13:00:00,32.2,32,13.5,0.0,14.2,156,29.2,1001.1,114.3,71.0,446.0,22.2,29.3,189.0
2024-05-18 14:00:00,33.0,31,13.6,0.0,15.5,155,30.6,1000.1,115.0,71.7,440.0,18.1,25.5,212.0
2024-05-18 15:00:00,33.5,31,14.0,0.0,16.3,152,30.6,999.3,118.5,73.8,450.0,17.6,23.8,228.0
2024-05-18 16:00:00,33.4,32,14.6,0.0,17.0,159,30.6,999.0,123.4,76.8,472.0,19.6,23.4,237.0
2024-05-18 17:00:00,32.7,35,15.2,0.0,16.9,156,30.6,999.2,128.1,79.6,500.0,23.8,24.0,233.0
2024-05-18 18:00:00,31.5,38,15.6,0.0,17.8,137,28.4,999.6,131.8,82.9,540.0,32.2,26.4,209.0
2024-05-18 19:00:00,29.1,46,16.4,0.0,20.8,120,32.4,1000.7,136.0,87.3,585.0,42.8,29.8,172.0
2024-05-18 20:00:00,26.6,55,16.9,0.0,19.3,119,32.4,1001.6,138.8,90.1,578.0,43.1,29.1,147.0
2024-05-18 21:00:00,24.1,65,17.1,0.0,21.9,132,36.7,1003.2,140.6,91.3,556.0,39.2,28.0,138.0
2024-05-18 22:00:00,23.5,67,17.0,0.0,14.3,137,33.8,1004.1,137.8,88.9,527.0,34.2,26.6,125.0
2024-05-18 23:00:00,23.0,68,16.7,0.0,7.1,135,21.6,1004.1,136.9,87.8,511.0,32.0,26.1,111.0
2024-05-19 00:00:00,22.0,69,16.2,0.0,4.0,85,10.4,1004.3,139.2,89.4,519.0,35.6,27.1,95.0
2024-05-19 01:00:00,21.4,70,15.6,0.0,7.3,70,11.2,1004.0,144.4,92.4,540.0,42.0,28.9,77.0
2024-05-19 02:00:00,20.6,71,15.2,0.0,8.4,65,13.0,1003.6,149.9,96.9,557.0,47.3,30.8,63.0
2024-05-19 03:00:00,20.0,73,15.1,0.0,7.9,24,13.0,1003.3,150.9,97.6,567.0,50.5,32.9,52.0
2024-05-19 04:00:00,19.6,75,15.1,0.0,7.6,45,12.6,1003.2,149.9,96.4,574.0,52.4,34.9,45.0
2024-05-19 05:00:00,19.4,76,15.0,0.0,6.9,43,12.2,1002.9,146.2,93.8,574.0,51.5,35.8,46.0
2024-05-19 06:00:00,20.0,73,15.0,0.0,6.2,21,11.2,1003.2,140.2,89.6,560.0,45.6,34.5,61.0
2024-05-19 07:00:00,21.3,67,14.9,0.0,8.9,32,17.6,1003.9,131.8,83.1,538.0,36.9,31.9,83.0
2024-05-19 08:00:00,21.9,66,15.1,0.0,8.4,31,20.2,1004.2,154.6,95.7,533.0,31.2,31.0,111.0
2024-05-19 09:00:00,20.1,80,16.6,13.1,12.5,72,22.3,1004.8,152.3,93.4,525.0,28.2,28.8,125.0
2024-05-19 10:00:00,20.1,81,16.7,9.9,12.6,27,22.0,1005.7,137.4,85.0,513.0,24.2,25.7,144.0
2024-05-19 11:00:00,21.3,77,17.0,0.7,14.9,53,27.4,1005.1,133.6,83.4,501.0,21.4,23.4,158.0
2024-05-19 12:00:00,21.7,74,17.0,0.0,11.8,38,27.0,1005.0,133.2,83.6,489.0,20.9,22.7,164.0
2024-05-19 13:00:00,22.6,71,17.2,0.0,12.6,70,23.8,1004.7,132.7,84.1,476.0,21.6,22.8,166.0
2024-05-19 14:00:00,25.1,62,17.4,0.0,17.9,75,32.8,1004.3,124.3,79.2,466.0,22.7,22.6,163.0
2024-05-19 15:00:00,25.5,61,17.4,0.0,18.1,83,33.5,1004.3,132.2,79.6,459.0,23.9,21.5,156.0
2024-05-19 16:00:00,24.8,62,17.0,0.0,19.1,101,31.7,1004.8,105.0,66.4,454.0,25.5,20.0,145.0
2024-05-19 17:00:00,24.0,63,16.6,0.0,26.1,105,40.7,1005.4,101.0,63.3,452.0,27.8,18.9,131.0
2024-05-19 18:00:00,21.0,61,13.2,0.0,24.2,93,45.7,1006.7,88.2,56.3,453.0,30.9,18.4,111.0
2024-05-19 19:00:00,20.4,60,12.5,0.0,18.4,92,38.5,1008.1,72.2,47.0,457.0,34.7,18.3,87.0
2024-05-19 20:00:00,20.1,60,12.1,0.0,14.2,97,29.2,1009.3,83.4,54.7,439.0,34.5,16.0,64.0
2024-05-19 21:00:00,21.2,58,12.6,0.0,14.7,112,27.0,1009.7,73.3,48.4,434.0,34.7,16.6,61.0
2024-05-19 22:00:00,20.9,57,12.0,0.0,11.6,97,23.0,1010.8,63.6,42.3,428.0,35.3,17.5,57.0
2024-05-19 23:00:00,20.1,53,10.3,0.0,14.1,84,22.7,1011.3,59.3,40.0,434.0,38.7,19.2,50.0
2024-05-20 00:00:00,19.1,54,9.5,0.0,14.6,110,24.1,1011.8,60.8,41.6,461.0,47.9,22.1,37.0
2024-05-20 01:00:00,18.3,54,8.9,0.0,11.7,135,23.4,1012.2,71.0,48.9,501.0,59.8,25.8,22.0
2024-05-20 02:00:00,17.8,54,8.4,0.0,7.9,114,19.1,1012.1,82.7,57.0,534.0,67.6,29.0,10.0
2024-05-20 03:00:00,17.1,53,7.6,0.0,5.8,60,13.0,1012.0,90.3,62.6,556.0,68.0,30.6,4.0
2024-05-20 04:00:00,15.9,60,8.2,0.0,4.3,24,9.7,1012.1,93.4,64.7,573.0,64.3,31.7,2.0
2024-05-20 05:00:00,15.9,57,7.4,0.0,3.3,167,5.4,1012.5,88.0,61.2,583.0,59.9,34.4,4.0
2024-05-20 06:00:00,16.5,53,6.9,0.0,7.8,167,13.0,1012.8,88.9,61.7,588.0,55.6,41.2,13.0
2024-05-20 07:00:00,17.4,50,6.9,0.0,7.9,196,15.8,1013.0,88.9,61.2,586.0,50.6,49.6,27.0
2024-05-20 08:00:00,18.8,47,7.4,0.0,7.1,204,16.9,1013.1,84.5,57.5,586.0,42.9,50.9,42.0
2024-05-20 09:00:00,20.4,48,8.9,0.0,3.7,191,14.0,1013.3,79.2,53.6,553.0,38.8,45.5,56.0
2024-05-20 10:00:00,21.9,44,9.0,0.0,7.1,195,19.1,1013.0,74.7,50.2,508.0,33.1,38.2,75.0
2024-05-20 11:00:00,23.3,41,9.1,0.0,10.0,193,23.8,1012.8,73.3,49.1,477.0,29.0,33.1,90.0
2024-05-20 12:00:00,24.6,38,9.5,0.0,11.8,192,26.6,1011.9,75.9,51.0,475.0,27.9,32.7,98.0
2024-05-20 13:00:00,25.5,38,10.0,0.0,14.5,187,29.5,1011.0,79.2,53.6,486.0,28.3,34.6,102.0
2024-05-20 14:00:00,26.1,37,10.3,0.0,16.2,183,32.0,1010.2,81.3,55.3,492.0,29.1,35.6,104.0
2024-05-20 15:00:00,26.4,36,10.3,0.0,16.9,179,32.8,1009.5,81.0,54.9,481.0,28.5,33.9,107.0
2024-05-20 16:00:00,26.4,37,10.5,0.0,17.7,184,32.4,1008.9,78.9,53.7,466.0,28.3,31.3,108.0
2024-05-20 17:00:00,25.7,39,10.6,0.0,18.5,187,32.4,1008.9,76.1,51.9,460.0,32.0,29.8,103.0
2024-05-20 18:00:00,25.0,40,10.6,0.0,17.2,190,32.0,1008.7,72.6,49.9,474.0,43.3,30.2,87.0
2024-05-20 19:00:00,23.9,44,10.8,0.0,13.4,188,28.4,1009.2,71.2,49.7,498.0,58.5,31.7,65.0
2024-05-20 20:00:00,22.2,49,11.0,0.0,10.7,192,20.9,1009.7,58.1,42.0,501.0,61.5,31.7,52.0
2024-05-20 21:00:00,21.4,55,11.9,0.0,10.5,186,16.6,1010.5,64.7,46.2,525.0,68.5,33.8,39.0
2024-05-20 22:00:00,20.3,59,12.1,0.0,10.0,167,16.2,1010.5,69.6,49.5,557.0,78.1,36.7,21.0
2024-05-20 23:00:00,19.2,61,11.6,0.0,12.8,158,19.1,1010.7,70.3,49.9,574.0,83.7,38.4,8.0
2024-05-21 00:00:00,18.5,59,10.4,0.0,13.5,164,21.6,1010.5,67.3,47.5,561.0,82.1,37.7,4.0
2024-05-21 01:00:00,18.0,58,9.4,0.0,10.9,171,20.5,1010.3,63.6,44.7,532.0,76.5,35.7,4.0
2024-05-21 02:00:00,17.5,58,9.1,0.0,8.3,178,16.9,1010.5,61.2,42.7,509.0,71.0,34.1,4.0
2024-05-21 03:00:00,17.1,57,8.6,0.0,7.2,180,13.0,1010.3,59.0,41.1,500.0,66.6,32.7,2.0
2024-05-21 04:00:00,16.6,59,8.5,0.0,6.5,183,11.2,1010.1,57.7,39.9,497.0,62.1,31.6,1.0
2024-05-21 05:00:00,15.8,66,9.4,0.0,3.9,112,10.1,1010.4,58.7,40.4,495.0,58.3,32.8,3.0
2024-05-21 06:00:00,16.6,57,8.1,0.0,8.2,113,13.3,1010.7,59.6,40.7,495.0,55.6,38.9,8.0
2024-05-21 07:00:00,17.6,51,7.3,0.0,8.0,95,16.2,1011.3,58.9,38.9,497.0,53.5,47.3,17.0
2024-05-21 08:00:00,19.0,47,7.4,0.0,6.5,87,16.9,1011.5,51.6,33.4,535.0,51.4,54.9,28.0
2024-05-21 09:00:00,20.4,43,7.4,0.0,8.4,80,20.2,1012.8,52.6,34.2,523.0,48.4,51.1,43.0
2024-05-21 10:00:00,21.8,41,8.1,0.0,5.9,104,20.2,1011.9,55.2,36.2,507.0,44.3,45.9,64.0
2024-05-21 11:00:00,23.4,41,9.4,0.0,4.4,125,18.7,1011.3,60.3,39.8,495.0,40.3,41.4,84.0
2024-05-21 12:00:00,25.0,40,10.4,0.0,7.4,157,20.5,1010.4,66.6,44.2,493.0,36.7,38.5,101.0
2024-05-21 13:00:00,26.0,39,11.0,0.0,9.3,164,23.0,1009.4,73.3,49.0,496.0,33.4,36.4,117.0
2024-05-21 14:00:00,26.8,38,11.4,0.0,10.2,172,24.1,1008.3,80.6,54.0,498.0,31.2,34.7,130.0
2024-05-21 15:00:00,27.2,38,11.7,0.0,11.7,169,25.2,1007.4,86.1,58.0,495.0,29.5,33.1,141.0
2024-05-21 16:00:00,27.2,38,11.6,0.0,12.7,172,25.6,1006.6,89.6,60.3,491.0,29.0,31.8,150.0
2024-05-21 17:00:00,27.2,37,11.1,0.0,12.7,172,25.6,1006.4,90.8,61.0,497.0,32.5,31.2,148.0
2024-05-21 18:00:00,26.8,37,11.1,0.0,13.8,174,23.4,1006.2,89.9,60.3,523.0,43.0,31.4,131.0
2024-05-21 19:00:00,25.2,45,12.4,0.0,8.6,195,23.0,1006.6,89.9,60.5,558.0,57.5,32.3,104.0
2024-05-21 20:00:00,23.5,54,13.6,0.0,8.7,204,13.3,1007.1,71.2,49.1,535.0,57.4,32.7,90.0
2024-05-21 21:00:00,22.1,56,12.9,0.0,8.1,212,12.6,1008.2,75.4,51.7,537.0,63.4,33.4,72.0
2024-05-21 22:00:00,21.0,64,13.9,0.0,6.3,193,12.2,1008.4,75.4,51.8,539.0,71.7,34.3,47.0
2024-05-21 23:00:00,20.0,69,14.1,0.0,6.3,149,9.7,1008.6,74.0,50.9,539.0,77.4,34.4,26.0
2024-05-22 00:00:00,19.3,68,13.3,0.0,9.4,137,14.8,1008.5,73.3,50.3,533.0,78.7,32.7,15.0
2024-05-22 01:00:00,18.6,69,12.9,0.0,7.6,149,14.4,1007.7,73.6,50.3,523.0,77.5,30.3,8.0
2024-05-22 02:00:00,18.0,71,12.6,0.0,4.8,138,11.2,1007.4,74.5,50.9,519.0,75.0,28.6,4.0
2024-05-22 03:00:00,17.4,71,12.1,0.0,4.8,63,7.6,1007.2,75.0,51.2,522.0,71.2,27.9,1.0
2024-05-22 04:00:00,16.7,72,11.6,0.0,6.9,39,10.8,1007.3,74.0,50.5,530.0,66.1,28.0,0.0
2024-05-22 05:00:00,16.2,73,11.4,0.0,4.6,45,10.8,1007.1,74.5,50.9,542.0,61.4,30.3,2.0
2024-05-22 06:00:00,16.8,71,11.4,0.0,4.7,32,9.4,1007.2,77.1,52.4,560.0,57.2,36.3,9.0
2024-05-22 07:00:00,18.0,68,12.0,0.0,4.5,29,11.5,1007.2,87.8,59.0,582.0,53.4,44.4,19.0
2024-05-22 08:00:00,19.9,62,12.4,0.0,3.3,49,12.6,1006.7,103.6,69.4,633.0,50.9,52.5,32.0
2024-05-22 09:00:00,21.7,63,14.2,0.0,3.3,103,14.4,1007.1,111.5,74.7,654.0,52.1,54.8,44.0
2024-05-22 10:00:00,23.8,59,15.2,0.0,4.2,160,15.8,1006.2,119.7,80.6,683.0,53.4,57.7,63.0
2024-05-22 11:00:00,25.9,56,16.3,0.0,8.0,198,20.9,1005.4,130.4,88.0,699.0,52.0,58.5,88.0
2024-05-22 12:00:00,28.0,51,17.0,0.0,12.4,197,26.6,1004.3,141.6,96.2,695.0,45.6,55.4,126.0
2024-05-22 13:00:00,29.8,47,17.4,0.0,16.2,193,32.0,1002.8,150.4,102.2,679.0,36.6,50.2,172.0
2024-05-22 14:00:00,30.9,45,17.5,0.0,19.0,199,35.3,1001.4,153.2,103.8,656.0,29.3,44.7,207.0
2024-05-22 15:00:00,31.4,45,18.0,0.0,20.2,202,36.7,1000.4,147.6,99.7,620.0,24.9,38.9,227.0
2024-05-22 16:00:00,31.5,46,18.4,0.0,22.3,201,38.9,999.3,137.8,92.9,576.0,22.2,32.8,237.0
2024-05-22 17:00:00,31.1,47,18.4,0.0,21.7,199,38.9,998.9,127.6,86.1,545.0,22.3,28.9,236.0
2024-05-22 18:00:00,30.5,48,18.1,0.0,23.6,199,37.8,998.4,118.5,80.1,538.0,27.0,28.7,218.0
2024-05-22 19:00:00,29.2,53,18.5,0.0,22.3,198,38.2,998.4,111.1,75.2,543.0,34.6,30.6,189.0
2024-05-22 20:00:00,28.1,56,18.5,0.0,17.9,202,34.9,999.0,106.6,72.6,564.0,46.5,31.8,145.0
2024-05-22 21:00:00,26.8,61,18.8,0.0,11.3,171,20.9,1000.6,105.2,71.5,559.0,46.6,31.8,130.0
2024-05-22 22:00:00,26.1,62,18.4,0.0,13.3,177,19.8,1000.4,99.2,67.5,551.0,46.7,31.8,110.0
2024-05-22 23:00:00,25.8,63,18.2,0.0,18.6,195,28.1,999.6,93.1,63.3,541.0,46.1,31.5,93.0
2024-05-23 00:00:00,25.3,63,17.8,0.0,20.9,207,32.8,999.1,87.5,59.5,525.0,44.0,30.8,85.0
2024-05-23 01:00:00,24.7,64,17.5,0.0,19.7,211,33.1,998.5,83.4,56.8,507.0,41.3,29.9,81.0
2024-05-23 02:00:00,23.9,67,17.3,0.0,12.0,219,31.0,998.3,80.6,54.9,496.0,39.9,29.3,75.0
2024-05-23 03:00:00,23.1,69,17.2,0.0,10.8,201,18.4,998.2,78.5,53.6,495.0,41.2,28.9,64.0
2024-05-23 04:00:00,22.5,71,17.0,0.0,9.7,211,17.6,998.1,77.3,52.7,500.0,43.7,28.9,51.0
2024-05-23 05:00:00,21.3,77,17.1,0.0,6.1,225,14.4,998.1,78.0,53.4,512.0,45.5,30.4,43.0
2024-05-23 06:00:00,22.0,76,17.5,0.0,7.0,235,9.4,998.5,81.0,55.5,536.0,45.8,34.8,42.0
2024-05-23 07:00:00,23.4,69,17.4,0.0,3.3,264,10.8,999.1,83.1,56.9,566.0,45.3,40.7,46.0
2024-05-23 08:00:00,24.6,68,18.2,0.0,5.6,333,14.8,999.8,109.7,74.3,588.0,44.3,42.9,52.0
2024-05-23 09:00:00,26.6,60,18.1,0.0,6.8,205,17.6,999.4,114.1,77.3,578.0,41.0,42.1,63.0
2024-05-23 10:00:00,27.9,58,18.8,0.0,10.7,40,22.7,1000.3,116.9,79.2,564.0,36.3,40.7,80.0
2024-05-23 11:00:00,29.7,50,18.1,0.0,11.9,76,25.9,1000.3,119.0,80.6,545.0,31.4,38.1,98.0
2024-05-23 12:00:00,30.9,46,18.1,0.0,14.8,86,29.2,1000.2,121.1,82.0,522.0,25.9,33.1,122.0
2024-05-23 13:00:00,31.2,46,18.1,0.0,18.8,85,34.9,1000.2,122.9,83.4,494.0,20.2,26.8,148.0
2024-05-23 14:00:00,31.9,43,17.9,0.0,22.3,88,38.5,1000.1,124.8,84.3,465.0,16.6,21.6,163.0
2024-05-23 15:00:00,30.9,43,16.8,0.0,29.9,81,47.5,1000.1,122.0,82.4,435.0,16.5,18.6,161.0
2024-05-23 16:00:00,27.8,41,13.4,0.0,30.3,87,55.1,1000.6,111.5,75.4,403.0,18.5,16.6,148.0
2024-05-23 17:00:00,26.0,41,11.6,0.0,27.5,76,50.4,1001.8,95.7,64.7,372.0,21.3,15.2,130.0
2024-05-23 18:00:00,25.2,41,11.1,0.0,23.8,70,44.6,1002.3,76.6,51.9,339.0,25.2,14.1,102.0
2024-05-23 19:00:00,24.0,44,10.9,0.0,22.9,74,38.5,1003.8,65.7,44.1,306.0,29.7,13.5,69.0
2024-05-23 20:00:00,23.1,46,10.9,0.0,15.2,85,35.6,1005.3,88.7,59.6,285.0,30.8,12.6,49.0
2024-05-23 21:00:00,21.5,52,11.4,0.0,17.4,103,27.7,1006.8,78.7,52.6,284.0,29.2,12.8,52.0
2024-05-23 22:00:00,20.5,54,10.9,0.0,16.3,104,29.5,1007.9,68.0,45.4,283.0,26.9,13.0,55.0
2024-05-23 23:00:00,19.5,56,10.6,0.0,15.3,133,26.6,1008.2,83.4,55.3,281.0,25.2,13.6,58.0
2024-05-24 00:00:00,19.0,57,10.4,0.0,10.7,147,24.8,1008.8,78.9,52.4,278.0,24.6,14.7,58.0
2024-05-24 01:00:00,18.7,57,10.1,0.0,7.4,157,17.6,1009.2,83.4,55.4,275.0,24.6,16.1,58.0
2024-05-24 02:00:00,18.4,58,10.0,0.0,5.2,164,13.3,1009.3,85.7,56.7,274.0,24.8,17.5,57.0
2024-05-24 03:00:00,18.1,59,9.9,0.0,4.4,171,10.1,1009.1,86.6,57.2,274.0,24.9,18.7,57.0
2024-05-24 04:00:00,18.0,59,9.9,0.0,3.9,202,9.0,1009.5,89.6,58.9,275.0,25.2,19.8,57.0
2024-05-24 05:00:00,18.0,59,9.9,0.0,2.3,219,8.6,1009.8,94.3,61.2,281.0,26.5,20.8,57.0
2024-05-24 06:00:00,18.0,59,9.9,0.0,1.0,225,6.1,1010.0,98.7,63.1,295.0,29.9,21.8,55.0
2024-05-24 07:00:00,18.2,59,10.1,0.0,1.1,108,5.4,1010.8,102.9,64.5,313.0,34.3,22.5,53.0
2024-05-24 08:00:00,18.3,59,10.2,0.0,3.8,107,10.1,1011.0,108.7,65.7,334.0,39.2,24.3,48.0
2024-05-24 09:00:00,19.6,58,11.2,0.0,7.8,124,16.2,1011.1,102.9,58.8,329.0,36.4,22.9,58.0
2024-05-24 10:00:00,20.5,52,10.2,0.0,9.7,121,19.8,1011.3,97.8,52.4,322.0,32.6,21.0,71.0
2024-05-24 11:00:00,20.8,43,7.8,0.0,10.6,114,20.5,1011.4,96.2,48.1,319.0,30.3,19.8,81.0
2024-05-24 12:00:00,21.4,37,5.9,0.0,12.3,93,23.8,1011.1,97.6,46.8,320.0,30.4,19.7,84.0
2024-05-24 13:00:00,21.5,41,7.5,0.0,11.2,90,25.9,1010.9,101.5,48.5,324.0,32.0,20.4,83.0
2024-05-24 14:00:00,20.0,50,9.1,0.1,12.3,85,23.4,1010.3,111.5,54.5,334.0,35.4,21.5,79.0
2024-05-24 15:00:00,19.5,54,9.9,0.1,9.1,81,22.7,1010.1,110.8,55.5,345.0,40.9,23.0,72.0
2024-05-24 16:00:00,18.6,58,10.2,0.1,11.3,68,20.5,1009.8,110.8,57.7,363.0,48.2,24.9,61.0
2024-05-24 17:00:00,18.2,61,10.6,0.4,11.0,71,21.6,1009.6,111.5,61.0,405.0,56.7,27.5,49.0
2024-05-24 18:00:00,17.1,67,11.1,0.5,7.4,76,20.5,1009.7,112.7,62.9,498.0,68.1,31.3,33.0
2024-05-24 19:00:00,16.5,71,11.3,0.2,7.2,72,13.7,1009.7,117.8,67.8,617.0,80.7,35.6,14.0
2024-05-24 20:00:00,16.2,74,11.5,0.1,3.1,36,12.2,1010.0,102.4,63.1,456.0,79.3,31.5,16.0
2024-05-24 21:00:00,15.2,65,8.8,0.1,5.6,315,8.6,1011.9,97.3,60.3,437.0,74.1,30.7,19.0
2024-05-24 22:00:00,14.5,79,10.9,0.6,6.9,313,11.2,1012.1,91.5,57.9,410.0,66.6,29.7,23.0
2024-05-24 23:00:00,13.9,82,11.0,0.3,8.5,332,13.7,1012.0,85.0,55.2,385.0,59.5,28.9,28.0
2024-05-25 00:00:00,13.5,82,10.4,2.1,8.2,331,14.4,1011.9,77.3,50.8,363.0,53.1,28.4,33.0
2024-05-25 01:00:00,13.1,85,10.7,0.2,7.5,343,14.4,1012.0,72.4,48.0,342.0,47.0,28.1,38.0
2024-05-25 02:00:00,13.0,87,10.9,0.2,5.8,356,11.9,1011.8,69.2,46.2,328.0,42.8,28.4,41.0
2024-05-25 03:00:00,12.9,84,10.3,0.7,4.2,20,9.7,1010.8,66.6,44.6,322.0,40.9,29.7,42.0
2024-05-25 04:00:00,12.6,86,10.4,0.9,7.6,352,12.2,1010.5,63.1,42.4,322.0,40.8,31.5,42.0
2024-05-25 05:00:00,12.3,88,10.4,0.9,9.0,337,15.1,1010.2,62.6,42.1,331.0,42.4,33.5,42.0
2024-05-25 06:00:00,12.1,88,10.2,1.1,7.2,342,14.8,1009.9,63.6,43.0,353.0,46.9,35.8,41.0
2024-05-25 07:00:00,12.2,87,10.2,0.5,6.2,339,12.6,1009.9,66.6,44.9,384.0,52.9,38.2,40.0
2024-05-25 08:00:00,12.5,87,10.4,1.7,7.9,336,13.7,1009.9,71.9,47.4,386.0,55.6,33.2,40.0
2024-05-25 09:00:00,12.9,88,10.9,1.9,7.6,341,13.3,1009.8,78.0,51.1,401.0,56.9,35.2,42.0
2024-05-25 10:00:00,13.5,87,11.3,1.2,6.8,342,14.8,1009.3,82.4,54.2,423.0,58.7,37.9,44.0
2024-05-25 11:00:00,14.1,86,11.8,1.3,8.3,360,15.8,1008.9,85.2,56.2,448.0,59.9,39.5,45.0
2024-05-25 12:00:00,14.2,87,12.2,1.0,9.4,2,17.6,1008.2,86.6,57.6,475.0,60.0,38.9,45.0
2024-05-25 13:00:00,14.4,88,12.4,0.9,9.3,28,18.4,1007.3,86.6,58.3,504.0,59.6,37.1,44.0
2024-05-25 14:00:00,14.9,83,12.1,0.4,7.4,29,17.6,1006.2,84.1,57.2,532.0,59.3,35.7,43.0
2024-05-25 15:00:00,16.0,78,12.2,0.1,6.1,45,16.6,1005.3,82.7,56.7,549.0,58.5,34.9,44.0
2024-05-25 16:00:00,15.8,79,12.1,0.0,5.7,35,14.8,1004.1,82.4,56.6,565.0,57.8,34.5,45.0
2024-05-25 17:00:00,15.9,78,12.1,0.0,6.2,36,12.6,1003.4,81.7,56.0,602.0,60.0,35.1,42.0
2024-05-25 18:00:00,15.9,78,12.1,0.0,7.6,19,13.7,1002.8,76.1,52.3,676.0,67.9,36.7,31.0
2024-05-25 19:00:00,15.6,79,12.1,0.0,6.3,24,14.0,1002.3,76.6,52.6,771.0,78.8,39.2,17.0
2024-05-25 20:00:00,14.4,87,12.4,0.0,3.6,354,10.4,1002.1,71.7,49.9,670.0,87.6,39.0,16.0
2024-05-25 21:00:00,13.9,90,12.3,0.0,4.3,355,5.8,1002.5,92.0,64.3,719.0,89.5,45.2,12.0
2024-05-25 22:00:00,14.0,89,12.2,0.0,4.0,5,5.8,1002.0,100.4,70.1,786.0,91.9,53.8,7.0
2024-05-25 23:00:00,13.8,89,11.9,0.0,5.8,4,8.6,1001.9,97.6,68.2,834.0,93.0,60.8,3.0
2024-05-26 00:00:00,13.9,86,11.6,0.0,5.8,4,11.2,1001.5,99.7,69.6,844.0,92.2,65.4,2.0
2024-05-26 01:00:00,13.4,88,11.4,0.0,6.2,353,10.8,1001.4,119.7,76.1,834.0,90.0,68.5,3.0
2024-05-26 02:00:00,12.7,92,11.5,0.0,3.6,307,9.7,1000.8,113.9,75.0,824.0,85.7,68.6,3.0
2024-05-26 03:00:00,12.1,95,11.4,0.0,5.4,307,6.8,1000.4,109.0,73.1,831.0,78.3,64.7,2.0
2024-05-26 04:00:00,11.6,96,11.1,0.0,4.3,336,8.3,1000.3,101.7,68.9,838.0,68.9,57.8,0.0
2024-05-26 05:00:00,10.6,99,10.5,0.0,5.3,298,6.8,1000.7,92.4,63.3,807.0,59.7,50.0,3.0
2024-05-26 06:00:00,12.2,95,11.4,0.0,5.5,281,7.9,1001.2,79.2,54.7,712.0,51.8,41.4,12.0
2024-05-26 07:00:00,15.4,78,11.6,0.0,6.8,335,11.5,1001.6,66.4,45.4,580.0,44.1,31.9,25.0
2024-05-26 08:00:00,19.8,51,9.5,0.0,15.7,323,25.2,1001.6,44.0,29.0,395.0,29.7,18.3,44.0
2024-05-26 09:00:00,23.0,32,5.6,0.0,20.4,324,29.9,1001.5,14.6,10.3,324.0,22.5,13.9,59.0
2024-05-26 10:00:00,23.9,29,4.7,0.0,30.4,339,50.0,1001.5,14.7,10.4,226.0,12.7,7.8,79.0
2024-05-26 11:00:00,25.0,26,4.0,0.0,31.1,342,52.9,1001.4,13.8,9.6,155.0,5.5,3.3,94.0
2024-05-26 12:00:00,26.0,24,3.7,0.0,32.3,343,53.6,1000.9,12.8,8.9,137.0,3.5,2.1,100.0
2024-05-26 13:00:00,26.6,22,3.3,0.0,30.2,343,54.7,1000.7,13.0,9.0,147.0,4.1,2.6,100.0
2024-05-26 14:00:00,27.4,20,2.7,0.0,28.9,346,50.0,1000.0,14.4,10.1,159.0,5.7,3.2,99.0
2024-05-26 15:00:00,28.3,18,1.5,0.0,26.6,351,47.9,999.1,16.4,11.5,147.0,5.8,2.6,99.0
2024-05-26 16:00:00,28.4,17,1.1,0.0,27.4,343,44.3,998.6,17.5,12.3,136.0,6.9,2.2,98.0
2024-05-26 17:00:00,27.5,20,2.5,0.0,22.8,348,45.7,998.8,18.7,13.2,184.0,14.1,4.2,88.0
2024-05-26 18:00:00,26.5,22,2.7,0.0,17.5,352,35.3,998.9,25.6,18.0,345.0,34.5,11.2,62.0
2024-05-26 19:00:00,24.9,21,0.8,0.0,24.1,343,36.0,999.6,49.0,34.5,563.0,61.2,20.8,29.0
2024-05-26 20:00:00,24.0,20,-0.3,0.0,21.1,343,38.5,1000.3,65.0,45.5,627.0,78.2,24.2,4.0
2024-05-26 21:00:00,20.4,34,3.9,0.0,9.6,283,15.1,1001.5,88.5,61.9,733.0,72.6,27.5,3.0
2024-05-26 22:00:00,19.8,35,4.1,0.0,12.3,308,18.0,1001.5,98.3,68.7,875.0,64.6,31.7,1.0
2024-05-26 23:00:00,20.8,28,1.8,0.0,13.9,323,21.2,1001.5,100.1,70.1,954.0,56.8,33.0,0.0
2024-05-27 00:00:00,19.6,30,1.7,0.0,11.5,321,20.9,1002.1,95.2,66.6,917.0,49.9,28.4,0.0
2024-05-27 01:00:00,16.6,40,2.8,0.0,10.4,358,16.9,1002.2,85.4,59.6,817.0,43.3,20.8,0.0
2024-05-27 02:00:00,15.1,49,4.4,0.0,7.6,8,13.0,1002.7,72.2,50.3,713.0,37.6,14.7,1.0
2024-05-27 03:00:00,14.6,50,4.3,0.0,8.7,336,12.2,1003.2,59.3,41.1,610.0,33.1,11.9,2.0
2024-05-27 04:00:00,14.1,51,4.1,0.0,7.9,330,12.6,1003.6,48.1,33.2,502.0,29.6,10.6,3.0
2024-05-27 05:00:00,13.4,54,4.2,0.0,7.9,336,11.5,1003.9,39.7,27.1,434.0,27.4,10.6,5.0
2024-05-27 06:00:00,14.6,52,4.9,0.0,9.2,339,13.7,1004.3,35.6,24.0,445.0,27.7,13.0,4.0
2024-05-27 07:00:00,17.4,48,6.1,0.0,10.9,8,17.3,1004.5,39.1,25.9,495.0,29.2,16.6,4.0
2024-05-27 08:00:00,20.0,41,6.4,0.0,10.9,27,20.2,1004.7,43.1,28.5,490.0,28.7,17.9,13.0
2024-05-27 09:00:00,23.0,34,6.3,0.0,10.8,15,22.3,1004.9,38.2,24.2,416.0,22.9,14.4,41.0
2024-05-27 10:00:00,25.2,29,6.0,0.0,11.1,13,23.0,1004.6,33.8,23.1,314.0,14.9,9.6,79.0
2024-05-27 11:00:00,27.0,23,4.3,0.0,12.2,2,25.2,1004.2,34.2,23.5,239.0,9.1,6.2,109.0
2024-05-27 12:00:00,27.9,21,3.5,0.0,10.4,14,25.6,1003.2,34.5,23.7,216.0,6.9,5.1,123.0
2024-05-27 13:00:00,28.5,20,3.4,0.0,6.9,28,22.7,1002.5,34.2,23.6,220.0,6.9,5.4,128.0
2024-05-27 14:00:00,29.4,18,2.6,0.0,2.4,117,18.7,1001.1,34.3,23.6,234.0,9.4,6.5,128.0
2024-05-27 15:00:00,29.9,17,2.2,0.0,13.0,194,23.4,1000.2,35.4,24.4,249.0,13.8,8.0,126.0
2024-05-27 16:00:00,28.6,19,2.8,0.0,21.5,215,38.2,999.8,37.6,26.0,273.0,20.6,10.4,118.0
2024-05-27 17:00:00,29.1,20,4.1,0.0,14.1,220,35.3,999.4,43.8,30.3,317.0,31.7,14.4,105.0
2024-05-27 18:00:00,26.8,31,8.1,0.0,8.7,187,23.4,999.7,57.4,39.9,396.0,51.6,21.6,81.0
2024-05-27 19:00:00,24.5,37,8.9,0.0,11.2,195,16.6,1000.1,63.8,44.4,495.0,75.7,30.4,50.0
2024-05-27 20:00:00,22.8,37,7.3,0.0,15.5,222,23.4,1000.3,74.5,51.8,634.0,106.4,37.8,10.0
2024-05-27 21:00:00,22.0,40,7.8,0.0,16.0,234,24.5,1001.4,77.8,54.4,636.0,100.8,39.4,13.0
2024-05-27 22:00:00,21.8,40,7.4,0.0,13.7,225,24.8,1001.8,78.7,54.9,639.0,93.0,41.4,18.0
2024-05-27 23:00:00,20.0,44,7.6,0.0,9.4,212,20.9,1002.1,78.5,54.7,635.0,86.1,41.9,20.0
2024-05-28 00:00:00,18.2,51,8.0,0.0,8.1,193,13.7,1002.5,77.3,53.9,621.0,82.2,39.5,17.0
2024-05-28 01:00:00,17.6,54,8.2,0.0,7.4,219,10.4,1002.7,76.8,53.6,600.0,79.3,35.5,12.0
2024-05-28 02:00:00,16.2,62,8.9,0.0,6.4,297,10.4,1002.8,77.1,53.9,580.0,74.8,31.7,8.0
2024-05-28 03:00:00,15.6,66,9.2,0.0,6.5,341,10.8,1003.3,75.0,52.5,557.0,66.4,27.8,5.0
2024-05-28 04:00:00,14.6,70,9.1,0.0,7.0,339,9.7,1003.5,70.5,49.2,535.0,56.4,24.0,2.0
2024-05-28 05:00:00,14.1,72,9.0,0.0,7.9,336,9.4,1003.5,66.6,46.4,531.0,49.4,23.0,3.0
2024-05-28 06:00:00,15.9,65,9.3,0.0,3.9,338,9.4,1003.7,67.3,47.0,564.0,48.4,26.8,9.0
2024-05-28 07:00:00,18.0,58,9.4,0.0,4.6,321,10.4,1003.7,74.5,52.0,615.0,50.5,33.5,18.0
2024-05-28 08:00:00,20.4,50,9.4,0.0,5.4,340,13.7,1003.8,74.3,51.7,670.0,57.7,36.9,32.0
2024-05-28 09:00:00,23.1,43,9.8,0.0,7.0,12,17.6,1003.8,89.9,62.6,654.0,57.7,43.8,51.0
2024-05-28 10:00:00,25.2,39,10.1,0.0,4.2,31,17.6,1003.5,99.9,69.6,628.0,57.3,53.0,78.0
2024-05-28 11:00:00,27.0,34,9.6,0.0,2.2,90,15.1,1003.1,95.0,65.9,590.0,53.8,56.7,102.0
2024-05-28 12:00:00,28.5,29,8.9,0.0,5.1,172,16.6,1002.7,87.5,60.5,526.0,44.2,49.9,118.0
2024-05-28 13:00:00,29.6,28,9.0,0.0,9.3,193,21.6,1001.9,74.3,50.6,449.0,31.5,37.6,131.0
2024-05-28 14:00:00,30.5,27,9.6,0.0,12.9,203,25.9,1000.8,68.7,46.2,392.0,22.4,27.8,140.0
2024-05-28 15:00:00,30.8,27,9.8,0.0,15.9,208,29.9,1000.1,70.5,46.8,358.0,17.2,23.0,150.0
2024-05-28 16:00:00,30.8,29,10.6,0.0,15.3,204,29.9,999.4,72.4,47.6,343.0,15.6,20.6,157.0
2024-05-28 17:00:00,30.2,30,10.9,0.0,17.4,198,29.2,998.9,73.8,48.4,373.0,23.0,20.9,149.0
2024-05-28 18:00:00,29.2,34,11.8,0.0,15.0,197,29.2,998.7,78.0,52.5,487.0,47.6,25.3,113.0
2024-05-28 19:00:00,27.2,40,12.4,0.0,12.1,190,23.4,999.2,89.2,61.0,646.0,81.3,32.3,63.0
2024-05-28 20:00:00,25.6,43,12.1,0.0,12.8,190,19.8,999.7,101.0,68.9,748.0,106.1,39.2,26.0
2024-05-28 21:00:00,24.4,45,11.8,0.0,10.8,195,16.9,1000.9,122.9,84.8,824.0,105.7,42.5,20.0
2024-05-28 22:00:00,23.8,48,12.1,0.0,13.4,194,19.8,1001.0,131.3,91.0,924.0,104.7,46.9,11.0
2024-05-28 23:00:00,22.9,52,12.4,0.0,14.4,202,22.0,1000.8,121.1,83.8,959.0,100.9,48.6,7.0
2024-05-29 00:00:00,22.1,55,12.6,0.0,13.9,201,22.0,1000.7,103.8,71.9,869.0,92.3,45.1,11.0
2024-05-29 01:00:00,21.8,55,12.2,0.0,15.4,196,23.4,1000.3,88.5,61.5,714.0,80.8,38.9,19.0
2024-05-29 02:00:00,21.3,54,11.6,0.0,16.1,196,24.8,1000.0,76.4,53.2,586.0,70.0,33.8,27.0
2024-05-29 03:00:00,20.8,52,10.7,0.0,16.6,193,25.6,999.8,68.7,48.0,516.0,60.4,30.9,33.0
2024-05-29 04:00:00,20.5,50,9.9,0.0,15.8,192,25.6,999.5,63.8,44.6,473.0,51.5,29.0,39.0
2024-05-29 05:00:00,20.0,49,9.1,0.0,14.2,196,24.5,999.6,61.2,42.8,449.0,45.6,28.5,44.0
2024-05-29 06:00:00,20.5,47,8.9,0.0,12.7,205,22.0,999.7,61.0,42.6,454.0,45.1,30.4,46.0
2024-05-29 07:00:00,21.6,45,9.2,0.0,10.4,200,20.2,1000.0,66.8,46.7,478.0,47.5,33.7,46.0
2024-05-29 08:00:00,23.0,41,9.0,0.0,12.0,196,20.9,999.8,82.4,57.6,544.0,49.6,41.2,44.0
2024-05-29 09:00:00,25.6,37,9.8,0.0,15.5,211,28.4,1000.2,83.8,58.7,526.0,45.7,40.3,58.0
2024-05-29 10:00:00,27.1,36,10.9,0.0,17.4,210,32.0,999.4,87.5,61.2,500.0,40.0,38.8,78.0
2024-05-29 11:00:00,28.7,35,11.8,0.0,17.1,210,32.4,999.0,93.1,65.2,476.0,34.2,36.9,103.0
2024-05-29 12:00:00,30.2,33,12.2,0.0,17.4,207,32.4,998.0,99.9,69.6,459.0,28.0,34.3,140.0
2024-05-29 13:00:00,31.6,30,12.2,0.0,21.1,207,37.4,997.1,105.5,73.6,445.0,21.6,31.3,183.0
2024-05-29 14:00:00,32.4,31,13.0,0.0,24.2,213,41.8,996.6,104.3,72.6,428.0,17.5,28.1,210.0
2024-05-29 15:00:00,32.8,30,13.1,0.0,24.8,213,42.1,995.8,93.8,65.0,401.0,16.7,24.4,212.0
2024-05-29 16:00:00,32.3,30,12.4,0.0,28.7,208,46.1,995.2,80.6,55.4,372.0,18.2,20.6,200.0
2024-05-29 17:00:00,30.4,35,13.1,0.0,28.8,206,46.8,995.3,71.2,49.0,359.0,21.7,18.6,182.0
2024-05-29 18:00:00,28.9,37,12.8,0.0,27.2,209,46.1,995.7,66.8,46.2,372.0,28.0,19.6,159.0
2024-05-29 19:00:00,28.0,39,12.6,0.0,24.2,210,42.5,996.5,65.2,45.3,401.0,36.3,22.3,132.0
2024-05-29 20:00:00,27.0,39,12.1,0.0,20.7,215,37.8,996.8,92.9,64.5,550.0,73.7,29.2,72.0
2024-05-29 21:00:00,25.0,48,13.1,0.0,6.9,242,18.7,999.0,102.9,71.5,566.0,77.8,30.2,57.0
2024-05-29 22:00:00,24.6,51,13.9,0.0,5.2,254,8.6,999.5,111.1,77.1,588.0,83.2,31.4,37.0
2024-05-29 23:00:00,24.6,51,13.9,0.0,2.3,288,5.8,999.0,114.6,79.9,608.0,85.5,31.6,20.0
2024-05-30 00:00:00,23.2,59,14.9,0.0,9.6,340,13.0,998.7,114.1,79.6,624.0,82.1,29.5,10.0
2024-05-30 01:00:00,22.0,69,15.9,0.0,9.7,356,17.6,998.5,113.4,79.2,638.0,75.5,26.3,5.0
2024-05-30 02:00:00,21.2,75,16.6,0.2,3.7,11,14.8,998.1,113.2,78.7,648.0,68.9,24.3,1.0
2024-05-30 03:00:00,21.0,79,17.1,0.1,0.7,180,5.4,998.0,109.7,76.4,656.0,62.8,23.8,0.0
2024-05-30 04:00:00,20.0,87,17.8,0.0,4.4,235,5.8,998.2,113.4,75.9,660.0,56.7,24.5,0.0
2024-05-30 05:00:00,20.5,83,17.5,0.0,3.1,234,6.1,998.4,110.6,74.3,655.0,52.7,27.7,2.0
2024-05-30 06:00:00,21.0,79,17.2,0.0,2.9,180,4.7,998.6,112.5,76.1,641.0,53.0,36.1,14.0
2024-05-30 07:00:00,22.0,74,17.2,0.0,2.5,188,8.6,999.0,109.7,72.9,619.0,55.3,46.9,30.0
2024-05-30 08:00:00,24.0,61,16.0,0.0,4.6,219,13.0,998.9,86.6,57.9,641.0,58.7,59.3,45.0
2024-05-30 09:00:00,26.5,50,15.3,0.0,4.5,209,14.0,999.7,88.9,53.4,587.0,52.2,54.2,63.0
2024-05-30 10:00:00,28.5,41,13.9,0.0,8.3,214,20.2,999.1,101.0,49.8,510.0,42.8,46.9,89.0
2024-05-30 11:00:00,30.1,34,12.6,0.0,11.7,214,24.8,998.5,99.7,37.3,434.0,33.9,39.1,110.0
2024-05-30 12:00:00,31.4,32,12.8,0.0,14.8,219,29.5,997.9,93.8,28.8,361.0,24.7,30.3,125.0
2024-05-30 13:00:00,32.3,29,12.2,0.0,13.2,227,31.0,997.5,82.4,23.3,289.0,15.8,21.0,135.0
2024-05-30 14:00:00,32.2,25,9.9,0.0,14.3,221,28.8,997.1,65.7,18.5,241.0,12.3,14.0,137.0
2024-05-30 15:00:00,33.4,22,8.9,0.0,20.6,234,35.3,996.4,50.5,16.3,218.0,16.6,10.2,126.0
2024-05-30 16:00:00,31.2,23,7.8,0.0,28.8,233,49.0,996.3,39.3,13.2,218.0,26.3,8.6,105.0
2024-05-30 17:00:00,29.9,32,11.6,0.0,23.9,217,47.2,996.1,41.8,20.5,264.0,39.2,10.0,82.0
2024-05-30 18:00:00,29.5,35,12.6,0.0,20.4,221,38.9,995.9,47.0,26.0,403.0,59.2,16.7,54.0
2024-05-30 19:00:00,27.9,40,12.9,0.0,17.6,221,31.7,996.2,81.5,52.0,587.0,82.4,26.3,23.0
2024-05-30 20:00:00,25.8,44,12.6,0.0,14.6,237,27.4,996.7,83.1,53.2,707.0,86.0,28.9,10.0
2024-05-30 21:00:00,24.4,46,12.1,0.0,14.6,254,22.3,999.1,64.3,41.0,561.0,68.2,22.3,21.0
2024-05-30 22:00:00,23.2,44,10.2,0.0,11.4,294,22.3,1000.2,27.0,15.9,361.0,43.6,13.3,37.0
2024-05-30 23:00:00,22.3,43,9.2,0.0,15.9,335,22.0,1001.1,19.4,10.3,214.0,25.2,6.8,48.0
2024-05-31 00:00:00,24.5,30,5.9,0.0,25.8,345,39.2,1002.2,19.2,9.6,173.0,18.8,5.4,51.0
2024-05-31 01:00:00,23.9,31,5.8,0.0,23.9,344,42.5,1003.0,19.7,10.3,185.0,18.5,6.6,51.0
2024-05-31 02:00:00,22.6,33,5.7,0.0,20.8,342,37.4,1003.3,20.0,11.1,201.0,19.5,7.9,49.0
2024-05-31 03:00:00,22.0,34,5.3,0.0,23.6,352,36.0,1004.4,19.8,11.8,207.0,21.4,8.9,44.0
2024-05-31 04:00:00,20.8,34,4.4,0.0,26.6,2,42.1,1005.2,19.7,12.3,217.0,24.7,10.2,39.0
2024-05-31 05:00:00,20.0,35,4.1,0.0,27.4,2,44.3,1006.5,19.8,13.0,223.0,25.7,10.5,39.0
2024-05-31 06:00:00,19.8,36,4.2,0.0,27.7,359,44.3,1007.6,19.8,13.4,220.0,22.1,9.2,51.0
2024-05-31 07:00:00,20.4,34,4.0,0.0,27.9,349,44.3,1008.2,19.2,13.3,213.0,16.2,7.0,69.0
2024-05-31 08:00:00,21.6,32,4.1,0.0,28.6,343,47.5,1008.3,8.6,5.9,195.0,11.3,5.3,81.0
2024-05-31 09:00:00,23.8,29,4.8,0.0,23.0,1,44.3,1009.2,6.4,4.4,191.0,9.6,4.8,86.0
2024-05-31 10:00:00,25.0,27,4.8,0.0,19.4,18,40.0,1008.9,6.4,4.4,185.0,7.3,4.2,92.0
2024-05-31 11:00:00,26.0,26,5.1,0.0,14.3,34,35.6,1009.3,6.6,4.6,179.0,5.7,3.7,97.0
2024-05-31 12:00:00,27.8,22,4.1,0.0,13.6,17,29.5,1008.6,6.4,4.5,173.0,5.2,3.4,100.0
2024-05-31 13:00:00,28.2,20,3.2,0.0,12.1,12,28.4,1007.8,6.2,4.3,167.0,5.5,3.3,102.0
2024-05-31 14:00:00,28.2,19,2.5,0.0,7.1,60,25.9,1007.1,6.5,4.5,164.0,6.3,3.3,103.0
2024-05-31 15:00:00,28.9,19,2.7,0.0,10.8,88,23.0,1006.5,6.9,4.8,159.0,6.3,3.1,103.0
2024-05-31 16:00:00,29.7,15,0.6,0.0,8.3,358,22.3,1006.4,7.2,5.0,158.0,7.0,3.0,102.0
2024-05-31 17:00:00,29.6,14,-1.0,0.0,23.7,340,38.2,1006.2,7.6,5.3,176.0,12.3,4.1,94.0
2024-05-31 18:00:00,29.0,16,0.2,0.0,26.0,355,41.4,1006.3,12.5,8.7,224.0,26.8,7.0,73.0
2024-05-31 19:00:00,27.4,18,1.3,0.0,19.9,6,40.3,1007.3,21.0,14.7,291.0,46.0,11.1,45.0
2024-05-31 20:00:00,24.2,24,2.3,0.0,7.7,28,30.2,1007.8,36.6,25.6,412.0,62.7,17.0,19.0
2024-05-31 21:00:00,24.8,30,6.2,0.0,18.1,239,28.1,1009.2,53.0,37.1,502.0,65.4,22.5,13.0
2024-05-31 22:00:00,23.2,33,6.2,0.0,10.9,236,28.4,1009.7,68.5,47.8,622.0,69.0,30.1,6.0
2024-05-31 23:00:00,20.9,41,7.1,0.0,6.8,183,16.2,1009.8,74.5,52.2,691.0,70.5,34.7,0.0
2024-06-01 00:00:00,19.5,47,7.8,0.0,6.2,187,10.4,1009.7,65.2,45.6,658.0,68.6,33.9,0.0
2024-06-01 01:00:00,18.0,53,8.4,0.0,8.1,212,9.7,1009.6,53.9,37.7,573.0,64.5,30.3,0.0
2024-06-01 02:00:00,17.1,57,8.5,0.0,7.3,237,9.7,1009.8,47.4,33.2,502.0,59.5,26.6,0.0
2024-06-01 03:00:00,17.0,58,8.7,0.0,3.8,253,8.6,1009.8,43.5,30.5,468.0,52.8,23.2,0.0
2024-06-01 04:00:00,17.3,57,8.6,0.0,1.5,284,4.7,1009.8,40.4,28.3,447.0,45.2,19.7,0.0
2024-06-01 05:00:00,15.9,62,8.8,0.0,2.9,270,4.0,1010.1,39.3,27.5,437.0,39.7,18.3,2.0
2024-06-01 06:00:00,17.5,57,8.9,0.0,1.3,304,4.0,1010.1,41.7,29.2,447.0,39.1,21.1,10.0
2024-06-01 07:00:00,19.6,49,8.8,0.0,5.1,4,10.8,1010.2,48.3,33.9,468.0,40.6,26.0,21.0
2024-06-01 08:00:00,21.8,40,7.7,0.0,5.6,15,14.4,1010.2,61.9,43.2,467.0,40.1,29.3,35.0
2024-06-01 09:00:00,24.7,32,7.0,0.0,6.0,33,16.6,1010.7,60.5,42.0,411.0,35.0,26.7,51.0
2024-06-01 10:00:00,27.0,27,6.2,0.0,2.5,82,16.9,1010.1,57.7,38.6,332.0,27.8,23.0,73.0
2024-06-01 11:00:00,29.0,23,5.6,0.0,4.7,189,16.6,1009.3,48.7,26.5,268.0,21.5,19.3,93.0
2024-06-01 12:00:00,30.5,18,3.8,0.0,5.5,212,18.7,1008.7,43.1,20.1,231.0,16.5,15.5,108.0
2024-06-01 13:00:00,31.5,16,2.7,0.0,1.6,243,18.4,1007.3,39.6,17.7,208.0,12.4,11.6,120.0
2024-06-01 14:00:00,32.1,16,2.9,0.0,7.4,256,18.7,1006.1,37.1,16.5,195.0,10.3,8.8,126.0
2024-06-01 15:00:00,32.0,16,3.5,0.0,15.0,243,28.4,1005.1,36.0,15.4,185.0,10.0,7.2,125.0
2024-06-01 16:00:00,32.2,18,4.4,0.0,16.9,236,30.2,1004.1,37.5,14.2,184.0,11.7,6.8,119.0
2024-06-01 17:00:00,31.9,18,4.4,0.0,18.5,233,31.7,1003.5,42.5,16.2,207.0,17.9,8.6,110.0
2024-06-01 18:00:00,30.8,21,5.9,0.0,20.1,226,32.0,1003.3,51.0,29.0,274.0,32.2,14.3,97.0
2024-06-01 19:00:00,29.0,26,7.2,0.0,19.9,212,31.7,1003.3,55.1,36.2,366.0,50.9,22.2,80.0
2024-06-01 20:00:00,27.2,30,8.2,0.0,14.2,204,31.7,1003.6,34.2,24.0,413.0,48.3,29.6,91.0
2024-06-01 21:00:00,25.4,38,9.9,0.0,8.3,182,15.8,1004.5,31.8,22.2,417.0,49.7,29.4,85.0
2024-06-01 22:00:00,24.5,41,10.4,0.0,9.1,198,13.7,1004.8,33.3,23.3,423.0,51.8,29.2,76.0
2024-06-01 23:00:00,23.5,44,10.7,0.0,9.3,208,14.4,1004.9,39.2,27.5,435.0,55.3,28.8,64.0
2024-06-02 00:00:00,23.4,45,10.8,0.0,9.7,219,15.5,1004.6,46.9,32.8,458.0,62.2,28.2,46.0
2024-06-02 01:00:00,21.4,53,11.2,0.0,5.4,312,14.4,1004.6,54.6,38.2,486.0,70.4,27.6,25.0
2024-06-02 02:00:00,20.1,58,11.7,0.0,6.1,357,10.1,1004.4,60.5,42.3,503.0,73.9,26.9,10.0
2024-06-02 03:00:00,19.8,58,11.3,0.0,8.4,7,11.9,1004.5,60.1,41.9,499.0,68.8,26.3,6.0
2024-06-02 04:00:00,19.6,54,10.1,0.0,11.4,13,17.6,1004.7,57.3,40.0,485.0,59.0,25.7,7.0
2024-06-02 05:00:00,19.4,54,9.7,0.0,11.5,14,18.7,1005.6,54.7,38.2,476.0,50.5,25.3,10.0
2024-06-02 06:00:00,20.3,51,9.8,0.0,8.0,355,17.6,1006.0,48.4,33.3,487.0,46.3,25.6,11.0
2024-06-02 07:00:00,22.1,45,9.7,0.0,8.6,358,15.5,1006.2,51.8,35.5,504.0,43.4,26.2,13.0
2024-06-02 08:00:00,24.1,37,8.4,0.0,11.9,25,21.6,1006.1,56.0,38.4,456.0,36.3,21.7,27.0
2024-06-02 09:00:00,26.7,30,7.7,0.0,14.7,22,26.6,1006.2,46.9,32.2,386.0,29.6,18.4,48.0
2024-06-02 10:00:00,28.8,22,4.9,0.0,19.5,30,34.6,1005.5,38.2,26.2,289.0,20.4,13.9,78.0
2024-06-02 11:00:00,30.2,18,3.2,0.0,20.4,36,37.8,1005.4,31.3,21.1,217.0,13.4,10.4,102.0
2024-06-02 12:00:00,31.1,16,2.0,0.0,17.3,36,37.1,1005.0,31.4,19.4,194.0,10.7,8.9,114.0
2024-06-02 13:00:00,31.9,15,1.6,0.0,14.9,37,32.8,1004.2,35.4,19.7,197.0,10.2,8.5,120.0
2024-06-02 14:00:00,32.3,14,1.8,0.0,12.5,44,29.5,1003.6,38.5,20.2,203.0,10.8,8.5,123.0
2024-06-02 15:00:00,32.5,14,1.5,0.0,9.7,59,25.6,1003.0,39.2,20.1,199.0,10.5,7.8,127.0
2024-06-02 16:00:00,32.3,14,1.2,0.0,9.8,54,20.9,1002.7,38.1,20.3,198.0,11.3,7.5,128.0
2024-06-02 17:00:00,32.7,13,0.9,0.0,13.2,47,23.4,1002.3,38.2,21.3,223.0,17.4,10.0,122.0
2024-06-02 18:00:00,32.0,15,2.0,0.0,2.9,97,23.4,1002.2,44.9,27.4,290.0,33.3,17.5,106.0
2024-06-02 19:00:00,28.6,26,7.0,0.0,12.6,217,18.4,1002.4,59.3,37.4,384.0,54.6,27.8,82.0
2024-06-02 20:00:00,25.7,29,6.2,0.0,10.8,233,20.9,1002.7,72.6,45.8,470.0,79.7,32.0,39.0
2024-06-02 21:00:00,24.0,40,9.5,0.0,4.6,108,23.8,1004.9,83.8,54.9,519.0,84.6,35.9,30.0
2024-06-02 22:00:00,23.8,40,9.4,0.0,10.7,130,16.9,1005.4,94.8,63.3,586.0,91.0,41.1,18.0
2024-06-02 23:00:00,22.8,44,9.7,0.0,8.8,168,16.2,1005.5,103.8,70.1,638.0,93.6,43.8,9.0
2024-06-03 00:00:00,21.0,51,10.4,0.0,7.9,240,13.7,1005.5,113.2,76.6,659.0,89.1,41.5,5.0
2024-06-03 01:00:00,20.2,57,11.4,0.0,5.4,318,9.4,1005.7,116.2,79.4,665.0,80.8,36.8,4.0
2024-06-03 02:00:00,20.5,58,12.0,0.0,3.6,315,7.6,1005.8,109.9,75.7,664.0,73.3,33.2,4.0
2024-06-03 03:00:00,19.3,64,12.2,0.0,5.4,356,8.3,1005.9,102.7,70.8,656.0,68.0,31.6,2.0
2024-06-03 04:00:00,18.9,60,10.8,0.0,6.1,28,11.5,1006.1,99.9,68.9,643.0,63.5,31.1,1.0
2024-06-03 05:00:00,18.3,61,10.6,0.0,6.9,351,10.4,1006.4,98.7,68.2,637.0,59.7,33.3,3.0
2024-06-03 06:00:00,19.2,58,10.7,0.0,10.9,351,15.8,1006.7,98.7,68.5,651.0,57.1,40.5,8.0
2024-06-03 07:00:00,21.5,51,11.0,0.0,8.2,337,16.6,1006.8,97.6,67.3,673.0,55.2,50.3,17.0
2024-06-03 08:00:00,24.6,41,10.6,0.0,8.7,336,18.0,1007.0,84.5,56.9,640.0,50.9,46.7,32.0
2024-06-03 09:00:00,27.6,34,10.2,0.0,7.3,351,18.7,1007.4,101.0,65.9,588.0,45.8,44.6,56.0
2024-06-03 10:00:00,29.2,31,10.4,0.0,4.7,32,18.0,1006.9,107.1,67.5,515.0,38.6,41.6,90.0
2024-06-03 11:00:00,30.7,27,9.5,0.0,2.3,108,16.6,1006.8,96.4,59.8,455.0,31.8,38.0,119.0
2024-06-03 12:00:00,31.9,21,7.1,0.0,6.6,167,18.7,1006.2,74.3,46.0,419.0,25.7,33.3,139.0
2024-06-03 13:00:00,32.5,20,6.8,0.0,10.5,186,24.1,1005.5,73.1,45.3,395.0,19.9,28.0,155.0
2024-06-03 14:00:00,32.9,20,7.0,0.0,10.9,189,24.8,1004.5,79.2,48.9,383.0,16.5,24.2,166.0
2024-06-03 15:00:00,33.1,20,7.3,0.0,12.4,197,25.9,1003.9,84.1,51.6,375.0,13.9,22.7,177.0
2024-06-03 16:00:00,32.8,21,7.8,0.0,16.3,211,29.9,1003.7,88.7,54.0,379.0,13.6,22.8,184.0
2024-06-03 17:00:00,32.1,23,8.6,0.0,13.5,222,29.9,1003.5,91.0,55.4,411.0,21.8,24.1,175.0
2024-06-03 18:00:00,31.6,25,9.4,0.0,11.7,227,24.5,1003.6,90.6,55.2,500.0,46.8,27.5,137.0
2024-06-03 19:00:00,29.5,32,11.0,0.0,10.8,244,19.8,1003.9,97.8,62.2,618.0,80.3,32.2,83.0
2024-06-03 20:00:00,27.1,38,11.5,0.0,8.7,246,16.9,1004.2,97.6,61.7,680.0,96.6,35.5,51.0
2024-06-03 21:00:00,25.9,38,10.6,0.0,6.5,183,10.8,1005.8,100.1,62.9,681.0,95.9,35.8,41.0
2024-06-03 22:00:00,24.6,42,10.9,0.0,12.0,147,16.9,1006.4,100.4,62.9,683.0,94.7,36.1,28.0
2024-06-03 23:00:00,24.1,40,9.6,0.0,14.4,177,23.0,1006.6,99.7,61.9,680.0,92.9,36.2,17.0
2024-06-04 00:00:00,23.5,41,9.6,0.0,11.0,199,22.7,1006.6,98.3,61.0,670.0,90.5,35.8,12.0
2024-06-04 01:00:00,22.6,44,9.8,0.0,10.5,202,17.3,1006.8,98.7,61.7,657.0,87.5,35.2,9.0
2024-06-04 02:00:00,21.7,47,9.9,0.0,7.0,215,16.2,1006.8,99.2,63.1,646.0,83.0,34.5,8.0
2024-06-04 03:00:00,22.1,47,10.2,0.0,1.9,338,11.2,1006.8,97.1,63.3,638.0,76.1,32.9,6.0
2024-06-04 04:00:00,19.9,55,10.5,0.0,5.1,94,7.9,1007.2,94.5,62.6,633.0,67.8,31.1,5.0
2024-06-04 05:00:00,18.7,61,10.9,0.0,7.9,106,9.0,1007.4,94.8,63.3,631.0,60.6,32.0,7.0
2024-06-04 06:00:00,20.2,54,10.7,0.0,4.1,45,9.0,1008.0,98.0,66.4,640.0,55.3,38.1,13.0
2024-06-04 07:00:00,21.3,53,11.2,0.0,6.3,24,13.7,1008.3,96.2,65.0,653.0,51.2,46.7,22.0
2024-06-04 08:00:00,23.0,48,11.4,0.0,4.6,45,15.1,1008.6,97.6,66.6,683.0,47.7,49.7,34.0
2024-06-04 09:00:00,25.4,45,12.6,0.0,4.3,90,15.1,1009.3,93.6,64.0,664.0,48.5,50.9,45.0
2024-06-04 10:00:00,27.5,39,12.2,0.0,4.9,126,16.6,1008.6,90.6,61.7,635.0,49.3,52.3,61.0
2024-06-04 11:00:00,29.9,33,11.8,0.0,7.3,160,19.8,1008.1,88.9,60.1,598.0,47.8,51.3,77.0
2024-06-04 12:00:00,31.6,27,10.3,0.0,12.8,191,26.6,1007.5,87.8,58.9,548.0,42.0,46.2,94.0
2024-06-04 13:00:00,32.8,22,8.6,0.0,17.3,203,32.4,1006.5,84.1,56.7,488.0,34.0,38.7,112.0
2024-06-04 14:00:00,33.0,21,7.6,0.0,20.0,206,36.0,1005.8,78.5,53.3,436.0,27.3,31.7,126.0
2024-06-04 15:00:00,33.2,21,7.6,0.0,21.3,208,37.1,1005.3,73.3,49.7,387.0,21.6,25.3,138.0
2024-06-04 16:00:00,32.7,20,7.0,0.0,21.7,207,37.1,1005.1,70.8,47.4,344.0,17.2,19.5,147.0
2024-06-04 17:00:00,31.7,23,7.8,0.0,21.3,202,36.7,1005.2,71.0,47.3,333.0,19.5,17.0,146.0
2024-06-04 18:00:00,31.0,26,9.6,0.0,17.9,195,34.6,1005.3,71.9,48.5,374.0,33.5,20.4,127.0
2024-06-04 19:00:00,29.8,30,10.5,0.0,13.2,202,28.4,1005.8,75.4,51.5,448.0,54.1,27.1,98.0
2024-06-04 20:00:00,28.4,34,10.9,0.0,10.8,210,20.5,1006.2,100.1,68.5,559.0,75.5,33.0,63.0
2024-06-04 21:00:00,26.5,39,11.2,0.0,8.6,213,13.7,1007.4,117.3,80.6,658.0,82.3,37.4,47.0
2024-06-04 22:00:00,25.6,42,11.8,0.0,6.4,218,13.3,1007.3,131.3,90.6,793.0,91.3,43.3,25.0
2024-06-04 23:00:00,24.2,47,12.1,0.0,6.1,118,9.4,1007.5,137.8,95.2,877.0,95.6,46.4,9.0
2024-06-05 00:00:00,25.1,43,11.5,0.0,1.8,349,8.6,1007.6,131.3,90.8,864.0,90.9,43.9,5.0
2024-06-05 01:00:00,24.1,46,11.9,0.0,2.8,320,4.0,1007.4,118.3,82.0,799.0,81.6,38.6,7.0
2024-06-05 02:00:00,21.7,56,12.4,0.0,4.4,35,6.8,1007.1,106.6,73.8,737.0,73.9,34.2,8.0
2024-06-05 03:00:00,20.7,59,12.4,0.0,4.5,29,8.3,1007.0,97.1,67.1,692.0,70.9,32.0,5.0
2024-06-05 04:00:00,20.0,62,12.4,0.0,5.6,15,8.6,1006.9,89.6,61.7,649.0,69.7,30.7,2.0
2024-06-05 05:00:00,19.6,62,12.1,0.0,7.4,23,11.9,1007.1,84.3,58.0,613.0,67.3,30.5,3.0
2024-06-05 06:00:00,20.6,58,12.1,0.0,8.4,10,13.0,1007.5,82.2,56.3,588.0,62.4,31.8,10.0
2024-06-05 07:00:00,22.1,51,11.5,0.0,9.4,23,16.9,1007.7,85.2,58.3,570.0,56.4,34.1,20.0
2024-06-05 08:00:00,23.1,48,11.5,0.0,3.9,22,17.3,1008.3,72.2,48.9,566.0,49.4,36.2,31.0
2024-06-05 09:00:00,24.5,48,12.6,0.0,3.1,306,10.1,1008.8,69.6,47.0,556.0,47.5,38.9,40.0
2024-06-05 10:00:00,26.6,41,12.1,0.0,5.4,318,17.3,1008.3,69.2,46.9,539.0,44.4,42.4,53.0
2024-06-05 11:00:00,28.2,37,12.3,0.0,2.6,74,16.6,1008.0,73.8,49.9,510.0,39.9,42.6,71.0
2024-06-05 12:00:00,30.0,33,11.9,0.0,7.8,202,19.1,1007.4,79.9,53.4,457.0,32.4,36.7,97.0
2024-06-05 13:00:00,30.4,29,10.6,0.0,23.5,203,42.1,1007.1,75.9,50.5,391.0,23.3,27.6,127.0
2024-06-05 14:00:00,29.5,30,10.3,0.0,21.7,228,41.8,1006.5,65.7,43.9,337.0,16.5,20.0,148.0
2024-06-05 15:00:00,29.5,32,10.8,0.0,27.2,224,46.1,1006.4,53.3,35.9,300.0,12.5,15.1,153.0
2024-06-05 16:00:00,29.0,32,10.6,0.0,21.6,224,47.5,1005.8,43.3,29.2,274.0,10.8,11.6,149.0
2024-06-05 17:00:00,28.6,30,9.4,0.0,22.6,209,37.4,1005.6,37.7,25.4,273.0,14.1,10.6,138.0
2024-06-05 18:00:00,27.6,33,10.1,0.0,21.6,204,37.8,1005.5,34.9,23.6,309.0,25.8,13.2,118.0
2024-06-05 19:00:00,26.6,39,11.5,0.0,17.1,205,34.9,1005.7,37.5,25.7,368.0,42.5,18.3,90.0
2024-06-05 20:00:00,25.1,45,12.3,0.0,14.8,206,27.0,1006.1,56.1,38.8,452.0,62.0,24.9,53.0
2024-06-05 21:00:00,24.8,40,10.4,0.0,9.9,213,20.9,1007.9,64.7,44.9,487.0,66.8,29.1,43.0
2024-06-05 22:00:00,23.4,45,10.7,0.0,12.1,190,18.0,1007.8,70.1,48.7,535.0,73.3,34.9,30.0
2024-06-05 23:00:00,22.5,47,10.6,0.0,12.2,199,19.1,1007.7,74.0,51.3,566.0,76.8,38.9,20.0
2024-06-06 00:00:00,22.0,51,11.4,0.0,13.3,218,20.5,1007.8,75.9,52.6,561.0,74.4,39.2,18.0
2024-06-06 01:00:00,21.5,56,12.4,0.0,12.3,220,20.5,1007.2,76.4,52.9,540.0,69.0,37.8,20.0
2024-06-06 02:00:00,21.0,60,12.9,0.0,10.0,210,18.7,1007.1,77.1,53.3,525.0,64.4,36.6,20.0
2024-06-06 03:00:00,20.6,62,13.2,0.0,9.1,189,15.1,1006.9,79.2,54.8,526.0,62.4,35.9,15.0
2024-06-06 04:00:00,20.2,65,13.4,0.0,9.1,189,14.0,1007.0,80.6,55.8,534.0,61.3,35.4,9.0
2024-06-06 05:00:00,20.0,66,13.6,0.0,9.1,189,14.0,1007.3,82.9,57.6,549.0,59.4,37.1,7.0
2024-06-06 06:00:00,20.9,64,13.9,0.0,10.1,184,14.8,1007.4,89.9,62.4,580.0,56.3,43.5,11.0
2024-06-06 07:00:00,22.5,59,14.1,0.0,7.3,189,15.5,1007.6,100.4,69.2,618.0,52.6,52.0,20.0
2024-06-06 08:00:00,24.5,53,14.2,0.0,8.5,192,18.0,1007.7,89.6,61.9,699.0,52.3,60.7,31.0
2024-06-06 09:00:00,25.2,49,13.6,0.0,5.0,159,15.5,1008.4,98.7,67.8,665.0,47.7,56.7,53.0
2024-06-06 10:00:00,27.5,43,13.8,0.0,9.3,193,21.2,1007.7,106.2,72.4,617.0,41.1,51.0,85.0
2024-06-06 11:00:00,29.1,38,13.4,0.0,14.0,209,28.1,1007.3,116.6,79.4,570.0,34.1,44.7,116.0
2024-06-06 12:00:00,30.5,34,13.0,0.0,18.1,215,34.2,1006.4,122.9,84.1,525.0,26.0,37.6,148.0
2024-06-06 13:00:00,31.1,33,12.9,0.0,19.8,209,37.1,1005.4,122.9,84.3,480.0,17.4,29.9,179.0
2024-06-06 14:00:00,31.5,32,12.7,0.0,21.3,208,38.5,1004.3,120.1,82.2,447.0,12.2,24.1,198.0
2024-06-06 15:00:00,31.5,31,12.6,0.0,22.9,210,39.6,1003.5,114.8,78.2,429.0,11.9,21.0,198.0
2024-06-06 16:00:00,31.1,32,12.4,0.0,23.7,208,40.3,1002.8,110.1,75.2,423.0,15.0,19.8,185.0
2024-06-06 17:00:00,31.0,32,12.4,0.0,22.8,215,40.3,1002.5,107.6,73.6,429.0,20.0,20.1,170.0
2024-06-06 18:00:00,30.2,33,12.2,0.0,21.7,207,37.8,1002.4,106.4,72.9,450.0,26.5,22.3,155.0
2024-06-06 19:00:00,29.2,35,12.2,0.0,20.3,203,35.3,1003.1,107.1,73.6,483.0,35.0,26.0,137.0
2024-06-06 20:00:00,27.8,38,12.0,0.0,17.6,206,32.4,1003.5,111.3,77.1,573.0,55.7,31.5,103.0
2024-06-06 21:00:00,26.3,46,13.6,0.0,8.2,232,19.8,1004.5,116.6,80.8,618.0,66.9,34.6,80.0
2024-06-06 22:00:00,24.8,51,14.0,0.0,5.1,219,12.2,1004.2,118.5,82.2,680.0,82.0,38.9,48.0
2024-06-06 23:00:00,24.2,53,14.1,0.0,6.0,205,8.6,1004.0,120.1,83.6,720.0,91.5,41.6,24.0
2024-06-07 00:00:00,23.5,56,14.1,0.0,5.9,223,9.4,1003.6,116.9,81.0,720.0,90.6,41.4,16.0
2024-06-07 01:00:00,23.0,57,13.9,0.0,5.9,218,9.0,1003.2,109.0,75.4,699.0,84.0,39.8,16.0
2024-06-07 02:00:00,22.6,55,13.0,0.0,6.4,207,8.6,1002.4,100.4,69.4,677.0,76.8,38.3,17.0
2024-06-07 03:00:00,22.2,53,12.1,0.0,6.9,208,9.0,1002.0,92.2,63.8,654.0,69.6,37.2,19.0
2024-06-07 04:00:00,22.0,51,11.4,0.0,6.6,209,9.7,1001.7,85.0,58.7,630.0,61.8,36.3,22.0
2024-06-07 05:00:00,21.7,52,11.4,0.0,6.5,214,9.7,1001.6,80.3,55.4,619.0,56.2,36.6,25.0
2024-06-07 06:00:00,22.3,51,11.6,0.0,11.0,221,15.1,1001.5,78.7,54.1,638.0,55.3,39.7,26.0
2024-06-07 07:00:00,21.6,61,13.8,0.5,11.0,218,19.8,1002.0,81.3,55.9,670.0,56.6,44.0,26.0
2024-06-07 08:00:00,21.4,69,15.4,0.0,12.9,193,28.4,1001.8,121.1,82.2,708.0,65.8,51.2,15.0
2024-06-07 09:00:00,23.7,55,14.1,0.0,15.8,240,27.4,1002.5,124.3,84.5,728.0,69.1,55.0,15.0
2024-06-07 10:00:00,22.0,66,15.2,0.4,11.5,229,28.8,1002.6,123.4,84.3,756.0,73.5,60.1,15.0
2024-06-07 11:00:00,19.8,85,17.2,1.3,6.9,208,21.6,1002.7,120.1,82.4,777.0,75.7,63.9,19.0
2024-06-07 12:00:00,19.6,84,16.9,1.3,3.0,104,19.1,1002.4,119.2,82.2,793.0,74.7,66.0,27.0
2024-06-07 13:00:00,19.9,85,17.3,0.7,8.0,36,16.6,1002.5,116.2,80.6,802.0,71.5,66.8,39.0
2024-06-07 14:00:00,20.0,80,16.3,0.7,15.9,28,25.2,1002.4,116.4,80.8,781.0,66.2,63.8,54.0
2024-06-07 15:00:00,19.9,74,15.0,0.2,12.6,20,28.1,1002.0,111.1,77.3,695.0,54.7,53.7,81.0
2024-06-07 16:00:00,21.5,65,14.6,0.0,12.8,22,24.8,1001.1,106.2,74.0,580.0,41.0,39.8,113.0
2024-06-07 17:00:00,22.2,58,13.6,0.0,8.6,33,24.5,1000.3,95.5,66.8,519.0,37.9,30.4,125.0
2024-06-07 18:00:00,22.1,57,13.1,0.0,7.5,55,18.0,1000.0,87.5,61.5,548.0,55.1,28.8,102.0
2024-06-07 19:00:00,21.0,61,13.2,0.0,5.4,94,14.4,1000.9,89.9,63.1,630.0,82.8,31.6,59.0
2024-06-07 20:00:00,18.9,70,13.3,0.0,5.8,120,8.3,1000.8,111.8,78.2,709.0,99.9,32.3,23.0
2024-06-07 21:00:00,17.6,80,14.2,0.0,5.8,210,7.2,1002.0,136.0,95.2,863.0,102.8,40.7,16.0
2024-06-07 22:00:00,17.8,80,14.2,0.0,5.2,295,7.6,1002.2,162.5,113.9,1075.0,106.5,52.3,7.0
2024-06-07 23:00:00,18.0,79,14.2,0.0,2.6,286,6.1,1001.9,183.0,128.1,1231.0,107.8,60.7,0.0
2024-06-08 00:00:00,16.2,89,14.5,0.0,6.2,280,7.2,1001.7,193.7,135.5,1279.0,104.8,62.8,0.0
2024-06-08 01:00:00,17.6,82,14.6,0.0,1.0,315,7.6,1001.9,196.5,137.4,1271.0,99.3,61.6,0.0
2024-06-08 02:00:00,17.7,82,14.5,0.0,2.8,130,4.0,1001.6,193.2,135.5,1252.0,93.5,60.0,1.0
2024-06-08 03:00:00,17.1,82,14.1,0.0,2.2,180,3.2,1001.6,186.3,130.4,1235.0,87.4,57.2,0.0
2024-06-08 04:00:00,16.6,85,14.1,0.0,0.5,315,2.9,1001.4,178.8,125.3,1206.0,81.0,54.0,0.0
2024-06-08 05:00:00,14.5,94,13.6,0.0,6.1,3,6.8,1001.4,172.3,120.6,1171.0,76.2,55.4,2.0
2024-06-08 06:00:00,15.9,91,14.4,0.0,6.8,3,10.1,1001.6,170.9,119.7,1128.0,74.0,65.9,11.0
2024-06-08 07:00:00,17.5,82,14.4,0.0,5.4,4,12.6,1001.7,169.0,118.3,1079.0,73.3,81.0,23.0
2024-06-08 08:00:00,19.2,75,14.6,0.0,2.2,9,13.0,1001.6,140.6,98.0,1030.0,76.1,92.3,33.0
2024-06-08 09:00:00,21.2,72,16.1,0.0,5.2,196,15.5,1001.5,149.9,104.3,1014.0,76.6,92.1,51.0
2024-06-08 10:00:00,23.2,66,16.5,0.0,6.6,193,19.1,1000.8,156.5,108.3,989.0,76.8,91.4,77.0
2024-06-08 11:00:00,25.5,58,16.6,0.0,10.1,184,23.4,1000.1,162.1,111.1,946.0,73.4,87.6,106.0
2024-06-08 12:00:00,27.4,52,16.8,0.0,10.1,186,23.8,999.3,163.4,110.8,875.0,63.2,78.8,140.0
2024-06-08 13:00:00,29.2,48,17.1,0.0,11.6,196,25.2,998.3,155.5,103.6,786.0,49.3,66.9,176.0
2024-06-08 14:00:00,30.5,45,17.2,0.0,15.6,199,29.9,997.1,146.2,95.0,700.0,38.2,55.7,202.0
2024-06-08 15:00:00,31.7,42,17.4,0.0,16.5,203,30.6,996.3,133.6,85.2,607.0,29.4,45.3,217.0
2024-06-08 16:00:00,32.0,43,17.8,0.0,18.5,213,32.4,995.6,122.9,77.3,516.0,23.4,35.6,223.0
2024-06-08 17:00:00,31.8,44,18.1,0.0,17.2,217,32.4,995.1,109.9,68.7,478.0,27.7,29.7,211.0
2024-06-08 18:00:00,31.1,47,18.4,0.0,16.5,216,29.2,995.0,102.0,65.2,528.0,51.4,30.1,171.0
2024-06-08 19:00:00,29.4,53,18.6,0.0,8.9,220,25.6,995.3,109.7,71.9,631.0,85.5,34.4,113.0
2024-06-08 20:00:00,26.0,65,19.0,0.0,6.8,18,13.3,995.7,110.8,72.2,725.0,104.1,39.4,68.0
2024-06-08 21:00:00,25.0,68,18.7,0.0,6.6,45,9.4,997.4,123.9,82.2,797.0,103.3,40.9,57.0
2024-06-08 22:00:00,24.2,72,18.8,0.0,8.1,13,13.0,997.8,137.4,92.7,894.0,102.1,42.7,41.0
2024-06-08 23:00:00,23.0,78,19.0,0.0,10.8,4,16.2,998.0,146.7,99.9,947.0,99.6,42.5,27.0
2024-06-09 00:00:00,22.2,81,18.8,0.0,11.2,358,17.6,998.1,147.6,101.3,916.0,95.7,38.6,18.0
2024-06-09 01:00:00,21.5,83,18.5,0.0,9.4,2,17.3,998.1,136.0,93.1,841.0,90.6,32.7,12.0
2024-06-09 02:00:00,20.7,87,18.4,0.0,8.8,12,14.4,998.1,120.1,82.7,768.0,84.4,28.0,7.0
2024-06-09 03:00:00,19.8,91,18.2,0.0,6.8,3,13.7,998.1,105.7,72.9,711.0,76.0,25.4,3.0
2024-06-09 04:00:00,18.9,93,17.7,0.0,5.8,4,10.4,998.2,95.0,65.2,657.0,66.4,23.9,1.0
2024-06-09 05:00:00,18.4,93,17.2,0.0,8.6,360,12.6,998.7,88.0,60.3,614.0,58.7,23.9,4.0
2024-06-09 06:00:00,19.7,80,16.2,0.0,12.2,360,18.0,999.3,85.2,58.2,592.0,54.9,26.0,11.0
2024-06-09 07:00:00,21.5,67,15.1,0.0,10.1,2,19.1,999.8,84.5,57.5,581.0,52.9,29.5,22.0
2024-06-09 08:00:00,23.8,58,15.1,0.0,10.1,4,20.2,1000.2,71.2,46.4,528.0,46.0,27.9,35.0
2024-06-09 09:00:00,26.9,52,16.1,0.0,10.0,21,21.2,1000.6,78.5,49.0,482.0,40.0,27.5,61.0
2024-06-09 10:00:00,29.1,45,16.0,0.0,8.5,28,22.0,1000.4,81.5,51.2,418.0,31.5,26.8,98.0
2024-06-09 11:00:00,31.2,38,15.0,0.0,7.6,45,20.2,1000.1,66.6,42.7,362.0,24.4,25.4,127.0
2024-06-09 12:00:00,33.0,29,12.7,0.0,7.0,69,19.8,999.7,58.8,36.3,322.0,19.4,22.5,142.0
2024-06-09 13:00:00,34.4,23,10.2,0.0,6.9,118,19.1,999.1,57.2,32.9,290.0,15.6,18.9,150.0
2024-06-09 14:00:00,35.0,22,10.4,0.0,6.3,156,18.7,998.7,54.9,30.9,274.0,14.5,16.7,153.0
2024-06-09 15:00:00,35.0,23,10.8,0.0,9.4,220,19.1,998.5,53.2,30.3,271.0,14.9,16.4,155.0
2024-06-09 16:00:00,34.5,23,10.4,0.0,11.2,228,23.0,998.3,53.7,31.3,283.0,17.8,17.4,153.0
2024-06-09 17:00:00,34.3,23,10.1,0.0,12.2,227,20.9,997.8,55.3,33.5,322.0,27.8,19.9,141.0
2024-06-09 18:00:00,33.2,29,12.8,0.0,15.8,207,24.5,997.8,64.5,41.9,409.0,51.8,24.9,111.0
2024-06-09 19:00:00,30.6,37,14.1,0.0,11.7,214,24.8,998.1,73.1,49.0,523.0,82.7,31.4,72.0
2024-06-09 20:00:00,28.2,45,15.2,0.0,11.6,210,17.6,998.3,64.7,44.6,554.0,84.1,39.5,65.0
2024-06-09 21:00:00,26.9,51,15.8,0.0,6.4,142,15.8,999.6,76.6,52.4,583.0,85.0,40.2,56.0
2024-06-09 22:00:00,26.2,50,14.9,0.0,14.0,132,22.0,999.9,88.0,60.1,623.0,86.2,41.1,44.0
2024-06-09 23:00:00,24.9,58,16.1,0.0,13.7,150,22.3,999.8,98.0,66.6,649.0,86.2,40.7,33.0
2024-06-10 00:00:00,23.6,66,17.0,0.0,7.6,161,21.2,999.9,104.8,71.0,648.0,84.4,37.8,25.0
2024-06-10 01:00:00,22.8,71,17.2,0.0,2.7,67,11.2,1000.3,110.1,74.3,634.0,81.5,33.8,17.0
2024-06-10 02:00:00,22.0,74,17.3,0.0,4.0,63,6.5,1000.2,113.4,76.6,622.0,78.2,31.0,12.0
2024-06-10 03:00:00,20.9,80,17.3,0.0,4.8,48,6.5,1000.1,113.6,76.6,616.0,74.7,30.1,7.0
2024-06-10 04:00:00,20.0,83,17.0,0.0,5.7,35,7.9,1000.0,112.5,75.7,611.0,70.8,30.5,4.0
2024-06-10 05:00:00,19.2,86,16.9,0.0,6.6,45,7.9,1000.0,110.6,74.3,612.0,66.6,33.1,6.0
2024-06-10 06:00:00,20.6,78,16.8,0.0,3.6,53,7.9,1000.0,111.5,75.0,623.0,61.5,39.5,15.0
2024-06-10 07:00:00,21.7,73,16.7,0.0,3.4,32,9.7,1000.0,127.6,84.8,639.0,56.2,48.0,29.0
2024-06-10 08:00:00,23.4,66,16.7,0.0,5.5,23,14.8,999.8,107.8,70.3,673.0,54.6,53.6,42.0
2024-06-10 09:00:00,25.5,60,17.1,0.0,7.4,47,19.1,999.6,112.5,73.1,673.0,54.7,56.4,52.0
2024-06-10 10:00:00,27.6,53,17.1,0.0,5.6,63,19.1,999.2,112.0,72.9,671.0,54.8,60.0,66.0
2024-06-10 11:00:00,29.7,46,16.8,0.0,3.4,108,17.6,998.4,111.1,72.4,663.0,54.0,61.7,83.0
2024-06-10 12:00:00,31.9,40,16.6,0.0,6.1,177,18.4,997.4,109.9,71.5,648.0,51.4,60.6,104.0
2024-06-10 13:00:00,34.3,33,15.9,0.0,11.6,202,25.2,996.4,108.5,70.3,625.0,47.9,57.5,128.0
2024-06-10 14:00:00,36.0,26,13.6,0.0,17.4,210,31.7,995.6,103.6,66.8,589.0,45.2,52.1,142.0
2024-06-10 15:00:00,35.3,27,13.5,0.0,21.3,233,37.1,995.4,90.3,57.3,501.0,40.5,41.3,143.0
2024-06-10 16:00:00,35.7,27,14.1,0.0,14.8,229,36.7,994.8,71.0,44.1,399.0,36.7,28.2,135.0
2024-06-10 17:00:00,35.6,28,14.1,0.0,10.7,220,26.6,994.6,61.7,38.4,394.0,43.4,21.4,117.0
2024-06-10 18:00:00,34.0,33,15.6,0.5,8.2,157,20.2,995.0,64.3,38.5,567.0,71.8,26.3,84.0
2024-06-10 19:00:00,31.8,39,16.2,0.0,6.7,126,13.0,995.1,97.1,62.9,836.0,110.7,37.7,41.0
2024-06-10 20:00:00,29.5,43,15.6,0.0,8.4,130,12.6,995.1,102.9,70.3,834.0,130.4,39.8,15.0
2024-06-10 21:00:00,26.8,51,15.9,0.0,6.0,303,7.9,996.6,131.8,90.3,915.0,126.7,43.9,12.0
2024-06-10 22:00:00,25.7,59,17.0,0.0,6.8,302,8.3,996.4,140.6,96.6,1023.0,121.5,49.5,7.0
2024-06-10 23:00:00,27.3,52,16.5,0.0,2.7,113,7.9,995.9,132.2,90.8,1077.0,116.0,53.0,4.0
2024-06-11 00:00:00,25.1,59,16.5,0.0,5.9,133,7.9,995.4,122.0,83.8,1029.0,110.8,52.4,3.0
2024-06-11 01:00:00,25.4,58,16.4,0.0,2.4,333,6.1,994.8,115.9,79.4,927.0,105.3,49.7,4.0
2024-06-11 02:00:00,23.1,68,16.9,0.0,4.3,5,4.0,995.0,111.1,76.1,840.0,99.4,47.1,5.0
2024-06-11 03:00:00,22.4,73,17.2,0.0,7.0,21,11.5,994.6,104.8,71.9,788.0,92.6,44.8,4.0
2024-06-11 04:00:00,20.7,80,17.2,0.0,7.1,24,10.8,994.5,102.7,70.3,751.0,85.2,42.6,4.0
2024-06-11 05:00:00,20.8,79,17.1,0.0,6.9,354,10.4,994.7,103.4,70.8,729.0,78.4,41.8,7.0
2024-06-11 06:00:00,21.4,76,16.9,0.0,8.9,14,12.6,994.4,106.4,72.9,735.0,72.1,43.6,14.0
2024-06-11 07:00:00,22.9,69,16.9,0.0,7.0,21,15.5,994.2,112.0,76.8,757.0,66.4,46.9,24.0
2024-06-11 08:00:00,25.1,60,16.8,0.0,8.5,12,18.4,994.0,86.6,59.5,836.0,57.1,59.2,44.0
2024-06-11 09:00:00,27.2,56,17.6,0.0,7.2,18,18.4,994.2,89.4,61.0,803.0,61.2,61.4,66.0
2024-06-11 10:00:00,29.5,46,16.8,0.0,4.3,48,18.4,993.7,89.6,60.5,756.0,66.3,64.0,97.0
2024-06-11 11:00:00,31.7,38,15.6,0.0,3.2,90,15.8,993.4,91.5,61.7,700.0,67.2,63.5,127.0
2024-06-11 12:00:00,33.5,33,15.1,0.0,5.1,172,16.9,992.8,93.1,62.4,632.0,59.3,57.2,156.0
2024-06-11 13:00:00,34.8,29,14.4,0.0,10.5,188,22.3,991.8,91.7,60.3,555.0,47.2,47.8,184.0
2024-06-11 14:00:00,36.2,26,13.6,0.0,10.3,192,26.3,990.8,84.1,54.2,490.0,38.5,39.2,198.0
2024-06-11 15:00:00,36.5,26,13.9,0.0,9.3,254,23.0,991.3,78.5,46.1,430.0,33.9,31.8,193.0
2024-06-11 16:00:00,35.7,27,14.1,0.0,6.6,315,21.2,990.8,74.7,34.6,380.0,32.8,25.2,175.0
2024-06-11 17:00:00,36.1,27,13.9,0.0,2.1,329,14.0,990.3,68.7,33.6,380.0,41.5,22.3,148.0
2024-06-11 18:00:00,35.6,28,14.4,0.0,2.6,196,7.9,990.5,63.8,33.4,471.0,70.1,25.9,105.0
2024-06-11 19:00:00,32.5,41,17.6,0.0,6.6,221,7.9,990.9,70.8,40.6,611.0,108.5,33.2,53.0
2024-06-11 20:00:00,30.5,45,17.4,0.0,8.2,218,12.6,990.9,105.0,68.0,923.0,129.1,37.9,9.0
2024-06-11 21:00:00,25.8,69,19.6,0.0,10.2,157,15.8,992.6,119.0,78.7,916.0,121.7,37.5,6.0
2024-06-11 22:00:00,26.1,61,18.1,0.0,9.2,225,16.9,992.4,103.1,68.5,903.0,111.0,36.8,3.0
2024-06-11 23:00:00,25.5,63,18.0,0.0,12.8,220,19.8,993.2,89.6,60.1,871.0,98.9,34.6,0.0
2024-06-12 00:00:00,25.3,61,17.2,0.0,13.2,248,21.2,992.7,79.6,53.6,809.0,84.8,29.6,0.0
2024-06-12 01:00:00,24.5,60,16.1,0.0,8.3,268,20.2,992.7,71.5,48.2,728.0,69.4,23.0,0.0
2024-06-12 02:00:00,23.4,67,16.8,0.0,7.9,336,13.3,992.5,65.7,44.1,651.0,56.8,17.8,0.0
2024-06-12 03:00:00,22.4,73,17.4,0.0,7.6,93,14.0,992.9,58.8,39.2,580.0,48.1,14.6,0.0
2024-06-12 04:00:00,21.3,79,17.5,0.0,5.0,330,11.5,992.8,51.3,33.8,512.0,42.2,12.7,1.0
2024-06-12 05:00:00,21.2,81,17.9,0.0,7.0,348,10.1,993.0,46.7,30.4,469.0,39.8,13.0,6.0
2024-06-12 06:00:00,22.0,77,17.6,0.0,10.1,4,15.5,993.4,51.6,33.4,469.0,43.6,17.0,16.0
2024-06-12 07:00:00,23.8,69,17.7,0.0,6.3,13,15.8,994.0,56.0,34.9,494.0,50.9,23.2,30.0
2024-06-12 08:00:00,26.5,59,17.7,0.0,3.7,349,13.7,994.5,52.3,34.1,499.0,49.4,35.1,49.0
2024-06-12 09:00:00,28.7,54,18.4,0.0,6.3,31,17.3,994.8,66.1,41.4,487.0,46.7,37.4,74.0
2024-06-12 10:00:00,30.8,46,17.9,0.0,5.4,48,17.6,994.6,75.4,46.0,469.0,42.9,40.3,109.0
2024-06-12 11:00:00,32.8,40,17.5,0.0,4.7,86,16.9,994.4,80.8,47.8,452.0,38.8,41.8,140.0
2024-06-12 12:00:00,34.4,35,16.8,0.0,5.2,106,17.6,993.7,85.0,49.7,435.0,34.1,40.3,162.0
2024-06-12 13:00:00,35.8,32,16.5,0.0,4.9,144,18.0,993.1,86.1,49.9,419.0,29.3,37.2,179.0
2024-06-12 14:00:00,36.7,31,16.6,0.0,6.3,156,18.0,992.3,86.1,49.6,411.0,26.5,34.6,191.0
2024-06-12 15:00:00,37.0,28,15.6,0.0,11.6,164,23.4,991.6,86.1,49.6,409.0,25.8,32.9,197.0
2024-06-12 16:00:00,37.1,26,14.6,0.0,10.5,174,24.8,991.3,86.4,50.4,414.0,27.2,31.6,197.0
2024-06-12 17:00:00,36.8,27,14.8,0.0,7.2,153,21.2,991.4,87.5,51.9,439.0,33.1,31.4,189.0
2024-06-12 18:00:00,36.3,28,15.1,0.0,10.1,153,15.8,991.2,95.5,60.5,498.0,47.4,33.2,170.0
2024-06-12 19:00:00,34.2,35,16.4,0.0,8.3,162,15.8,991.5,102.7,66.1,575.0,66.2,36.1,144.0
2024-06-12 20:00:00,31.8,40,16.6,0.0,15.1,140,22.3,992.0,103.1,66.4,638.0,80.4,38.2,118.0
2024-06-12 21:00:00,28.7,45,15.6,0.0,14.2,99,29.2,993.7,106.2,69.2,674.0,85.8,38.6,93.0
2024-06-12 22:00:00,27.5,47,15.3,0.0,11.2,96,21.6,994.2,110.8,73.6,695.0,86.7,38.2,68.0
2024-06-12 23:00:00,26.5,51,15.6,0.0,5.5,58,16.9,994.0,116.9,78.2,706.0,86.1,37.2,48.0
2024-06-13 00:00:00,25.9,56,16.4,0.0,6.6,41,10.4,994.1,117.8,79.4,706.0,85.2,35.3,35.0
2024-06-13 01:00:00,24.9,63,17.4,0.0,7.1,41,11.2,993.7,119.7,81.0,697.0,82.9,32.8,26.0
2024-06-13 02:00:00,24.1,69,18.1,0.0,9.6,34,14.4,993.7,118.0,80.1,686.0,79.4,31.0,21.0
2024-06-13 03:00:00,23.6,72,18.4,0.0,9.5,37,16.2,993.6,111.8,76.1,674.0,74.0,29.8,18.0
2024-06-13 04:00:00,23.0,76,18.4,0.0,8.4,31,14.8,993.3,109.9,74.7,660.0,67.3,29.3,17.0
2024-06-13 05:00:00,22.4,78,18.4,0.0,8.7,24,13.3,993.2,111.5,76.1,654.0,61.6,30.8,20.0
2024-06-13 06:00:00,23.1,74,18.4,0.0,9.5,25,15.1,993.1,115.0,78.5,663.0,57.6,36.0,26.0
2024-06-13 07:00:00,24.5,67,18.0,0.0,10.3,29,19.1,993.0,115.9,77.8,679.0,54.5,43.3,36.0
2024-06-13 08:00:00,26.1,61,18.0,0.0,10.4,34,21.6,992.9,112.7,74.5,685.0,52.1,49.0,49.0
2024-06-13 09:00:00,28.5,54,18.4,0.0,10.2,45,23.0,993.2,107.6,71.0,671.0,50.9,51.9,66.0
2024-06-13 10:00:00,30.1,49,18.4,0.0,8.0,72,22.7,992.8,104.5,69.2,648.0,50.4,53.3,86.0
2024-06-13 11:00:00,31.6,45,18.1,0.0,5.4,98,20.5,992.6,106.4,71.0,625.0,48.3,53.1,111.0
2024-06-13 12:00:00,33.2,40,17.9,0.0,6.1,118,22.7,991.9,112.7,75.7,603.0,41.7,50.5,147.0
2024-06-13 13:00:00,34.2,37,17.6,0.0,6.5,161,19.4,990.9,120.1,81.0,582.0,33.5,46.3,188.0
2024-06-13 14:00:00,35.0,36,17.5,0.0,2.8,140,19.4,990.0,124.3,83.8,573.0,30.5,42.9,215.0
2024-06-13 15:00:00,35.5,34,17.3,0.0,3.8,319,14.8,989.8,124.3,83.4,582.0,36.7,41.1,218.0
2024-06-13 16:00:00,35.5,33,17.0,0.0,11.3,343,20.9,990.0,124.8,83.1,604.0,48.0,40.2,206.0
2024-06-13 17:00:00,34.6,36,17.3,0.0,9.8,343,24.1,989.8,135.5,90.1,632.0,58.8,40.2,189.0
2024-06-13 18:00:00,34.3,37,17.5,0.0,9.8,343,18.4,990.1,148.1,100.1,675.0,69.4,42.1,166.0
2024-06-13 19:00:00,33.1,41,18.2,0.0,7.9,344,17.3,990.0,156.0,105.9,723.0,79.6,44.8,138.0
2024-06-13 20:00:00,30.6,52,19.6,0.0,5.7,325,12.2,990.6,114.6,71.9,553.0,54.3,27.5,115.0
2024-06-13 21:00:00,24.5,82,21.2,8.9,11.5,356,20.5,993.4,120.1,76.6,608.0,65.6,31.7,94.0
2024-06-13 22:00:00,24.0,88,21.9,0.0,14.6,350,23.0,993.5,129.5,83.4,682.0,80.9,37.3,66.0
2024-06-13 23:00:00,23.5,88,21.5,0.0,10.5,356,22.7,993.8,143.9,94.3,730.0,89.8,40.7,43.0
2024-06-14 00:00:00,23.2,87,21.0,0.8,15.8,66,23.0,994.9,149.9,98.7,729.0,86.2,39.6,33.0
2024-06-14 01:00:00,23.0,90,21.2,0.0,16.6,89,26.3,995.8,142.5,94.1,701.0,76.4,36.3,30.0
2024-06-14 02:00:00,22.8,86,20.2,0.0,9.0,92,26.3,996.2,131.3,86.8,673.0,68.4,33.6,27.0
2024-06-14 03:00:00,22.0,91,20.5,0.0,4.0,5,13.3,996.5,119.7,79.4,652.0,66.3,32.6,19.0
2024-06-14 04:00:00,21.8,92,20.5,0.0,4.6,342,6.8,996.0,109.0,72.6,631.0,66.2,32.2,12.0
2024-06-14 05:00:00,21.6,94,20.6,0.0,7.3,349,11.5,996.0,103.6,69.2,609.0,64.2,32.6,15.0
2024-06-14 06:00:00,22.4,92,21.0,0.0,7.6,341,11.9,996.1,97.3,64.5,594.0,58.8,35.0,36.0
2024-06-14 07:00:00,23.6,85,21.0,0.0,5.1,356,11.9,996.4,101.7,64.7,579.0,51.6,38.3,66.0
2024-06-14 08:00:00,25.1,76,20.7,0.0,5.8,7,14.4,996.7,96.9,58.7,518.0,38.8,35.1,89.0
2024-06-14 09:00:00,26.7,63,19.0,0.0,8.1,21,24.5,997.9,84.3,50.1,439.0,31.2,28.4,98.0
2024-06-14 10:00:00,28.2,54,18.0,0.0,8.6,360,21.6,997.7,63.6,33.9,328.0,20.6,19.0,111.0
2024-06-14 11:00:00,30.3,42,15.8,0.0,7.3,351,21.2,997.3,51.1,21.8,243.0,12.5,11.6,121.0
2024-06-14 12:00:00,32.3,28,11.2,0.0,10.5,6,28.4,996.8,40.7,15.7,207.0,9.1,8.2,126.0
2024-06-14 13:00:00,33.5,20,7.6,0.0,12.3,353,26.6,995.8,32.1,12.9,195.0,8.2,6.7,129.0
2024-06-14 14:00:00,34.3,17,6.2,0.0,9.3,344,26.3,994.9,24.6,11.2,189.0,8.0,5.7,130.0
2024-06-14 15:00:00,35.3,14,4.1,0.0,8.8,9,22.3,994.0,18.6,9.9,177.0,6.9,4.2,131.0
2024-06-14 16:00:00,35.8,13,3.2,0.0,9.8,352,20.5,993.5,14.4,8.8,171.0,6.6,3.2,130.0
2024-06-14 17:00:00,35.2,12,2.0,0.0,16.2,357,24.8,993.3,12.1,8.5,181.0,10.5,3.4,121.0
2024-06-14 18:00:00,32.9,16,3.8,0.0,30.7,344,48.6,994.1,19.4,13.6,224.0,22.5,6.0,96.0
2024-06-14 19:00:00,32.0,16,2.7,0.0,25.2,341,47.2,995.4,23.7,16.6,283.0,38.8,9.9,62.0
2024-06-14 20:00:00,30.4,17,2.2,0.0,21.9,343,39.2,995.9,33.2,23.0,365.0,61.8,14.7,30.0
2024-06-14 21:00:00,27.0,42,12.8,0.0,7.0,282,17.6,996.7,34.5,24.1,388.0,62.1,15.3,22.0
2024-06-14 22:00:00,26.8,31,8.2,0.0,13.2,334,18.7,997.3,34.8,24.4,418.0,62.3,16.0,12.0
2024-06-14 23:00:00,26.8,23,3.7,0.0,16.2,347,24.5,997.7,35.9,25.1,425.0,60.2,15.9,5.0
2024-06-15 00:00:00,25.2,30,6.6,0.0,14.6,20,24.8,998.4,36.0,25.2,390.0,54.3,14.2,6.0
2024-06-15 01:00:00,24.4,32,6.7,0.0,12.3,5,22.3,998.9,32.9,23.1,333.0,46.1,11.8,10.0
2024-06-15 02:00:00,23.1,33,6.2,0.0,10.8,2,19.4,999.2,24.3,16.9,284.0,38.5,9.9,15.0
2024-06-15 03:00:00,21.5,38,6.4,0.0,9.4,353,16.6,999.3,17.9,12.5,251.0,32.0,9.2,19.0
2024-06-15 04:00:00,20.6,40,6.4,0.0,11.0,349,16.6,999.7,16.0,11.3,226.0,26.1,9.0,24.0
2024-06-15 05:00:00,20.2,41,6.6,0.0,11.5,356,17.6,1000.3,16.8,11.8,211.0,21.6,9.1,30.0
2024-06-15 06:00:00,21.0,41,7.3,0.0,13.0,6,19.4,1001.1,19.1,13.5,213.0,19.5,9.7,36.0
2024-06-15 07:00:00,23.0,38,7.8,0.0,12.6,5,21.2,1001.7,26.4,18.6,226.0,18.8,10.5,44.0
2024-06-15 08:00:00,25.1,33,7.7,0.0,13.6,17,24.5,1001.7,21.2,14.8,226.0,17.1,10.5,55.0
2024-06-15 09:00:00,26.8,32,8.8,0.0,13.8,28,26.3,1001.8,15.1,10.5,209.0,14.0,8.8,66.0
2024-06-15 10:00:00,28.5,29,8.8,0.0,15.3,27,29.5,1001.7,11.8,8.1,185.0,9.7,6.5,83.0
2024-06-15 11:00:00,29.9,28,9.4,0.0,14.5,30,29.5,1001.5,10.5,7.2,167.0,6.6,4.8,96.0
2024-06-15 12:00:00,31.1,22,7.2,0.0,15.5,12,32.4,1000.8,10.0,6.8,161.0,5.6,4.3,104.0
2024-06-15 13:00:00,32.1,19,5.6,0.0,15.9,342,31.0,1000.1,9.7,6.7,162.0,5.9,4.4,110.0
2024-06-15 14:00:00,32.6,18,5.2,0.0,19.0,323,34.9,999.3,10.0,6.9,165.0,6.8,4.6,114.0
2024-06-15 15:00:00,33.0,17,4.7,0.0,16.6,326,35.3,998.8,10.3,7.1,151.0,5.5,4.1,119.0
2024-06-15 16:00:00,33.1,16,4.3,0.0,12.3,328,31.3,998.4,10.9,7.6,139.0,5.0,3.7,122.0
2024-06-15 17:00:00,32.7,17,4.2,0.0,9.4,320,24.1,998.1,12.2,8.5,183.0,13.4,5.9,113.0
2024-06-15 18:00:00,32.0,17,4.2,0.0,13.7,315,22.3,998.0,14.7,10.2,340.0,39.9,12.8,81.0
2024-06-15 19:00:00,30.0,22,5.7,0.0,8.9,317,21.6,998.5,46.9,32.8,553.0,75.4,22.4,38.0
2024-06-15 20:00:00,27.8,26,6.3,0.0,5.6,105,13.0,999.0,72.6,50.8,658.0,97.7,27.8,5.0
2024-06-15 21:00:00,26.2,32,8.1,0.0,11.3,243,17.6,1000.3,67.8,47.3,627.0,94.6,30.8,8.0
2024-06-15 22:00:00,24.5,36,8.3,0.0,7.4,203,17.3,1000.8,63.1,43.7,583.0,90.2,34.9,11.0
2024-06-15 23:00:00,23.9,40,9.5,0.0,10.6,170,15.8,1001.2,62.9,43.3,546.0,85.9,37.2,13.0
2024-06-16 00:00:00,23.1,46,10.9,0.0,7.6,185,16.2,1001.4,65.9,45.1,522.0,82.2,36.0,11.0
2024-06-16 01:00:00,21.6,57,12.7,0.0,8.1,193,11.5,1001.5,67.8,46.2,504.0,78.5,33.1,6.0
2024-06-16 02:00:00,21.8,59,13.4,0.0,5.9,137,9.4,1001.6,66.6,45.3,493.0,74.5,31.0,3.0
2024-06-16 03:00:00,20.6,65,13.8,0.0,4.8,347,6.8,1001.7,65.2,44.4,487.0,69.6,29.6,1.0
2024-06-16 04:00:00,20.0,65,13.1,0.0,8.6,360,13.7,1002.0,65.0,44.1,488.0,64.4,29.0,0.0
2024-06-16 05:00:00,18.8,73,13.9,0.0,8.5,12,14.4,1002.2,65.9,44.8,496.0,60.2,31.6,3.0
2024-06-16 06:00:00,19.5,72,14.4,0.0,6.5,19,13.3,1002.7,68.5,46.7,519.0,57.6,40.7,10.0
2024-06-16 07:00:00,21.1,66,14.6,0.0,6.1,3,13.0,1002.6,73.3,49.7,550.0,56.1,53.0,20.0
2024-06-16 08:00:00,23.6,59,15.1,0.0,8.0,10,18.0,1002.5,78.0,52.6,613.0,61.2,63.7,36.0
2024-06-16 09:00:00,26.4,51,15.5,0.0,8.1,21,20.5,1002.6,85.0,57.4,598.0,60.2,63.2,49.0
2024-06-16 10:00:00,28.8,39,13.5,0.0,2.0,45,19.4,1002.2,88.2,59.8,574.0,58.3,62.0,68.0
2024-06-16 11:00:00,31.0,31,12.1,0.0,4.0,175,15.5,1002.1,85.0,57.9,533.0,53.3,57.3,88.0
2024-06-16 12:00:00,32.7,27,11.4,0.0,8.9,194,22.0,1001.5,65.7,44.7,458.0,42.1,45.8,108.0
2024-06-16 13:00:00,33.7,22,9.2,0.0,10.8,206,24.5,1000.8,49.1,32.8,367.0,27.8,30.9,128.0
2024-06-16 14:00:00,34.5,18,6.5,0.0,10.8,206,24.5,1000.0,48.7,32.5,304.0,17.7,20.0,145.0
2024-06-16 15:00:00,34.8,17,6.2,0.0,12.0,219,24.5,999.2,51.9,34.8,292.0,14.8,16.5,158.0
2024-06-16 16:00:00,34.8,18,6.7,0.0,13.5,226,25.9,998.7,55.6,37.4,309.0,16.2,17.1,167.0
2024-06-16 17:00:00,34.5,19,7.2,0.0,15.1,220,26.3,998.2,59.5,40.0,334.0,19.8,18.8,169.0
2024-06-16 18:00:00,33.3,22,8.5,0.0,21.1,217,33.8,998.1,64.0,43.2,367.0,27.3,21.7,159.0
2024-06-16 19:00:00,31.5,27,10.1,0.0,22.2,222,34.9,998.1,70.3,47.4,407.0,37.1,25.8,143.0
2024-06-16 20:00:00,30.3,30,10.7,0.0,21.2,222,34.9,998.1,63.1,42.4,424.0,40.6,27.1,131.0
2024-06-16 21:00:00,29.2,37,12.9,0.0,22.3,218,35.3,999.0,71.0,47.0,414.0,36.1,26.0,135.0
2024-06-16 22:00:00,28.6,37,12.4,0.0,25.9,219,40.3,999.2,75.2,49.6,401.0,30.0,24.6,139.0
2024-06-16 23:00:00,27.9,38,12.4,0.0,23.5,220,40.3,999.1,77.3,50.9,396.0,26.8,23.8,137.0
2024-06-17 00:00:00,27.1,42,13.1,0.0,21.8,219,36.4,998.9,78.5,52.2,404.0,28.8,24.4,125.0
2024-06-17 01:00:00,26.5,45,13.6,0.0,19.4,223,34.2,998.6,79.6,53.3,419.0,33.7,25.8,107.0
2024-06-17 02:00:00,25.2,49,13.8,0.0,14.3,225,29.9,998.6,80.8,54.2,434.0,38.6,26.8,88.0
2024-06-17 03:00:00,23.5,55,13.9,0.0,6.8,245,22.0,998.4,80.8,54.5,445.0,43.2,26.4,68.0
2024-06-17 04:00:00,21.5,63,14.1,0.0,6.2,260,10.1,998.7,80.3,54.2,457.0,47.9,25.7,48.0
2024-06-17 05:00:00,20.6,68,14.6,0.0,6.2,249,7.9,998.9,80.3,54.2,476.0,50.7,27.0,37.0
2024-06-17 06:00:00,22.6,60,14.5,0.0,8.4,220,10.8,999.1,80.1,54.1,511.0,50.4,32.2,40.0
2024-06-17 07:00:00,24.2,57,15.1,0.0,8.9,223,16.6,999.3,92.0,61.7,553.0,48.2,39.3,53.0
2024-06-17 08:00:00,26.1,51,15.4,0.0,8.5,234,18.7,999.4,75.9,51.2,572.0,48.1,43.1,72.0
2024-06-17 09:00:00,29.0,46,16.3,0.0,10.2,231,23.0,999.5,84.5,56.8,562.0,44.3,42.5,97.0
2024-06-17 10:00:00,31.4,41,16.5,0.0,12.0,221,25.2,999.1,87.1,58.7,544.0,38.9,41.5,132.0
2024-06-17 11:00:00,33.7,36,16.4,0.0,14.9,217,29.5,998.8,83.1,56.2,511.0,32.7,38.3,161.0
2024-06-17 12:00:00,35.5,30,15.1,0.0,18.7,214,34.9,998.1,68.9,46.7,446.0,24.9,31.0,179.0
2024-06-17 13:00:00,36.5,25,13.1,0.0,21.2,212,38.9,997.0,54.1,36.9,365.0,16.3,21.6,192.0
2024-06-17 14:00:00,37.3,21,11.3,0.0,21.3,210,38.9,996.1,44.0,29.6,306.0,10.8,14.8,199.0
2024-06-17 15:00:00,37.5,19,10.4,0.0,21.5,211,38.9,995.4,41.3,27.2,283.0,9.1,12.3,202.0
2024-06-17 16:00:00,37.3,19,10.1,0.0,21.6,213,38.2,994.9,40.7,27.0,283.0,10.5,12.3,200.0
2024-06-17 17:00:00,36.5,20,10.2,0.0,22.0,215,37.4,994.5,40.2,26.8,302.0,16.4,14.2,188.0
2024-06-17 18:00:00,35.7,22,10.6,0.0,20.1,213,37.1,994.5,39.9,26.9,349.0,30.4,18.9,161.0
2024-06-17 19:00:00,34.0,25,11.2,0.0,15.5,205,32.4,994.9,45.8,31.2,414.0,49.0,25.4,125.0
2024-06-17 20:00:00,31.9,28,11.2,0.0,15.5,202,24.1,995.3,46.1,31.8,482.0,57.2,31.9,109.0
2024-06-17 21:00:00,31.5,30,11.6,0.0,19.8,213,31.7,995.5,47.6,32.7,476.0,54.3,31.2,103.0
2024-06-17 22:00:00,30.0,32,11.4,0.0,17.1,215,30.6,995.9,48.4,33.3,468.0,50.3,30.2,94.0
2024-06-17 23:00:00,29.1,33,11.1,0.0,18.2,214,27.7,996.3,48.5,33.4,461.0,47.2,29.2,86.0
2024-06-18 00:00:00,28.8,33,10.8,0.0,20.0,214,31.3,996.0,48.7,33.4,455.0,45.8,28.3,80.0
2024-06-18 01:00:00,28.0,35,11.1,0.0,16.9,204,31.0,995.5,49.2,33.9,449.0,45.4,27.4,75.0
2024-06-18 02:00:00,26.8,38,11.2,0.0,12.2,199,26.3,995.6,50.5,34.8,449.0,46.0,26.9,68.0
2024-06-18 03:00:00,25.6,41,11.4,0.0,9.2,211,19.1,995.6,52.0,35.9,454.0,48.3,26.3,56.0
2024-06-18 04:00:00,24.7,44,11.6,0.0,7.9,223,14.0,996.0,53.2,36.7,463.0,51.6,26.1,42.0
2024-06-18 05:00:00,23.9,47,11.8,0.0,6.9,231,11.9,996.2,55.8,38.5,482.0,53.8,27.8,34.0
2024-06-18 06:00:00,24.9,45,12.2,0.0,5.5,259,9.7,996.4,61.2,42.4,519.0,54.1,33.1,35.0
2024-06-18 07:00:00,26.0,42,12.2,0.0,4.7,274,11.5,996.6,70.8,48.9,566.0,53.2,40.3,42.0
2024-06-18 08:00:00,27.6,38,12.2,0.0,2.9,240,11.5,996.7,85.0,58.3,627.0,57.1,47.7,55.0
2024-06-18 09:00:00,30.0,41,15.5,0.0,9.0,203,20.5,997.3,92.9,63.6,617.0,51.5,47.1,90.0
2024-06-18 10:00:00,32.2,39,16.3,0.0,11.6,206,24.8,996.9,100.4,68.5,601.0,43.4,46.0,140.0
2024-06-18 11:00:00,34.2,35,16.7,0.0,15.1,205,29.9,996.7,102.7,69.6,573.0,35.1,42.9,183.0
2024-06-18 12:00:00,35.3,32,16.2,0.0,19.0,205,35.6,996.2,94.1,63.6,524.0,26.2,36.0,214.0
2024-06-18 13:00:00,36.4,30,15.9,0.0,18.4,203,36.7,995.4,83.6,56.5,463.0,17.2,27.2,237.0
2024-06-18 14:00:00,37.6,27,15.2,0.0,17.4,202,34.9,994.4,74.0,49.9,416.0,11.4,20.6,250.0
2024-06-18 15:00:00,38.5,22,13.3,0.0,17.9,205,34.2,993.6,68.7,46.2,390.0,9.5,17.7,248.0
2024-06-18 16:00:00,38.5,20,11.7,0.0,20.0,203,34.9,993.0,65.7,44.1,378.0,10.9,17.0,235.0
2024-06-18 17:00:00,38.0,20,11.4,0.0,20.7,197,35.6,992.8,64.3,43.0,388.0,17.2,18.2,215.0
2024-06-18 18:00:00,36.8,22,11.6,0.0,21.9,194,36.4,993.2,64.3,43.0,434.0,31.9,22.0,185.0
2024-06-18 19:00:00,35.2,25,12.1,0.0,14.8,183,35.3,993.7,69.8,47.0,503.0,51.4,27.6,149.0
2024-06-18 20:00:00,32.8,28,11.8,0.0,13.1,172,23.0,994.3,77.5,52.9,564.0,68.3,31.8,118.0
2024-06-18 21:00:00,31.1,32,12.7,0.0,11.9,182,18.4,995.7,88.0,60.1,594.0,72.0,34.9,99.0
2024-06-18 22:00:00,30.0,35,12.8,0.0,12.1,190,18.7,995.9,95.2,65.0,634.0,76.7,39.0,74.0
2024-06-18 23:00:00,28.9,38,13.1,0.0,10.2,203,18.4,996.0,96.9,66.4,653.0,78.1,41.3,55.0
2024-06-19 00:00:00,27.9,41,13.3,0.0,8.9,212,15.8,996.0,93.8,64.0,633.0,73.1,40.2,50.0
2024-06-19 01:00:00,27.0,43,13.4,0.0,9.3,196,14.0,995.9,89.9,61.2,593.0,64.7,37.2,51.0
2024-06-19 02:00:00,26.5,44,13.3,0.0,11.9,185,18.0,995.6,87.1,59.5,560.0,57.9,34.8,51.0
2024-06-19 03:00:00,26.4,45,13.5,0.0,12.8,196,19.8,995.8,85.4,58.1,542.0,54.4,33.3,47.0
2024-06-19 04:00:00,26.0,46,13.7,0.0,12.3,195,19.8,995.8,84.3,57.2,530.0,52.4,32.2,43.0
2024-06-19 05:00:00,25.9,47,13.8,0.0,11.5,200,19.4,996.0,84.1,56.9,531.0,51.6,32.7,41.0
2024-06-19 06:00:00,26.2,47,14.0,0.0,9.4,220,17.3,996.4,84.1,56.8,557.0,53.3,36.3,39.0
2024-06-19 07:00:00,27.4,44,14.2,0.0,5.6,220,14.4,996.9,91.7,62.2,594.0,56.1,41.5,39.0
2024-06-19 08:00:00,28.9,41,14.4,0.0,4.8,228,13.7,997.1,61.2,41.1,581.0,54.2,41.0,57.0
2024-06-19 09:00:00,30.8,40,15.7,0.0,12.9,210,24.5,997.4,61.5,41.4,555.0,46.1,38.5,84.0
2024-06-19 10:00:00,32.5,37,15.9,0.0,14.8,206,28.4,997.3,62.4,42.1,519.0,34.6,34.8,121.0
2024-06-19 11:00:00,33.8,34,15.9,0.0,17.1,198,32.4,997.0,64.3,43.1,480.0,24.8,30.7,154.0
2024-06-19 12:00:00,35.5,30,15.1,0.0,19.0,195,38.9,996.2,65.0,43.1,437.0,17.8,25.6,179.0
2024-06-19 13:00:00,35.9,27,13.9,0.0,21.7,192,40.0,995.4,62.4,41.2,392.0,12.4,19.9,200.0
2024-06-19 14:00:00,36.2,26,13.5,0.0,20.5,195,40.0,994.8,61.5,40.7,361.0,9.6,16.0,212.0
2024-06-19 15:00:00,36.3,25,12.9,0.0,18.5,204,37.8,994.3,61.7,41.1,346.0,8.4,14.6,216.0
2024-06-19 16:00:00,36.2,24,12.7,0.0,15.7,200,33.8,993.4,61.5,41.0,346.0,9.8,14.9,212.0
2024-06-19 17:00:00,35.8,25,12.8,0.0,16.6,202,28.4,993.2,61.2,40.9,372.0,17.9,16.8,197.0
2024-06-19 18:00:00,35.4,26,12.9,0.0,17.1,195,29.9,993.4,62.4,41.9,445.0,39.7,21.5,162.0
2024-06-19 19:00:00,34.2,28,13.2,0.0,11.9,175,27.7,993.7,70.3,47.7,543.0,68.2,27.8,115.0
2024-06-19 20:00:00,32.2,31,13.1,0.0,12.2,166,18.7,994.0,87.1,58.9,538.0,68.6,30.0,100.0
2024-06-19 21:00:00,29.8,37,13.4,0.0,21.4,139,34.6,995.5,90.8,61.7,551.0,62.7,30.7,98.0
2024-06-19 22:00:00,28.9,40,13.9,0.0,17.4,140,33.1,995.5,92.7,63.1,569.0,54.5,31.6,95.0
2024-06-19 23:00:00,28.0,44,14.5,0.0,10.9,134,27.0,995.8,93.4,63.6,580.0,48.6,31.8,90.0
2024-06-20 00:00:00,27.3,46,14.7,0.0,3.2,27,16.6,996.1,94.8,64.3,581.0,47.3,30.7,80.0
2024-06-20 01:00:00,26.5,50,15.1,0.0,10.9,46,16.2,996.2,95.7,64.7,576.0,48.2,29.0,68.0
2024-06-20 02:00:00,25.5,54,15.4,0.0,12.6,53,19.4,995.7,94.5,63.8,564.0,48.8,27.7,58.0
2024-06-20 03:00:00,24.9,58,16.1,0.0,10.9,56,19.4,995.9,92.2,61.9,542.0,48.2,27.3,52.0
2024-06-20 04:00:00,24.3,64,17.0,0.0,9.8,62,16.6,995.9,88.5,59.5,514.0,47.1,27.3,49.0
2024-06-20 05:00:00,23.6,70,17.9,0.0,7.2,53,15.1,995.9,83.1,55.5,482.0,45.5,27.5,49.0
2024-06-20 06:00:00,24.1,71,18.5,0.0,8.5,28,14.4,996.4,76.6,51.0,444.0,43.0,27.9,51.0
2024-06-20 07:00:00,25.0,68,18.8,0.0,10.9,34,20.5,996.7,69.6,45.9,404.0,39.8,28.6,56.0
2024-06-20 08:00:00,26.1,66,19.4,0.0,10.3,54,21.6,996.8,49.2,31.7,354.0,35.1,26.3,67.0
2024-06-20 09:00:00,26.9,65,19.6,0.0,8.3,88,19.8,997.5,48.5,31.1,357.0,33.3,27.1,74.0
2024-06-20 10:00:00,28.5,58,19.3,0.0,6.8,90,19.4,997.1,51.7,33.4,362.0,30.7,28.1,85.0
2024-06-20 11:00:00,30.1,52,19.1,0.0,7.2,93,20.5,996.8,58.7,38.5,374.0,28.0,29.0,101.0
2024-06-20 12:00:00,32.0,46,18.9,0.0,7.8,112,22.0,995.9,68.5,45.5,395.0,25.1,29.5,127.0
2024-06-20 13:00:00,33.6,42,18.8,0.0,10.5,142,24.1,994.9,78.2,52.6,422.0,22.1,29.7,159.0
2024-06-20 14:00:00,34.7,38,18.1,0.0,12.8,164,27.4,993.9,85.2,57.7,452.0,20.4,30.1,186.0
2024-06-20 15:00:00,35.5,35,17.5,0.0,12.1,170,27.4,993.1,90.6,61.7,484.0,19.7,30.6,209.0
2024-06-20 16:00:00,36.5,30,15.9,0.0,11.2,180,27.0,992.3,95.0,65.0,518.0,20.4,31.1,228.0
2024-06-20 17:00:00,36.3,28,14.8,0.0,13.0,204,24.5,992.1,98.7,67.5,553.0,24.7,31.9,231.0
2024-06-20 18:00:00,35.8,28,14.6,0.0,13.0,231,23.8,992.5,103.1,70.5,602.0,36.5,33.6,207.0
2024-06-20 19:00:00,34.6,31,15.1,0.0,6.3,167,21.6,993.3,108.3,74.3,652.0,51.9,35.6,167.0
2024-06-20 20:00:00,30.0,47,17.5,0.0,24.6,122,37.8,994.2,117.3,80.1,670.0,61.6,38.4,132.0
2024-06-20 21:00:00,28.0,54,17.8,0.0,16.1,124,32.4,995.6,104.8,71.0,596.0,58.8,35.4,109.0
2024-06-20 22:00:00,27.1,52,16.5,0.0,11.4,114,25.6,996.0,80.8,54.1,493.0,54.9,31.2,77.0
2024-06-20 23:00:00,26.2,49,14.8,0.0,10.0,103,18.4,996.2,64.7,43.0,409.0,51.8,28.0,52.0
2024-06-21 00:00:00,25.5,45,12.9,0.0,10.2,98,16.2,996.5,55.1,36.4,362.0,50.0,26.5,42.0
2024-06-21 01:00:00,25.0,45,12.4,0.0,8.3,92,15.8,996.3,50.8,33.5,333.0,49.0,25.9,40.0
2024-06-21 02:00:00,24.4,48,12.8,0.0,4.7,81,13.0,996.1,48.9,32.4,316.0,49.1,26.0,37.0
2024-06-21 03:00:00,24.0,50,12.8,0.0,6.6,61,10.1,995.8,48.1,31.8,312.0,51.5,26.9,30.0
2024-06-21 04:00:00,23.6,50,12.7,0.0,6.4,47,11.2,995.6,48.1,31.8,319.0,55.1,28.4,22.0
2024-06-21 05:00:00,23.1,53,12.9,0.0,6.9,39,11.2,995.6,48.9,32.5,328.0,57.0,30.2,19.0
2024-06-21 06:00:00,23.1,56,14.0,0.0,9.5,65,16.2,995.6,50.5,33.5,336.0,55.7,32.4,23.0
2024-06-21 07:00:00,23.6,60,15.4,0.1,3.8,49,18.7,995.8,52.7,34.9,345.0,52.7,34.7,32.0
2024-06-21 08:00:00,23.8,62,16.1,0.0,7.4,67,15.5,995.3,62.4,40.7,383.0,59.2,42.0,24.0
2024-06-21 09:00:00,25.2,62,17.4,0.0,7.2,63,17.6,995.5,67.5,44.4,415.0,60.7,43.8,20.0
2024-06-21 10:00:00,24.5,65,17.5,0.1,5.5,32,17.3,995.6,69.6,46.4,458.0,62.8,46.4,15.0
2024-06-21 11:00:00,23.9,70,18.1,0.6,9.7,358,18.7,995.8,70.8,47.6,490.0,64.8,48.5,13.0
2024-06-21 12:00:00,23.0,81,19.7,2.6,9.7,22,22.7,995.8,69.6,47.0,498.0,66.9,49.9,14.0
2024-06-21 13:00:00,23.2,79,19.4,1.7,7.4,23,26.3,995.4,69.6,47.3,495.0,68.9,50.8,18.0
2024-06-21 14:00:00,23.4,78,19.3,0.7,8.0,63,23.8,994.5,69.6,47.1,493.0,69.9,50.8,24.0
2024-06-21 15:00:00,23.4,78,19.3,0.1,6.4,52,22.3,994.0,70.1,47.4,488.0,67.6,49.0,38.0
2024-06-21 16:00:00,24.0,75,19.3,0.0,6.8,18,15.8,993.8,69.2,46.6,485.0,64.3,46.2,54.0
2024-06-21 17:00:00,24.8,71,19.1,0.0,5.7,55,15.8,993.3,72.6,49.1,503.0,66.1,44.5,62.0
2024-06-21 18:00:00,25.3,69,19.1,0.0,6.4,52,14.4,992.6,77.8,52.6,561.0,78.5,45.1,53.0
2024-06-21 19:00:00,25.2,69,19.2,0.0,6.6,29,13.7,992.9,85.0,57.5,641.0,96.0,46.7,35.0
2024-06-21 20:00:00,24.0,76,19.5,0.0,6.5,19,11.2,993.3,95.9,65.4,718.0,103.0,56.8,24.0
2024-06-21 21:00:00,23.9,77,19.5,0.0,5.5,169,8.3,995.0,106.4,72.6,765.0,102.3,56.9,17.0
2024-06-21 22:00:00,23.2,81,19.8,0.0,6.6,193,10.1,994.8,111.1,75.9,828.0,101.0,56.8,8.0
2024-06-21 23:00:00,22.9,82,19.8,0.0,6.9,189,10.8,994.5,114.8,78.7,859.0,98.2,55.8,1.0
2024-06-22 00:00:00,22.6,84,19.7,0.0,5.8,180,10.4,994.1,114.6,78.7,830.0,92.9,53.1,0.0
2024-06-22 01:00:00,22.0,87,19.6,0.0,5.2,168,8.6,993.5,110.6,76.1,769.0,86.0,49.4,1.0
2024-06-22 02:00:00,22.5,83,19.5,0.0,3.1,291,8.3,993.3,106.6,73.3,719.0,79.9,46.2,3.0
2024-06-22 03:00:00,21.2,91,19.7,0.0,10.5,354,17.6,993.7,102.2,70.3,692.0,75.5,43.6,2.0
2024-06-22 04:00:00,21.0,92,19.6,0.0,7.4,346,16.2,993.5,100.4,68.7,675.0,71.9,41.5,1.0
2024-06-22 05:00:00,20.4,95,19.5,0.0,6.5,341,11.5,993.4,92.2,63.3,668.0,67.9,41.5,4.0
2024-06-22 06:00:00,21.3,89,19.5,0.0,9.4,356,15.1,993.7,86.4,59.6,688.0,63.3,46.2,11.0
2024-06-22 07:00:00,22.8,81,19.5,0.0,6.7,16,15.5,993.6,89.4,61.5,719.0,58.4,53.0,22.0
2024-06-22 08:00:00,24.5,74,19.6,0.0,5.7,35,15.8,993.3,110.6,73.6,714.0,53.5,52.9,44.0
2024-06-22 09:00:00,26.8,69,20.6,0.0,5.0,90,18.0,992.6,141.1,58.9,621.0,46.3,46.0,64.0
2024-06-22 10:00:00,29.0,53,18.6,0.0,4.0,117,17.3,992.4,204.4,44.7,491.0,36.2,36.3,92.0
2024-06-22 11:00:00,30.9,42,16.6,0.0,5.7,198,17.6,991.8,242.1,44.9,382.0,27.2,27.7,117.0
2024-06-22 12:00:00,32.8,30,12.9,0.0,14.0,206,28.4,990.8,216.5,41.1,316.0,20.3,21.6,135.0
2024-06-22 13:00:00,33.9,24,10.3,0.0,19.4,222,36.0,989.7,168.6,35.2,269.0,14.5,16.6,149.0
2024-06-22 14:00:00,35.0,18,6.9,0.0,17.3,228,36.4,988.8,120.1,28.4,232.0,10.9,12.6,156.0
2024-06-22 15:00:00,36.3,10,-0.4,0.0,19.4,223,34.9,988.0,78.9,21.6,196.0,9.4,9.3,155.0
2024-06-22 16:00:00,36.2,9,-1.9,0.0,19.1,248,36.7,987.4,51.1,17.5,170.0,10.0,7.1,148.0
2024-06-22 17:00:00,35.2,10,-1.5,0.0,19.5,298,33.8,987.5,35.0,15.3,163.0,14.2,6.3,135.0
2024-06-22 18:00:00,33.0,11,-1.8,0.0,25.5,310,41.4,987.9,29.8,18.6,191.0,25.2,8.1,114.0
2024-06-22 19:00:00,31.0,14,0.7,0.0,17.2,296,40.7,989.0,33.6,22.8,238.0,39.7,11.4,87.0
2024-06-22 20:00:00,28.0,18,1.5,0.0,8.3,304,26.6,989.9,36.1,25.0,295.0,49.9,13.4,56.0
2024-06-22 21:00:00,27.2,19,1.6,0.0,12.2,2,27.4,992.2,44.9,28.4,343.0,57.0,15.4,40.0
2024-06-22 22:00:00,24.5,25,3.3,0.0,7.7,37,18.4,992.3,55.5,35.5,407.0,66.5,18.1,18.0
2024-06-22 23:00:00,24.0,27,3.9,0.0,7.6,25,10.8,992.3,64.3,40.5,450.0,71.3,20.0,2.0
2024-06-23 00:00:00,22.7,29,3.8,0.0,9.5,25,12.6,992.1,64.7,40.3,448.0,67.2,20.3,0.0
2024-06-23 01:00:00,23.3,28,3.8,0.0,5.5,328,12.2,992.1,64.5,39.3,424.0,58.5,19.7,0.0
2024-06-23 02:00:00,21.4,35,5.1,0.0,7.8,347,10.8,992.1,65.4,39.1,405.0,51.0,19.1,1.0
2024-06-23 03:00:00,20.2,37,5.2,0.0,12.0,344,18.4,992.3,65.4,39.0,403.0,47.2,18.6,0.0
2024-06-23 04:00:00,20.9,36,5.2,0.0,10.5,352,19.1,992.5,67.3,39.1,407.0,44.6,18.2,0.0
2024-06-23 05:00:00,20.2,37,5.2,0.0,10.7,348,16.2,992.6,66.8,37.6,405.0,42.0,18.0,1.0
2024-06-23 06:00:00,21.4,36,5.6,0.0,12.1,12,17.6,992.8,71.9,36.8,398.0,39.6,19.1,11.0
2024-06-23 07:00:00,24.5,33,7.3,0.0,16.9,344,24.8,993.0,85.9,43.3,385.0,37.1,20.5,25.0
2024-06-23 08:00:00,26.0,33,8.4,0.0,31.3,315,50.0,993.3,152.7,40.7,269.0,24.7,14.2,46.0
2024-06-23 09:00:00,27.1,32,9.1,0.0,4.8,13,16.9,994.0,69.6,26.4,238.0,19.6,11.5,53.0
2024-06-23 10:00:00,27.9,32,9.5,0.2,20.3,335,35.3,994.6,38.8,18.7,196.0,12.5,7.7,63.0
2024-06-23 11:00:00,28.0,32,10.0,0.3,20.0,342,39.6,995.1,42.4,19.3,166.0,7.4,4.9,72.0
2024-06-23 12:00:00,28.5,30,9.1,0.1,14.1,357,36.7,995.2,45.9,20.8,161.0,5.9,4.1,79.0
2024-06-23 13:00:00,31.0,21,5.9,0.0,18.9,329,31.7,994.5,55.4,22.9,168.0,6.3,4.3,86.0
2024-06-23 14:00:00,28.7,31,10.1,0.0,27.2,18,49.3,995.0,64.5,25.7,174.0,7.2,4.5,90.0
2024-06-23 15:00:00,29.0,29,9.1,0.0,26.6,13,46.8,995.4,59.8,24.9,170.0,6.9,4.0,92.0
2024-06-23 16:00:00,29.9,26,8.1,0.0,25.0,7,45.7,995.6,53.7,22.8,166.0,7.1,3.6,91.0
2024-06-23 17:00:00,30.0,25,7.6,0.0,21.6,28,42.5,995.7,44.4,19.8,175.0,10.9,4.1,84.0
2024-06-23 18:00:00,29.1,25,6.8,0.0,17.8,21,36.4,996.2,34.2,17.2,209.0,21.9,6.6,67.0
2024-06-23 19:00:00,28.0,27,7.4,0.0,7.1,24,28.8,996.7,29.2,18.2,256.0,36.5,10.1,45.0
2024-06-23 20:00:00,24.5,37,8.8,0.0,8.7,52,10.8,997.3,72.6,46.0,437.0,59.6,18.6,14.0
2024-06-23 21:00:00,25.9,30,7.1,0.0,22.7,333,33.5,998.9,76.8,51.8,448.0,56.6,18.9,13.0
2024-06-23 22:00:00,25.0,34,8.2,0.0,21.4,343,38.5,1000.1,69.6,48.2,461.0,52.4,19.3,12.0
2024-06-23 23:00:00,24.0,38,8.8,0.0,15.9,356,33.1,1001.0,59.8,41.9,451.0,48.4,18.8,12.0
2024-06-24 00:00:00,23.5,40,9.1,0.0,15.5,357,24.8,1001.7,47.7,34.0,397.0,45.1,16.6,13.0
2024-06-24 01:00:00,23.0,42,9.5,0.0,13.7,360,24.1,1002.0,37.8,27.4,321.0,41.9,13.6,15.0
2024-06-24 02:00:00,22.5,44,9.6,0.0,11.6,5,21.2,1002.2,31.8,23.2,266.0,39.1,11.6,15.0
2024-06-24 03:00:00,21.9,45,9.6,0.0,9.7,360,18.0,1002.6,29.0,21.1,254.0,36.6,11.2,12.0
2024-06-24 04:00:00,20.8,49,9.8,0.0,6.9,351,15.1,1002.9,28.9,20.7,263.0,34.5,11.8,7.0
2024-06-24 05:00:00,19.5,55,10.2,0.0,7.2,342,10.8,1003.1,29.9,21.3,277.0,32.6,13.1,6.0
2024-06-24 06:00:00,20.5,51,10.1,0.0,12.6,340,18.4,1003.4,31.7,22.4,299.0,31.8,16.1,11.0
2024-06-24 07:00:00,22.6,45,10.2,0.0,11.8,348,21.2,1003.7,38.1,26.8,325.0,31.3,19.7,20.0
2024-06-24 08:00:00,24.9,38,9.4,0.0,13.1,351,24.1,1003.9,24.5,17.1,250.0,22.5,14.8,43.0
2024-06-24 09:00:00,27.4,30,8.1,0.0,18.7,344,33.8,1004.1,15.7,11.0,224.0,17.9,12.0,59.0
2024-06-24 10:00:00,29.1,25,7.1,0.0,17.3,348,34.6,1003.8,11.6,8.1,188.0,11.6,8.1,82.0
2024-06-24 11:00:00,30.1,23,7.0,0.0,14.7,349,33.1,1003.7,11.0,7.7,161.0,7.2,5.2,99.0
2024-06-24 12:00:00,31.2,22,7.0,0.0,14.0,331,30.2,1003.3,11.1,7.7,152.0,6.2,4.3,106.0
2024-06-24 13:00:00,32.5,19,5.8,0.0,13.8,313,29.5,1002.1,11.6,8.1,152.0,7.1,4.4,108.0
2024-06-24 14:00:00,33.2,17,4.8,0.0,10.1,333,28.8,1001.2,12.5,8.6,155.0,8.5,4.6,107.0
2024-06-24 15:00:00,33.2,16,4.3,0.0,7.2,357,23.4,1000.7,13.5,9.3,144.0,7.5,3.8,107.0
2024-06-24 16:00:00,33.5,15,3.7,0.0,2.9,7,18.4,1000.1,15.2,10.4,135.0,7.1,3.2,105.0
2024-06-24 17:00:00,33.4,15,3.2,0.0,1.5,104,12.6,999.7,16.8,11.6,171.0,15.0,4.9,94.0
2024-06-24 18:00:00,33.0,15,3.0,0.0,2.7,23,9.4,999.7,20.2,14.0,285.0,40.2,10.9,67.0
2024-06-24 19:00:00,31.1,21,6.1,0.0,4.3,336,7.9,1000.3,41.0,28.6,444.0,73.7,19.3,32.0
2024-06-24 20:00:00,30.2,22,6.3,0.0,5.4,356,8.3,1000.9,98.5,68.9,834.0,97.2,35.8,4.0
2024-06-24 21:00:00,27.3,25,5.6,0.0,12.6,233,18.7,1002.2,124.8,87.1,850.0,93.4,37.6,3.0
2024-06-24 22:00:00,26.6,27,5.8,0.0,17.4,218,26.3,1002.4,115.3,80.8,867.0,87.8,39.9,1.0
2024-06-24 23:00:00,26.0,28,6.1,0.0,19.6,226,30.2,1002.4,92.2,64.5,844.0,81.5,39.8,0.0
2024-06-25 00:00:00,25.0,30,6.3,0.0,11.0,251,29.9,1002.6,75.0,52.4,745.0,74.3,35.3,0.0
2024-06-25 01:00:00,22.5,38,7.7,0.0,6.6,283,16.9,1002.6,59.6,41.7,606.0,66.3,28.4,1.0
2024-06-25 02:00:00,21.4,45,8.9,0.0,6.1,310,10.1,1002.8,47.8,33.4,497.0,59.1,22.5,2.0
2024-06-25 03:00:00,20.4,52,10.1,0.0,7.4,321,9.4,1003.0,40.5,28.3,444.0,52.4,18.4,1.0
2024-06-25 04:00:00,20.3,53,10.3,0.0,5.1,315,8.3,1003.4,37.3,26.0,421.0,46.5,15.3,0.0
2024-06-25 05:00:00,19.7,54,10.2,0.0,5.4,323,7.9,1003.6,38.3,26.8,414.0,43.2,14.3,2.0
2024-06-25 06:00:00,21.2,49,10.2,0.0,11.9,357,16.2,1003.9,46.8,32.7,435.0,45.3,17.0,12.0
2024-06-25 07:00:00,23.5,43,10.4,0.0,12.6,357,21.6,1004.5,54.1,37.8,473.0,50.1,21.8,26.0
2024-06-25 08:00:00,26.0,36,9.9,0.0,12.6,360,23.4,1004.7,48.8,34.1,453.0,49.1,24.7,50.0
2024-06-25 09:00:00,28.9,32,10.6,0.0,13.9,25,27.4,1005.1,41.7,29.2,397.0,40.2,22.1,67.0
2024-06-25 10:00:00,30.9,28,10.1,0.0,11.1,36,27.0,1005.1,36.4,25.5,320.0,27.8,18.4,90.0
2024-06-25 11:00:00,32.4,25,9.6,0.0,7.6,59,24.5,1004.9,34.6,24.2,261.0,18.2,15.5,110.0
2024-06-25 12:00:00,33.3,23,9.4,0.0,4.3,90,20.5,1004.6,34.8,23.9,236.0,13.8,13.8,124.0
2024-06-25 13:00:00,34.1,21,8.7,0.0,1.8,127,16.9,1004.1,36.0,24.4,228.0,12.2,12.8,134.0
2024-06-25 14:00:00,34.7,20,8.1,0.0,3.6,174,15.5,1003.5,36.7,24.7,228.0,12.2,12.5,142.0
2024-06-25 15:00:00,35.1,18,7.4,0.0,4.3,180,17.3,1003.3,38.2,25.7,226.0,11.7,12.6,150.0
2024-06-25 16:00:00,35.0,18,6.9,0.0,1.1,342,15.8,1003.0,40.0,27.1,232.0,12.7,13.5,154.0
2024-06-25 17:00:00,35.0,18,6.8,0.0,1.4,180,10.4,1002.8,42.7,29.1,262.0,20.3,15.6,147.0
2024-06-25 18:00:00,34.6,18,7.0,0.0,6.9,141,12.2,1002.8,47.3,32.6,339.0,41.3,20.0,119.0
2024-06-25 19:00:00,32.8,22,8.6,0.0,13.0,141,19.4,1003.2,63.3,44.0,440.0,68.9,25.7,79.0
2024-06-25 20:00:00,30.1,27,9.0,0.0,14.4,158,22.0,1003.8,51.3,35.7,402.0,52.7,24.0,88.0
2024-06-25 21:00:00,28.6,32,10.2,0.0,14.2,153,24.1,1004.9,56.8,39.7,442.0,61.4,27.4,70.0
2024-06-25 22:00:00,27.1,40,12.2,0.0,12.7,151,21.6,1005.4,63.1,44.1,499.0,73.4,32.1,46.0
2024-06-25 23:00:00,25.8,45,12.9,0.0,8.4,160,19.4,1006.0,71.2,49.8,545.0,82.8,35.7,25.0
2024-06-26 00:00:00,24.2,52,13.7,0.0,2.9,30,12.6,1006.6,78.5,54.9,573.0,87.7,37.1,13.0
2024-06-26 01:00:00,23.5,53,13.4,0.0,6.0,57,9.7,1006.6,84.1,58.7,592.0,89.9,37.3,5.0
2024-06-26 02:00:00,22.9,57,13.8,0.0,8.4,50,12.6,1006.7,85.4,59.6,598.0,89.0,37.0,0.0
2024-06-26 03:00:00,22.1,62,14.4,0.0,6.6,45,13.0,1006.6,81.0,56.6,587.0,83.4,35.7,0.0
2024-06-26 04:00:00,21.4,67,14.9,0.0,7.2,37,11.5,1006.6,76.4,53.2,564.0,74.7,33.8,0.0
2024-06-26 05:00:00,20.8,71,15.3,0.0,6.2,36,11.5,1006.9,73.8,51.3,544.0,66.6,33.7,3.0
2024-06-26 06:00:00,21.5,69,15.6,0.0,7.7,28,12.2,1007.2,74.0,51.6,531.0,60.2,36.8,13.0
2024-06-26 07:00:00,22.9,63,15.6,0.0,8.5,28,16.6,1007.2,76.6,53.2,522.0,54.5,41.7,26.0
2024-06-26 08:00:00,24.6,57,15.6,0.0,9.1,18,19.4,1007.3,58.9,40.5,498.0,47.0,40.2,44.0
2024-06-26 09:00:00,27.0,51,16.0,0.0,7.2,37,19.1,1007.2,60.3,41.4,510.0,48.4,44.0,56.0
2024-06-26 10:00:00,29.0,44,15.7,0.0,3.6,90,19.1,1006.9,63.6,43.9,524.0,49.9,48.8,73.0
2024-06-26 11:00:00,31.4,37,14.9,0.0,6.2,170,18.7,1006.4,66.1,45.6,517.0,47.8,49.5,92.0
2024-06-26 12:00:00,33.7,31,14.1,0.0,11.6,187,25.9,1005.7,64.3,44.4,470.0,38.8,42.3,116.0
2024-06-26 13:00:00,35.7,23,11.2,0.0,17.8,201,33.8,1004.6,56.8,39.0,402.0,26.2,31.1,143.0
2024-06-26 14:00:00,36.4,19,9.2,0.0,21.9,207,39.6,1003.5,49.6,33.8,349.0,16.9,22.0,163.0
2024-06-26 15:00:00,36.7,19,8.9,0.0,23.2,210,41.0,1002.9,48.5,32.8,320.0,12.5,17.1,175.0
2024-06-26 16:00:00,36.7,18,8.2,0.0,22.4,213,41.0,1002.2,48.7,32.7,305.0,11.4,14.4,181.0
2024-06-26 17:00:00,36.4,17,7.8,0.0,21.7,220,38.9,1001.8,49.4,32.8,310.0,15.3,13.8,176.0
2024-06-26 18:00:00,35.8,18,8.1,0.0,19.7,230,36.4,1001.7,51.0,33.9,347.0,27.5,16.3,154.0
2024-06-26 19:00:00,34.1,21,8.8,0.0,11.8,232,32.0,1002.0,56.3,37.6,405.0,44.7,20.9,122.0
2024-06-26 20:00:00,31.7,25,9.4,0.0,10.1,197,18.4,1002.1,51.7,34.7,427.0,51.7,25.5,101.0
2024-06-26 21:00:00,30.2,30,10.6,0.0,13.0,183,19.8,1003.1,57.6,38.8,444.0,53.8,28.0,91.0
2024-06-26 22:00:00,30.2,29,10.4,0.0,18.1,203,27.4,1003.2,62.6,42.1,466.0,56.3,31.2,77.0
2024-06-26 23:00:00,29.6,31,10.6,0.0,15.7,212,27.7,1003.2,64.0,42.8,471.0,56.1,32.9,68.0
2024-06-27 00:00:00,28.7,33,10.9,0.0,14.1,220,24.5,1002.8,60.8,40.6,444.0,50.1,31.2,70.0
2024-06-27 01:00:00,28.0,35,11.2,0.0,13.8,208,21.6,1002.3,55.6,37.3,401.0,41.3,27.8,77.0
2024-06-27 02:00:00,27.6,37,11.6,0.0,14.5,194,22.3,1002.0,51.2,34.5,369.0,35.4,25.6,80.0
2024-06-27 03:00:00,27.1,39,11.9,0.0,15.6,195,23.8,1001.9,48.1,32.6,356.0,35.1,25.6,76.0
2024-06-27 04:00:00,27.0,39,12.1,0.0,16.9,204,26.3,1002.1,46.1,31.3,354.0,37.6,26.7,68.0
2024-06-27 05:00:00,26.7,40,11.8,0.0,16.5,203,26.3,1002.3,45.5,31.1,362.0,40.4,28.6,61.0
2024-06-27 06:00:00,26.7,39,11.6,0.0,16.5,212,26.3,1002.5,46.0,31.4,389.0,43.9,32.2,54.0
2024-06-27 07:00:00,27.5,36,11.2,0.0,20.1,204,32.0,1002.4,51.3,35.3,425.0,47.8,36.5,49.0
2024-06-27 08:00:00,27.5,42,13.4,0.0,21.7,212,37.1,1002.5,56.7,38.8,422.0,45.0,36.6,55.0
2024-06-27 09:00:00,30.5,28,10.1,0.0,23.7,210,43.6,1002.3,56.2,38.4,405.0,39.4,34.0,72.0
2024-06-27 10:00:00,31.6,27,10.6,0.0,24.0,210,41.8,1002.0,59.8,40.4,382.0,31.5,30.3,97.0
2024-06-27 11:00:00,33.0,26,10.9,0.0,24.5,208,42.8,1001.6,66.6,44.1,357.0,24.4,26.4,120.0
2024-06-27 12:00:00,34.2,24,11.1,0.0,25.7,211,45.0,1001.0,68.5,45.2,331.0,18.6,22.0,140.0
2024-06-27 13:00:00,35.1,21,9.9,0.0,28.7,213,49.3,1000.2,62.6,41.6,304.0,13.5,17.4,159.0
2024-06-27 14:00:00,35.9,20,9.6,0.0,27.0,217,49.0,999.4,56.3,37.4,285.0,10.5,14.0,171.0
2024-06-27 15:00:00,36.0,20,9.6,0.0,23.0,221,46.4,998.6,52.0,34.6,276.0,9.5,12.1,176.0
2024-06-27 16:00:00,36.3,19,9.2,0.0,23.7,216,42.1,997.5,49.1,32.7,276.0,10.7,11.3,174.0
2024-06-27 17:00:00,36.0,19,8.8,0.0,25.1,205,41.4,997.0,47.3,31.5,289.0,15.4,12.1,165.0
2024-06-27 18:00:00,35.2,20,8.6,0.0,22.6,205,41.8,997.2,46.0,30.7,322.0,25.7,15.2,147.0
2024-06-27 19:00:00,33.8,22,8.9,0.0,16.1,196,36.4,997.8,47.6,32.1,368.0,39.5,19.9,122.0
2024-06-27 20:00:00,31.6,25,9.1,0.0,15.1,180,24.8,997.7,51.1,34.8,454.0,61.9,24.9,80.0
2024-06-27 21:00:00,30.2,27,9.2,0.0,9.7,225,16.2,999.7,63.6,43.7,490.0,69.4,28.3,63.0
2024-06-27 22:00:00,29.4,28,9.2,0.0,8.3,236,14.4,999.6,68.2,46.9,538.0,79.5,32.8,41.0
2024-06-27 23:00:00,28.1,32,9.9,0.0,8.0,175,12.2,998.7,68.2,47.0,563.0,85.0,35.6,24.0
2024-06-28 00:00:00,26.8,36,10.6,0.0,8.7,173,14.8,998.5,62.4,43.1,542.0,81.5,35.0,20.0
2024-06-28 01:00:00,26.2,38,10.6,0.0,11.2,184,17.3,998.0,53.3,36.9,497.0,73.4,32.6,21.0
2024-06-28 02:00:00,25.5,39,10.6,0.0,8.6,195,16.9,997.7,47.7,33.1,461.0,66.7,30.6,22.0
2024-06-28 03:00:00,24.4,42,10.8,0.0,6.8,183,13.0,997.6,44.5,30.9,443.0,64.1,29.3,18.0
2024-06-28 04:00:00,23.1,47,11.2,0.0,9.7,207,10.8,997.8,42.8,29.8,434.0,62.8,28.4,14.0
2024-06-28 05:00:00,23.9,45,11.2,0.0,5.8,248,10.8,997.8,43.2,30.0,435.0,60.8,29.4,14.0
2024-06-28 06:00:00,24.1,47,12.1,0.0,2.3,321,6.8,997.9,46.8,32.5,453.0,57.2,34.3,19.0
2024-06-28 07:00:00,25.4,43,11.9,0.0,2.2,360,8.3,998.1,47.1,32.6,480.0,53.0,41.1,29.0
2024-06-28 08:00:00,27.1,37,11.3,0.0,1.3,34,10.1,998.2,43.8,30.0,546.0,50.3,49.7,41.0
2024-06-28 09:00:00,29.7,34,12.0,0.0,5.2,205,15.1,998.3,53.2,36.2,519.0,45.6,46.2,67.0
2024-06-28 10:00:00,31.9,31,12.8,0.0,9.5,205,22.0,997.9,63.1,42.5,482.0,38.8,41.2,104.0
2024-06-28 11:00:00,33.7,29,13.4,0.0,15.3,204,29.9,997.4,68.7,46.1,448.0,31.7,35.7,139.0
2024-06-28 12:00:00,34.9,27,13.4,0.0,19.5,208,36.4,996.6,72.2,48.3,421.0,23.9,29.4,171.0
2024-06-28 13:00:00,36.0,26,13.3,0.0,22.6,205,40.7,995.4,75.2,50.2,397.0,15.7,22.6,200.0
2024-06-28 14:00:00,36.5,25,13.4,0.0,23.8,205,42.8,994.4,75.9,50.5,383.0,10.6,17.6,220.0
2024-06-28 15:00:00,37.1,25,13.6,0.0,22.6,211,42.8,993.9,75.9,50.5,379.0,8.8,15.3,227.0
2024-06-28 16:00:00,37.3,24,13.3,0.0,21.5,211,40.3,993.4,75.7,50.3,386.0,10.1,14.8,225.0
2024-06-28 17:00:00,37.2,24,12.9,0.0,19.2,210,37.4,992.9,75.0,49.8,409.0,16.5,15.9,212.0
2024-06-28 18:00:00,36.5,24,12.7,0.0,16.9,207,33.5,993.1,73.8,49.0,461.0,32.0,19.4,183.0
2024-06-28 19:00:00,35.2,26,13.0,0.0,12.3,185,27.7,993.3,76.4,51.1,529.0,52.8,24.6,143.0
2024-06-28 20:00:00,33.0,29,12.8,0.0,13.6,168,20.9,993.6,72.4,49.1,531.0,61.7,28.3,120.0
2024-06-28 21:00:00,31.5,32,12.8,0.0,12.1,170,18.0,994.4,88.0,60.1,593.0,73.4,31.6,93.0
2024-06-28 22:00:00,31.0,33,13.0,0.0,13.0,186,20.5,994.5,99.9,68.5,676.0,89.0,36.1,56.0
2024-06-28 23:00:00,29.9,37,13.5,0.0,10.6,162,19.8,994.6,102.9,70.5,717.0,96.4,38.6,31.0
2024-06-29 00:00:00,28.5,43,14.8,0.0,14.2,156,21.2,994.5,98.0,66.6,677.0,87.4,37.2,30.0
2024-06-29 01:00:00,27.7,47,15.4,0.0,14.2,164,22.7,994.2,89.6,60.5,596.0,70.1,33.7,40.0
2024-06-29 02:00:00,26.9,50,15.6,0.0,11.3,158,21.6,994.0,78.9,53.0,528.0,57.0,30.7,46.0
2024-06-29 03:00:00,26.0,53,15.7,0.0,6.4,128,17.3,993.9,70.3,47.0,496.0,53.9,28.7,41.0
2024-06-29 04:00:00,25.4,54,15.6,0.0,5.8,86,9.7,994.2,66.8,44.7,478.0,54.9,27.3,31.0
2024-06-29 05:00:00,24.9,55,15.2,0.0,6.0,65,9.4,994.3,64.5,43.1,461.0,54.7,27.0,28.0
2024-06-29 06:00:00,25.1,54,15.1,0.0,8.7,42,14.0,994.4,63.3,42.3,437.0,50.8,28.8,35.0
2024-06-29 07:00:00,26.0,52,15.3,0.0,8.4,47,16.6,994.6,58.2,38.5,415.0,45.8,31.9,48.0
2024-06-29 08:00:00,27.5,48,15.6,0.0,7.2,63,18.0,994.4,66.8,43.4,369.0,36.6,28.2,73.0
2024-06-29 09:00:00,28.4,50,17.0,0.0,7.3,99,19.1,995.1,68.2,44.5,367.0,35.5,28.8,82.0
2024-06-29 10:00:00,29.5,47,17.2,0.0,3.4,72,18.4,995.0,72.2,47.3,364.0,34.0,29.6,96.0
2024-06-29 11:00:00,30.7,46,17.6,0.0,7.1,114,18.4,994.6,79.2,52.4,365.0,31.9,29.8,112.0
2024-06-29 12:00:00,31.8,43,17.5,0.0,6.8,155,19.8,993.8,86.8,57.7,370.0,28.7,28.9,134.0
2024-06-29 13:00:00,32.8,40,17.4,0.0,9.2,159,21.6,992.7,92.4,61.7,379.0,25.0,27.4,159.0
2024-06-29 14:00:00,33.7,37,17.0,0.0,10.1,180,24.5,991.8,96.9,64.5,389.0,22.8,26.3,178.0
2024-06-29 15:00:00,34.2,36,17.0,0.0,9.6,193,25.2,991.3,99.0,65.9,398.0,22.2,25.8,189.0
2024-06-29 16:00:00,33.2,39,17.4,0.0,11.8,200,23.0,991.0,99.7,66.4,409.0,23.0,25.8,193.0
2024-06-29 17:00:00,32.4,41,17.3,0.0,7.3,213,24.1,990.9,100.8,67.3,425.0,26.7,26.3,188.0
2024-06-29 18:00:00,32.4,40,17.0,0.0,9.4,180,18.4,990.7,104.1,69.6,455.0,35.9,28.2,167.0
2024-06-29 19:00:00,30.0,48,18.0,0.0,16.9,156,25.6,991.6,106.6,71.7,489.0,48.0,30.7,136.0
2024-06-29 20:00:00,28.6,59,19.8,0.0,10.7,135,28.1,991.6,145.8,99.0,579.0,74.6,34.6,78.0
2024-06-29 21:00:00,24.5,89,22.6,1.0,1.8,169,15.5,994.1,153.7,104.3,606.0,78.9,35.5,64.0
2024-06-29 22:00:00,24.3,88,22.2,2.4,2.6,304,15.5,994.5,158.8,108.5,642.0,84.5,36.8,46.0
2024-06-29 23:00:00,24.2,89,22.3,0.3,5.0,30,10.1,994.4,153.7,105.2,658.0,85.4,37.7,34.0
2024-06-30 00:00:00,23.7,90,22.0,0.1,4.5,61,10.1,993.6,141.6,97.3,631.0,76.7,37.5,36.0
2024-06-30 01:00:00,23.1,94,22.0,0.0,3.4,58,8.3,993.3,134.1,92.4,585.0,63.4,37.0,45.0
2024-06-30 02:00:00,22.8,95,22.0,0.0,4.6,72,8.3,992.8,137.4,95.0,556.0,54.9,37.6,48.0
2024-06-30 03:00:00,22.4,97,21.8,0.0,3.3,13,7.9,992.5,140.6,97.6,565.0,56.8,40.0,38.0
2024-06-30 04:00:00,22.2,98,21.8,0.0,3.3,49,6.1,992.5,141.1,98.0,592.0,63.5,43.6,23.0
2024-06-30 05:00:00,22.1,98,21.8,0.0,5.4,70,9.4,992.7,141.1,97.8,616.0,67.5,47.8,16.0
2024-06-30 06:00:00,22.5,96,21.8,0.0,3.6,53,10.1,992.7,141.6,98.0,633.0,65.5,53.5,21.0
2024-06-30 07:00:00,23.4,89,21.5,0.0,3.0,14,9.4,993.0,143.4,98.5,646.0,60.8,59.8,34.0
2024-06-30 08:00:00,24.8,80,21.1,0.1,1.4,90,10.8,993.1,137.4,94.1,677.0,56.0,63.3,55.0
2024-06-30 09:00:00,25.5,74,20.6,0.0,2.5,225,12.6,993.4,133.2,91.0,654.0,51.3,59.6,84.0
2024-06-30 10:00:00,27.0,70,21.0,0.0,1.8,180,11.9,993.0,128.1,86.6,621.0,44.7,54.5,124.0
2024-06-30 11:00:00,28.2,66,21.4,0.0,3.1,159,13.7,992.8,130.4,86.1,593.0,39.1,50.0,159.0
2024-06-30 12:00:00,29.6,62,21.5,0.0,5.2,168,16.2,992.3,135.5,87.1,570.0,34.9,46.5,185.0
2024-06-30 13:00:00,30.7,57,21.2,0.0,7.3,189,18.0,991.8,134.1,79.6,552.0,31.8,43.7,205.0
2024-06-30 14:00:00,31.6,53,21.0,0.0,6.9,186,18.7,991.1,130.4,67.3,547.0,31.7,42.4,215.0
2024-06-30 15:00:00,32.6,50,21.0,0.0,7.9,183,20.9,990.7,129.5,63.1,542.0,33.2,42.9,213.0
2024-06-30 16:00:00,33.0,47,20.2,0.0,9.0,182,18.0,990.3,135.0,68.7,550.0,37.9,44.8,200.0
2024-06-30 17:00:00,33.0,45,19.5,0.0,11.4,191,19.8,990.3,139.2,76.1,621.0,52.0,48.4,175.0
2024-06-30 18:00:00,32.2,50,20.5,0.0,7.6,205,19.1,990.6,144.4,81.0,800.0,85.1,54.2,128.0
2024-06-30 19:00:00,30.7,55,20.5,0.0,7.6,205,11.9,991.2,167.6,104.8,1043.0,127.7,61.5,69.0
2024-06-30 20:00:00,29.5,55,19.5,0.0,7.7,229,11.5,991.6,152.3,96.6,1017.0,143.1,64.0,34.0
2024-06-30 21:00:00,27.6,71,21.9,0.0,4.0,63,9.7,992.5,174.6,112.5,1157.0,141.5,69.2,25.0
2024-06-30 22:00:00,27.1,72,21.6,0.0,5.4,82,7.6,993.2,196.5,128.1,1337.0,138.0,75.7,14.0
2024-06-30 23:00:00,27.4,69,21.1,0.0,10.0,69,15.1,994.1,210.9,138.8,1374.0,126.7,75.2,11.0
2024-07-01 00:00:00,27.5,65,20.2,0.0,13.7,60,19.1,994.8,174.6,113.9,1129.0,99.6,60.8,25.0
2024-07-01 01:00:00,23.4,85,20.8,14.4,12.2,298,23.8,996.8,119.2,78.0,743.0,64.5,39.4,48.0
2024-07-01 02:00:00,22.9,91,21.3,0.4,17.1,22,28.1,996.3,83.4,55.5,451.0,39.2,23.3,62.0
2024-07-01 03:00:00,22.9,89,20.9,0.2,11.4,18,26.3,997.4,63.1,42.1,365.0,33.0,18.2,56.0
2024-07-01 04:00:00,22.6,91,21.0,0.0,10.1,17,21.6,997.8,53.9,36.4,375.0,36.5,18.4,42.0
2024-07-01 05:00:00,22.4,91,20.9,0.0,7.8,13,15.8,998.5,51.9,35.2,384.0,38.8,18.6,33.0
2024-07-01 06:00:00,22.4,90,20.6,0.0,9.1,34,15.1,999.1,49.9,33.8,359.0,35.8,17.2,36.0
2024-07-01 07:00:00,22.9,86,20.5,0.0,8.9,21,14.8,999.4,38.2,26.0,334.0,31.5,15.8,44.0
2024-07-01 08:00:00,24.0,77,19.7,0.0,9.5,29,17.6,999.4,23.7,16.7,297.0,23.7,14.6,66.0
2024-07-01 09:00:00,25.3,73,20.0,0.0,6.4,43,15.8,999.9,19.3,13.5,286.0,21.2,13.2,75.0
2024-07-01 10:00:00,26.0,67,19.5,0.2,9.5,81,19.1,1000.0,22.2,14.6,272.0,17.7,11.2,88.0
2024-07-01 11:00:00,26.8,63,19.1,0.0,10.4,88,20.2,1000.0,22.1,15.0,262.0,14.9,9.9,101.0
2024-07-01 12:00:00,27.5,58,18.5,0.0,10.6,108,19.8,999.9,27.0,17.6,259.0,13.1,9.6,114.0
2024-07-01 13:00:00,28.2,55,18.4,0.0,11.6,120,22.7,999.2,31.4,20.0,261.0,11.9,9.9,128.0
2024-07-01 14:00:00,28.0,55,18.2,0.0,13.2,135,24.5,998.9,34.5,22.0,266.0,12.4,10.5,136.0
2024-07-01 15:00:00,27.9,56,18.3,0.1,12.7,137,23.8,998.5,37.3,23.9,269.0,13.9,10.9,138.0
2024-07-01 16:00:00,28.2,54,18.2,0.0,10.4,146,22.3,998.2,39.0,25.3,274.0,17.0,11.5,134.0
2024-07-01 17:00:00,27.8,57,18.4,0.0,9.3,152,19.1,997.9,40.6,26.5,297.0,24.2,13.5,124.0
2024-07-01 18:00:00,27.4,61,19.0,0.0,5.5,148,15.5,998.2,44.4,29.2,347.0,38.7,17.8,103.0
2024-07-01 19:00:00,26.4,74,21.4,0.0,4.0,175,8.6,998.4,56.3,38.0,413.0,57.2,23.5,74.0
2024-07-01 20:00:00,25.0,76,20.5,0.0,6.6,241,7.6,998.7,107.3,71.5,772.0,101.9,41.4,17.0
2024-07-01 21:00:00,22.4,91,20.9,0.9,7.2,276,15.5,1000.3,130.9,88.0,833.0,103.1,46.9,13.0
2024-07-01 22:00:00,22.1,90,20.5,0.2,6.2,306,12.6,1000.0,153.2,102.9,915.0,104.4,54.4,9.0
2024-07-01 23:00:00,21.8,92,20.4,0.0,5.6,333,11.2,999.8,147.6,98.0,953.0,103.2,58.4,5.0
2024-07-02 00:00:00,21.5,93,20.3,0.0,3.7,11,9.4,999.4,136.0,90.8,911.0,97.7,56.1,4.0
2024-07-02 01:00:00,21.1,95,20.3,0.0,3.7,349,6.1,999.2,126.2,84.1,826.0,89.6,50.5,4.0
2024-07-02 02:00:00,21.1,96,20.4,0.0,3.5,336,5.4,999.0,117.3,78.9,743.0,81.6,44.8,4.0
2024-07-02 03:00:00,21.0,95,20.2,0.2,3.2,360,6.5,999.0,108.0,72.9,669.0,74.1,39.9,4.0
2024-07-02 04:00:00,21.5,93,20.4,0.3,4.9,324,7.6,998.8,95.7,65.0,598.0,66.8,35.0,3.0
2024-07-02 05:00:00,21.6,91,20.2,0.2,4.5,331,8.3,998.6,81.0,55.1,552.0,60.6,30.9,4.0
2024-07-02 06:00:00,21.8,91,20.2,0.2,6.9,332,10.1,998.9,68.9,46.9,560.0,57.1,28.3,4.0
2024-07-02 07:00:00,22.0,87,19.9,0.2,9.2,339,14.8,998.8,69.8,47.8,594.0,54.9,26.5,5.0
2024-07-02 08:00:00,22.3,86,19.9,0.1,11.9,335,18.4,999.1,80.8,54.8,617.0,56.2,28.5,7.0
2024-07-02 09:00:00,22.6,89,20.7,0.2,11.4,342,19.1,999.4,82.9,56.1,542.0,47.3,25.0,30.0
2024-07-02 10:00:00,22.5,84,19.8,0.3,12.2,336,19.8,999.6,66.6,44.8,439.0,34.9,20.2,62.0
2024-07-02 11:00:00,22.1,79,18.4,0.4,14.3,332,21.6,999.0,54.1,36.8,355.0,25.2,16.0,86.0
2024-07-02 12:00:00,22.2,77,18.0,0.4,12.6,336,23.8,998.8,45.9,31.5,313.0,20.4,13.1,96.0
2024-07-02 13:00:00,21.5,82,18.4,0.9,14.7,332,22.7,998.4,40.5,27.8,291.0,18.2,10.9,98.0
2024-07-02 14:00:00,22.0,83,19.1,0.8,17.7,340,26.6,998.1,36.2,24.9,275.0,17.8,9.4,97.0
2024-07-02 15:00:00,22.3,77,18.0,0.4,17.3,355,29.9,997.7,34.0,23.5,260.0,19.3,8.9,94.0
2024-07-02 16:00:00,21.5,78,17.4,0.3,14.7,17,27.7,997.5,33.1,23.0,252.0,22.5,9.2,87.0
2024-07-02 17:00:00,21.1,81,17.8,0.3,12.5,18,22.7,997.0,31.2,21.5,247.0,26.0,9.7,80.0
2024-07-02 18:00:00,20.6,86,18.1,0.4,7.9,24,19.8,997.2,31.4,21.8,246.0,29.4,10.3,72.0
2024-07-02 19:00:00,20.6,88,18.6,0.4,5.9,349,12.2,997.5,37.5,26.1,250.0,33.2,11.2,64.0
2024-07-02 20:00:00,20.4,83,17.4,0.5,13.9,335,20.9,997.5,43.0,30.0,327.0,54.0,14.5,31.0
2024-07-02 21:00:00,19.5,77,15.4,0.0,12.9,342,22.0,997.7,38.8,27.1,307.0,50.7,14.1,33.0
2024-07-02 22:00:00,19.1,73,14.2,0.0,9.2,318,19.8,998.1,38.2,26.7,281.0,46.2,13.5,35.0
2024-07-02 23:00:00,19.4,70,13.8,0.0,7.4,331,14.0,997.8,37.5,26.1,266.0,43.5,13.1,34.0
2024-07-03 00:00:00,18.5,76,14.2,0.0,8.9,346,10.8,997.3,36.9,25.8,273.0,44.5,13.0,27.0
2024-07-03 01:00:00,18.8,74,14.1,0.0,4.5,284,10.1,997.2,42.0,29.4,292.0,47.3,13.1,18.0
2024-07-03 02:00:00,18.0,82,14.9,0.0,5.2,254,7.9,997.3,45.2,31.5,311.0,48.7,13.5,10.0
2024-07-03 03:00:00,17.5,86,15.2,0.0,10.0,232,15.5,997.8,44.9,31.4,326.0,46.8,14.0,5.0
2024-07-03 04:00:00,17.2,88,15.2,0.0,8.2,229,15.8,997.7,44.5,31.1,341.0,43.5,14.8,2.0
2024-07-03 05:00:00,16.8,90,15.1,0.0,6.5,236,13.3,998.2,44.7,31.3,361.0,41.2,16.9,4.0
2024-07-03 06:00:00,17.6,88,15.6,0.0,5.6,255,10.1,998.7,48.4,33.9,397.0,41.8,21.7,13.0
2024-07-03 07:00:00,19.0,82,15.9,0.0,3.6,270,10.8,999.3,57.2,39.9,438.0,43.4,27.8,28.0
2024-07-03 08:00:00,20.6,74,15.9,0.0,2.9,277,10.8,999.8,36.7,25.5,380.0,36.3,28.3,57.0
2024-07-03 09:00:00,21.9,69,15.8,0.0,3.0,14,12.6,1000.9,29.0,20.0,353.0,31.7,26.2,75.0
2024-07-03 10:00:00,23.5,61,15.5,0.0,2.9,150,12.2,1000.9,32.5,22.4,318.0,25.4,23.2,101.0
2024-07-03 11:00:00,24.8,58,15.9,0.0,6.8,180,17.6,1000.8,41.1,28.5,303.0,20.4,21.2,125.0
2024-07-03 12:00:00,25.9,57,16.6,0.0,10.5,188,22.7,1000.7,52.5,36.6,325.0,17.9,21.0,146.0
2024-07-03 13:00:00,26.7,54,16.6,0.0,12.9,203,25.6,1000.2,62.9,43.8,366.0,16.7,21.8,165.0
2024-07-03 14:00:00,27.5,52,16.6,0.0,12.8,218,25.6,999.8,72.2,50.3,403.0,16.8,22.4,178.0
2024-07-03 15:00:00,27.8,51,16.6,0.0,13.8,223,25.9,999.5,77.8,53.8,420.0,16.3,21.9,186.0
2024-07-03 16:00:00,28.0,51,16.9,0.0,13.0,222,25.6,999.1,83.6,57.5,433.0,17.0,21.2,188.0
2024-07-03 17:00:00,28.0,52,17.1,0.0,11.2,225,23.4,998.8,88.7,60.8,468.0,24.5,21.9,177.0
2024-07-03 18:00:00,27.6,56,18.0,0.0,6.9,208,19.4,998.8,94.3,64.3,540.0,44.6,24.9,145.0
2024-07-03 19:00:00,25.9,71,20.2,0.0,5.0,159,10.4,999.2,102.9,70.3,633.0,71.4,29.4,100.0
2024-07-03 20:00:00,23.5,76,19.1,0.0,8.0,153,9.4,999.6,129.5,89.6,884.0,125.0,42.5,33.0
2024-07-03 21:00:00,23.4,75,18.7,0.0,6.2,201,9.7,1001.3,145.8,101.3,937.0,123.7,45.1,24.0
2024-07-03 22:00:00,23.0,78,19.0,0.0,5.3,208,8.6,1001.4,149.0,103.4,1011.0,121.6,48.7,12.0
2024-07-03 23:00:00,22.0,83,19.0,0.0,5.1,262,5.8,1001.3,152.7,105.9,1068.0,118.2,51.2,3.0
2024-07-04 00:00:00,21.3,87,19.0,0.0,6.3,246,7.6,1001.5,159.3,110.1,1094.0,112.9,51.6,0.0
2024-07-04 01:00:00,21.0,87,18.8,0.0,7.0,235,7.9,1001.1,165.3,114.3,1104.0,106.2,50.9,1.0
2024-07-04 02:00:00,20.6,87,18.5,0.0,7.0,235,8.3,1000.4,169.5,117.1,1101.0,99.7,49.8,2.0
2024-07-04 03:00:00,22.0,79,18.2,0.0,3.1,216,8.3,999.9,169.0,116.9,1083.0,93.9,47.8,1.0
2024-07-04 04:00:00,20.5,87,18.3,0.0,5.0,360,7.2,999.3,165.3,114.6,1052.0,88.2,45.4,0.0
2024-07-04 05:00:00,20.1,88,18.0,0.0,5.7,18,10.1,999.7,155.5,107.8,1025.0,82.4,44.9,3.0
2024-07-04 06:00:00,20.7,85,18.1,0.0,6.8,18,11.2,999.4,146.7,101.7,1016.0,76.5,48.5,8.0
2024-07-04 07:00:00,21.5,82,18.3,0.0,3.2,360,11.2,999.6,156.0,108.3,1010.0,70.6,54.1,16.0
2024-07-04 08:00:00,22.9,76,18.5,0.0,4.0,350,11.5,999.6,157.9,109.2,1031.0,69.8,66.1,34.0
2024-07-04 09:00:00,24.5,71,18.9,0.0,8.4,20,17.6,999.4,167.6,114.8,941.0,63.1,63.9,62.0
2024-07-04 10:00:00,25.5,68,19.0,0.0,6.6,41,17.6,999.2,163.4,111.1,815.0,53.8,60.5,101.0
2024-07-04 11:00:00,26.8,65,19.5,0.0,6.5,96,16.9,999.0,147.1,99.4,712.0,45.3,56.1,137.0
2024-07-04 12:00:00,28.0,60,19.5,0.0,5.0,111,17.3,998.3,136.4,91.5,652.0,38.3,49.3,165.0
2024-07-04 13:00:00,28.0,61,19.6,0.0,4.0,153,15.5,997.6,128.1,84.5,615.0,32.2,41.5,190.0
2024-07-04 14:00:00,28.8,58,19.7,0.1,2.3,162,13.3,996.6,128.5,84.3,602.0,29.1,36.2,208.0
2024-07-04 15:00:00,29.1,57,19.7,0.0,3.3,186,12.6,995.9,135.0,88.5,613.0,27.8,35.4,221.0
2024-07-04 16:00:00,29.3,56,19.5,0.0,6.2,201,13.7,995.2,141.6,92.7,649.0,29.5,37.1,226.0
2024-07-04 17:00:00,29.5,55,19.5,0.0,7.1,204,15.1,994.9,143.9,94.5,713.0,39.9,39.4,213.0
2024-07-04 18:00:00,29.2,56,19.5,0.0,7.2,186,14.4,995.0,149.0,98.3,830.0,67.5,41.9,168.0
2024-07-04 19:00:00,27.9,66,20.9,0.0,5.8,158,11.5,995.4,176.5,119.0,975.0,103.8,44.9,106.0
2024-07-04 20:00:00,26.2,68,19.9,0.0,8.6,182,13.3,995.5,172.3,117.3,990.0,108.6,51.3,78.0
2024-07-04 21:00:00,24.8,75,20.0,0.0,7.2,198,13.7,996.4,177.0,121.1,1003.0,106.9,52.4,63.0
2024-07-04 22:00:00,24.1,78,20.1,0.0,8.6,178,13.0,996.6,176.0,120.6,1018.0,104.3,53.9,42.0
2024-07-04 23:00:00,23.6,81,20.1,0.0,9.7,180,14.8,996.9,171.4,117.8,1017.0,100.6,53.9,26.0
2024-07-05 00:00:00,23.4,84,20.5,0.0,10.8,178,16.2,996.5,163.0,112.2,982.0,94.8,51.1,20.0
2024-07-05 01:00:00,23.1,86,20.7,0.0,8.8,192,16.6,996.5,153.2,105.7,929.0,87.9,46.9,19.0
2024-07-05 02:00:00,22.3,91,20.8,0.0,5.5,203,13.7,996.0,145.8,100.8,890.0,82.6,43.7,17.0
2024-07-05 03:00:00,21.8,94,20.7,0.0,7.1,229,8.6,995.9,143.4,99.2,878.0,80.8,41.8,10.0
2024-07-05 04:00:00,22.2,91,20.7,0.0,3.1,306,8.3,995.9,142.5,98.7,881.0,80.6,40.8,3.0
2024-07-05 05:00:00,21.2,95,20.4,0.0,4.3,355,6.5,995.8,143.4,99.4,886.0,78.7,42.4,3.0
2024-07-05 06:00:00,22.0,92,20.7,0.0,6.8,360,10.8,996.0,147.6,102.4,899.0,73.4,49.3,11.0
2024-07-05 07:00:00,23.0,89,21.0,0.0,9.0,2,16.6,996.2,157.4,108.7,915.0,66.3,58.7,25.0
2024-07-05 08:00:00,24.5,84,21.5,0.0,6.9,6,17.6,996.3,174.6,120.1,973.0,66.1,65.3,46.0
2024-07-05 09:00:00,26.4,77,21.9,0.0,5.0,21,14.0,996.1,181.1,124.3,928.0,61.4,62.1,78.0
2024-07-05 10:00:00,27.9,71,22.1,0.0,5.1,45,15.8,995.9,183.0,125.3,864.0,54.8,57.6,123.0
2024-07-05 11:00:00,29.2,67,22.4,0.0,3.8,139,15.5,995.7,183.5,125.7,810.0,48.9,53.9,162.0
2024-07-05 12:00:00,30.0,64,22.5,0.0,5.6,195,15.5,994.9,179.7,122.9,777.0,44.7,52.0,188.0
2024-07-05 13:00:00,31.1,61,22.6,0.0,9.2,211,19.8,994.3,172.8,118.3,753.0,41.3,50.7,208.0
2024-07-05 14:00:00,31.4,59,22.5,0.0,8.0,216,20.2,993.2,164.4,112.7,731.0,38.7,49.2,222.0
2024-07-05 15:00:00,31.9,58,22.6,0.0,10.8,195,20.9,992.9,156.5,107.1,696.0,34.6,46.3,233.0
2024-07-05 16:00:00,31.5,59,22.6,0.0,10.7,194,21.2,992.5,149.5,102.4,663.0,31.3,43.1,237.0
2024-07-05 17:00:00,31.3,59,22.3,0.0,10.8,195,19.8,992.1,142.0,97.3,664.0,36.1,41.4,223.0
2024-07-05 18:00:00,30.0,69,23.5,0.0,5.2,192,17.3,991.8,145.3,100.1,719.0,55.9,42.2,179.0
2024-07-05 19:00:00,29.0,72,23.5,0.0,5.2,192,7.9,992.1,147.1,101.5,808.0,83.8,44.6,117.0
2024-07-05 20:00:00,28.1,73,22.7,0.0,9.4,180,13.0,992.2,146.7,102.2,976.0,119.1,52.8,34.0
2024-07-05 21:00:00,24.5,95,23.7,0.3,11.6,202,18.7,993.2,155.5,108.5,1021.0,120.7,54.8,24.0
2024-07-05 22:00:00,24.5,96,23.8,0.4,8.6,213,16.9,993.2,156.0,108.5,1080.0,122.8,57.5,10.0
2024-07-05 23:00:00,24.4,95,23.6,0.4,7.2,207,12.6,993.0,161.1,112.2,1110.0,122.6,58.8,0.0
2024-07-06 00:00:00,24.2,96,23.5,0.7,4.7,171,11.9,992.7,159.7,111.1,1082.0,118.7,57.4,0.0
2024-07-06 01:00:00,24.0,97,23.5,0.3,1.8,217,6.5,992.2,147.1,102.4,1023.0,112.6,54.7,0.0
2024-07-06 02:00:00,23.4,99,23.1,0.0,5.6,140,9.4,991.6,138.3,96.4,974.0,106.3,52.4,0.0
2024-07-06 03:00:00,23.1,98,22.9,0.0,5.6,225,9.4,990.9,131.3,91.5,949.0,99.9,50.8,0.0
2024-07-06 04:00:00,23.0,99,22.8,0.0,6.9,219,11.2,990.8,127.6,88.9,932.0,93.3,49.6,0.0
2024-07-06 05:00:00,22.4,99,22.2,0.0,5.4,222,10.8,991.4,126.7,88.5,917.0,87.7,49.9,2.0
2024-07-06 06:00:00,22.9,98,22.5,0.0,7.3,250,11.9,992.0,128.5,89.9,916.0,85.5,53.9,10.0
2024-07-06 07:00:00,24.0,91,22.5,0.0,6.1,273,13.3,992.5,132.7,92.2,916.0,84.2,59.3,23.0
2024-07-06 08:00:00,25.8,79,21.9,0.0,5.1,315,13.3,992.8,127.1,87.8,871.0,66.9,62.6,56.0
2024-07-06 09:00:00,27.2,76,22.7,0.0,3.9,292,15.5,993.3,122.9,84.5,754.0,53.6,52.9,90.0
2024-07-06 10:00:00,28.9,66,21.8,0.0,4.8,243,14.8,993.3,107.1,73.6,591.0,35.2,39.4,138.0
2024-07-06 11:00:00,30.3,57,20.8,0.0,8.9,238,19.8,993.0,93.6,64.3,462.0,20.9,28.6,177.0
2024-07-06 12:00:00,31.4,51,20.1,0.0,13.2,223,26.3,992.9,85.9,59.0,402.0,14.4,23.3,202.0
2024-07-06 13:00:00,32.0,48,19.6,0.0,16.3,223,29.9,992.2,79.2,54.5,377.0,12.0,20.8,219.0
2024-07-06 14:00:00,32.5,46,19.4,0.0,17.8,223,31.7,991.5,75.7,51.8,362.0,12.4,18.9,225.0
2024-07-06 15:00:00,32.4,46,19.3,0.0,17.6,226,32.4,991.2,67.3,46.0,343.0,14.4,16.5,215.0
2024-07-06 16:00:00,32.5,45,19.2,0.0,17.8,228,31.0,991.2,62.6,42.5,334.0,19.2,14.8,194.0
2024-07-06 17:00:00,32.1,47,19.5,0.0,16.3,229,30.6,990.9,61.9,42.0,351.0,28.2,15.4,170.0
2024-07-06 18:00:00,31.3,54,20.8,0.0,15.6,220,27.0,991.2,63.3,42.8,411.0,44.2,19.9,144.0
2024-07-06 19:00:00,30.0,58,21.0,0.0,14.3,219,24.1,991.6,72.2,49.4,498.0,64.4,26.7,115.0
2024-07-06 20:00:00,29.0,61,20.6,0.0,16.1,220,24.8,992.5,99.9,69.2,660.0,100.3,33.6,67.0
2024-07-06 21:00:00,27.5,70,21.5,0.0,6.1,357,20.5,993.7,121.1,84.1,742.0,108.8,38.7,50.0
2024-07-06 22:00:00,24.3,80,20.6,0.0,16.6,94,27.4,994.2,133.2,92.7,857.0,120.2,45.6,27.0
2024-07-06 23:00:00,23.2,84,20.4,0.0,5.1,129,24.8,994.7,143.9,100.1,945.0,125.9,50.1,9.0
2024-07-07 00:00:00,23.5,84,20.6,0.0,6.6,292,10.1,994.6,155.1,107.8,986.0,121.2,50.0,2.0
2024-07-07 01:00:00,23.0,89,21.1,0.0,4.0,355,10.4,994.4,158.3,110.1,1001.0,110.7,47.5,1.0
2024-07-07 02:00:00,22.8,90,21.0,0.0,4.7,58,6.8,994.3,156.5,109.0,999.0,100.0,45.0,1.0
2024-07-07 03:00:00,22.2,92,20.9,0.0,5.1,45,7.9,994.2,152.3,105.9,982.0,90.0,43.2,0.0
2024-07-07 04:00:00,22.1,92,20.8,0.0,4.7,360,7.6,994.2,146.2,101.7,948.0,79.7,41.4,1.0
2024-07-07 05:00:00,22.3,90,20.5,0.0,5.4,340,7.9,994.7,137.4,95.7,902.0,71.8,40.1,4.0
2024-07-07 06:00:00,23.4,83,20.4,0.0,6.8,360,9.4,995.6,125.3,87.3,849.0,69.3,40.3,9.0
2024-07-07 07:00:00,24.9,78,20.8,0.0,9.7,360,15.8,996.2,113.9,79.4,785.0,69.3,41.0,17.0
2024-07-07 08:00:00,26.4,69,20.2,0.0,11.0,11,19.4,996.3,82.9,57.6,615.0,59.9,33.9,44.0
2024-07-07 09:00:00,28.4,61,20.1,0.0,12.5,18,22.7,996.6,66.4,46.0,521.0,50.4,27.9,52.0
2024-07-07 10:00:00,28.6,59,19.9,0.0,13.7,45,24.1,996.6,50.6,34.8,393.0,37.4,19.7,62.0
2024-07-07 11:00:00,29.1,59,20.2,0.0,11.9,76,23.8,996.9,47.0,32.2,300.0,27.7,14.0,72.0
2024-07-07 12:00:00,29.8,58,20.6,0.0,10.9,96,21.6,996.7,48.7,33.3,277.0,24.0,13.0,80.0
2024-07-07 13:00:00,30.3,57,21.0,0.0,8.8,125,20.5,996.5,51.2,35.2,289.0,23.7,14.4,87.0
2024-07-07 14:00:00,31.1,54,20.8,0.0,8.7,142,19.4,996.0,54.0,36.9,310.0,25.6,16.6,91.0
2024-07-07 15:00:00,30.8,54,20.3,0.0,7.9,150,19.4,995.5,57.2,39.1,310.0,28.3,18.4,95.0
2024-07-07 16:00:00,31.1,52,20.1,0.0,7.4,151,16.2,994.9,61.9,42.4,317.0,33.2,20.9,96.0
2024-07-07 17:00:00,30.1,59,21.3,0.3,5.6,165,14.8,995.3,68.7,47.1,390.0,43.5,25.3,89.0
2024-07-07 18:00:00,29.6,66,22.6,0.0,7.9,120,11.9,995.0,83.4,57.5,584.0,64.7,33.1,65.0
2024-07-07 19:00:00,28.8,70,22.8,0.0,5.5,122,12.6,995.4,113.6,78.9,843.0,91.3,42.8,32.0
2024-07-07 20:00:00,27.1,79,23.1,0.0,7.6,98,9.0,996.1,139.2,96.2,873.0,114.0,53.2,13.0
2024-07-07 21:00:00,26.5,75,21.6,0.0,6.4,344,10.1,996.7,163.0,112.5,955.0,107.7,54.3,11.0
2024-07-07 22:00:00,23.0,92,21.5,0.0,29.9,81,48.2,998.4,179.7,124.3,1062.0,99.0,55.6,9.0
2024-07-07 23:00:00,23.4,88,21.2,0.0,9.8,96,46.1,998.5,167.2,115.7,1095.0,91.4,54.5,7.0
2024-07-08 00:00:00,23.4,88,21.2,0.0,12.1,17,18.4,998.8,129.0,89.6,979.0,86.5,48.3,5.0
2024-07-08 01:00:00,23.0,89,21.2,0.0,10.2,32,19.8,998.9,111.8,77.5,790.0,82.8,39.7,3.0
2024-07-08 02:00:00,22.8,91,21.2,0.0,8.0,18,16.2,998.3,108.3,75.4,655.0,79.6,34.0,2.0
2024-07-08 03:00:00,22.5,92,21.1,0.0,9.4,18,14.8,998.4,109.9,76.6,639.0,77.1,33.7,0.0
2024-07-08 04:00:00,22.0,94,21.0,0.0,6.6,13,14.8,998.2,107.6,75.2,679.0,75.1,36.4,0.0
2024-07-08 05:00:00,21.7,96,21.0,0.0,6.2,350,10.1,997.9,111.5,78.0,708.0,72.3,40.2,2.0
2024-07-08 06:00:00,22.7,89,20.9,0.0,9.7,338,14.8,997.9,116.9,81.7,710.0,69.0,46.7,11.0
2024-07-08 07:00:00,24.5,81,21.0,0.0,7.9,344,15.5,998.1,119.7,83.4,701.0,64.9,54.3,26.0
2024-07-08 08:00:00,26.4,70,20.4,0.0,7.0,348,15.5,998.3,78.2,54.2,597.0,50.5,42.5,56.0
2024-07-08 09:00:00,27.5,67,20.8,0.0,12.3,7,23.4,999.2,61.0,42.3,549.0,39.8,33.7,80.0
2024-07-08 10:00:00,28.8,60,20.4,0.0,12.0,16,23.4,999.1,58.7,40.4,483.0,25.1,21.5,115.0
2024-07-08 11:00:00,29.8,57,20.2,0.0,12.2,34,24.5,999.0,65.4,44.5,434.0,14.0,12.6,143.0
2024-07-08 12:00:00,30.8,53,20.1,0.0,9.4,50,24.1,998.8,72.9,48.9,419.0,9.8,9.9,160.0
2024-07-08 13:00:00,31.4,50,19.8,0.0,7.3,79,20.9,998.6,79.9,53.2,422.0,9.3,10.4,172.0
2024-07-08 14:00:00,31.7,49,19.7,0.0,5.8,83,18.7,997.9,85.7,56.8,429.0,10.7,11.4,178.0
2024-07-08 15:00:00,31.7,49,19.7,0.0,3.8,139,16.6,997.5,90.3,59.8,431.0,11.8,11.6,180.0
2024-07-08 16:00:00,31.7,49,19.6,0.0,3.9,124,14.0,997.1,93.4,61.7,438.0,14.7,12.3,176.0
2024-07-08 17:00:00,31.6,48,19.4,0.0,4.1,142,12.6,997.1,114.1,74.5,468.0,23.9,14.4,161.0
2024-07-08 18:00:00,30.7,58,21.5,0.0,3.5,156,10.4,997.7,103.4,68.7,527.0,44.5,18.5,129.0
2024-07-08 19:00:00,29.7,67,23.0,0.0,3.6,180,7.6,998.1,107.1,71.9,609.0,71.4,24.0,86.0
2024-07-08 20:00:00,29.5,58,20.5,0.0,1.6,207,4.0,998.4,114.6,76.4,628.0,74.6,25.9,59.0
2024-07-08 21:00:00,26.0,75,21.2,0.0,6.6,49,7.9,999.8,125.7,84.8,735.0,86.9,32.6,42.0
2024-07-08 22:00:00,25.5,75,20.8,0.0,6.2,69,8.3,1000.0,143.4,97.3,885.0,103.5,41.8,18.0
2024-07-08 23:00:00,24.8,78,20.7,0.0,7.6,71,8.6,1000.3,165.8,112.7,1009.0,113.8,48.6,1.0
2024-07-09 00:00:00,24.5,80,20.9,0.0,5.0,21,9.0,1000.0,182.5,124.8,1085.0,112.4,51.0,0.0
2024-07-09 01:00:00,24.2,81,20.9,0.0,6.8,3,10.1,999.6,191.9,131.3,1136.0,104.8,51.1,0.0
2024-07-09 02:00:00,23.7,83,20.7,0.0,5.4,360,11.2,999.5,195.1,133.6,1159.0,96.2,49.8,0.0
2024-07-09 03:00:00,23.4,86,20.9,0.0,5.4,352,7.6,999.8,194.2,132.7,1148.0,87.6,46.5,0.0
2024-07-09 04:00:00,23.1,87,21.0,0.0,5.8,4,7.6,1000.1,185.8,127.1,1109.0,78.1,41.9,0.0
2024-07-09 05:00:00,23.4,86,21.0,0.0,5.2,25,7.6,1000.5,175.1,119.2,1061.0,70.7,38.9,1.0
2024-07-09 06:00:00,23.8,83,20.8,0.0,10.6,18,17.3,1001.2,169.5,115.5,1007.0,68.4,40.0,5.0
2024-07-09 07:00:00,24.9,81,21.5,0.0,10.8,356,16.6,1001.8,171.4,116.4,944.0,68.1,42.7,13.0
2024-07-09 08:00:00,24.9,81,21.3,0.5,11.7,326,24.8,1001.9,175.1,118.0,963.0,72.3,63.2,24.0
2024-07-09 09:00:00,27.5,62,19.5,0.0,4.6,72,13.0,1002.0,124.8,84.5,908.0,57.9,50.9,61.0
2024-07-09 10:00:00,28.5,57,19.1,0.0,3.6,84,13.3,1001.9,98.5,67.3,832.0,38.1,33.8,113.0
2024-07-09 11:00:00,29.5,53,19.0,0.0,3.1,69,16.6,1001.5,89.2,61.2,769.0,22.7,20.8,157.0
2024-07-09 12:00:00,30.4,48,18.1,0.0,2.5,90,13.0,1001.0,83.6,57.6,733.0,15.9,15.7,184.0
2024-07-09 13:00:00,31.0,44,17.4,0.0,2.5,135,12.6,1000.2,81.0,56.0,712.0,13.6,14.6,204.0
2024-07-09 14:00:00,31.5,41,16.6,0.0,3.9,158,13.3,999.0,80.6,55.6,698.0,13.8,14.7,215.0
2024-07-09 15:00:00,31.9,38,15.9,0.0,5.6,195,14.0,998.6,81.7,56.6,678.0,13.1,14.6,222.0
2024-07-09 16:00:00,31.7,37,15.4,0.0,8.9,201,16.9,998.3,83.4,57.7,667.0,14.8,15.6,221.0
2024-07-09 17:00:00,31.1,38,15.1,0.0,9.8,204,17.3,997.8,85.9,59.5,701.0,27.1,18.6,203.0
2024-07-09 18:00:00,29.7,47,17.1,0.0,7.6,180,16.6,997.7,98.5,68.5,824.0,60.4,25.1,153.0
2024-07-09 19:00:00,27.8,47,15.4,0.0,8.4,149,12.6,997.6,115.5,80.3,992.0,104.2,33.7,85.0
2024-07-09 20:00:00,26.2,47,14.0,0.0,8.5,168,12.6,997.5,129.9,90.6,1073.0,124.0,39.9,49.0
2024-07-09 21:00:00,26.0,48,14.2,0.0,9.8,204,14.8,999.2,134.6,94.1,1071.0,119.0,42.8,43.0
2024-07-09 22:00:00,25.5,48,13.8,0.0,8.9,207,15.5,999.1,137.4,95.9,1067.0,112.0,46.7,35.0
2024-07-09 23:00:00,24.6,53,14.4,0.0,8.5,192,13.0,999.4,139.7,97.6,1060.0,104.9,48.7,28.0
2024-07-10 00:00:00,24.2,57,15.1,0.0,8.9,194,14.0,999.4,140.2,97.8,1048.0,98.1,47.1,25.0
2024-07-10 01:00:00,23.8,61,15.9,0.0,6.8,198,13.3,999.2,140.2,97.8,1032.0,91.3,43.6,23.0
2024-07-10 02:00:00,23.5,64,16.2,0.0,7.9,210,11.5,999.4,139.2,97.1,1016.0,85.9,40.8,21.0
2024-07-10 03:00:00,23.5,68,17.1,0.0,8.8,215,13.7,999.4,136.4,95.5,995.0,83.0,38.9,15.0
2024-07-10 04:00:00,23.0,73,18.0,0.0,6.4,227,13.7,999.4,133.2,92.9,974.0,81.5,37.8,7.0
2024-07-10 05:00:00,22.4,80,18.7,0.0,4.7,238,9.7,999.3,130.9,91.3,971.0,80.0,39.0,5.0
2024-07-10 06:00:00,22.9,81,19.5,0.0,4.7,261,7.6,999.4,133.2,92.9,1004.0,78.0,44.5,9.0
2024-07-10 07:00:00,23.8,78,19.8,0.0,3.3,276,8.6,999.6,139.2,97.1,1055.0,75.9,52.3,19.0
2024-07-10 08:00:00,25.4,70,19.4,0.0,3.2,333,10.4,999.5,121.5,85.2,1028.0,67.9,66.3,38.0
2024-07-10 09:00:00,26.3,63,18.6,0.0,4.5,29,13.7,999.8,132.7,92.9,1020.0,66.0,67.2,69.0
2024-07-10 10:00:00,28.0,57,18.8,0.0,3.7,61,14.0,999.6,141.6,98.7,1006.0,62.9,68.0,113.0
2024-07-10 11:00:00,29.4,54,19.0,0.0,2.4,117,13.7,999.2,145.3,101.3,977.0,57.8,66.2,156.0
2024-07-10 12:00:00,30.7,51,19.2,0.0,3.3,167,13.7,998.7,144.8,100.6,921.0,48.4,59.4,196.0
2024-07-10 13:00:00,31.7,49,19.7,0.0,4.4,189,14.8,998.1,137.8,95.2,851.0,36.9,49.8,235.0
2024-07-10 14:00:00,32.6,47,19.9,0.0,5.9,218,15.8,997.2,132.2,91.3,793.0,28.7,41.7,261.0
2024-07-10 15:00:00,33.3,45,19.8,0.0,6.8,252,16.6,996.5,127.6,88.0,749.0,23.9,36.1,271.0
2024-07-10 16:00:00,33.5,44,19.7,0.0,6.3,246,16.2,995.6,123.4,84.8,717.0,22.5,32.0,267.0
2024-07-10 17:00:00,33.5,44,19.5,0.0,4.4,235,14.4,995.1,119.7,82.4,718.0,29.8,30.0,246.0
2024-07-10 18:00:00,32.8,51,21.4,0.0,4.4,235,9.7,995.1,116.4,80.1,781.0,53.6,31.3,196.0
2024-07-10 19:00:00,31.0,70,24.9,0.0,6.5,236,6.5,995.4,121.1,83.4,877.0,86.2,34.9,128.0
2024-07-10 20:00:00,29.4,61,21.1,0.0,7.9,231,11.2,995.7,150.4,104.3,1013.0,129.8,41.5,67.0
2024-07-10 21:00:00,27.6,67,21.0,0.0,8.7,197,10.8,996.7,153.2,106.2,991.0,122.7,42.0,57.0
2024-07-10 22:00:00,27.7,64,20.2,0.0,7.9,196,11.2,996.8,149.5,103.6,960.0,112.7,42.7,44.0
2024-07-10 23:00:00,27.4,63,19.6,0.0,8.8,189,13.0,996.5,143.4,99.7,926.0,103.0,42.2,33.0
2024-07-11 00:00:00,26.9,59,18.2,0.0,9.7,202,14.8,996.1,135.0,93.8,890.0,94.5,39.7,28.0
2024-07-11 01:00:00,26.0,60,17.7,0.0,7.4,219,14.8,995.8,125.3,87.1,852.0,86.4,36.0,25.0
2024-07-11 02:00:00,25.0,66,18.2,0.0,6.4,232,10.8,995.7,117.6,81.7,817.0,79.5,33.0,22.0
2024-07-11 03:00:00,24.5,71,18.8,0.0,5.8,240,9.0,995.7,109.4,76.1,782.0,74.5,30.4,14.0
2024-07-11 04:00:00,23.8,79,19.8,0.0,6.0,253,8.6,995.9,99.2,69.2,749.0,70.7,28.4,6.0
2024-07-11 05:00:00,23.1,87,20.9,0.0,5.7,288,7.6,995.9,90.8,63.3,731.0,67.4,29.0,4.0
2024-07-11 06:00:00,24.3,85,21.5,0.0,4.9,324,7.2,995.9,92.0,64.0,741.0,64.6,34.1,11.0
2024-07-11 07:00:00,25.4,80,21.8,0.0,0.8,333,8.6,996.2,102.4,71.2,766.0,62.4,41.7,24.0
2024-07-11 08:00:00,26.6,72,21.2,0.0,1.8,349,8.6,996.3,83.8,58.7,802.0,61.9,53.8,35.0
2024-07-11 09:00:00,28.1,66,21.2,0.0,3.5,24,13.0,996.3,90.6,63.3,782.0,59.7,55.9,58.0
2024-07-11 10:00:00,29.5,62,21.5,0.0,3.0,104,13.0,995.7,98.5,68.9,753.0,56.3,58.7,90.0
2024-07-11 11:00:00,31.5,55,21.3,0.0,7.6,180,18.0,995.1,107.6,75.2,728.0,52.1,59.1,122.0
2024-07-11 12:00:00,33.4,47,20.5,0.0,11.8,207,23.8,994.5,116.2,81.0,710.0,46.2,55.4,153.0
2024-07-11 13:00:00,34.7,43,20.1,0.0,13.5,205,24.8,993.4,122.5,85.2,695.0,39.5,49.3,184.0
2024-07-11 14:00:00,35.0,42,20.0,0.0,12.8,218,25.9,992.9,122.5,85.0,682.0,34.3,43.7,207.0
2024-07-11 15:00:00,35.4,41,20.2,0.0,12.2,223,24.1,992.5,120.1,83.4,661.0,29.0,38.7,224.0
2024-07-11 16:00:00,34.7,43,20.3,0.0,12.4,210,22.7,992.5,118.0,81.7,643.0,25.2,34.2,233.0
2024-07-11 17:00:00,33.0,53,22.0,0.0,11.2,225,21.6,992.4,116.4,80.8,658.0,30.4,31.8,223.0
2024-07-11 18:00:00,32.8,56,22.8,0.0,6.9,223,18.0,991.9,115.5,79.9,739.0,53.3,33.1,181.0
2024-07-11 19:00:00,31.4,72,25.6,0.0,4.7,189,10.1,992.4,123.9,85.9,854.0,85.2,36.6,121.0
2024-07-11 20:00:00,29.3,71,23.4,0.0,7.6,175,9.0,992.4,147.6,102.7,987.0,129.3,42.9,36.0
2024-07-11 21:00:00,28.6,59,20.0,0.0,8.4,97,14.0,994.1,160.2,111.3,1031.0,129.2,45.3,26.0
2024-07-11 22:00:00,27.3,66,20.4,0.0,9.1,124,12.2,994.0,157.9,109.7,1089.0,128.5,48.3,13.0
2024-07-11 23:00:00,28.5,54,18.4,0.0,1.3,34,9.7,994.1,158.8,110.6,1103.0,125.1,49.3,4.0
2024-07-12 00:00:00,26.2,69,20.0,0.0,5.2,65,6.5,993.7,140.6,97.8,1033.0,116.3,46.0,5.0
2024-07-12 01:00:00,26.9,62,19.0,0.0,1.8,349,5.8,993.6,127.6,88.9,921.0,104.7,40.6,10.0
2024-07-12 02:00:00,24.9,77,20.6,0.0,5.5,302,5.8,993.5,122.0,85.0,830.0,95.4,36.6,13.0
2024-07-12 03:00:00,24.8,77,20.4,0.0,5.0,339,7.6,993.6,120.6,83.8,788.0,91.6,35.3,10.0
2024-07-12 04:00:00,24.5,76,20.0,0.0,6.5,6,9.7,993.5,119.7,83.4,768.0,90.1,35.4,4.0
2024-07-12 05:00:00,24.1,78,20.1,0.0,6.2,10,10.1,993.4,120.1,83.6,758.0,87.0,37.1,4.0
2024-07-12 06:00:00,24.5,79,20.6,0.0,5.5,337,9.7,993.7,124.8,86.8,757.0,79.6,40.9,13.0
2024-07-12 07:00:00,25.8,75,21.0,0.0,5.9,349,11.9,993.8,128.1,89.2,766.0,70.6,46.3,27.0
2024-07-12 08:00:00,27.2,69,21.0,0.0,2.5,315,12.6,994.3,154.1,107.3,875.0,69.9,54.1,39.0
2024-07-12 09:00:00,28.7,65,21.5,0.0,7.7,349,16.2,994.2,153.7,106.9,873.0,69.5,58.2,55.0
2024-07-12 10:00:00,25.4,85,22.6,10.5,22.5,58,38.2,996.0,155.5,108.0,869.0,68.7,63.7,77.0
2024-07-12 11:00:00,24.1,89,22.1,0.0,7.6,172,39.6,995.3,162.5,113.2,860.0,65.9,66.1,103.0
2024-07-12 12:00:00,25.0,87,22.8,0.0,5.8,4,16.9,995.3,170.4,118.5,842.0,59.0,62.5,136.0
2024-07-12 13:00:00,25.9,83,22.6,0.5,3.8,107,14.0,994.4,173.7,120.1,820.0,50.2,55.7,172.0
2024-07-12 14:00:00,27.0,79,23.0,0.2,1.6,207,12.6,994.1,166.2,114.8,804.0,44.3,50.1,196.0
2024-07-12 15:00:00,28.1,75,23.2,0.0,4.7,148,13.0,993.7,162.1,112.0,783.0,40.8,46.7,203.0
2024-07-12 16:00:00,28.5,73,23.2,0.0,6.4,153,16.2,993.2,163.9,113.2,769.0,40.2,44.5,198.0
2024-07-12 17:00:00,28.6,72,23.1,0.0,6.3,193,14.8,993.0,165.3,114.3,808.0,49.1,44.1,179.0
2024-07-12 18:00:00,28.5,72,22.9,0.0,1.8,233,13.3,993.2,168.1,116.4,965.0,77.8,47.6,136.0
2024-07-12 19:00:00,27.9,77,23.4,0.0,3.4,72,6.1,993.8,193.2,134.1,1175.0,116.0,52.9,79.0
2024-07-12 20:00:00,26.5,82,23.1,0.0,12.6,88,14.0,994.2,176.5,122.9,1191.0,109.3,47.7,31.0
2024-07-12 21:00:00,24.0,88,21.9,4.5,11.4,101,24.1,996.7,175.6,122.5,1187.0,106.1,47.9,27.0
2024-07-12 22:00:00,24.0,89,22.0,1.4,1.9,248,18.4,995.8,180.7,126.2,1178.0,101.4,48.2,21.0
2024-07-12 23:00:00,23.7,93,22.5,0.1,5.5,23,8.3,996.3,181.6,126.7,1150.0,96.1,47.5,17.0
2024-07-13 00:00:00,23.4,96,22.6,0.2,10.9,44,17.3,996.1,175.1,122.0,1090.0,89.8,45.2,15.0
2024-07-13 01:00:00,23.0,97,22.5,0.1,9.4,40,17.6,996.1,166.2,115.9,1012.0,82.9,42.0,15.0
2024-07-13 02:00:00,23.0,96,22.2,0.1,10.6,55,15.8,996.2,159.3,110.8,940.0,77.4,39.5,16.0
2024-07-13 03:00:00,22.5,97,22.0,0.3,11.9,61,18.4,996.3,151.3,105.5,886.0,75.2,38.6,16.0
2024-07-13 04:00:00,22.5,94,21.5,0.2,11.9,92,18.7,996.7,143.4,99.9,838.0,74.4,38.4,17.0
2024-07-13 05:00:00,22.5,92,21.0,0.1,9.5,127,23.4,996.6,137.4,95.5,790.0,72.0,38.0,24.0
2024-07-13 06:00:00,22.0,93,20.9,0.2,11.5,122,18.7,997.3,129.5,89.9,735.0,66.2,37.3,42.0
2024-07-13 07:00:00,22.4,91,20.8,0.9,5.4,90,17.6,997.4,125.3,86.8,680.0,58.7,36.4,66.0
2024-07-13 08:00:00,22.5,92,21.1,6.4,6.4,63,18.4,998.3,112.5,77.5,551.0,45.2,24.7,92.0
2024-07-13 09:00:00,22.3,93,21.1,0.8,13.1,99,22.7,999.8,122.0,83.8,558.0,43.4,26.6,102.0
2024-07-13 10:00:00,22.2,92,20.8,2.0,9.2,79,22.7,999.9,130.9,89.6,567.0,40.9,29.3,117.0
2024-07-13 11:00:00,22.8,90,21.0,1.1,6.9,51,15.1,1000.3,141.1,96.2,573.0,38.1,31.1,133.0
2024-07-13 12:00:00,23.2,87,21.0,0.9,5.9,52,13.3,1000.4,144.4,98.3,572.0,34.8,31.4,152.0
2024-07-13 13:00:00,23.4,87,21.1,0.8,8.3,2,14.8,1000.4,148.1,101.0,568.0,31.4,30.9,173.0
2024-07-13 14:00:00,23.9,86,21.3,0.5,9.2,11,22.0,999.9,149.0,101.7,565.0,29.2,30.2,189.0
2024-07-13 15:00:00,25.2,80,21.5,2.0,8.2,15,20.5,999.6,149.5,102.2,552.0,25.7,29.0,202.0
2024-07-13 16:00:00,25.6,77,21.2,0.5,7.4,23,18.7,999.5,148.1,101.0,539.0,23.5,27.7,210.0
2024-07-13 17:00:00,25.8,75,21.0,0.0,7.2,18,16.9,999.3,147.1,100.4,563.0,32.1,27.9,201.0
2024-07-13 18:00:00,25.9,74,21.0,0.0,6.2,10,14.4,999.4,144.4,98.5,660.0,62.7,31.0,161.0
2024-07-13 19:00:00,25.4,80,21.6,0.0,4.2,20,11.9,1000.0,162.1,111.1,794.0,104.2,35.6,104.0
2024-07-13 20:00:00,24.2,84,21.4,0.0,5.2,16,7.6,1000.5,187.2,129.0,880.0,130.4,38.8,41.0
2024-07-13 21:00:00,24.1,78,20.0,0.0,6.1,310,10.1,1001.8,204.4,140.6,918.0,135.7,44.0,30.0
2024-07-13 22:00:00,23.1,85,20.4,0.0,4.6,315,9.4,1002.1,230.0,157.9,967.0,142.1,51.0,15.0
2024-07-13 23:00:00,22.6,89,20.7,0.0,4.8,333,6.1,1002.1,235.6,161.6,978.0,139.5,54.7,9.0
2024-07-14 00:00:00,23.0,85,20.4,0.0,8.4,350,11.9,1002.3,218.9,149.9,916.0,119.9,52.1,21.0
2024-07-14 01:00:00,23.0,86,20.4,0.0,7.6,121,13.7,1002.3,213.3,146.7,817.0,91.5,46.2,41.0
2024-07-14 02:00:00,22.6,92,21.4,0.0,2.2,9,12.2,1002.3,196.0,134.6,736.0,68.5,41.2,57.0
2024-07-14 03:00:00,22.5,92,21.1,1.2,6.2,21,11.2,1002.7,184.4,126.7,699.0,57.0,38.5,61.0
2024-07-14 04:00:00,22.4,94,21.4,0.2,4.8,42,13.0,1002.8,171.8,118.3,680.0,51.0,36.7,61.0
2024-07-14 05:00:00,22.1,96,21.5,0.0,4.7,23,7.9,1003.1,162.5,111.5,664.0,46.8,35.6,62.0
2024-07-14 06:00:00,22.4,95,21.5,0.0,7.2,3,11.9,1003.3,153.7,105.7,649.0,44.1,36.0,66.0
2024-07-14 07:00:00,23.1,90,21.4,0.0,8.6,22,15.8,1003.9,147.6,100.4,637.0,43.2,37.2,72.0
2024-07-14 08:00:00,24.0,85,21.2,0.0,9.2,45,17.6,1004.1,122.5,82.4,649.0,45.5,35.1,66.0
2024-07-14 09:00:00,25.5,73,20.4,0.0,4.8,48,15.1,1004.6,107.3,71.9,599.0,41.6,33.6,81.0
2024-07-14 10:00:00,26.3,68,19.9,0.0,4.2,70,14.4,1004.7,95.9,64.5,529.0,36.2,31.5,104.0
2024-07-14 11:00:00,27.1,62,19.2,0.0,5.5,101,14.8,1004.6,95.5,64.5,477.0,30.8,29.2,127.0
2024-07-14 12:00:00,28.5,56,18.9,0.0,5.6,117,16.6,1004.2,99.9,67.5,460.0,25.6,26.9,152.0
2024-07-14 13:00:00,29.5,54,19.2,0.0,6.7,126,17.6,1003.8,108.0,72.9,460.0,20.6,24.5,178.0
2024-07-14 14:00:00,30.8,51,19.6,0.0,8.9,148,19.4,1003.2,108.3,73.1,460.0,17.3,22.2,197.0
2024-07-14 15:00:00,30.8,52,19.8,0.0,10.6,152,20.5,1002.8,100.4,67.5,447.0,15.0,19.5,207.0
2024-07-14 16:00:00,30.5,53,19.9,0.0,12.7,145,23.0,1002.4,87.5,58.9,433.0,14.5,16.9,209.0
2024-07-14 17:00:00,30.3,54,20.0,0.0,11.0,148,22.7,1002.2,74.7,50.3,439.0,19.5,16.1,200.0
2024-07-14 18:00:00,29.9,57,20.5,0.0,8.0,162,18.4,1002.0,68.7,46.3,479.0,34.1,18.0,172.0
2024-07-14 19:00:00,28.5,74,23.4,0.0,4.3,204,12.2,1002.4,69.8,47.6,540.0,54.2,21.6,132.0
2024-07-14 20:00:00,27.3,71,21.5,0.0,6.5,146,6.1,1002.9,106.6,72.6,718.0,98.7,29.7,61.0
2024-07-14 21:00:00,26.5,70,20.5,0.0,6.5,161,9.4,1004.3,106.6,72.9,719.0,97.5,32.0,49.0
2024-07-14 22:00:00,25.9,68,19.5,0.0,8.8,168,13.0,1004.5,101.5,69.6,720.0,95.8,35.2,32.0
2024-07-14 23:00:00,25.0,68,18.8,0.0,9.1,171,14.8,1004.7,99.9,68.5,722.0,94.2,37.8,18.0
2024-07-15 00:00:00,24.1,73,18.9,0.0,6.2,173,14.0,1004.8,99.9,68.7,725.0,93.4,39.3,9.0
2024-07-15 01:00:00,23.7,75,19.1,0.0,4.8,167,9.4,1004.4,101.3,69.8,730.0,92.6,40.2,4.0
2024-07-15 02:00:00,23.0,80,19.3,0.0,4.7,148,6.8,1004.2,104.5,71.9,735.0,90.5,40.9,0.0
2024-07-15 03:00:00,22.2,82,19.0,0.0,5.1,98,7.2,1004.1,107.6,74.3,747.0,86.2,41.0,0.0
2024-07-15 04:00:00,21.6,85,19.0,0.0,5.1,86,7.9,1004.6,109.4,75.4,761.0,80.4,40.9,0.0
2024-07-15 05:00:00,21.9,84,19.0,0.0,5.8,90,9.4,1005.0,109.4,75.4,756.0,74.6,41.8,1.0
2024-07-15 06:00:00,22.2,84,19.4,0.0,3.8,41,9.7,1005.3,109.7,75.7,724.0,69.4,45.9,14.0
2024-07-15 07:00:00,23.0,82,19.7,0.0,4.0,27,9.7,1005.5,111.5,76.6,675.0,64.0,51.1,32.0
2024-07-15 08:00:00,23.7,81,20.2,0.0,5.2,56,12.2,1005.4,115.9,78.5,626.0,58.8,48.6,44.0
2024-07-15 09:00:00,25.6,77,21.2,0.0,5.4,98,15.1,1005.1,107.8,72.6,574.0,51.1,43.5,62.0
2024-07-15 10:00:00,26.9,70,20.9,0.0,5.4,132,15.1,1004.8,92.2,62.2,502.0,40.4,36.4,87.0
2024-07-15 11:00:00,28.5,60,20.1,0.0,8.0,144,18.7,1004.2,78.7,52.9,445.0,31.4,30.2,110.0
2024-07-15 12:00:00,29.6,55,19.6,0.0,9.8,156,20.5,1003.8,70.1,47.0,414.0,25.2,25.6,130.0
2024-07-15 13:00:00,30.6,52,19.5,0.0,8.6,165,20.9,1003.1,67.1,44.7,398.0,20.7,21.9,147.0
2024-07-15 14:00:00,30.6,52,19.6,0.0,11.6,175,20.9,1002.0,68.9,45.9,394.0,19.2,19.5,158.0
2024-07-15 15:00:00,31.1,51,19.9,0.0,12.2,182,22.3,1001.1,70.1,46.6,398.0,19.9,18.4,162.0
2024-07-15 16:00:00,30.9,52,20.0,0.0,13.4,174,23.0,1000.4,75.2,50.2,416.0,23.6,18.5,160.0
2024-07-15 17:00:00,31.0,52,20.1,0.0,15.1,168,24.5,999.7,79.2,52.7,459.0,33.9,20.3,146.0
2024-07-15 18:00:00,30.4,56,20.5,0.0,13.2,158,24.5,999.5,90.1,60.5,557.0,58.2,24.8,112.0
2024-07-15 19:00:00,29.5,58,20.4,0.0,11.5,148,20.5,999.7,102.7,69.4,681.0,89.1,30.9,67.0
2024-07-15 20:00:00,28.8,61,20.5,0.0,12.2,137,18.0,999.9,148.5,100.8,824.0,113.0,40.8,27.0
2024-07-15 21:00:00,25.9,76,21.4,0.0,3.9,146,10.1,1001.8,162.5,110.6,899.0,110.2,42.8,20.0
2024-07-15 22:00:00,25.1,79,21.4,0.2,8.1,159,11.9,1002.0,176.0,120.1,996.0,105.8,45.4,11.0
2024-07-15 23:00:00,24.6,85,22.0,0.3,8.8,161,12.6,1001.6,177.4,121.5,1026.0,98.5,46.6,8.0
2024-07-16 00:00:00,24.3,89,22.4,0.4,9.4,173,17.6,1001.5,156.5,106.9,925.0,85.4,45.1,17.0
2024-07-16 01:00:00,23.9,93,22.6,0.3,7.5,163,14.4,1001.2,137.8,94.5,756.0,69.5,42.2,31.0
2024-07-16 02:00:00,23.5,93,22.4,0.4,8.8,161,14.8,1000.7,124.8,85.7,623.0,58.0,39.7,39.0
2024-07-16 03:00:00,23.3,94,22.4,0.5,7.5,125,14.4,1000.4,114.3,79.2,568.0,55.0,37.9,35.0
2024-07-16 04:00:00,23.1,95,22.2,0.5,9.0,113,13.7,1000.3,105.2,72.9,548.0,56.5,36.5,24.0
2024-07-16 05:00:00,23.0,96,22.4,0.2,10.5,117,16.2,1000.0,94.5,65.7,540.0,57.9,36.2,18.0
2024-07-16 06:00:00,23.2,96,22.5,0.1,9.2,116,16.2,999.6,86.8,60.1,539.0,57.9,38.1,18.0
2024-07-16 07:00:00,23.9,94,22.9,0.1,12.0,136,20.2,999.5,77.5,53.2,550.0,57.8,41.1,22.0
2024-07-16 08:00:00,24.8,89,22.8,0.3,11.2,159,20.5,999.3,67.8,46.9,521.0,51.1,37.2,63.0
2024-07-16 09:00:00,25.4,86,22.9,0.1,9.6,193,19.4,999.4,79.2,54.6,522.0,46.7,36.5,78.0
2024-07-16 10:00:00,26.4,81,22.8,0.2,10.5,196,20.5,999.3,87.5,60.3,523.0,40.5,35.5,99.0
2024-07-16 11:00:00,27.5,73,22.2,0.0,10.4,200,20.9,998.9,93.8,64.5,515.0,34.4,33.8,121.0
2024-07-16 12:00:00,28.4,69,22.0,0.0,9.8,197,23.4,998.5,95.2,65.2,491.0,28.1,30.8,144.0
2024-07-16 13:00:00,29.5,63,21.8,0.1,11.1,205,22.3,997.7,92.7,63.6,460.0,22.0,27.2,166.0
2024-07-16 14:00:00,30.2,61,21.9,0.1,10.5,229,24.1,996.9,88.5,60.5,437.0,18.6,24.5,181.0
2024-07-16 15:00:00,30.7,61,22.2,0.0,11.2,230,23.0,996.2,92.2,63.3,416.0,16.8,22.8,187.0
2024-07-16 16:00:00,31.0,60,22.2,0.0,9.8,234,22.3,995.6,98.7,68.0,403.0,17.8,22.0,185.0
2024-07-16 17:00:00,31.0,60,22.3,0.0,10.2,252,19.1,995.3,94.8,65.2,442.0,28.0,23.7,169.0
2024-07-16 18:00:00,30.5,62,22.5,0.0,7.5,235,18.7,995.1,107.6,74.3,572.0,56.2,29.8,129.0
2024-07-16 19:00:00,29.4,70,23.4,0.0,6.2,216,12.2,995.5,106.2,73.3,753.0,93.7,38.3,76.0
2024-07-16 20:00:00,27.5,77,23.0,0.0,6.3,239,9.4,996.2,175.1,121.1,983.0,140.1,45.5,18.0
2024-07-16 21:00:00,25.7,87,23.3,0.0,5.8,338,7.2,998.1,208.6,144.4,1111.0,136.1,51.0,13.0
2024-07-16 22:00:00,25.1,90,23.5,0.0,5.6,285,8.3,998.3,223.5,155.1,1285.0,130.2,58.4,5.0
2024-07-16 23:00:00,24.3,94,23.3,0.0,5.0,270,9.7,998.1,225.4,156.5,1391.0,122.9,62.7,0.0
2024-07-17 00:00:00,23.0,96,22.4,0.0,5.2,258,7.6,997.6,217.0,150.9,1372.0,114.2,61.6,0.0
2024-07-17 01:00:00,22.9,96,22.1,0.0,3.1,324,6.1,997.8,207.2,143.9,1286.0,104.1,57.4,0.0
2024-07-17 02:00:00,22.2,97,21.8,0.0,4.3,355,6.5,997.6,193.7,134.6,1193.0,93.2,52.5,0.0
2024-07-17 03:00:00,22.2,93,21.1,0.0,5.4,352,8.3,997.6,175.6,122.0,1108.0,79.9,46.5,0.0
2024-07-17 04:00:00,21.4,84,18.5,0.0,6.4,344,9.7,997.4,153.2,106.6,1016.0,65.8,39.8,0.0
2024-07-17 05:00:00,21.2,73,16.1,0.0,7.4,346,11.2,997.8,133.2,92.4,929.0,56.8,35.1,1.0
2024-07-17 06:00:00,21.4,71,15.8,0.0,9.1,353,13.7,998.1,116.6,80.8,860.0,58.5,34.9,8.0
2024-07-17 07:00:00,23.2,65,16.3,0.0,10.2,350,16.9,998.5,105.9,72.4,796.0,65.3,36.9,19.0
2024-07-17 08:00:00,25.2,61,17.3,0.0,8.7,353,17.6,998.9,90.6,59.4,653.0,62.8,33.3,45.0
2024-07-17 09:00:00,27.5,56,18.0,0.0,6.6,351,15.5,999.1,83.8,51.7,535.0,50.1,27.8,68.0
2024-07-17 10:00:00,29.4,47,16.9,0.0,5.4,4,15.8,998.6,60.5,35.7,373.0,32.6,20.3,100.0
2024-07-17 11:00:00,30.9,42,16.4,0.0,2.7,23,14.8,998.2,41.0,24.3,250.0,19.1,14.4,125.0
2024-07-17 12:00:00,32.2,38,16.1,0.0,2.9,210,12.2,997.6,33.1,20.0,205.0,13.4,11.6,138.0
2024-07-17 13:00:00,33.3,35,15.7,0.0,8.0,207,18.0,997.1,30.6,18.6,201.0,11.7,10.6,145.0
2024-07-17 14:00:00,33.8,33,15.5,0.0,10.6,215,20.9,996.2,30.4,18.4,206.0,11.9,10.4,149.0
2024-07-17 15:00:00,34.3,33,15.6,0.0,11.2,222,21.2,995.3,30.9,18.6,206.0,12.0,10.5,155.0
2024-07-17 16:00:00,34.3,35,16.5,0.0,14.8,225,24.5,994.6,31.9,19.4,215.0,14.0,11.5,159.0
2024-07-17 17:00:00,33.3,40,17.9,0.0,17.3,228,27.4,994.0,34.7,21.7,252.0,21.7,14.9,153.0
2024-07-17 18:00:00,31.8,45,18.4,0.0,17.6,227,27.4,993.9,48.7,32.7,344.0,41.3,23.1,128.0
2024-07-17 19:00:00,30.2,46,17.4,0.0,18.3,223,28.1,993.7,61.7,42.4,463.0,66.6,33.6,92.0
2024-07-17 20:00:00,29.1,47,16.8,0.0,19.6,224,29.9,994.0,68.9,47.5,578.0,91.0,41.4,67.0
2024-07-17 21:00:00,28.5,53,17.9,0.0,16.4,213,24.8,993.9,67.8,47.1,539.0,79.9,38.0,68.0
2024-07-17 22:00:00,27.9,55,17.9,0.0,16.5,212,25.6,993.9,59.8,41.7,485.0,64.7,33.2,69.0
2024-07-17 23:00:00,27.6,56,18.0,0.0,16.6,210,25.9,993.6,55.8,38.9,443.0,54.0,29.2,66.0
2024-07-18 00:00:00,26.9,59,18.2,0.0,14.8,214,25.6,993.2,54.9,38.3,426.0,52.6,27.1,57.0
2024-07-18 01:00:00,26.0,63,18.5,0.0,10.7,228,22.7,992.8,53.7,37.5,421.0,55.7,25.8,45.0
2024-07-18 02:00:00,24.1,74,19.1,0.0,5.7,252,15.8,992.5,51.3,35.7,420.0,57.5,24.4,33.0
2024-07-18 03:00:00,22.8,82,19.5,0.0,5.7,252,8.3,992.3,48.2,33.6,417.0,55.5,22.3,21.0
2024-07-18 04:00:00,21.9,86,19.4,0.0,4.1,315,7.9,992.7,46.3,32.2,418.0,52.2,20.1,9.0
2024-07-18 05:00:00,21.2,88,19.2,0.0,4.7,328,6.8,992.9,45.2,31.4,429.0,49.8,18.9,4.0
2024-07-18 06:00:00,22.2,83,19.2,0.0,8.2,345,11.5,993.3,44.8,31.2,471.0,50.7,20.3,7.0
2024-07-18 07:00:00,24.3,75,19.5,0.0,9.0,358,15.8,993.7,45.5,31.3,523.0,52.4,22.6,15.0
2024-07-18 08:00:00,26.5,66,19.7,0.0,9.7,2,18.4,994.2,35.0,23.6,536.0,50.8,22.6,32.0
2024-07-18 09:00:00,30.4,52,19.3,0.0,10.5,329,19.8,994.3,44.2,21.9,429.0,38.1,17.3,54.0
2024-07-18 10:00:00,32.7,37,16.1,0.0,16.0,316,28.1,994.4,25.8,9.9,282.0,20.6,9.9,84.0
2024-07-18 11:00:00,34.2,31,14.4,0.0,14.6,322,28.4,994.1,17.4,8.8,176.0,7.9,4.6,107.0
2024-07-18 12:00:00,34.9,28,13.7,0.0,19.0,331,32.4,993.7,15.3,9.1,149.0,4.3,3.3,117.0
2024-07-18 13:00:00,35.5,27,13.9,0.0,16.9,308,33.8,993.1,15.0,9.7,163.0,5.4,3.9,121.0
2024-07-18 14:00:00,36.5,25,13.3,0.0,13.7,297,30.2,992.4,15.5,10.4,179.0,7.5,4.7,122.0
2024-07-18 15:00:00,36.8,24,13.0,0.0,11.1,306,25.2,992.1,16.7,11.2,165.0,6.5,4.1,126.0
2024-07-18 16:00:00,36.9,24,12.9,0.0,9.0,331,20.9,991.8,17.9,12.0,154.0,6.4,3.7,127.0
2024-07-18 17:00:00,36.9,23,12.4,0.0,2.5,315,16.6,991.3,19.5,13.2,208.0,16.1,5.9,117.0
2024-07-18 18:00:00,34.7,35,17.0,0.0,8.3,178,11.5,991.0,32.9,22.6,400.0,45.6,13.2,84.0
2024-07-18 19:00:00,32.5,34,14.8,0.0,13.4,194,19.4,990.9,63.3,44.0,658.0,84.7,23.3,39.0
2024-07-18 20:00:00,31.0,38,14.9,0.0,15.8,207,24.8,991.3,97.1,67.3,980.0,108.5,36.4,4.0
2024-07-18 21:00:00,29.4,43,15.5,0.0,13.6,233,24.1,992.5,101.0,70.5,919.0,107.6,38.8,3.0
2024-07-18 22:00:00,28.3,48,16.1,0.0,14.3,223,21.6,992.6,84.1,58.7,830.0,105.9,41.9,1.0
2024-07-18 23:00:00,27.5,51,16.4,0.0,13.5,222,21.6,992.9,69.2,48.2,733.0,101.0,43.1,3.0
2024-07-19 00:00:00,26.8,52,16.2,0.0,12.9,216,20.5,993.1,55.8,38.2,620.0,90.2,40.3,11.0
2024-07-19 01:00:00,26.7,51,15.9,0.0,14.1,212,21.2,992.8,46.7,31.0,499.0,76.3,35.5,23.0
2024-07-19 02:00:00,26.3,53,15.9,0.0,12.3,212,21.6,992.1,42.0,27.0,414.0,65.4,31.9,31.0
2024-07-19 03:00:00,25.3,57,16.3,0.0,9.2,222,18.7,992.0,41.7,26.8,386.0,60.5,30.5,32.0
2024-07-19 04:00:00,24.4,63,16.9,0.0,7.9,231,14.0,992.0,43.9,28.8,393.0,58.7,30.4,29.0
2024-07-19 05:00:00,23.0,71,17.4,0.0,6.6,248,11.2,992.2,46.9,31.4,417.0,57.5,31.6,29.0
2024-07-19 06:00:00,23.6,70,17.8,0.0,5.1,262,8.3,992.5,51.8,35.0,461.0,57.0,35.1,31.0
2024-07-19 07:00:00,25.6,66,18.9,0.0,5.2,236,10.4,992.9,63.8,43.2,520.0,57.2,39.9,36.0
2024-07-19 08:00:00,27.3,63,19.6,0.0,6.4,232,14.4,993.2,49.4,34.2,580.0,58.2,46.1,47.0
2024-07-19 09:00:00,29.4,65,22.1,0.0,6.3,239,15.8,993.0,60.8,42.1,573.0,52.4,45.6,83.0
2024-07-19 10:00:00,31.0,67,24.1,0.0,7.5,215,18.4,992.7,69.2,48.1,561.0,44.1,44.4,132.0
2024-07-19 11:00:00,33.3,62,25.1,0.0,10.4,200,22.0,992.4,65.4,45.6,532.0,35.7,41.1,171.0
2024-07-19 12:00:00,35.3,53,24.4,0.0,13.5,205,26.3,992.1,54.7,38.2,468.0,26.2,33.2,191.0
2024-07-19 13:00:00,36.2,49,24.0,0.0,17.1,215,30.6,991.4,44.4,31.0,388.0,16.7,23.0,201.0
2024-07-19 14:00:00,36.7,47,23.4,0.0,21.5,215,37.1,990.8,39.2,27.4,336.0,12.3,15.9,203.0
2024-07-19 15:00:00,36.5,46,23.0,0.0,21.7,220,37.1,990.5,38.8,26.9,326.0,14.3,14.4,198.0
2024-07-19 16:00:00,36.0,48,23.4,0.0,21.4,226,37.4,990.8,40.5,28.0,343.0,21.6,16.0,185.0
2024-07-19 17:00:00,35.0,54,24.2,0.0,19.9,224,35.6,990.5,46.2,31.8,388.0,35.8,18.8,162.0
2024-07-19 18:00:00,34.3,56,24.3,0.0,16.8,223,32.0,990.7,48.4,33.3,463.0,63.6,22.2,119.0
2024-07-19 19:00:00,33.5,57,23.8,0.0,13.0,224,25.6,991.0,55.1,38.0,567.0,98.3,26.7,66.0
2024-07-19 20:00:00,32.2,60,23.5,0.0,10.5,221,20.2,991.8,94.3,65.2,780.0,126.7,37.6,28.0
2024-07-19 21:00:00,30.6,71,24.7,0.0,11.8,20,27.0,993.5,103.4,71.7,817.0,125.2,40.3,21.0
2024-07-19 22:00:00,28.8,71,23.0,0.0,11.4,62,18.4,993.8,106.9,74.3,867.0,122.7,43.8,12.0
2024-07-19 23:00:00,25.6,84,22.6,5.9,11.8,230,18.7,995.3,108.5,75.7,885.0,117.7,45.4,6.0
2024-07-20 00:00:00,25.0,88,22.9,1.3,7.7,217,22.0,994.3,105.7,73.8,844.0,108.2,43.4,8.0
2024-07-20 01:00:00,25.2,88,23.1,0.9,8.9,291,21.2,993.5,99.2,69.4,773.0,96.2,39.4,14.0
2024-07-20 02:00:00,25.2,90,23.5,0.0,4.1,38,13.3,993.0,95.5,66.6,713.0,86.2,36.0,17.0
2024-07-20 03:00:00,24.9,93,23.6,0.0,4.0,80,7.9,993.1,93.6,65.4,677.0,80.3,33.1,14.0
2024-07-20 04:00:00,24.5,94,23.4,0.0,6.4,43,7.6,993.2,90.8,63.3,653.0,76.4,30.7,8.0
2024-07-20 05:00:00,24.9,90,23.1,0.0,3.8,17,7.6,993.5,87.5,61.0,641.0,72.6,31.0,7.0
2024-07-20 06:00:00,25.2,90,23.5,0.0,7.5,17,10.4,993.9,91.5,64.0,652.0,68.3,36.2,13.0
2024-07-20 07:00:00,25.8,87,23.5,0.0,5.2,16,11.9,994.6,100.4,70.1,677.0,64.1,44.1,23.0
2024-07-20 08:00:00,27.2,80,23.5,0.0,5.5,11,13.3,995.1,70.8,49.5,746.0,68.8,49.9,60.0
2024-07-20 09:00:00,29.1,60,20.6,0.0,2.2,180,10.4,994.4,79.6,55.6,711.0,60.3,49.1,104.0
2024-07-20 10:00:00,30.8,54,20.4,0.0,5.4,184,15.8,994.0,86.8,60.8,662.0,48.3,47.8,166.0
2024-07-20 11:00:00,32.2,52,21.0,0.0,7.2,183,18.7,994.0,92.4,64.7,610.0,37.3,45.0,218.0
2024-07-20 12:00:00,33.5,49,21.2,0.0,8.4,190,20.5,993.5,90.6,63.3,556.0,27.9,39.3,252.0
2024-07-20 13:00:00,34.6,46,21.3,0.0,10.0,218,22.3,992.8,85.9,59.8,501.0,19.5,32.1,276.0
2024-07-20 14:00:00,35.3,43,21.0,0.0,14.4,233,27.4,992.0,78.7,54.7,456.0,14.3,26.2,287.0
2024-07-20 15:00:00,35.5,41,20.2,0.0,17.1,231,31.3,991.6,72.2,50.2,422.0,12.2,22.3,282.0
2024-07-20 16:00:00,35.3,41,20.2,0.0,18.3,223,32.0,991.4,67.1,46.4,399.0,13.2,19.8,264.0
2024-07-20 17:00:00,34.8,45,21.1,0.0,19.3,217,32.4,991.1,62.4,43.2,401.0,19.9,19.3,236.0
2024-07-20 18:00:00,34.0,52,22.9,0.0,19.0,213,32.0,991.1,59.6,41.3,445.0,37.1,22.2,192.0
2024-07-20 19:00:00,32.8,57,23.4,0.0,17.0,212,30.2,991.3,65.4,45.4,513.0,59.9,27.2,138.0
2024-07-20 20:00:00,31.9,57,22.5,0.0,17.8,216,27.4,992.0,58.4,39.7,484.0,55.4,30.0,122.0
2024-07-20 21:00:00,31.8,58,22.6,0.0,15.1,205,25.6,993.1,62.9,43.1,478.0,52.9,29.9,115.0
2024-07-20 22:00:00,31.1,60,22.5,0.0,15.0,204,23.4,993.2,64.5,44.4,469.0,49.4,29.7,105.0
2024-07-20 23:00:00,30.8,61,22.4,0.0,17.2,200,26.3,993.4,59.8,41.4,453.0,45.5,29.0,97.0
2024-07-21 00:00:00,30.3,65,23.0,0.0,21.5,201,33.1,993.3,51.3,35.6,422.0,40.5,27.0,92.0
2024-07-21 01:00:00,29.9,67,23.1,0.0,21.5,211,35.3,993.0,44.1,30.7,385.0,35.1,24.5,89.0
2024-07-21 02:00:00,29.4,68,22.9,0.0,18.7,210,33.1,992.7,40.7,28.4,362.0,32.5,23.2,84.0
2024-07-21 03:00:00,28.9,68,22.5,0.0,18.8,206,29.5,992.4,40.5,28.2,363.0,34.7,23.8,75.0
2024-07-21 04:00:00,28.5,69,22.3,0.0,16.3,208,29.2,992.5,42.0,29.3,378.0,39.6,25.6,64.0
2024-07-21 05:00:00,27.9,71,22.2,0.0,14.1,199,25.2,993.0,44.8,31.3,401.0,43.9,28.4,58.0
2024-07-21 06:00:00,27.8,72,22.4,0.0,14.4,202,22.3,993.5,49.0,34.2,436.0,46.8,33.0,58.0
2024-07-21 07:00:00,28.4,71,22.6,0.0,12.4,210,22.3,994.0,54.4,38.0,479.0,49.0,38.6,61.0
2024-07-21 08:00:00,29.3,68,22.9,0.0,11.0,212,22.0,994.3,53.8,37.6,528.0,58.6,46.4,54.0
2024-07-21 09:00:00,29.9,68,23.3,0.0,4.6,225,18.7,995.2,59.3,41.4,540.0,58.0,48.0,63.0
2024-07-21 10:00:00,31.2,62,23.2,0.0,3.9,202,14.8,995.1,65.9,46.1,555.0,56.8,50.0,77.0
2024-07-21 11:00:00,31.5,62,23.5,0.0,4.7,171,14.0,995.0,72.2,50.4,563.0,53.0,50.4,100.0
2024-07-21 12:00:00,32.8,59,23.6,0.0,7.7,169,18.7,994.8,82.2,57.3,561.0,43.9,48.1,143.0
2024-07-21 13:00:00,34.2,54,23.6,0.0,8.7,173,20.9,993.8,88.0,61.2,551.0,32.2,44.2,196.0
2024-07-21 14:00:00,35.2,51,23.4,0.0,9.8,172,22.3,993.1,87.1,60.5,532.0,23.7,40.0,233.0
2024-07-21 15:00:00,35.9,49,23.5,0.0,9.3,167,22.0,992.5,80.6,55.9,494.0,19.9,35.1,244.0
2024-07-21 16:00:00,36.3,47,23.2,0.0,10.4,180,20.9,992.1,73.8,51.3,447.0,19.2,29.8,239.0
2024-07-21 17:00:00,36.5,46,22.8,0.0,10.9,207,20.5,992.1,68.7,47.8,419.0,23.0,26.6,223.0
2024-07-21 18:00:00,35.8,48,23.1,0.0,11.8,220,19.4,991.9,65.4,45.6,426.0,33.9,26.7,191.0
2024-07-21 19:00:00,34.0,58,24.5,0.0,9.3,254,19.1,991.9,65.4,45.5,452.0,49.3,28.8,147.0
2024-07-21 20:00:00,32.2,64,24.5,0.0,8.9,256,14.8,992.5,70.3,48.4,415.0,51.1,26.4,101.0
2024-07-21 21:00:00,31.4,72,25.7,0.0,4.1,225,8.3,993.5,76.4,52.9,447.0,57.8,28.2,84.0
2024-07-21 22:00:00,30.7,71,24.9,0.1,9.0,95,10.4,993.6,85.9,59.6,490.0,66.7,30.6,61.0
2024-07-21 23:00:00,27.1,85,24.4,2.7,15.3,63,35.6,994.6,91.0,63.1,519.0,72.0,32.1,43.0
2024-07-22 00:00:00,27.1,90,25.4,0.0,9.5,11,23.0,994.2,92.9,64.5,520.0,69.5,31.6,37.0
2024-07-22 01:00:00,25.0,96,24.3,1.7,21.4,33,35.3,995.0,94.1,65.2,508.0,63.4,30.0,37.0
2024-07-22 02:00:00,24.4,94,23.4,2.4,16.2,94,36.7,994.2,98.3,68.0,499.0,59.6,29.1,36.0
2024-07-22 03:00:00,24.2,95,23.4,0.4,8.0,85,26.3,993.6,99.2,68.7,501.0,61.9,28.7,28.0
2024-07-22 04:00:00,24.0,95,23.2,3.1,6.9,9,15.8,994.4,97.1,67.1,506.0,66.5,28.9,18.0
2024-07-22 05:00:00,24.0,94,22.9,1.7,4.3,294,25.2,993.1,99.7,68.9,516.0,68.6,31.2,15.0
2024-07-22 06:00:00,24.0,92,22.7,0.1,9.2,11,16.2,993.0,102.4,71.0,535.0,65.6,37.8,23.0
2024-07-22 07:00:00,24.9,88,22.6,0.0,7.9,66,16.9,994.1,105.0,72.6,559.0,60.1,46.5,38.0
2024-07-22 08:00:00,25.2,87,22.8,0.0,5.7,325,15.5,993.8,85.0,58.6,529.0,52.6,47.3,71.0
2024-07-22 09:00:00,27.8,79,23.8,0.0,3.7,11,14.8,993.7,88.7,61.0,522.0,49.9,45.4,82.0
2024-07-22 10:00:00,29.4,74,24.2,0.0,0.7,90,14.0,993.2,90.1,61.9,512.0,45.8,42.7,99.0
2024-07-22 11:00:00,31.5,67,24.5,0.0,5.0,180,15.1,992.6,97.6,67.3,505.0,41.3,40.3,120.0
2024-07-22 12:00:00,33.7,58,24.1,0.0,10.0,195,22.0,992.4,94.8,65.2,504.0,35.4,38.7,151.0
2024-07-22 13:00:00,35.1,52,23.9,0.0,11.3,207,23.0,991.3,91.7,63.1,507.0,29.0,37.4,186.0
2024-07-22 14:00:00,36.3,48,23.5,0.0,12.0,224,25.2,990.5,94.8,65.0,509.0,25.1,36.3,212.0
2024-07-22 15:00:00,36.3,48,23.5,0.0,12.5,219,24.8,990.2,94.5,65.0,503.0,23.8,34.8,224.0
2024-07-22 16:00:00,35.4,53,24.4,0.5,13.4,246,24.8,990.1,93.1,63.3,498.0,25.1,33.5,226.0
2024-07-22 17:00:00,35.1,53,24.0,0.0,13.7,240,24.5,989.7,92.4,62.4,512.0,31.8,33.3,215.0
2024-07-22 18:00:00,34.6,54,24.0,0.0,12.8,232,24.1,989.5,95.0,63.6,568.0,49.5,35.2,182.0
2024-07-22 19:00:00,33.5,60,24.6,0.0,11.3,233,20.9,989.7,108.0,73.8,644.0,72.7,38.2,134.0
2024-07-22 20:00:00,32.2,66,25.0,0.0,12.5,237,19.8,990.0,101.7,70.8,606.0,78.3,34.3,98.0
2024-07-22 21:00:00,30.5,71,24.6,0.0,1.5,104,6.5,992.3,105.9,73.8,603.0,74.1,36.2,90.0
2024-07-22 22:00:00,29.5,75,24.6,0.0,5.1,94,7.2,992.2,107.6,75.0,597.0,68.1,38.7,80.0
2024-07-22 23:00:00,28.8,76,24.1,0.0,8.3,108,12.6,992.1,106.9,74.5,587.0,62.8,39.8,70.0
2024-07-23 00:00:00,28.5,77,24.0,0.0,7.9,106,13.3,992.1,104.5,72.9,567.0,58.2,38.2,64.0
2024-07-23 01:00:00,28.2,79,24.2,0.0,7.8,103,12.2,992.4,103.1,71.9,543.0,54.4,35.3,59.0
2024-07-23 02:00:00,28.0,82,24.6,0.1,4.3,114,11.9,992.5,103.6,72.2,529.0,53.4,33.3,51.0
2024-07-23 03:00:00,28.0,84,25.0,0.1,3.6,354,6.1,992.4,104.1,72.6,534.0,58.1,32.3,36.0
2024-07-23 04:00:00,27.4,86,24.8,0.0,9.0,344,13.3,992.0,105.5,73.6,548.0,65.8,32.2,18.0
2024-07-23 05:00:00,26.5,88,24.4,0.0,8.0,352,13.7,992.0,108.7,75.9,565.0,70.2,34.6,9.0
2024-07-23 06:00:00,26.8,87,24.4,0.0,10.4,2,15.5,991.9,115.3,80.6,583.0,67.9,42.0,14.0
2024-07-23 07:00:00,27.8,83,24.7,0.0,8.6,15,16.6,992.0,118.0,82.4,602.0,62.4,52.0,29.0
2024-07-23 08:00:00,29.2,79,25.1,0.0,5.1,45,16.2,992.3,80.1,55.6,605.0,62.7,58.9,34.0
2024-07-23 09:00:00,30.0,76,25.3,0.0,4.7,4,16.2,992.9,91.7,63.3,611.0,61.4,58.2,50.0
2024-07-23 10:00:00,31.5,72,25.9,0.0,1.5,166,13.7,992.4,105.0,72.4,617.0,59.1,56.8,74.0
2024-07-23 11:00:00,33.5,65,26.0,0.0,9.3,216,20.9,991.9,115.0,78.7,611.0,53.8,53.3,107.0
2024-07-23 12:00:00,35.3,56,25.2,0.0,10.7,213,23.4,991.5,112.9,76.4,581.0,42.3,45.6,156.0
2024-07-23 13:00:00,36.6,52,25.0,0.0,10.7,225,23.4,990.9,103.4,68.0,539.0,27.9,35.7,214.0
2024-07-23 14:00:00,37.4,49,24.8,0.0,11.9,235,24.5,990.7,99.9,64.0,505.0,18.2,28.3,254.0
2024-07-23 15:00:00,37.8,47,24.6,0.0,11.7,227,24.8,990.0,96.9,61.0,481.0,15.0,25.1,267.0
2024-07-23 16:00:00,37.7,48,24.7,0.0,14.2,210,24.8,989.4,92.9,57.6,467.0,16.5,24.3,262.0
2024-07-23 17:00:00,37.6,47,24.4,0.0,16.7,217,28.4,989.4,89.4,55.1,478.0,25.4,25.2,241.0
2024-07-23 18:00:00,36.6,50,24.6,0.0,15.8,227,28.1,989.4,92.9,58.7,530.0,46.8,28.1,194.0
2024-07-23 19:00:00,34.8,57,25.2,0.0,16.3,239,25.2,989.7,98.7,64.0,609.0,75.5,32.7,131.0
2024-07-23 20:00:00,33.8,60,24.9,0.0,18.9,230,29.9,990.1,83.4,55.3,617.0,83.1,34.2,83.0
2024-07-23 21:00:00,32.5,64,24.9,0.0,11.0,199,17.6,992.5,85.9,57.6,655.0,90.3,35.9,62.0
2024-07-23 22:00:00,32.0,68,25.4,0.0,10.3,209,16.9,992.2,90.3,61.5,706.0,99.9,38.1,33.0
2024-07-23 23:00:00,31.2,72,25.6,0.0,6.7,234,15.8,991.9,96.9,66.4,741.0,105.1,39.4,11.0
2024-07-24 00:00:00,30.0,80,26.0,0.0,5.5,247,9.7,991.7,102.7,70.8,744.0,101.6,38.7,5.0
2024-07-24 01:00:00,30.0,79,26.0,0.0,3.9,214,7.2,991.6,104.3,72.2,731.0,93.6,37.0,6.0
2024-07-24 02:00:00,29.7,81,26.1,0.0,4.0,243,4.3,991.5,106.2,73.6,718.0,86.7,36.0,8.0
2024-07-24 03:00:00,29.3,82,26.0,0.0,2.8,310,4.7,991.4,108.5,75.4,709.0,83.0,35.9,5.0
2024-07-24 04:00:00,28.5,87,26.1,0.0,4.3,336,6.5,991.5,108.7,75.7,699.0,80.3,36.5,2.0
2024-07-24 05:00:00,27.9,89,26.0,0.0,6.9,354,10.4,991.7,105.5,73.3,691.0,77.5,39.1,5.0
2024-07-24 06:00:00,28.1,88,26.0,0.0,8.9,32,13.3,991.9,103.6,72.2,690.0,74.6,46.2,13.0
2024-07-24 07:00:00,29.1,84,26.2,0.0,8.1,58,15.5,992.5,103.6,71.9,691.0,71.5,55.3,27.0
2024-07-24 08:00:00,30.2,80,26.4,0.0,5.6,45,15.5,992.8,103.4,71.9,719.0,68.3,62.2,48.0
2024-07-24 09:00:00,32.7,73,27.1,0.0,1.5,315,11.5,993.0,105.7,73.6,686.0,60.5,57.8,89.0
2024-07-24 10:00:00,33.6,68,26.9,0.0,6.0,197,15.1,992.9,107.6,74.5,640.0,49.8,51.4,144.0
2024-07-24 11:00:00,34.5,64,26.6,0.0,9.7,219,20.2,992.7,111.8,76.8,593.0,42.0,45.3,179.0
2024-07-24 12:00:00,35.3,60,26.4,0.0,8.8,215,21.6,992.6,111.8,75.4,542.0,38.7,39.5,175.0
2024-07-24 13:00:00,34.8,61,26.0,0.0,8.0,216,20.2,991.9,97.3,65.4,491.0,38.3,33.9,151.0
2024-07-24 14:00:00,36.8,55,26.2,0.0,5.4,184,19.8,991.6,78.9,54.1,469.0,41.4,30.1,128.0
2024-07-24 15:00:00,26.8,91,25.2,12.5,21.9,120,55.1,993.0,74.5,51.3,496.0,49.7,29.2,114.0
2024-07-24 16:00:00,27.6,89,25.7,3.0,15.0,55,36.0,993.1,82.0,56.7,552.0,61.5,30.0,101.0
2024-07-24 17:00:00,27.4,92,25.9,1.1,11.0,41,28.8,993.7,83.4,57.7,600.0,72.7,30.8,88.0
2024-07-24 18:00:00,27.3,92,25.8,1.7,12.3,7,24.5,993.7,87.1,60.5,638.0,84.5,31.4,70.0
2024-07-24 19:00:00,27.5,91,26.0,0.6,8.7,66,18.7,994.1,91.3,63.3,669.0,95.7,32.0,51.0
2024-07-24 20:00:00,27.1,95,26.1,0.2,8.2,75,15.5,994.4,168.6,117.8,929.0,117.9,42.2,34.0
2024-07-24 21:00:00,26.1,89,24.1,3.9,9.6,160,14.8,995.9,156.9,108.7,829.0,100.2,39.5,45.0
2024-07-24 22:00:00,26.0,91,24.5,4.2,6.4,137,14.8,995.9,138.3,95.9,689.0,75.6,35.8,61.0
2024-07-24 23:00:00,26.0,93,24.8,4.8,6.6,13,10.8,996.0,129.9,89.9,572.0,54.9,32.2,74.0
2024-07-25 00:00:00,25.6,94,24.6,4.4,7.7,11,12.2,995.2,122.0,84.8,501.0,42.2,28.8,82.0
2024-07-25 01:00:00,25.2,95,24.3,3.0,8.4,40,20.5,994.4,106.2,73.8,452.0,33.5,25.7,87.0
2024-07-25 02:00:00,24.8,93,23.5,0.6,14.8,43,23.0,993.9,73.6,51.2,420.0,28.0,23.8,88.0
2024-07-25 03:00:00,24.4,91,22.9,0.3,11.1,25,23.0,993.7,60.3,42.0,405.0,25.7,24.1,85.0
2024-07-25 04:00:00,23.7,84,20.8,0.1,13.0,3,20.2,993.7,54.8,38.3,408.0,26.7,25.8,78.0
2024-07-25 05:00:00,23.2,84,20.5,0.5,14.8,354,22.3,993.8,56.7,39.6,420.0,29.9,27.3,71.0
2024-07-25 06:00:00,23.0,89,21.0,0.4,16.2,3,26.3,993.6,47.4,33.1,446.0,36.6,28.1,64.0
2024-07-25 07:00:00,23.0,90,21.4,8.7,13.0,358,25.6,994.2,29.6,20.7,483.0,45.7,28.8,58.0
2024-07-25 08:00:00,23.0,90,21.4,6.7,12.6,358,20.5,994.2,94.8,65.9,477.0,51.3,27.5,56.0
2024-07-25 09:00:00,26.0,87,23.7,0.4,9.7,45,18.4,993.8,85.9,59.8,474.0,48.9,27.9,67.0
2024-07-25 10:00:00,26.4,86,23.9,0.4,9.9,57,23.0,994.0,72.9,50.6,471.0,45.8,28.4,81.0
2024-07-25 11:00:00,27.0,85,24.3,0.3,8.0,85,23.4,994.1,58.7,40.9,483.0,45.1,28.9,89.0
2024-07-25 12:00:00,26.2,86,23.8,4.0,2.2,360,21.6,994.1,51.9,36.3,523.0,49.0,29.0,84.0
2024-07-25 13:00:00,26.5,84,23.7,3.1,3.3,13,11.2,993.9,69.4,48.5,579.0,55.4,29.0,74.0
2024-07-25 14:00:00,26.8,84,24.0,0.7,5.9,47,12.6,993.5,67.8,47.5,625.0,60.9,30.3,67.0
2024-07-25 15:00:00,27.5,83,24.2,0.1,4.8,63,14.4,993.1,66.6,46.7,640.0,62.0,33.2,72.0
2024-07-25 16:00:00,28.0,80,24.3,0.0,5.0,60,13.3,992.9,74.0,51.8,645.0,62.1,37.2,80.0
2024-07-25 17:00:00,28.0,79,24.1,0.1,7.0,69,15.5,992.9,72.6,50.9,683.0,68.4,42.4,79.0
2024-07-25 18:00:00,27.4,83,24.1,0.1,8.0,98,14.8,993.2,74.3,52.0,778.0,88.0,49.3,58.0
2024-07-25 19:00:00,26.9,86,24.4,0.0,5.5,101,14.0,993.5,84.1,58.8,906.0,113.7,57.3,29.0
2024-07-25 20:00:00,26.0,93,24.6,0.0,3.6,90,8.6,994.1,102.2,71.5,1011.0,98.0,53.2,17.0
2024-07-25 21:00:00,25.5,90,23.7,0.1,3.2,333,5.8,995.5,123.4,86.4,1071.0,103.4,61.7,13.0
2024-07-25 22:00:00,25.1,93,24.0,0.0,5.9,346,9.4,995.9,129.5,90.8,1153.0,110.5,73.0,7.0
2024-07-25 23:00:00,24.7,96,24.0,0.0,5.2,12,9.4,995.8,135.5,94.8,1214.0,112.8,78.8,3.0
2024-07-26 00:00:00,24.5,97,24.0,0.0,5.4,4,9.0,996.0,136.4,95.5,1235.0,106.7,74.4,1.0
2024-07-26 01:00:00,24.3,97,23.8,0.0,5.2,348,8.6,995.6,135.5,95.0,1234.0,95.9,64.4,0.0
2024-07-26 02:00:00,24.1,96,23.5,0.0,5.2,335,9.7,995.5,134.1,93.8,1221.0,84.9,54.7,0.0
2024-07-26 03:00:00,23.6,97,23.0,0.0,6.8,25,8.3,995.4,129.9,91.0,1198.0,73.8,45.6,0.0
2024-07-26 04:00:00,23.7,96,23.1,0.0,5.4,318,7.9,995.3,124.8,87.3,1163.0,62.7,36.7,0.0
2024-07-26 05:00:00,23.4,97,22.9,0.0,4.7,293,6.5,995.6,120.1,84.1,1114.0,55.9,32.4,1.0
2024-07-26 06:00:00,24.2,95,23.4,0.0,6.6,319,9.0,996.1,115.0,80.6,1046.0,57.1,36.6,8.0
2024-07-26 07:00:00,25.2,90,23.5,0.0,3.7,29,10.8,996.5,105.9,74.0,965.0,62.6,45.5,19.0
2024-07-26 08:00:00,26.3,86,23.8,0.0,5.8,356,13.0,996.8,81.0,56.7,717.0,63.7,35.5,48.0
2024-07-26 09:00:00,27.0,81,23.5,0.1,5.0,60,14.0,997.9,78.9,55.2,643.0,54.6,32.3,86.0
2024-07-26 10:00:00,28.2,74,23.1,0.1,2.9,97,14.0,997.7,69.2,48.4,541.0,41.9,28.0,140.0
2024-07-26 11:00:00,29.1,71,23.2,0.1,4.1,135,13.3,997.7,60.3,42.0,469.0,31.8,25.0,186.0
2024-07-26 12:00:00,29.5,69,23.3,0.0,6.0,155,14.4,997.5,60.8,42.1,453.0,26.2,24.4,216.0
2024-07-26 13:00:00,30.4,65,23.1,0.0,4.5,166,15.8,997.0,65.7,45.5,466.0,23.1,25.2,237.0
2024-07-26 14:00:00,31.5,61,23.0,0.0,5.0,201,14.4,996.4,75.0,51.8,492.0,22.9,26.9,252.0
2024-07-26 15:00:00,32.2,58,22.8,0.0,9.0,178,17.6,996.2,83.1,57.3,514.0,22.5,29.8,266.0
2024-07-26 16:00:00,31.9,59,22.8,0.0,11.0,169,20.5,996.1,88.2,60.8,549.0,25.0,33.6,272.0
2024-07-26 17:00:00,31.9,59,22.9,0.0,8.9,166,19.8,995.8,95.0,65.4,623.0,39.8,37.6,255.0
2024-07-26 18:00:00,31.2,66,24.0,0.0,8.2,151,15.5,995.9,117.8,81.5,786.0,80.8,41.9,194.0
2024-07-26 19:00:00,29.4,76,24.8,0.0,5.6,153,13.0,996.6,141.6,98.3,990.0,134.0,46.3,110.0
2024-07-26 20:00:00,27.9,82,24.6,0.0,6.5,174,10.1,997.8,150.9,104.8,1026.0,137.3,48.9,62.0
2024-07-26 21:00:00,27.6,80,23.8,0.0,5.2,146,8.6,999.4,159.3,110.6,1022.0,131.5,48.7,50.0
2024-07-26 22:00:00,27.0,82,23.8,0.0,5.6,140,7.6,999.9,161.1,111.8,1015.0,123.1,48.3,32.0
2024-07-26 23:00:00,26.6,82,23.2,0.0,6.2,111,8.3,1000.3,159.7,110.8,986.0,113.7,47.0,19.0
2024-07-27 00:00:00,26.3,84,23.4,0.0,8.9,122,13.3,1000.5,152.7,106.2,923.0,103.3,44.0,13.0
2024-07-27 01:00:00,25.9,88,23.8,0.0,11.1,144,16.9,1000.4,139.7,97.3,838.0,92.0,40.1,11.0
2024-07-27 02:00:00,25.8,89,23.9,0.0,8.0,153,16.9,1000.5,126.2,87.8,761.0,81.8,37.1,10.0
2024-07-27 03:00:00,25.2,94,24.1,0.0,5.7,145,11.9,1000.6,114.3,79.6,702.0,73.4,35.7,9.0
2024-07-27 04:00:00,25.0,94,23.9,0.0,3.6,84,6.5,1000.7,104.5,72.9,649.0,66.1,35.1,9.0
2024-07-27 05:00:00,24.8,94,23.9,0.0,5.2,56,7.6,1001.0,98.0,68.5,595.0,60.3,35.1,10.0
2024-07-27 06:00:00,24.9,94,23.9,0.0,9.4,86,14.4,1001.0,89.2,61.9,532.0,56.8,36.2,10.0
2024-07-27 07:00:00,25.5,92,24.1,0.0,7.6,82,15.8,1001.3,70.8,48.8,469.0,54.7,37.8,10.0
2024-07-27 08:00:00,26.3,88,24.2,0.0,6.8,90,14.4,1001.7,56.5,38.9,378.0,45.2,30.3,18.0
2024-07-27 09:00:00,27.8,82,24.4,0.1,8.0,98,19.1,1002.1,59.8,41.1,367.0,42.6,28.9,31.0
2024-07-27 10:00:00,29.3,75,24.5,0.1,6.5,96,17.3,1001.9,58.6,39.7,351.0,38.9,26.8,50.0
2024-07-27 11:00:00,30.4,70,24.2,0.1,7.8,103,17.6,1001.8,61.0,41.3,337.0,34.6,24.6,73.0
2024-07-27 12:00:00,31.0,66,24.0,0.0,8.7,114,19.1,1001.4,62.6,42.1,328.0,29.0,22.2,103.0
2024-07-27 13:00:00,31.8,63,24.0,0.0,9.7,121,20.5,1000.7,62.9,42.1,321.0,22.8,19.6,136.0
2024-07-27 14:00:00,32.2,60,23.5,0.0,8.1,122,20.5,1000.0,63.1,42.0,315.0,19.5,17.8,158.0
2024-07-27 15:00:00,32.8,57,23.0,0.0,6.5,124,17.6,999.3,63.6,42.1,300.0,18.3,16.6,166.0
2024-07-27 16:00:00,32.8,57,23.2,0.0,7.5,125,14.8,998.9,63.1,41.7,287.0,19.9,16.2,162.0
2024-07-27 17:00:00,32.7,58,23.5,0.0,8.4,121,15.5,998.7,60.8,39.9,307.0,29.5,17.3,145.0
2024-07-27 18:00:00,31.8,66,24.5,0.0,9.4,108,15.1,998.9,61.9,40.9,392.0,55.4,21.3,104.0
2024-07-27 19:00:00,30.2,72,24.8,0.0,12.1,107,18.4,999.8,69.2,46.1,509.0,89.4,26.8,49.0
2024-07-27 20:00:00,29.0,78,24.8,0.0,12.5,123,19.8,1000.5,83.6,54.7,473.0,85.5,27.3,27.0
2024-07-27 21:00:00,28.5,80,24.7,0.0,12.6,127,20.2,1001.0,75.9,49.4,493.0,85.3,28.7,19.0
2024-07-27 22:00:00,27.6,84,24.8,0.0,9.2,135,19.4,1000.9,71.9,46.9,520.0,84.8,30.6,8.0
2024-07-27 23:00:00,26.7,90,24.9,0.0,3.8,41,14.0,1000.8,76.1,50.2,538.0,83.3,31.9,0.0
2024-07-28 00:00:00,26.2,93,25.0,0.0,5.4,8,8.3,1000.3,78.0,51.6,540.0,80.0,31.9,0.0
2024-07-28 01:00:00,25.6,95,24.9,0.0,6.1,3,9.7,999.8,72.9,48.9,533.0,75.5,31.4,0.0
2024-07-28 02:00:00,25.4,95,24.5,0.0,5.8,360,10.1,999.4,70.5,47.6,526.0,71.4,31.2,0.0
2024-07-28 03:00:00,25.0,95,24.2,0.0,4.7,351,9.0,998.9,69.4,47.0,523.0,68.5,31.7,0.0
2024-07-28 04:00:00,24.9,96,24.1,0.0,4.6,342,7.2,998.5,69.8,47.6,520.0,65.9,32.6,0.0
2024-07-28 05:00:00,24.8,96,24.0,0.0,3.7,349,7.2,998.2,70.8,48.5,513.0,62.1,33.5,0.0
2024-07-28 06:00:00,25.5,93,24.3,0.0,1.0,225,5.0,998.4,74.7,51.6,500.0,56.0,34.7,8.0
2024-07-28 07:00:00,26.5,88,24.4,0.0,5.2,192,10.4,998.8,81.7,56.1,483.0,48.7,36.0,19.0
2024-07-28 08:00:00,27.7,84,24.6,0.0,5.4,222,13.7,998.7,46.4,31.4,483.0,47.7,51.8,26.0
2024-07-28 09:00:00,29.5,79,25.5,0.0,3.5,246,12.6,998.3,48.4,32.5,457.0,43.6,45.7,47.0
2024-07-28 10:00:00,30.6,74,25.5,0.0,3.4,238,12.6,998.2,54.8,36.6,421.0,37.9,37.2,77.0
2024-07-28 11:00:00,31.7,71,25.8,0.0,7.7,217,18.0,998.1,61.5,40.4,400.0,33.0,31.0,109.0
2024-07-28 12:00:00,32.5,68,25.8,0.0,11.1,216,23.0,997.9,65.4,42.4,401.0,28.8,28.8,144.0
2024-07-28 13:00:00,33.2,63,25.2,0.0,12.0,221,23.8,997.2,69.8,44.9,415.0,25.3,28.8,180.0
2024-07-28 14:00:00,33.7,61,25.0,0.0,12.8,232,25.2,996.7,74.5,48.1,442.0,25.5,30.1,204.0
2024-07-28 15:00:00,34.2,58,24.8,0.0,9.7,228,24.1,996.0,77.5,50.1,475.0,28.7,32.7,211.0
2024-07-28 16:00:00,34.2,56,24.1,0.0,10.9,224,20.2,995.6,83.4,54.0,519.0,35.4,36.5,205.0
2024-07-28 17:00:00,33.7,59,24.6,0.0,11.8,218,20.2,995.4,92.4,60.5,594.0,50.4,40.5,183.0
2024-07-28 18:00:00,32.8,69,26.2,0.0,13.4,216,22.3,995.8,114.1,76.4,727.0,82.4,44.7,135.0
2024-07-28 19:00:00,31.6,72,26.0,0.0,12.6,211,20.9,996.3,130.4,88.2,890.0,122.7,48.9,71.0
2024-07-28 20:00:00,30.6,75,25.6,0.0,13.6,220,21.2,996.9,121.1,81.7,886.0,124.3,55.4,22.0
2024-07-28 21:00:00,30.2,76,25.5,0.0,8.9,220,19.1,998.4,125.7,85.2,924.0,119.1,55.9,17.0
2024-07-28 22:00:00,29.6,78,25.4,0.0,10.4,194,15.8,998.2,127.6,86.6,974.0,111.6,56.5,10.0
2024-07-28 23:00:00,29.3,76,24.6,0.0,9.4,198,16.2,998.3,131.8,89.9,1004.0,103.8,56.0,4.0
2024-07-29 00:00:00,29.0,77,24.5,0.0,9.6,193,14.8,998.3,136.0,92.9,992.0,96.0,53.3,1.0
2024-07-29 01:00:00,28.4,81,24.8,0.0,7.5,197,14.8,998.2,136.9,94.1,959.0,88.0,49.5,1.0
2024-07-29 02:00:00,27.9,84,25.0,0.0,5.4,233,11.2,998.0,136.9,94.1,931.0,81.1,46.8,0.0
2024-07-29 03:00:00,28.2,83,25.0,0.0,2.4,207,7.9,997.8,136.0,93.6,921.0,75.7,45.5,0.0
2024-07-29 04:00:00,27.0,89,25.0,0.0,4.1,128,5.8,997.8,135.5,93.4,917.0,71.4,45.4,0.0
2024-07-29 05:00:00,27.5,86,24.9,0.0,2.1,211,4.7,998.1,137.8,95.0,905.0,67.9,47.6,0.0
2024-07-29 06:00:00,27.3,87,25.0,0.0,2.4,207,3.2,998.7,148.5,102.2,882.0,65.0,54.5,5.0
2024-07-29 07:00:00,28.0,87,25.6,0.0,3.3,311,8.3,998.9,141.6,96.9,851.0,62.9,63.9,14.0
2024-07-29 08:00:00,28.9,85,26.1,0.0,4.7,337,12.2,999.4,101.7,68.9,736.0,59.3,64.7,24.0
2024-07-29 09:00:00,30.4,77,25.9,0.0,5.6,225,15.1,1000.2,101.7,68.5,693.0,59.4,62.0,42.0
2024-07-29 10:00:00,31.6,72,26.0,0.0,7.1,210,16.9,999.8,105.5,70.5,633.0,59.2,58.1,67.0
2024-07-29 11:00:00,32.8,66,25.5,0.0,8.9,212,19.8,999.3,111.5,73.8,581.0,56.5,53.8,96.0
2024-07-29 12:00:00,33.6,61,25.1,0.0,9.4,203,20.2,998.9,117.6,77.1,543.0,47.6,48.9,134.0
2024-07-29 13:00:00,34.4,59,25.3,0.0,10.2,190,21.2,998.2,115.7,74.7,514.0,36.2,43.6,175.0
2024-07-29 14:00:00,34.2,60,25.4,0.0,11.9,180,23.4,997.6,112.5,71.9,499.0,30.6,39.5,199.0
2024-07-29 15:00:00,34.0,61,25.3,0.0,9.9,190,23.4,997.2,111.3,70.8,487.0,33.2,36.8,196.0
2024-07-29 16:00:00,32.9,62,24.8,0.0,9.4,203,25.2,996.9,109.7,70.3,490.0,41.7,35.3,176.0
2024-07-29 17:00:00,29.6,74,24.5,0.4,19.5,210,28.8,997.6,122.0,79.4,553.0,57.8,36.2,147.0
2024-07-29 18:00:00,27.6,86,25.1,2.1,8.2,195,34.2,997.4,127.6,83.8,730.0,89.2,41.4,104.0
2024-07-29 19:00:00,27.4,90,25.6,0.2,9.8,174,16.9,998.1,145.8,97.3,968.0,128.1,49.0,53.0
2024-07-29 20:00:00,27.2,92,25.8,0.0,4.1,142,15.5,998.4,184.4,125.7,1172.0,146.2,58.3,25.0
2024-07-29 21:00:00,28.4,89,26.4,0.0,7.3,110,10.4,998.7,173.2,118.3,1118.0,139.6,55.9,18.0
2024-07-29 22:00:00,27.9,91,26.3,0.0,8.6,112,14.0,998.6,158.8,109.0,1040.0,130.0,52.5,9.0
2024-07-29 23:00:00,27.4,93,26.1,0.0,5.2,106,13.0,998.7,144.4,99.2,956.0,119.3,48.8,3.0
2024-07-30 00:00:00,27.1,94,26.0,0.0,5.2,56,8.3,998.5,137.8,94.8,868.0,107.6,44.8,3.0
2024-07-30 01:00:00,26.8,94,25.7,0.3,7.9,47,11.9,998.0,125.3,86.6,774.0,94.9,40.5,6.0
2024-07-30 02:00:00,26.2,95,25.4,0.2,8.4,65,15.1,997.7,105.5,73.1,687.0,83.0,37.2,10.0
2024-07-30 03:00:00,24.6,94,23.6,5.1,16.0,99,28.1,997.7,87.5,60.8,606.0,72.0,35.4,16.0
2024-07-30 04:00:00,24.6,96,24.0,3.9,8.4,65,24.8,997.1,70.5,49.1,531.0,61.9,34.5,24.0
2024-07-30 05:00:00,24.5,97,23.9,4.7,8.6,360,15.5,997.0,53.8,37.5,479.0,54.5,33.8,30.0
2024-07-30 06:00:00,24.5,97,24.0,5.4,7.6,31,15.5,996.7,33.8,23.5,464.0,51.5,33.1,34.0
2024-07-30 07:00:00,24.5,98,24.2,3.6,13.2,73,21.6,995.9,24.6,17.2,472.0,51.2,32.6,36.0
2024-07-30 08:00:00,25.0,97,24.6,3.2,18.3,160,28.8,995.6,27.0,18.9,508.0,55.9,31.7,29.0
2024-07-30 09:00:00,26.3,89,24.4,0.2,16.4,154,28.8,996.6,24.2,17.0,482.0,52.2,29.9,36.0
2024-07-30 10:00:00,26.8,90,25.0,0.3,17.8,166,33.1,996.2,28.8,20.2,446.0,47.2,27.6,47.0
2024-07-30 11:00:00,27.6,86,25.0,0.2,16.6,181,32.8,995.9,34.1,23.9,426.0,44.6,26.5,55.0
2024-07-30 12:00:00,28.7,81,25.1,0.2,11.9,194,32.4,995.3,38.8,27.1,436.0,46.3,28.1,59.0
2024-07-30 13:00:00,27.2,87,24.8,3.6,11.7,198,34.9,994.4,49.8,34.9,461.0,50.2,30.9,62.0
2024-07-30 14:00:00,29.0,82,25.6,0.1,5.1,176,22.0,993.5,59.1,41.3,480.0,54.1,32.3,64.0
2024-07-30 15:00:00,27.7,87,25.2,2.9,13.7,178,33.5,993.5,69.6,48.7,475.0,56.5,30.6,68.0
2024-07-30 16:00:00,27.1,89,25.2,0.9,16.3,175,31.3,992.9,71.0,49.7,462.0,58.8,27.5,71.0
2024-07-30 17:00:00,26.0,93,24.9,3.5,17.2,164,33.8,992.5,66.8,46.7,473.0,62.7,25.5,68.0
2024-07-30 18:00:00,25.1,95,24.3,1.1,18.6,170,34.2,992.2,66.4,46.4,538.0,71.2,25.7,54.0
2024-07-30 19:00:00,25.2,95,24.4,2.1,14.9,165,29.5,992.4,74.7,52.3,626.0,81.4,27.0,34.0
2024-07-30 20:00:00,25.2,96,24.5,3.8,11.6,154,29.2,992.5,54.4,38.1,585.0,82.0,26.5,30.0
2024-07-30 21:00:00,25.7,96,25.0,8.9,15.8,201,28.1,992.3,59.4,41.6,585.0,83.7,29.4,26.0
2024-07-30 22:00:00,25.6,97,25.1,0.2,12.7,205,24.8,991.7,51.9,36.3,584.0,85.9,33.4,20.0
2024-07-30 23:00:00,25.8,96,25.2,0.1,15.2,185,22.7,991.8,54.6,38.3,580.0,85.4,36.1,16.0
2024-07-31 00:00:00,25.9,96,25.1,0.1,16.0,188,27.7,991.8,50.1,35.0,568.0,79.7,36.2,18.0
2024-07-31 01:00:00,25.9,95,25.0,0.0,16.2,192,25.6,991.5,53.3,37.4,553.0,71.4,35.1,21.0
2024-07-31 02:00:00,25.8,96,25.0,0.0,11.8,203,24.8,991.1,58.9,41.2,545.0,65.4,34.3,22.0
2024-07-31 03:00:00,25.6,96,25.0,0.0,8.6,195,18.0,991.4,64.5,45.2,549.0,64.2,33.6,16.0
2024-07-31 04:00:00,25.7,96,25.1,0.0,7.7,191,13.7,991.8,67.1,46.9,560.0,65.3,33.3,6.0
2024-07-31 05:00:00,25.5,98,25.1,0.0,4.7,203,11.9,991.7,73.1,51.1,581.0,66.1,35.4,1.0
2024-07-31 06:00:00,25.5,98,25.2,0.1,3.6,225,7.6,991.9,73.8,51.6,623.0,66.0,42.7,1.0
2024-07-31 07:00:00,26.0,95,25.2,0.0,5.9,194,10.4,992.0,69.6,48.7,673.0,65.5,52.5,6.0
2024-07-31 08:00:00,26.2,94,25.1,0.0,7.6,175,13.0,992.3,86.6,60.8,646.0,58.7,47.8,33.0
2024-07-31 09:00:00,27.8,84,24.9,0.0,4.3,185,13.3,991.9,81.0,56.7,622.0,54.3,46.8,63.0
2024-07-31 10:00:00,29.1,80,25.3,0.0,5.4,188,14.8,992.0,83.4,58.3,588.0,47.9,45.5,106.0
2024-07-31 11:00:00,29.9,77,25.5,0.0,6.1,180,16.6,992.0,86.6,60.5,565.0,41.8,44.3,149.0
2024-07-31 12:00:00,30.9,69,24.6,0.0,5.4,176,16.6,991.5,82.4,57.7,558.0,35.4,43.6,192.0
2024-07-31 13:00:00,31.6,67,24.8,0.0,5.4,180,15.5,991.0,83.1,58.1,562.0,29.1,43.1,234.0
2024-07-31 14:00:00,31.6,69,25.2,0.0,7.0,201,17.6,990.4,92.4,64.5,573.0,26.5,42.7,262.0
2024-07-31 15:00:00,31.5,71,25.8,0.0,6.9,219,17.6,989.9,99.0,69.2,585.0,27.2,42.4,273.0
2024-07-31 16:00:00,28.8,81,25.2,2.7,13.0,222,24.5,989.7,104.8,73.1,604.0,31.6,42.4,269.0
2024-07-31 17:00:00,28.6,81,25.0,0.0,7.8,193,24.1,989.6,110.8,77.3,651.0,44.0,42.6,245.0
2024-07-31 18:00:00,27.6,81,24.0,0.1,17.0,212,26.6,990.0,114.3,79.9,740.0,72.2,43.2,186.0
2024-07-31 19:00:00,26.5,85,23.8,0.1,8.8,161,26.6,990.5,124.3,86.8,856.0,108.4,44.1,106.0
2024-07-31 20:00:00,25.9,89,23.9,0.0,6.8,162,14.0,991.0,167.6,116.9,1099.0,152.4,54.1,44.0
2024-07-31 21:00:00,26.0,93,24.9,0.0,3.1,111,12.6,991.8,200.7,140.2,1279.0,155.3,62.1,31.0
2024-07-31 22:00:00,25.6,95,24.7,0.0,3.9,112,4.7,992.2,229.1,160.2,1525.0,159.0,72.9,13.0
2024-07-31 23:00:00,25.3,95,24.5,0.0,4.3,95,5.4,992.4,246.8,172.8,1701.0,158.3,79.7,0.0
2024-08-01 00:00:00,25.2,95,24.5,0.0,3.6,45,5.8,992.1,254.3,177.9,1750.0,150.0,78.9,0.0
2024-08-01 01:00:00,24.9,98,24.5,0.0,3.6,37,6.1,991.7,254.3,177.9,1729.0,137.5,74.0,0.0
2024-08-01 02:00:00,24.4,99,24.2,0.0,3.4,18,5.8,991.8,243.1,170.4,1670.0,125.9,68.9,0.0
2024-08-01 03:00:00,24.2,99,24.1,0.0,3.9,22,5.8,991.8,218.4,152.7,1569.0,117.1,64.2,0.0
2024-08-01 04:00:00,24.1,99,24.0,0.0,4.2,20,6.8,992.1,200.7,140.6,1429.0,109.4,59.3,0.0
2024-08-01 05:00:00,23.9,100,23.8,0.0,4.5,14,7.2,992.2,190.0,132.7,1295.0,102.3,56.5,0.0
2024-08-01 06:00:00,24.1,99,23.9,0.0,6.5,360,10.8,992.7,182.1,127.6,1181.0,97.1,57.8,12.0
2024-08-01 07:00:00,25.1,93,24.0,0.0,6.1,360,12.6,993.2,179.7,125.3,1073.0,92.5,61.1,31.0
2024-08-01 08:00:00,26.1,90,24.4,0.0,5.1,356,12.6,993.4,157.4,109.9,954.0,84.4,58.2,45.0
2024-08-01 09:00:00,28.4,82,25.0,0.0,8.4,20,18.4,993.4,162.5,113.2,843.0,71.0,52.8,81.0
2024-08-01 10:00:00,30.0,74,24.7,0.0,7.4,29,18.4,993.6,139.2,96.9,689.0,52.3,45.3,130.0
2024-08-01 11:00:00,31.0,67,24.2,0.0,7.2,37,17.6,993.4,118.7,82.4,568.0,37.5,39.0,173.0
2024-08-01 12:00:00,31.8,63,23.9,0.0,5.1,39,17.6,993.3,108.7,75.4,510.0,29.3,34.9,203.0
2024-08-01 13:00:00,31.8,62,23.5,0.0,4.9,324,16.9,993.2,107.1,74.3,485.0,25.0,32.0,225.0
2024-08-01 14:00:00,32.0,59,22.9,0.0,4.4,325,17.3,992.7,108.3,75.0,480.0,24.9,31.0,238.0
2024-08-01 15:00:00,32.2,56,22.4,0.0,3.3,264,16.2,992.1,107.6,74.5,470.0,26.1,31.9,242.0
2024-08-01 16:00:00,32.2,56,22.4,0.0,4.0,243,11.5,991.6,113.2,78.5,480.0,31.5,34.8,235.0
2024-08-01 17:00:00,32.0,58,22.8,0.0,4.8,207,11.2,991.4,121.1,84.1,569.0,50.4,39.7,211.0
2024-08-01 18:00:00,31.2,65,23.9,0.0,6.6,171,11.9,992.0,132.2,91.7,796.0,96.5,47.9,156.0
2024-08-01 19:00:00,29.6,77,25.2,0.0,4.1,195,10.4,992.5,180.7,125.7,1102.0,156.2,58.2,83.0
2024-08-01 20:00:00,28.1,84,25.1,0.0,6.8,238,7.6,993.4,212.8,148.5,1326.0,200.4,75.8,39.0
2024-08-01 21:00:00,29.0,75,24.0,0.0,5.9,133,6.5,994.3,243.1,169.5,1418.0,197.4,79.5,27.0
2024-08-01 22:00:00,28.5,76,23.7,0.0,5.2,102,6.5,994.3,252.4,176.0,1542.0,192.8,84.5,12.0
2024-08-01 23:00:00,27.0,82,23.8,0.0,4.3,48,6.5,994.1,256.1,178.8,1613.0,185.1,86.7,0.0
2024-08-02 00:00:00,26.6,87,24.4,0.0,4.1,345,6.1,994.3,255.2,178.3,1588.0,173.0,84.1,0.0
2024-08-02 01:00:00,24.7,89,22.8,2.6,5.2,282,31.0,994.0,250.5,175.1,1510.0,157.8,78.7,0.0
2024-08-02 02:00:00,24.3,93,23.1,0.0,8.3,182,17.3,994.1,244.0,170.4,1427.0,142.8,72.7,0.0
2024-08-02 03:00:00,24.0,95,23.2,0.0,2.9,150,12.6,994.2,233.3,163.0,1353.0,128.4,65.7,0.0
2024-08-02 04:00:00,23.8,96,23.2,0.0,2.4,117,5.0,994.2,218.9,152.7,1275.0,114.1,58.0,0.0
2024-08-02 05:00:00,23.5,98,23.2,0.0,3.1,111,4.7,994.7,197.4,137.8,1193.0,101.3,52.8,0.0
2024-08-02 06:00:00,24.0,96,23.2,0.0,4.4,55,7.2,995.0,179.3,125.3,1106.0,90.3,52.1,11.0
2024-08-02 07:00:00,24.9,91,23.3,0.0,5.5,11,11.5,995.6,178.3,124.8,1017.0,80.8,53.8,26.0
2024-08-02 08:00:00,26.2,84,23.2,0.0,7.1,15,15.1,995.9,153.2,106.6,881.0,78.3,48.4,35.0
2024-08-02 09:00:00,28.5,84,25.5,0.0,4.6,18,14.4,996.6,136.4,94.8,812.0,75.1,46.8,41.0
2024-08-02 10:00:00,29.8,79,25.8,0.0,4.7,23,14.0,996.4,119.0,82.2,716.0,70.5,44.4,51.0
2024-08-02 11:00:00,30.9,73,25.5,0.0,4.0,10,14.4,996.0,108.5,74.7,646.0,65.6,42.2,68.0
2024-08-02 12:00:00,32.0,69,25.5,0.0,1.4,180,13.3,995.5,109.4,75.4,624.0,59.7,40.2,97.0
2024-08-02 13:00:00,29.2,78,24.9,1.3,28.2,120,42.1,996.1,109.7,75.4,627.0,53.6,38.2,133.0
2024-08-02 14:00:00,27.2,88,25.0,1.0,8.7,185,50.0,996.1,106.9,73.8,636.0,50.4,36.8,160.0
2024-08-02 15:00:00,28.9,82,25.5,0.0,5.9,38,18.7,995.5,109.7,75.7,636.0,50.4,36.0,174.0
2024-08-02 16:00:00,28.6,82,25.1,0.1,11.9,115,25.6,995.6,109.9,75.9,642.0,53.4,35.8,178.0
2024-08-02 17:00:00,28.9,80,25.0,0.0,8.6,57,21.2,995.8,110.8,76.6,675.0,61.4,35.9,168.0
2024-08-02 18:00:00,28.8,79,24.8,0.0,9.2,42,15.8,996.1,130.4,90.1,776.0,80.8,36.9,132.0
2024-08-02 19:00:00,27.9,84,24.9,0.0,9.6,13,15.8,996.9,154.6,107.1,906.0,105.3,38.3,81.0
2024-08-02 20:00:00,26.9,88,24.7,0.0,8.1,13,15.1,997.5,136.4,94.1,818.0,108.4,33.7,53.0
2024-08-02 21:00:00,26.2,93,25.1,0.3,11.3,59,25.9,999.4,120.6,83.4,774.0,96.6,32.8,55.0
2024-08-02 22:00:00,25.4,94,24.4,1.7,7.2,72,23.8,999.5,101.5,70.3,715.0,80.5,31.5,57.0
2024-08-02 23:00:00,24.0,99,23.7,6.5,12.8,140,24.1,1000.4,107.6,74.7,680.0,70.0,31.2,54.0
2024-08-03 00:00:00,24.5,91,22.9,1.0,7.6,121,25.2,999.9,114.1,79.4,695.0,71.2,32.6,42.0
2024-08-03 01:00:00,24.6,91,23.0,0.0,4.1,45,13.0,999.2,119.7,83.1,734.0,78.0,34.9,26.0
2024-08-03 02:00:00,24.5,93,23.2,0.0,8.0,27,12.6,999.1,124.3,86.6,758.0,81.2,36.8,16.0
2024-08-03 03:00:00,24.4,94,23.4,0.0,8.0,36,13.3,998.9,125.3,87.1,748.0,76.1,37.8,15.0
2024-08-03 04:00:00,24.5,94,23.5,0.0,8.4,7,13.3,999.1,125.3,86.8,722.0,67.3,38.4,19.0
2024-08-03 05:00:00,24.5,94,23.5,0.0,8.6,2,14.0,999.0,125.3,87.1,695.0,60.3,38.4,27.0
2024-08-03 06:00:00,24.5,94,23.5,0.1,9.4,4,15.1,999.3,124.8,86.8,669.0,57.2,37.6,40.0
2024-08-03 07:00:00,24.8,93,23.6,0.3,8.6,360,14.8,999.5,124.3,85.9,642.0,55.8,36.2,57.0
2024-08-03 08:00:00,25.0,94,24.0,0.2,9.2,11,16.2,999.6,143.0,98.5,742.0,63.3,40.4,47.0
2024-08-03 09:00:00,26.7,90,24.9,0.5,12.3,38,22.7,1000.1,129.5,88.2,686.0,56.7,37.2,68.0
2024-08-03 10:00:00,27.5,86,25.0,0.0,12.0,74,23.4,1000.2,121.1,82.0,608.0,47.7,32.8,98.0
2024-08-03 11:00:00,28.7,82,25.3,0.1,10.1,92,24.1,1000.3,117.3,79.4,545.0,41.0,28.9,121.0
2024-08-03 12:00:00,29.8,80,26.0,0.0,7.2,108,24.1,999.4,106.4,71.2,511.0,38.2,25.9,133.0
2024-08-03 13:00:00,30.6,79,26.5,0.0,7.4,133,22.3,998.7,106.6,70.5,493.0,37.7,23.5,138.0
2024-08-03 14:00:00,29.5,79,25.5,0.4,16.3,152,26.6,998.1,110.4,73.6,488.0,39.5,22.4,139.0
2024-08-03 15:00:00,28.1,84,25.0,0.8,2.6,214,32.8,997.7,119.7,80.3,496.0,43.6,23.5,136.0
2024-08-03 16:00:00,28.5,83,25.3,0.0,1.1,360,10.4,997.6,112.5,75.7,517.0,50.0,25.9,128.0
2024-08-03 17:00:00,28.9,82,25.5,0.0,3.8,41,9.0,997.2,108.0,73.8,545.0,59.3,28.4,114.0
2024-08-03 18:00:00,29.0,82,25.5,0.0,5.8,22,11.5,997.3,102.0,70.1,588.0,75.1,30.6,90.0
2024-08-03 19:00:00,28.4,86,25.7,0.0,6.1,28,11.5,997.6,102.2,71.0,638.0,93.8,32.9,60.0
2024-08-03 20:00:00,27.1,93,25.9,0.1,4.4,35,9.7,998.2,84.5,58.7,549.0,70.0,29.5,77.0
2024-08-03 21:00:00,24.7,95,23.9,4.5,12.5,319,22.7,999.2,81.3,56.5,562.0,72.5,30.4,66.0
2024-08-03 22:00:00,24.4,97,23.9,2.3,11.3,287,20.2,999.9,70.5,49.1,580.0,75.8,31.5,50.0
2024-08-03 23:00:00,24.5,95,23.5,2.3,7.5,343,22.7,999.3,64.0,44.7,587.0,76.7,32.0,39.0
2024-08-04 00:00:00,24.7,96,24.0,1.5,4.7,4,17.3,999.5,58.9,41.2,573.0,72.9,31.2,37.0
2024-08-04 01:00:00,24.6,96,24.0,1.1,7.9,24,12.6,998.1,51.1,35.7,548.0,66.7,29.7,39.0
2024-08-04 02:00:00,24.3,97,23.8,3.5,8.8,19,21.6,997.9,46.6,32.6,527.0,61.6,28.7,40.0
2024-08-04 03:00:00,24.2,97,23.6,4.8,6.9,28,21.6,998.0,45.8,31.9,512.0,58.8,28.5,38.0
2024-08-04 04:00:00,24.2,96,23.5,1.3,7.7,53,19.8,997.9,44.1,30.9,502.0,57.2,28.7,36.0
2024-08-04 05:00:00,24.0,97,23.5,1.4,9.7,27,17.3,997.7,42.5,29.7,503.0,56.8,29.1,35.0
2024-08-04 06:00:00,23.9,98,23.5,11.2,10.3,102,20.5,997.3,41.2,28.8,529.0,59.1,29.7,34.0
2024-08-04 07:00:00,24.5,95,23.6,1.8,4.1,232,20.5,997.5,41.9,29.3,567.0,62.6,30.5,35.0
2024-08-04 08:00:00,25.0,91,23.4,0.0,3.8,41,9.7,998.5,23.4,16.4,507.0,56.2,27.4,56.0
2024-08-04 09:00:00,26.8,92,25.3,0.1,7.5,107,15.5,997.7,23.8,16.6,510.0,52.8,28.4,69.0
2024-08-04 10:00:00,27.0,90,25.1,0.0,10.2,122,19.4,997.8,28.9,20.3,515.0,48.0,29.6,87.0
2024-08-04 11:00:00,28.1,83,25.0,0.0,1.8,79,20.9,997.3,32.2,22.6,514.0,43.8,30.0,106.0
2024-08-04 12:00:00,30.7,71,24.9,0.0,3.3,49,13.3,997.0,38.5,27.0,502.0,40.2,28.5,126.0
2024-08-04 13:00:00,31.1,70,25.0,0.0,10.3,119,20.9,996.4,46.3,32.4,486.0,37.1,26.2,147.0
2024-08-04 14:00:00,31.1,71,25.1,0.0,9.2,141,20.9,996.0,52.2,36.3,479.0,36.1,24.8,161.0
2024-08-04 15:00:00,31.5,69,25.0,0.0,7.6,155,19.4,995.4,57.0,39.8,471.0,35.2,24.4,168.0
2024-08-04 16:00:00,31.2,69,25.0,0.0,11.2,165,19.8,994.9,60.5,42.4,474.0,36.3,24.8,167.0
2024-08-04 17:00:00,30.6,73,25.3,0.0,12.0,171,20.2,995.1,61.2,42.8,534.0,46.6,27.7,152.0
2024-08-04 18:00:00,29.9,78,25.6,0.0,10.6,162,19.8,995.3,67.8,47.3,693.0,75.6,34.5,109.0
2024-08-04 19:00:00,28.7,84,25.7,0.0,10.6,156,16.6,995.7,84.5,59.0,909.0,113.8,43.7,51.0
2024-08-04 20:00:00,27.6,87,25.4,0.0,10.0,154,16.9,995.7,176.0,123.4,1488.0,173.7,74.3,7.0
2024-08-04 21:00:00,27.2,91,25.5,0.1,8.2,203,13.3,997.4,184.4,129.0,1411.0,160.0,70.8,6.0
2024-08-04 22:00:00,26.8,88,24.5,0.0,8.9,249,17.6,997.5,163.9,114.8,1301.0,140.7,65.7,4.0
2024-08-04 23:00:00,26.0,89,24.1,0.0,4.0,207,13.7,997.7,140.2,98.0,1196.0,123.1,60.6,3.0
2024-08-05 00:00:00,25.5,90,23.8,0.0,9.6,167,15.5,997.9,122.0,85.4,1104.0,109.7,55.3,2.0
2024-08-05 01:00:00,24.9,92,23.5,0.0,6.1,220,15.1,997.3,109.2,76.4,1016.0,98.0,50.0,1.0
2024-08-05 02:00:00,24.0,97,23.6,0.0,2.7,247,9.7,997.0,98.5,68.9,944.0,88.5,46.1,0.0
2024-08-05 03:00:00,24.0,98,23.6,0.0,1.8,191,4.3,997.1,88.5,61.9,892.0,81.7,44.1,0.0
2024-08-05 04:00:00,24.2,96,23.6,0.0,3.7,191,6.5,997.4,81.5,57.0,857.0,77.0,43.6,0.0
2024-08-05 05:00:00,24.5,96,23.8,0.0,4.0,260,6.5,997.5,75.4,52.9,837.0,72.8,44.9,0.0
2024-08-05 06:00:00,25.0,96,24.2,0.0,5.3,298,9.0,997.6,75.4,52.7,842.0,68.5,49.4,2.0
2024-08-05 07:00:00,26.1,92,24.8,0.0,5.5,328,11.2,997.8,71.0,49.7,863.0,64.7,55.9,6.0
2024-08-05 08:00:00,27.3,86,24.8,0.0,5.5,337,13.0,998.3,85.0,58.4,923.0,61.7,63.5,43.0
2024-08-05 09:00:00,26.6,86,24.1,0.0,3.1,36,13.0,998.9,87.8,59.1,863.0,56.0,59.9,82.0
2024-08-05 10:00:00,28.3,79,24.2,0.0,4.1,45,13.7,999.0,89.2,59.1,778.0,48.1,54.6,136.0
2024-08-05 11:00:00,29.8,70,23.7,0.0,3.8,41,14.4,998.9,88.7,57.9,696.0,40.6,48.8,181.0
2024-08-05 12:00:00,31.0,64,23.5,0.0,0.7,90,13.7,998.5,86.8,55.4,612.0,33.1,41.6,208.0
2024-08-05 13:00:00,32.0,61,23.5,0.0,2.5,172,11.5,998.1,81.3,49.4,531.0,26.2,33.9,225.0
2024-08-05 14:00:00,32.3,60,23.5,0.0,8.0,188,16.9,997.3,77.5,45.8,491.0,24.4,29.6,234.0
2024-08-05 15:00:00,32.5,61,23.9,0.0,9.1,198,18.7,996.8,78.9,46.9,503.0,27.9,30.6,239.0
2024-08-05 16:00:00,32.4,63,24.5,0.0,10.8,210,19.8,996.4,84.1,51.2,557.0,36.6,35.0,235.0
2024-08-05 17:00:00,31.9,65,24.5,0.0,13.2,215,21.2,995.9,100.1,64.5,664.0,54.7,41.2,215.0
2024-08-05 18:00:00,30.8,72,25.2,0.0,12.2,223,21.2,995.8,128.1,85.2,861.0,91.8,50.2,163.0
2024-08-05 19:00:00,29.1,77,24.7,0.0,9.4,223,19.4,996.4,156.0,105.2,1110.0,138.4,60.9,95.0
2024-08-05 20:00:00,27.5,81,23.9,0.0,7.4,223,14.4,997.2,175.1,120.1,1408.0,199.1,58.7,8.0
2024-08-05 21:00:00,27.5,81,24.0,0.0,7.4,219,11.5,998.3,188.6,129.5,1409.0,189.2,60.6,7.0
2024-08-05 22:00:00,26.5,85,23.8,0.0,6.2,234,11.2,998.4,187.2,129.0,1407.0,174.9,63.1,5.0
2024-08-05 23:00:00,25.4,91,23.7,0.0,7.7,233,9.0,998.6,179.3,123.9,1390.0,160.4,63.7,3.0
2024-08-06 00:00:00,25.8,87,23.5,0.0,5.1,225,9.0,998.5,170.4,117.6,1345.0,146.4,60.8,2.0
2024-08-06 01:00:00,25.2,89,23.2,0.0,4.6,129,5.8,998.6,168.1,116.2,1285.0,132.0,56.1,2.0
2024-08-06 02:00:00,26.2,85,23.5,0.0,2.6,124,5.8,998.9,168.6,116.6,1231.0,119.2,52.0,2.0
2024-08-06 03:00:00,25.9,87,23.5,0.0,2.2,360,2.9,999.2,166.2,115.3,1191.0,108.3,49.0,0.0
2024-08-06 04:00:00,24.5,94,23.4,0.0,4.3,336,6.5,999.1,163.9,113.6,1157.0,98.9,46.6,0.0
2024-08-06 05:00:00,24.2,96,23.5,0.0,6.5,354,10.4,999.3,160.2,111.1,1130.0,91.4,46.0,1.0
2024-08-06 06:00:00,24.0,96,23.2,0.0,8.3,2,11.9,999.9,156.9,109.0,1120.0,86.9,48.0,10.0
2024-08-06 07:00:00,25.0,93,23.8,0.0,7.6,19,14.0,1000.4,157.4,109.0,1117.0,84.3,51.7,25.0
2024-08-06 08:00:00,26.5,88,24.4,0.0,8.0,18,16.6,1000.5,114.3,79.6,877.0,81.9,48.1,60.0
2024-08-06 09:00:00,28.2,83,25.0,0.0,7.6,45,18.0,1001.0,129.0,90.1,854.0,74.9,50.3,87.0
2024-08-06 10:00:00,29.5,77,25.1,0.0,4.2,70,17.3,1000.7,132.2,92.0,820.0,64.8,53.0,125.0
2024-08-06 11:00:00,30.6,71,24.7,0.0,4.3,132,14.0,1000.4,113.4,78.7,781.0,55.1,53.3,160.0
2024-08-06 12:00:00,31.6,65,24.2,0.0,5.4,172,15.1,1000.0,108.5,75.2,731.0,45.3,48.7,191.0
2024-08-06 13:00:00,32.2,61,23.8,0.0,7.9,177,17.6,999.5,96.2,66.1,675.0,35.7,41.6,219.0
2024-08-06 14:00:00,32.4,57,22.9,0.0,9.5,191,20.2,999.3,88.5,60.5,637.0,30.7,36.2,236.0
2024-08-06 15:00:00,32.2,57,22.5,0.0,7.1,221,19.4,998.9,86.4,59.0,613.0,29.3,33.9,242.0
2024-08-06 16:00:00,31.6,59,22.6,0.0,7.4,209,15.5,998.4,86.6,59.3,607.0,32.5,33.2,236.0
2024-08-06 17:00:00,31.6,59,22.5,0.0,7.6,172,15.1,998.4,96.4,65.9,654.0,47.2,34.6,213.0
2024-08-06 18:00:00,30.9,65,23.5,0.0,4.8,167,14.0,998.1,112.0,76.8,782.0,84.2,38.4,158.0
2024-08-06 19:00:00,29.1,74,24.0,0.0,6.6,139,9.4,998.7,142.0,98.3,963.0,132.7,44.1,86.0
2024-08-06 20:00:00,27.7,80,24.0,0.0,8.4,137,12.6,999.7,145.8,101.3,1112.0,153.1,50.0,33.0
2024-08-06 21:00:00,26.9,88,24.8,0.0,5.9,191,7.9,1000.6,170.4,118.7,1212.0,151.1,53.2,23.0
2024-08-06 22:00:00,26.5,87,24.2,0.0,5.9,133,8.6,1000.6,188.6,131.3,1347.0,148.0,57.5,10.0
2024-08-06 23:00:00,26.0,86,23.4,0.0,6.6,167,11.9,1000.7,190.9,133.2,1426.0,142.7,59.8,0.0
2024-08-07 00:00:00,25.4,88,23.2,0.0,5.4,176,9.7,1000.5,187.2,129.9,1400.0,134.1,58.2,0.0
2024-08-07 01:00:00,24.9,91,23.3,0.0,6.1,140,7.6,1000.1,182.5,127.1,1318.0,123.3,54.7,0.0
2024-08-07 02:00:00,25.0,91,23.4,0.0,2.9,83,7.2,999.8,181.6,126.2,1243.0,113.2,51.8,0.0
2024-08-07 03:00:00,24.7,92,23.2,0.0,2.5,45,4.3,999.6,182.1,126.7,1199.0,104.6,49.8,0.0
2024-08-07 04:00:00,24.5,93,23.2,0.0,4.5,14,6.5,999.7,181.6,126.2,1162.0,96.6,48.4,0.0
2024-08-07 05:00:00,24.3,94,23.2,0.0,6.9,6,10.8,999.7,180.2,125.3,1120.0,89.3,49.3,2.0
2024-08-07 06:00:00,24.4,94,23.5,0.0,8.4,7,12.6,999.8,176.0,122.5,1067.0,82.3,54.7,9.0
2024-08-07 07:00:00,25.0,94,24.0,0.0,9.0,360,15.1,1000.6,173.7,120.1,1010.0,76.1,62.5,20.0
2024-08-07 08:00:00,25.9,91,24.4,0.0,6.4,27,15.8,1000.8,164.4,112.5,908.0,79.3,61.1,25.0
2024-08-07 09:00:00,27.4,86,24.8,0.0,2.3,72,11.5,1001.1,160.7,109.7,865.0,78.3,60.4,41.0
2024-08-07 10:00:00,28.2,80,24.5,0.0,3.9,158,10.4,1000.9,152.3,103.6,806.0,76.8,59.4,62.0
2024-08-07 11:00:00,29.4,75,24.5,0.0,6.2,187,14.0,1000.7,133.2,90.3,763.0,75.1,58.4,79.0
2024-08-07 12:00:00,29.5,73,24.2,0.0,8.2,203,15.8,1000.2,123.4,83.1,754.0,72.9,57.7,84.0
2024-08-07 13:00:00,29.5,72,24.0,0.0,10.3,216,18.7,999.9,114.6,77.5,761.0,70.6,57.1,84.0
2024-08-07 14:00:00,29.5,72,24.0,0.0,11.4,208,20.5,999.3,109.9,75.0,766.0,69.0,55.9,89.0
2024-08-07 15:00:00,29.7,72,24.0,0.0,11.6,202,20.9,998.5,100.6,68.7,739.0,65.7,53.1,110.0
2024-08-07 16:00:00,29.7,71,24.0,0.0,12.3,195,21.6,998.1,97.6,66.8,709.0,63.2,49.8,134.0
2024-08-07 17:00:00,29.5,71,23.8,0.0,10.2,190,21.6,997.9,100.4,68.7,744.0,70.0,48.8,139.0
2024-08-07 18:00:00,29.2,74,24.0,0.0,8.5,192,17.3,997.9,108.7,74.7,890.0,95.8,51.4,103.0
2024-08-07 19:00:00,27.8,82,24.4,0.0,6.1,208,13.0,998.4,129.9,89.9,1101.0,131.0,56.3,47.0
2024-08-07 20:00:00,26.5,87,24.1,0.0,6.5,199,9.4,998.9,201.6,140.6,1503.0,159.1,77.9,5.0
2024-08-07 21:00:00,27.1,84,24.1,0.0,0.4,90,5.8,999.9,230.5,160.7,1677.0,153.4,83.3,4.0
2024-08-07 22:00:00,25.2,93,24.0,0.0,5.4,160,5.4,999.8,251.5,175.6,1912.0,145.3,90.4,1.0
2024-08-07 23:00:00,24.8,94,23.8,0.0,6.2,216,7.6,999.7,258.9,181.1,2045.0,137.1,93.5,0.0
2024-08-08 00:00:00,24.1,97,23.5,0.0,6.3,246,7.6,999.8,252.4,176.5,1987.0,129.7,89.1,0.0
2024-08-08 01:00:00,24.4,96,23.6,0.0,4.2,239,7.6,999.7,229.6,160.7,1827.0,122.3,80.6,0.0
2024-08-08 02:00:00,24.3,96,23.6,0.0,3.8,253,4.7,999.5,213.3,149.0,1672.0,114.6,72.6,0.0
2024-08-08 03:00:00,23.4,99,23.1,0.0,5.0,210,5.4,999.5,198.4,138.8,1554.0,105.0,65.7,0.0
2024-08-08 04:00:00,23.0,99,22.9,0.0,5.6,225,7.6,999.5,182.5,127.6,1442.0,95.0,59.4,0.0
2024-08-08 05:00:00,23.0,100,23.0,0.0,4.1,308,7.2,999.5,172.8,121.1,1342.0,89.5,56.6,2.0
2024-08-08 06:00:00,23.8,99,23.7,0.0,4.0,360,6.1,1000.0,167.6,117.1,1270.0,93.6,60.8,3.0
2024-08-08 07:00:00,24.4,99,24.1,0.0,4.8,13,10.8,1000.3,160.7,111.8,1211.0,102.1,68.5,7.0
2024-08-08 08:00:00,25.2,94,24.2,0.0,4.4,9,11.9,1000.4,151.3,105.5,1225.0,108.3,82.4,26.0
2024-08-08 09:00:00,27.3,81,23.8,0.0,5.8,22,16.6,1000.6,163.0,113.2,1108.0,97.4,78.0,61.0
2024-08-08 10:00:00,28.8,75,23.9,0.0,3.9,22,15.1,1000.6,160.2,111.1,946.0,82.0,71.8,110.0
2024-08-08 11:00:00,29.6,73,24.2,0.0,1.5,76,13.7,1000.7,128.5,88.5,821.0,68.7,66.4,154.0
2024-08-08 12:00:00,30.6,69,24.4,0.0,4.0,180,13.7,1000.1,125.7,86.4,771.0,59.3,62.9,191.0
2024-08-08 13:00:00,31.6,63,23.8,0.0,5.6,207,15.8,999.2,123.4,84.8,758.0,51.9,60.3,223.0
2024-08-08 14:00:00,32.3,59,23.3,0.0,6.9,208,16.6,998.4,118.5,81.0,745.0,47.1,57.3,242.0
2024-08-08 15:00:00,32.7,56,22.8,0.0,7.3,213,17.3,997.9,112.9,76.6,695.0,41.7,52.7,246.0
2024-08-08 16:00:00,32.8,54,22.4,0.0,8.2,203,16.6,997.4,109.2,73.8,646.0,38.9,47.8,238.0
2024-08-08 17:00:00,32.3,55,22.0,0.0,10.0,201,17.3,996.9,109.9,73.8,672.0,48.9,45.8,210.0
2024-08-08 18:00:00,31.1,65,23.9,0.0,7.0,215,16.6,997.0,135.0,91.7,831.0,84.9,48.6,149.0
2024-08-08 19:00:00,28.8,77,24.4,0.0,7.0,215,11.2,997.4,150.9,103.4,1065.0,133.8,54.4,69.0
2024-08-08 20:00:00,27.0,83,23.9,0.0,8.4,205,10.1,998.0,157.4,108.5,1229.0,161.1,61.8,15.0
2024-08-08 21:00:00,27.0,82,23.8,0.0,7.0,201,7.9,998.9,182.5,126.2,1367.0,154.1,67.3,11.0
2024-08-08 22:00:00,26.9,82,23.5,0.0,5.7,215,7.9,998.8,202.1,139.7,1553.0,144.2,74.8,4.0
2024-08-08 23:00:00,26.1,84,23.3,0.0,5.7,215,8.3,998.9,210.9,145.8,1668.0,134.4,79.2,0.0
2024-08-09 00:00:00,25.9,86,23.5,0.0,6.4,207,7.9,999.0,206.8,142.5,1648.0,125.6,77.8,0.0
2024-08-09 01:00:00,26.1,84,23.2,0.0,5.1,184,7.2,998.6,203.0,140.2,1556.0,117.0,73.4,0.0
2024-08-09 02:00:00,25.6,86,23.1,0.0,4.9,163,7.6,998.4,198.8,137.4,1463.0,108.5,68.8,1.0
2024-08-09 03:00:00,25.1,89,23.2,0.0,6.2,159,7.6,998.3,191.4,131.8,1385.0,99.8,64.4,0.0
2024-08-09 04:00:00,25.7,84,22.8,0.3,5.2,192,7.9,998.6,184.4,127.1,1304.0,91.2,59.9,0.0
2024-08-09 05:00:00,25.0,88,22.8,0.0,2.1,59,5.4,998.0,180.2,123.9,1242.0,84.4,57.3,0.0
2024-08-09 06:00:00,24.8,91,23.2,0.0,4.4,55,6.1,998.1,178.8,123.4,1218.0,79.5,58.2,3.0
2024-08-09 07:00:00,25.5,90,23.7,0.0,5.8,60,11.5,998.0,179.7,123.4,1211.0,76.4,61.1,8.0
2024-08-09 08:00:00,26.5,87,24.1,0.0,5.1,82,11.9,998.4,179.3,122.0,1082.0,76.6,53.8,21.0
2024-08-09 09:00:00,27.9,86,25.2,0.0,6.6,61,14.0,998.2,163.4,110.1,967.0,79.0,50.9,27.0
2024-08-09 10:00:00,28.9,81,25.3,0.0,10.9,73,19.4,997.5,144.8,97.1,807.0,82.2,46.7,36.0
2024-08-09 11:00:00,28.6,79,24.5,0.2,10.2,98,23.4,997.4,123.9,82.9,674.0,82.5,41.9,43.0
2024-08-09 12:00:00,26.9,88,24.7,3.0,13.3,131,26.3,996.8,108.5,72.9,595.0,77.5,36.2,47.0
2024-08-09 13:00:00,25.5,91,23.9,3.5,13.1,148,23.4,996.4,93.6,63.3,543.0,69.8,30.0,50.0
2024-08-09 14:00:00,25.9,90,24.0,2.4,10.7,102,25.6,995.1,78.0,53.0,505.0,63.6,25.3,53.0
2024-08-09 15:00:00,26.0,89,24.1,2.5,10.0,131,23.4,994.5,63.1,43.1,477.0,60.7,23.2,55.0
2024-08-09 16:00:00,25.6,93,24.4,3.3,12.2,133,20.5,993.7,59.1,40.6,463.0,59.2,22.6,57.0
2024-08-09 17:00:00,25.5,95,24.6,3.8,17.7,156,29.9,993.2,55.6,38.4,460.0,58.3,22.4,59.0
2024-08-09 18:00:00,25.5,95,24.6,2.6,15.8,145,28.8,992.4,52.4,36.3,471.0,57.9,22.4,63.0
2024-08-09 19:00:00,25.6,95,24.7,0.6,20.8,143,30.6,992.1,55.2,38.3,492.0,58.0,22.9,67.0
2024-08-09 20:00:00,24.5,95,23.7,9.1,15.1,155,37.4,991.9,41.7,28.9,562.0,65.5,25.4,43.0
2024-08-09 21:00:00,25.1,96,24.4,4.8,10.9,189,23.0,991.9,32.8,22.9,541.0,59.5,24.5,51.0
2024-08-09 22:00:00,24.9,94,23.9,20.2,5.7,235,22.0,990.8,27.4,19.1,513.0,51.5,23.4,60.0
2024-08-09 23:00:00,24.9,95,24.0,31.4,5.2,295,15.1,989.9,30.6,21.5,500.0,47.4,22.9,62.0
2024-08-10 00:00:00,24.8,97,24.2,1.8,1.5,225,10.8,989.5,32.2,22.6,513.0,51.4,23.4,49.0
2024-08-10 01:00:00,24.9,96,24.1,0.0,6.8,205,10.8,989.4,28.8,20.1,540.0,59.4,24.5,28.0
2024-08-10 02:00:00,24.8,97,24.2,0.0,6.0,213,11.9,989.1,28.9,20.3,568.0,64.7,25.9,11.0
2024-08-10 03:00:00,24.8,97,24.2,0.0,7.6,211,11.5,989.0,29.8,20.8,594.0,64.1,27.3,3.0
2024-08-10 04:00:00,24.8,97,24.3,0.0,7.9,219,12.6,989.0,30.9,21.6,621.0,60.8,28.9,0.0
2024-08-10 05:00:00,24.7,97,24.2,0.0,8.0,234,13.3,989.1,35.7,25.0,646.0,57.8,31.6,0.0
2024-08-10 06:00:00,24.8,97,24.2,0.0,7.6,251,13.0,989.2,46.6,32.6,671.0,56.1,36.3,4.0
2024-08-10 07:00:00,25.1,94,24.1,0.0,7.1,246,13.0,989.0,47.1,32.9,692.0,54.6,42.1,12.0
2024-08-10 08:00:00,26.1,89,24.0,0.0,7.4,223,15.1,988.7,41.0,28.6,635.0,48.6,40.2,33.0
2024-08-10 09:00:00,26.4,87,24.0,0.3,5.9,52,14.4,989.4,41.8,28.8,627.0,48.2,41.2,53.0
2024-08-10 10:00:00,27.4,81,24.0,0.1,1.1,342,15.1,989.2,46.7,31.1,615.0,47.4,42.6,82.0
2024-08-10 11:00:00,28.8,76,24.1,0.0,6.8,183,15.8,988.9,58.8,35.3,602.0,45.5,43.1,110.0
2024-08-10 12:00:00,29.1,78,25.0,0.0,8.6,202,21.2,988.6,63.8,34.3,587.0,40.5,42.3,139.0
2024-08-10 13:00:00,30.0,75,25.0,0.0,8.4,230,21.2,988.0,71.2,33.4,570.0,34.4,40.8,167.0
2024-08-10 14:00:00,30.7,71,25.0,0.0,5.4,217,21.6,987.2,83.6,36.6,554.0,32.1,38.6,182.0
2024-08-10 15:00:00,31.5,66,24.4,0.0,7.1,221,16.2,986.8,90.1,37.5,517.0,34.3,34.8,177.0
2024-08-10 16:00:00,31.0,68,24.4,0.0,10.1,235,17.6,986.7,91.5,38.3,481.0,40.3,30.4,159.0
2024-08-10 17:00:00,30.2,72,24.6,0.0,7.4,223,20.2,986.5,93.6,43.7,510.0,53.1,28.9,132.0
2024-08-10 18:00:00,30.0,75,25.0,0.0,5.7,215,13.7,986.5,109.4,59.4,660.0,79.7,32.7,90.0
2024-08-10 19:00:00,28.9,85,26.0,0.0,5.1,219,9.4,986.5,124.3,73.3,876.0,113.2,39.6,40.0
2024-08-10 20:00:00,28.0,84,25.0,0.0,5.2,164,5.8,986.7,149.0,92.0,1087.0,133.6,48.3,2.0
2024-08-10 21:00:00,24.5,95,23.6,0.0,6.8,115,13.0,988.3,156.0,98.0,1151.0,127.6,52.7,1.0
2024-08-10 22:00:00,24.1,98,23.7,0.0,1.6,333,9.4,988.3,160.2,102.7,1239.0,118.8,58.4,1.0
2024-08-10 23:00:00,24.0,99,23.9,0.0,9.4,360,14.0,988.3,163.4,107.3,1295.0,108.5,60.3,0.0
2024-08-11 00:00:00,23.9,97,23.3,0.0,5.5,32,14.8,988.1,162.1,109.0,1299.0,96.0,54.8,0.0
2024-08-11 01:00:00,23.4,97,22.9,0.0,4.1,15,9.4,988.1,150.9,103.1,1273.0,82.0,45.5,1.0
2024-08-11 02:00:00,22.9,98,22.5,0.0,5.1,4,7.2,988.0,132.2,91.0,1223.0,70.0,37.9,1.0
2024-08-11 03:00:00,22.5,98,22.3,0.0,5.1,51,7.6,988.0,113.9,78.5,1137.0,60.7,33.9,0.0
2024-08-11 04:00:00,22.3,99,22.2,0.0,4.6,45,7.2,987.9,100.1,68.9,1028.0,53.3,31.6,0.0
2024-08-11 05:00:00,22.0,99,21.9,0.0,5.9,47,7.6,988.1,89.9,62.2,946.0,48.9,30.8,1.0
2024-08-11 06:00:00,22.4,98,22.1,0.0,4.1,38,7.2,988.5,85.7,59.6,938.0,50.3,33.3,4.0
2024-08-11 07:00:00,24.0,86,21.4,0.0,4.3,336,9.0,988.8,91.5,63.6,958.0,54.7,37.4,8.0
2024-08-11 08:00:00,25.9,79,21.9,0.0,4.0,265,10.4,989.2,102.4,70.5,1104.0,51.8,48.0,11.0
2024-08-11 09:00:00,27.5,72,22.0,0.0,8.4,227,17.3,990.0,75.2,51.5,884.0,44.2,39.5,33.0
2024-08-11 10:00:00,28.5,72,23.0,0.0,11.5,229,21.6,989.8,38.3,26.5,582.0,33.6,27.8,63.0
2024-08-11 11:00:00,29.6,68,23.0,0.0,14.1,230,26.3,989.7,27.5,19.2,362.0,24.7,18.2,88.0
2024-08-11 12:00:00,30.5,64,23.0,0.1,14.0,241,29.9,989.4,22.1,15.4,301.0,18.1,12.9,103.0
2024-08-11 13:00:00,31.4,55,21.3,0.2,15.0,253,29.2,989.2,18.3,12.7,323.0,13.2,9.9,114.0
2024-08-11 14:00:00,31.8,49,19.7,0.3,17.4,248,31.0,989.1,17.0,11.9,361.0,12.9,8.4,117.0
2024-08-11 15:00:00,31.6,51,20.2,0.5,16.6,246,31.0,988.8,17.1,12.0,384.0,18.8,8.2,113.0
2024-08-11 16:00:00,31.5,52,20.5,0.1,15.4,237,31.0,988.7,18.5,13.0,423.0,29.3,9.6,102.0
2024-08-11 17:00:00,31.0,60,22.4,0.0,12.5,229,24.8,988.7,26.0,18.2,510.0,42.5,12.9,86.0
2024-08-11 18:00:00,29.7,69,23.5,0.0,10.2,222,19.8,988.7,40.9,28.6,697.0,62.1,19.8,60.0
2024-08-11 19:00:00,28.2,73,22.9,0.0,9.7,228,15.8,989.1,65.2,45.6,932.0,84.5,28.5,28.0
2024-08-11 20:00:00,27.2,70,21.4,0.0,10.0,232,16.2,989.7,104.3,73.3,1131.0,89.8,35.0,6.0
2024-08-11 21:00:00,27.0,74,22.0,0.0,10.5,229,16.2,990.8,105.9,74.5,978.0,82.1,30.3,5.0
2024-08-11 22:00:00,26.6,70,20.6,0.0,7.7,259,16.2,991.2,81.0,57.0,764.0,70.9,23.7,5.0
2024-08-11 23:00:00,26.5,62,18.6,0.0,10.4,316,14.8,991.6,49.8,35.2,579.0,58.6,17.8,9.0
2024-08-12 00:00:00,26.4,61,18.2,0.0,13.7,333,21.2,991.7,32.5,22.8,450.0,44.2,13.4,22.0
2024-08-12 01:00:00,25.5,65,18.4,0.0,11.2,354,21.2,992.2,26.7,18.7,350.0,28.8,9.7,40.0
2024-08-12 02:00:00,24.9,68,18.6,0.0,10.6,10,17.3,992.6,23.8,16.6,286.0,17.8,7.3,53.0
2024-08-12 03:00:00,24.3,72,19.0,0.0,8.8,12,15.8,993.1,20.3,14.2,271.0,14.0,6.9,58.0
2024-08-12 04:00:00,24.0,74,19.0,0.0,8.0,8,13.7,993.3,16.2,11.4,293.0,14.6,7.8,58.0
2024-08-12 05:00:00,23.9,74,18.9,0.0,8.9,14,13.7,993.8,13.9,9.9,322.0,17.2,8.9,56.0
2024-08-12 06:00:00,23.8,76,19.3,0.0,9.9,19,14.8,994.4,14.0,9.9,358.0,23.1,10.1,47.0
2024-08-12 07:00:00,24.9,75,20.1,0.0,12.0,7,17.6,995.0,17.5,12.3,400.0,31.0,11.6,36.0
2024-08-12 08:00:00,26.5,70,20.6,0.0,12.6,358,20.9,995.6,11.7,8.2,362.0,29.2,10.9,43.0
2024-08-12 09:00:00,27.9,63,20.1,0.0,17.8,8,30.2,996.1,10.4,7.3,335.0,24.4,10.2,56.0
2024-08-12 10:00:00,28.9,57,19.4,0.0,21.6,11,36.0,996.4,13.6,9.5,298.0,17.9,9.2,73.0
2024-08-12 11:00:00,28.6,58,19.5,0.0,21.7,19,37.1,996.8,16.5,11.6,272.0,12.9,8.4,88.0
2024-08-12 12:00:00,28.8,57,19.5,0.0,24.1,17,40.3,996.9,16.5,11.5,267.0,10.8,8.0,98.0
2024-08-12 13:00:00,29.1,56,19.6,0.0,25.3,20,42.1,996.9,16.1,11.2,272.0,10.4,7.7,104.0
2024-08-12 14:00:00,29.1,57,19.6,0.0,24.9,20,42.8,996.8,15.1,10.6,277.0,11.0,7.4,106.0
2024-08-12 15:00:00,29.1,56,19.5,0.0,25.8,25,42.5,996.8,13.0,9.1,278.0,12.3,6.8,102.0
2024-08-12 16:00:00,28.5,59,19.8,0.0,25.9,29,42.8,997.4,11.2,7.8,279.0,14.7,6.2,94.0
2024-08-12 17:00:00,27.7,62,19.8,0.0,25.8,28,42.8,997.9,10.5,7.4,285.0,19.0,6.2,83.0
2024-08-12 18:00:00,26.8,68,20.3,0.0,21.9,33,40.7,998.4,13.5,9.4,303.0,27.4,7.5,67.0
2024-08-12 19:00:00,25.2,74,20.2,0.0,21.1,44,34.6,999.4,15.9,11.2,326.0,37.6,9.4,48.0
2024-08-12 20:00:00,23.9,80,20.3,0.0,21.4,42,33.5,1000.4,21.9,15.4,354.0,42.7,11.2,43.0
2024-08-12 21:00:00,24.2,77,20.0,0.0,15.9,39,25.2,1001.5,19.4,13.6,348.0,40.8,11.2,42.0
2024-08-12 22:00:00,23.3,84,20.5,0.0,18.9,48,31.3,1002.1,18.4,12.9,338.0,38.0,11.2,41.0
2024-08-12 23:00:00,23.0,86,20.5,0.3,17.8,36,29.2,1002.5,19.4,13.6,327.0,35.0,11.1,41.0
2024-08-13 00:00:00,22.9,83,19.9,0.1,15.0,24,27.7,1002.7,20.9,14.7,312.0,31.8,10.8,43.0
2024-08-13 01:00:00,22.7,80,19.1,0.0,12.7,29,23.8,1002.7,20.1,14.1,294.0,28.5,10.5,45.0
2024-08-13 02:00:00,22.9,77,18.5,0.0,12.5,39,19.4,1003.0,18.7,13.2,281.0,25.8,10.4,47.0
2024-08-13 03:00:00,22.9,73,17.9,0.0,15.7,37,23.8,1003.3,18.0,12.7,269.0,23.3,10.4,49.0
2024-08-13 04:00:00,22.7,71,17.2,0.0,14.3,18,24.5,1003.4,18.6,13.0,262.0,21.5,10.6,50.0
2024-08-13 05:00:00,22.6,71,17.1,0.0,11.9,14,22.0,1003.8,19.8,13.9,276.0,22.9,11.4,48.0
2024-08-13 06:00:00,22.8,72,17.5,0.0,9.0,16,18.0,1004.3,22.6,15.8,335.0,31.4,13.4,37.0
2024-08-13 07:00:00,23.0,74,18.2,0.0,8.3,18,13.3,1004.7,31.1,21.7,414.0,43.2,16.0,23.0
2024-08-13 08:00:00,23.6,77,19.4,0.0,8.9,14,13.3,1004.9,35.2,24.4,406.0,38.7,17.5,35.0
2024-08-13 09:00:00,25.1,69,19.0,0.0,14.5,19,25.6,1006.1,32.5,22.2,389.0,34.0,16.0,47.0
2024-08-13 10:00:00,26.0,66,19.0,0.0,14.8,18,26.3,1006.1,31.1,21.2,366.0,27.4,13.9,65.0
2024-08-13 11:00:00,26.5,66,19.6,0.0,14.5,23,26.6,1006.1,31.7,21.5,353.0,22.1,12.4,83.0
2024-08-13 12:00:00,27.7,65,20.5,0.0,13.9,25,27.0,1005.6,34.5,23.5,357.0,18.8,11.9,102.0
2024-08-13 13:00:00,28.5,62,20.5,0.0,12.7,35,26.3,1005.2,38.3,26.1,370.0,16.9,12.0,122.0
2024-08-13 14:00:00,28.9,60,20.4,0.0,11.2,40,24.8,1004.9,41.1,28.1,386.0,17.2,12.5,136.0
2024-08-13 15:00:00,29.2,60,20.6,0.0,9.7,51,22.3,1004.5,44.2,30.4,397.0,18.9,13.4,145.0
2024-08-13 16:00:00,29.1,61,20.9,0.0,8.9,50,19.4,1004.0,47.6,32.7,411.0,22.9,14.7,148.0
2024-08-13 17:00:00,28.9,62,21.0,0.0,9.2,39,17.3,1003.9,52.2,36.0,441.0,32.9,16.4,139.0
2024-08-13 18:00:00,28.0,69,21.8,0.1,9.0,53,16.2,1003.8,56.9,39.3,498.0,55.1,18.8,107.0
2024-08-13 19:00:00,26.5,77,22.2,0.0,5.3,62,14.0,1004.4,69.6,48.3,571.0,83.3,21.7,61.0
2024-08-13 20:00:00,25.4,86,22.8,0.0,6.6,68,7.9,1005.1,87.3,60.5,764.0,97.7,24.9,18.0
2024-08-13 21:00:00,24.5,82,21.3,0.0,6.9,354,12.2,1006.7,85.7,59.5,770.0,96.9,26.0,12.0
2024-08-13 22:00:00,23.8,83,20.6,0.1,12.8,349,25.6,1006.8,91.5,63.6,774.0,95.1,27.2,4.0
2024-08-13 23:00:00,22.5,88,20.5,3.3,15.5,329,23.4,1007.5,90.8,63.1,744.0,89.5,26.9,3.0
2024-08-14 00:00:00,22.6,90,20.8,2.1,10.4,360,27.0,1007.4,83.6,58.1,651.0,77.0,23.5,15.0
2024-08-14 01:00:00,22.5,89,20.5,0.6,11.9,346,22.0,1007.4,70.5,48.9,523.0,60.6,18.5,33.0
2024-08-14 02:00:00,22.1,90,20.4,0.4,15.1,3,23.4,1007.1,51.3,35.5,420.0,46.8,14.5,46.0
2024-08-14 03:00:00,21.7,89,19.9,0.1,6.6,347,24.1,1007.0,35.0,24.2,357.0,37.1,12.1,50.0
2024-08-14 04:00:00,21.2,92,19.9,1.0,14.9,323,23.0,1007.0,29.6,20.4,317.0,30.0,10.7,50.0
2024-08-14 05:00:00,21.5,89,19.6,0.2,9.3,347,23.0,1006.4,29.6,20.4,310.0,27.0,10.8,48.0
2024-08-14 06:00:00,21.6,89,19.7,0.0,7.8,347,14.4,1006.7,33.5,23.2,362.0,31.5,13.5,42.0
2024-08-14 07:00:00,22.7,88,20.6,0.0,8.3,355,13.7,1006.9,44.1,30.7,447.0,40.0,17.7,34.0
2024-08-14 08:00:00,24.2,84,21.2,0.0,8.3,358,15.8,1007.0,63.1,43.5,616.0,49.0,22.0,28.0
2024-08-14 09:00:00,26.5,71,21.0,0.0,10.2,8,19.8,1007.4,53.1,36.1,531.0,40.3,19.5,49.0
2024-08-14 10:00:00,27.7,67,20.9,0.0,9.7,15,20.9,1007.4,46.2,31.1,413.0,28.3,16.2,78.0
2024-08-14 11:00:00,28.6,63,21.0,0.1,7.7,41,20.2,1007.1,46.1,31.0,327.0,19.4,13.7,103.0
2024-08-14 12:00:00,29.2,61,20.8,0.1,5.6,63,18.4,1006.6,48.4,32.5,301.0,16.0,13.0,120.0
2024-08-14 13:00:00,29.6,59,20.8,0.1,3.7,79,15.5,1005.9,53.1,35.6,307.0,15.6,13.2,133.0
2024-08-14 14:00:00,29.9,58,20.7,0.1,2.5,82,13.7,1005.2,54.6,36.6,320.0,17.2,13.8,141.0
2024-08-14 15:00:00,30.0,58,20.8,0.0,2.0,135,11.5,1004.3,56.1,37.5,301.0,18.0,13.6,146.0
2024-08-14 16:00:00,30.0,58,20.9,0.0,3.7,119,11.2,1003.6,58.2,38.9,289.0,20.8,13.9,146.0
2024-08-14 17:00:00,30.0,58,20.9,0.0,2.9,120,10.8,1003.3,62.6,41.9,376.0,33.3,17.5,132.0
2024-08-14 18:00:00,29.4,64,21.9,0.0,3.3,139,8.3,1003.5,81.5,55.5,637.0,65.3,26.8,93.0
2024-08-14 19:00:00,27.6,78,23.5,0.0,5.3,152,5.8,1003.7,120.1,83.1,997.0,107.0,39.5,40.0
2024-08-14 20:00:00,26.3,82,22.9,0.0,6.4,137,7.6,1004.3,145.3,101.3,1227.0,137.0,51.1,4.0
2024-08-14 21:00:00,26.5,79,22.5,0.0,5.9,166,9.4,1004.9,173.2,120.6,1409.0,134.8,60.7,3.0
2024-08-14 22:00:00,25.6,83,22.5,0.0,5.8,180,9.7,1005.0,197.4,137.8,1657.0,131.4,73.8,1.0
2024-08-14 23:00:00,24.5,88,22.4,0.0,7.2,198,8.6,1005.1,215.6,150.4,1814.0,126.1,81.3,0.0
2024-08-15 00:00:00,24.4,87,22.1,0.0,6.0,213,8.6,1005.0,214.2,149.5,1804.0,118.0,78.7,0.0
2024-08-15 01:00:00,25.3,81,21.8,0.0,4.1,218,6.8,1004.9,202.1,141.1,1705.0,108.0,70.6,0.0
2024-08-15 02:00:00,25.0,82,21.8,0.0,1.8,11,4.7,1004.7,192.8,134.6,1592.0,98.0,62.4,0.0
2024-08-15 03:00:00,24.0,90,22.2,0.0,3.6,37,5.4,1004.5,178.8,124.8,1486.0,87.7,54.7,0.0
2024-08-15 04:00:00,23.8,92,22.4,0.0,3.7,11,5.8,1004.4,156.9,109.4,1367.0,77.4,46.9,0.0
2024-08-15 05:00:00,23.5,93,22.4,0.0,5.9,11,9.0,1004.3,145.8,101.7,1252.0,70.3,42.1,1.0
2024-08-15 06:00:00,23.2,95,22.4,0.0,6.5,3,9.4,1004.6,137.4,95.9,1145.0,69.1,42.0,7.0
2024-08-15 07:00:00,24.3,90,22.5,0.0,7.3,351,13.0,1004.9,134.1,93.6,1042.0,71.0,45.0,15.0
2024-08-15 08:00:00,25.7,82,22.5,0.0,6.8,3,14.4,1005.4,131.8,91.7,1231.0,67.5,62.6,26.0
2024-08-15 09:00:00,26.7,81,23.1,0.2,2.9,270,14.4,1005.5,132.7,92.0,1143.0,73.2,70.3,42.0
2024-08-15 10:00:00,27.5,78,23.2,0.2,4.9,126,14.0,1005.4,123.4,85.4,1019.0,80.6,80.5,65.0
2024-08-15 11:00:00,28.8,73,23.4,0.0,4.7,157,16.6,1005.1,118.5,82.0,909.0,83.0,84.7,90.0
2024-08-15 12:00:00,29.8,69,23.5,0.0,6.5,183,19.1,1004.6,99.7,68.7,826.0,75.5,77.2,118.0
2024-08-15 13:00:00,30.5,64,23.0,0.0,10.7,192,22.3,1003.7,90.8,62.6,757.0,62.9,63.8,148.0
2024-08-15 14:00:00,29.7,67,22.8,0.2,8.3,268,22.7,1003.4,92.2,63.6,708.0,53.5,53.2,171.0
2024-08-15 15:00:00,27.7,79,23.8,1.3,7.6,360,19.8,1003.1,109.4,75.2,666.0,46.4,48.6,188.0
2024-08-15 16:00:00,27.9,82,24.5,0.1,4.8,27,17.6,1002.6,93.8,64.7,644.0,42.5,46.9,199.0
2024-08-15 17:00:00,28.0,82,24.5,0.0,6.3,77,14.0,1002.4,92.4,63.8,686.0,52.0,47.1,187.0
2024-08-15 18:00:00,27.3,82,24.0,0.0,11.2,75,18.7,1002.2,109.7,75.7,822.0,88.2,49.1,135.0
2024-08-15 19:00:00,26.0,86,23.5,0.0,9.4,88,18.7,1002.5,139.7,96.9,1022.0,137.8,53.0,61.0
2024-08-15 20:00:00,25.2,89,23.2,0.0,7.3,81,14.4,1003.4,184.9,128.1,1418.0,165.9,65.1,5.0
2024-08-15 21:00:00,26.4,88,24.2,0.0,4.8,138,9.0,1004.1,213.7,148.1,1573.0,158.4,70.8,4.0
2024-08-15 22:00:00,25.6,91,24.1,0.0,5.1,141,7.2,1004.1,236.1,163.9,1783.0,147.7,78.5,1.0
2024-08-15 23:00:00,25.0,93,23.9,0.0,5.8,112,7.2,1004.1,247.7,172.3,1911.0,137.1,82.8,0.0
2024-08-16 00:00:00,24.5,94,23.6,0.0,4.5,61,6.8,1004.1,245.9,170.9,1892.0,128.0,81.3,0.0
2024-08-16 01:00:00,24.4,95,23.5,0.0,3.6,37,5.8,1004.3,240.3,166.7,1791.0,119.0,76.6,0.0
2024-08-16 02:00:00,24.4,96,23.8,0.0,2.3,342,7.9,1003.9,237.5,164.8,1671.0,109.7,70.7,0.0
2024-08-16 03:00:00,24.5,95,23.6,0.0,4.7,351,6.8,1004.3,230.0,159.7,1539.0,98.7,62.5,0.0
2024-08-16 04:00:00,24.2,96,23.6,0.0,3.2,27,7.6,1004.3,210.0,146.2,1389.0,87.3,53.2,0.0
2024-08-16 05:00:00,24.1,96,23.5,0.0,4.9,17,7.6,1004.1,187.7,130.4,1262.0,79.2,48.7,2.0
2024-08-16 06:00:00,24.0,96,23.4,0.0,6.2,21,9.4,1004.4,177.0,122.9,1186.0,77.2,53.5,6.0
2024-08-16 07:00:00,24.6,93,23.4,0.1,6.6,68,12.6,1004.9,181.6,126.2,1133.0,78.4,63.1,12.0
2024-08-16 08:00:00,25.1,89,23.1,0.6,2.8,50,15.1,1005.3,207.7,143.4,1256.0,64.3,71.0,32.0
2024-08-16 09:00:00,25.5,87,23.1,0.1,5.2,34,16.9,1005.9,183.9,125.7,1126.0,68.8,70.3,45.0
2024-08-16 10:00:00,26.8,80,23.0,0.0,8.4,59,19.8,1005.5,163.9,111.5,946.0,74.7,69.0,64.0
2024-08-16 11:00:00,27.9,74,22.9,0.0,6.9,62,19.1,1005.1,143.4,97.3,800.0,77.1,65.9,83.0
2024-08-16 12:00:00,29.1,70,23.1,0.0,1.8,79,17.3,1004.9,125.3,84.8,718.0,71.1,59.3,104.0
2024-08-16 13:00:00,29.8,71,23.9,0.0,3.6,135,15.8,1004.2,120.6,81.3,671.0,61.6,50.9,126.0
2024-08-16 14:00:00,30.3,69,23.9,0.0,2.3,198,15.8,1003.6,121.1,81.5,652.0,58.2,44.5,134.0
2024-08-16 15:00:00,30.4,68,23.8,0.0,3.2,180,13.7,1003.1,128.1,86.6,654.0,66.3,40.8,119.0
2024-08-16 16:00:00,30.2,69,24.0,0.0,6.8,180,16.2,1002.8,133.6,91.0,685.0,80.5,39.0,91.0
2024-08-16 17:00:00,28.8,74,23.6,2.7,7.4,256,16.2,1003.3,134.6,92.2,766.0,94.1,40.5,67.0
2024-08-16 18:00:00,25.3,89,23.4,5.7,7.0,78,16.6,1004.0,142.5,97.8,932.0,105.1,47.2,52.0
2024-08-16 19:00:00,24.7,92,23.4,0.1,4.7,81,16.2,1003.9,165.8,114.3,1148.0,115.6,57.3,41.0
2024-08-16 20:00:00,24.5,95,23.6,0.0,4.9,36,7.9,1004.7,172.8,120.1,1293.0,141.0,56.8,1.0
2024-08-16 21:00:00,25.8,85,23.1,0.0,2.3,72,3.2,1005.5,194.2,135.0,1439.0,137.4,62.0,1.0
2024-08-16 22:00:00,25.1,89,23.2,0.0,3.6,360,3.6,1005.7,215.1,149.9,1640.0,132.1,68.8,0.0
2024-08-16 23:00:00,25.0,91,23.4,0.0,3.3,354,5.8,1005.9,230.5,160.7,1781.0,125.5,71.5,0.0
2024-08-17 00:00:00,24.5,94,23.5,0.0,3.4,72,4.0,1005.9,237.5,165.8,1819.0,117.1,66.7,0.0
2024-08-17 01:00:00,24.9,92,23.5,0.0,0.4,270,4.0,1005.9,236.6,165.3,1798.0,107.3,57.8,0.0
2024-08-17 02:00:00,23.9,96,23.2,0.0,3.4,302,4.3,1005.7,234.7,163.9,1735.0,97.8,49.7,0.0
2024-08-17 03:00:00,23.9,96,23.2,0.0,3.4,328,5.0,1005.6,217.9,152.3,1618.0,88.3,43.2,0.0
2024-08-17 04:00:00,23.6,97,23.1,0.0,4.4,351,5.8,1005.5,194.6,136.0,1460.0,79.0,37.5,0.0
2024-08-17 05:00:00,23.2,97,22.8,0.1,5.0,60,6.1,1005.6,179.3,125.3,1315.0,72.6,34.7,2.0
2024-08-17 06:00:00,23.7,97,23.2,0.0,3.9,34,6.1,1005.9,172.8,120.6,1205.0,71.6,36.7,14.0
2024-08-17 07:00:00,24.5,94,23.5,0.0,4.9,54,10.4,1006.4,176.0,122.9,1108.0,73.3,41.7,31.0
2024-08-17 08:00:00,25.3,90,23.5,0.0,4.6,45,11.9,1006.4,164.4,114.3,1069.0,72.4,47.8,47.0
2024-08-17 09:00:00,26.1,85,23.5,0.7,5.5,32,14.0,1006.8,163.0,112.9,980.0,66.8,50.4,72.0
2024-08-17 10:00:00,27.1,80,23.4,0.0,2.3,72,14.0,1006.5,152.7,105.0,856.0,58.9,53.9,107.0
2024-08-17 11:00:00,28.4,76,23.8,0.0,1.4,180,13.3,1006.2,131.3,89.9,760.0,52.0,55.6,138.0
2024-08-17 12:00:00,29.0,74,24.0,0.0,4.0,185,16.2,1005.6,121.5,83.1,711.0,45.1,53.5,166.0
2024-08-17 13:00:00,29.7,72,24.1,0.0,6.9,174,20.2,1005.0,113.9,77.8,690.0,39.2,49.6,190.0
2024-08-17 14:00:00,30.5,70,24.4,0.1,7.7,191,21.2,1004.3,109.4,74.7,699.0,40.9,47.5,196.0
2024-08-17 15:00:00,27.1,81,23.5,3.7,14.5,226,26.6,1004.0,111.8,76.4,737.0,55.1,48.7,172.0
2024-08-17 16:00:00,26.9,81,23.4,0.1,5.4,274,26.3,1003.3,124.3,85.2,805.0,76.9,51.6,129.0
2024-08-17 17:00:00,27.0,83,23.9,0.0,7.9,210,13.0,1003.2,144.8,99.9,910.0,97.6,55.0,89.0
2024-08-17 18:00:00,26.5,86,24.0,0.3,9.0,196,16.6,1003.2,159.7,110.1,1068.0,116.4,58.1,55.0
2024-08-17 19:00:00,25.8,90,24.0,0.4,5.5,203,13.7,1003.3,172.8,119.2,1263.0,134.2,61.6,22.0
2024-08-17 20:00:00,25.1,93,23.9,0.1,5.1,219,9.4,1003.9,176.0,121.5,1214.0,143.9,52.1,3.0
2024-08-17 21:00:00,25.3,94,24.2,0.0,4.1,135,12.2,1004.8,150.9,104.3,1057.0,125.7,46.6,15.0
2024-08-17 22:00:00,25.6,90,24.0,0.0,2.6,124,5.0,1004.9,134.6,93.4,839.0,100.1,38.9,33.0
2024-08-17 23:00:00,25.1,94,24.2,0.0,3.5,114,6.5,1004.7,121.1,83.8,661.0,77.6,32.5,48.0
2024-08-18 00:00:00,24.5,98,24.2,0.4,3.6,90,7.2,1004.9,94.3,65.4,566.0,61.6,28.6,59.0
2024-08-18 01:00:00,24.4,97,23.8,0.3,7.1,135,11.5,1004.3,66.4,46.1,511.0,48.8,25.9,69.0
2024-08-18 02:00:00,24.0,98,23.6,0.2,8.8,35,11.2,1003.9,59.8,41.6,474.0,39.5,24.3,75.0
2024-08-18 03:00:00,22.8,98,22.5,0.9,12.7,61,25.9,1003.9,58.9,41.0,448.0,33.7,23.5,78.0
2024-08-18 04:00:00,22.7,97,22.1,0.2,9.4,356,19.4,1003.8,56.0,39.0,440.0,31.6,23.7,77.0
2024-08-18 05:00:00,22.8,95,21.9,0.0,6.9,9,15.8,1003.1,48.1,33.5,450.0,33.8,25.3,73.0
2024-08-18 06:00:00,22.8,96,22.0,0.0,8.4,25,15.1,1003.7,40.4,28.2,490.0,43.9,29.2,62.0
2024-08-18 07:00:00,23.4,93,22.2,0.1,5.4,42,13.0,1003.9,37.3,26.0,548.0,58.4,34.5,49.0
2024-08-18 08:00:00,23.8,92,22.5,0.1,2.0,45,10.1,1003.9,60.8,42.3,646.0,66.9,52.2,29.0
2024-08-18 09:00:00,25.0,87,22.5,0.0,5.6,50,18.0,1003.3,68.7,47.8,644.0,65.1,51.8,40.0
2024-08-18 10:00:00,26.5,80,22.8,0.0,6.2,83,17.3,1003.1,69.2,48.1,641.0,62.5,51.1,56.0
2024-08-18 11:00:00,27.5,74,22.5,0.0,1.8,79,16.2,1002.8,75.0,52.0,638.0,59.6,49.5,73.0
2024-08-18 12:00:00,28.6,69,22.4,0.1,1.1,72,15.1,1002.3,77.5,53.8,631.0,55.7,46.0,90.0
2024-08-18 13:00:00,29.4,66,22.5,0.0,1.5,225,10.4,1001.5,80.6,55.9,624.0,51.6,41.7,108.0
2024-08-18 14:00:00,29.9,65,22.5,0.0,2.1,239,15.8,1000.7,85.2,59.1,627.0,50.0,39.0,120.0
2024-08-18 15:00:00,30.1,65,22.8,0.0,2.6,214,12.2,999.9,92.2,64.0,632.0,49.9,39.2,129.0
2024-08-18 16:00:00,30.0,66,23.0,0.0,4.7,212,13.0,999.2,95.0,65.9,647.0,52.3,41.1,132.0
2024-08-18 17:00:00,30.1,64,22.6,0.0,4.0,190,12.2,998.9,101.7,70.5,712.0,62.9,43.5,122.0
2024-08-18 18:00:00,29.5,66,22.5,0.2,1.5,135,9.4,999.2,115.9,80.6,875.0,90.4,46.2,87.0
2024-08-18 19:00:00,29.1,67,22.5,0.0,1.8,143,3.2,999.5,161.1,112.5,1088.0,126.2,49.5,38.0
2024-08-18 20:00:00,26.4,84,23.5,0.0,6.5,146,6.5,1000.3,111.8,78.0,800.0,112.3,39.9,35.0
2024-08-18 21:00:00,25.4,86,22.8,0.0,4.3,175,7.9,1001.2,115.0,80.3,765.0,102.4,37.0,37.0
2024-08-18 22:00:00,25.0,87,22.8,0.0,3.5,246,6.8,1001.6,105.2,73.3,718.0,88.9,33.0,40.0
2024-08-18 23:00:00,22.5,97,22.0,8.6,8.3,326,22.0,1001.9,99.9,69.6,688.0,79.9,30.9,40.0
2024-08-19 00:00:00,22.9,96,22.1,0.2,2.5,82,12.2,1001.4,103.1,72.2,692.0,80.7,32.5,33.0
2024-08-19 01:00:00,22.8,94,21.8,0.1,4.8,103,10.1,1000.8,114.1,79.6,713.0,86.0,36.0,23.0
2024-08-19 02:00:00,22.5,96,21.8,0.0,4.7,67,10.4,1000.4,118.3,82.7,729.0,88.0,37.9,14.0
2024-08-19 03:00:00,22.2,97,21.7,0.0,2.1,31,8.3,1000.3,116.9,81.7,727.0,82.6,36.4,8.0
2024-08-19 04:00:00,22.2,98,21.9,0.0,5.4,53,8.6,1000.5,113.2,79.2,719.0,73.8,33.5,4.0
2024-08-19 05:00:00,22.1,98,21.8,0.0,3.9,22,9.4,1000.1,107.6,75.2,719.0,66.4,31.4,5.0
2024-08-19 06:00:00,22.5,96,21.8,0.0,8.0,350,13.0,1000.2,103.4,72.4,744.0,62.9,31.8,9.0
2024-08-19 07:00:00,23.2,92,22.0,0.0,8.8,9,15.1,1000.6,106.6,74.5,778.0,60.7,33.1,19.0
2024-08-19 08:00:00,24.0,89,22.0,0.0,8.9,32,15.8,1001.1,92.4,64.5,791.0,63.8,28.3,15.0
2024-08-19 09:00:00,23.8,87,21.5,0.3,3.8,49,11.9,1002.2,85.9,59.8,725.0,55.6,28.0,47.0
2024-08-19 10:00:00,24.5,84,21.5,0.0,4.7,360,11.5,1002.2,68.5,47.5,633.0,44.1,27.5,92.0
2024-08-19 11:00:00,26.4,76,21.9,0.0,7.1,15,17.6,1001.7,64.0,44.5,560.0,34.5,26.5,130.0
2024-08-19 12:00:00,27.5,75,22.7,0.0,8.8,19,19.8,1001.2,64.3,44.7,525.0,28.2,24.4,156.0
2024-08-19 13:00:00,27.9,75,23.0,0.1,7.2,37,20.2,1000.7,65.0,45.2,510.0,23.7,21.7,175.0
2024-08-19 14:00:00,27.9,74,22.9,0.1,8.1,69,19.8,999.7,66.1,46.1,503.0,22.6,20.0,186.0
2024-08-19 15:00:00,28.1,73,22.8,0.1,8.6,57,20.2,999.4,68.7,47.7,486.0,22.9,19.5,189.0
2024-08-19 16:00:00,28.1,72,22.6,0.1,7.4,51,20.2,999.4,72.2,50.3,477.0,26.5,19.9,183.0
2024-08-19 17:00:00,25.5,81,22.0,1.0,9.7,75,25.2,999.6,75.0,52.3,525.0,40.1,21.6,162.0
2024-08-19 18:00:00,25.3,83,22.3,0.3,6.2,36,16.6,999.9,82.0,57.0,684.0,74.7,25.8,114.0
2024-08-19 19:00:00,24.6,89,22.7,0.1,5.2,344,10.8,1000.6,115.5,80.6,899.0,119.4,31.2,52.0
2024-08-19 20:00:00,24.1,93,23.0,0.0,3.4,302,8.6,1001.6,116.2,81.3,1013.0,125.1,34.2,3.0
2024-08-19 21:00:00,23.0,93,21.8,1.5,10.9,326,20.5,1002.8,129.0,90.1,1029.0,119.8,34.8,2.0
2024-08-19 22:00:00,22.6,94,21.7,1.3,11.3,27,20.2,1002.9,126.7,88.5,1049.0,112.2,35.6,2.0
2024-08-19 23:00:00,22.2,94,21.1,0.2,14.8,357,24.1,1002.9,119.7,83.6,1040.0,104.3,35.2,1.0
2024-08-20 00:00:00,22.1,91,20.5,0.1,12.0,351,23.0,1002.8,111.3,77.8,984.0,96.7,32.7,1.0
2024-08-20 01:00:00,21.9,92,20.5,0.1,10.1,360,18.7,1002.4,102.2,71.5,901.0,88.8,29.1,1.0
2024-08-20 02:00:00,21.6,95,20.9,10.4,7.7,311,15.5,1002.5,93.4,65.2,817.0,81.2,25.8,2.0
2024-08-20 03:00:00,21.5,95,20.6,6.4,11.5,302,19.4,1002.1,81.5,56.9,736.0,73.9,23.1,4.0
2024-08-20 04:00:00,21.8,90,20.1,0.0,14.1,328,21.6,1002.0,70.5,49.4,654.0,66.9,20.6,6.0
2024-08-20 05:00:00,21.8,90,20.0,0.0,11.0,341,21.6,1001.5,61.7,43.2,592.0,60.7,18.8,12.0
2024-08-20 06:00:00,22.0,90,20.2,0.0,9.5,351,16.9,1001.7,55.5,38.8,568.0,56.4,18.2,21.0
2024-08-20 07:00:00,23.0,86,20.5,0.0,11.8,348,16.9,1002.0,54.9,38.4,564.0,52.9,18.2,34.0
2024-08-20 08:00:00,24.1,85,21.5,0.0,12.6,358,20.5,1001.8,41.6,28.9,419.0,47.2,12.8,40.0
2024-08-20 09:00:00,26.3,74,21.2,0.0,12.3,7,22.0,1001.9,36.1,25.3,385.0,41.4,11.9,47.0
2024-08-20 10:00:00,26.2,73,21.0,0.0,18.2,39,29.2,1002.0,27.0,18.9,341.0,33.6,10.8,56.0
2024-08-20 11:00:00,25.3,80,21.6,0.2,15.6,40,33.5,1001.8,19.7,13.8,323.0,29.0,10.6,62.0
2024-08-20 12:00:00,26.5,72,21.1,0.4,16.1,29,29.2,1001.5,19.8,13.9,348.0,29.9,12.2,63.0
2024-08-20 13:00:00,26.3,74,21.4,0.0,15.3,30,29.2,1000.5,21.9,15.3,399.0,34.1,14.7,62.0
2024-08-20 14:00:00,27.1,71,21.4,0.1,15.8,41,28.8,1000.1,26.3,18.4,465.0,40.0,16.9,59.0
2024-08-20 15:00:00,26.9,70,21.0,0.0,14.8,47,28.8,999.8,33.5,23.5,553.0,47.6,18.2,57.0
2024-08-20 16:00:00,26.6,71,21.0,0.0,13.2,47,26.3,999.6,37.0,25.9,656.0,56.9,19.2,54.0
2024-08-20 17:00:00,25.9,75,21.0,0.0,12.9,36,23.4,999.2,39.3,27.5,738.0,66.3,20.5,48.0
2024-08-20 18:00:00,25.3,77,21.0,0.0,12.2,34,22.3,999.6,37.3,26.0,788.0,76.9,22.6,35.0
2024-08-20 19:00:00,24.6,79,20.8,0.0,8.9,27,19.4,999.7,37.5,26.1,818.0,87.6,25.1,19.0
2024-08-20 20:00:00,24.0,83,20.9,0.0,6.5,354,13.7,1000.6,38.6,27.0,663.0,76.8,20.9,17.0
2024-08-20 21:00:00,23.0,91,21.5,0.4,10.8,26,19.1,1002.0,37.4,26.0,642.0,73.1,20.9,17.0
2024-08-20 22:00:00,22.8,94,21.8,0.1,7.6,5,17.3,1001.9,36.0,25.1,614.0,68.0,20.9,18.0
2024-08-20 23:00:00,22.5,95,21.6,0.0,9.0,5,14.8,1001.8,33.6,23.4,594.0,63.8,21.2,17.0
2024-08-21 00:00:00,22.5,95,21.7,0.0,6.5,19,14.8,1002.0,34.6,24.2,591.0,61.6,21.7,15.0
2024-08-21 01:00:00,22.5,96,21.8,0.0,5.2,12,10.1,1001.4,35.4,24.7,596.0,60.3,22.4,13.0
2024-08-21 02:00:00,22.4,96,21.6,0.0,5.4,8,9.0,1000.8,39.2,27.4,602.0,59.4,23.5,10.0
2024-08-21 03:00:00,21.5,96,20.9,0.0,6.9,6,9.0,1000.5,41.3,28.9,602.0,59.2,24.9,6.0
2024-08-21 04:00:00,21.6,96,20.9,0.0,5.8,338,8.3,1000.6,41.9,29.3,602.0,59.5,26.7,2.0
2024-08-21 05:00:00,21.6,96,20.9,0.0,5.1,321,7.6,1000.3,43.7,30.5,611.0,58.8,29.0,1.0
2024-08-21 06:00:00,21.5,95,20.6,0.0,4.8,333,9.0,1000.5,51.8,36.2,648.0,56.7,33.0,4.0
2024-08-21 07:00:00,23.0,89,21.0,0.0,5.1,8,10.1,1000.5,75.7,52.9,693.0,53.6,37.4,11.0
2024-08-21 08:00:00,24.3,83,21.2,0.0,3.2,360,10.1,1000.6,43.4,30.4,622.0,44.3,35.4,30.0
2024-08-21 09:00:00,25.8,77,21.4,0.0,4.7,337,13.3,1000.9,37.1,25.9,571.0,39.9,31.1,46.0
2024-08-21 10:00:00,26.9,72,21.4,0.0,5.7,342,15.5,1000.6,32.5,22.6,502.0,33.9,25.3,70.0
2024-08-21 11:00:00,27.6,69,21.4,0.0,5.2,348,15.8,1000.1,33.6,23.5,452.0,29.1,21.1,94.0
2024-08-21 12:00:00,28.6,65,21.5,0.0,1.8,323,16.2,999.7,39.7,27.8,439.0,26.2,20.0,119.0
2024-08-21 13:00:00,29.4,63,21.6,0.0,4.2,239,16.2,999.0,45.2,31.5,445.0,24.5,20.6,145.0
2024-08-21 14:00:00,29.6,64,22.1,0.0,8.1,225,18.7,998.3,50.2,35.0,461.0,25.3,21.9,164.0
2024-08-21 15:00:00,29.5,65,22.3,0.0,11.7,223,22.3,997.8,56.0,39.1,461.0,26.3,23.3,177.0
2024-08-21 16:00:00,29.5,64,22.0,0.0,12.5,229,23.0,997.4,59.8,41.8,471.0,29.8,25.5,182.0
2024-08-21 17:00:00,29.0,66,22.0,0.0,12.5,231,22.3,996.9,65.0,45.3,555.0,43.7,29.6,169.0
2024-08-21 18:00:00,28.2,72,22.7,0.0,10.5,218,21.2,996.8,91.3,63.8,784.0,79.0,37.5,121.0
2024-08-21 19:00:00,26.9,77,22.6,0.0,8.4,205,16.6,997.0,120.1,84.1,1087.0,124.7,47.3,55.0
2024-08-21 20:00:00,26.0,82,22.6,0.0,8.0,198,12.6,997.1,168.6,117.8,1552.0,165.3,64.7,3.0
2024-08-21 21:00:00,25.6,85,23.0,0.0,5.7,215,10.8,998.3,198.8,139.2,1691.0,157.6,70.4,2.0
2024-08-21 22:00:00,24.8,91,23.1,0.0,6.7,216,7.9,998.3,216.5,151.3,1880.0,146.5,78.0,1.0
2024-08-21 23:00:00,24.2,92,22.9,0.0,5.8,202,7.9,998.2,219.3,153.7,1999.0,134.9,81.8,0.0
2024-08-22 00:00:00,23.8,94,22.6,0.0,5.9,223,7.2,998.3,218.4,152.7,1993.0,123.7,78.7,0.0
2024-08-22 01:00:00,23.5,94,22.5,0.0,5.1,278,6.8,998.0,214.7,150.4,1918.0,111.9,71.7,0.0
2024-08-22 02:00:00,23.4,94,22.3,0.0,5.6,320,6.5,998.0,204.9,143.4,1815.0,99.8,64.6,0.0
2024-08-22 03:00:00,23.2,94,22.1,0.0,6.0,343,7.6,997.8,187.2,130.9,1683.0,85.3,58.2,0.0
2024-08-22 04:00:00,23.0,94,22.0,0.0,5.0,360,7.6,997.6,167.2,117.1,1523.0,70.4,51.6,0.0
2024-08-22 05:00:00,22.7,95,21.8,0.0,4.7,4,7.2,997.4,148.1,103.6,1388.0,61.2,46.2,0.0
2024-08-22 06:00:00,22.9,93,21.7,0.0,5.2,344,7.6,997.9,133.2,93.1,1322.0,63.3,42.9,3.0
2024-08-22 07:00:00,24.2,86,21.7,0.0,7.9,336,13.7,998.3,128.5,90.1,1280.0,71.1,40.7,8.0
2024-08-22 08:00:00,25.7,81,22.1,0.0,7.1,336,14.8,998.3,94.3,66.1,1103.0,61.7,33.1,25.0
2024-08-22 09:00:00,27.3,71,21.5,0.0,6.2,339,15.1,998.5,77.1,53.9,895.0,52.4,29.5,51.0
2024-08-22 10:00:00,29.0,62,21.1,0.0,6.7,344,16.2,998.3,71.2,49.8,608.0,39.5,24.4,86.0
2024-08-22 11:00:00,30.6,57,21.0,0.0,8.4,340,18.4,998.0,40.2,28.1,388.0,28.7,19.6,114.0
2024-08-22 12:00:00,31.9,52,20.8,0.0,10.1,343,20.9,997.6,27.6,19.3,300.0,21.2,15.3,127.0
2024-08-22 13:00:00,32.5,48,20.2,0.0,9.7,356,20.9,997.3,25.0,17.5,280.0,15.9,11.3,133.0
2024-08-22 14:00:00,33.2,46,19.9,0.0,7.2,354,20.2,996.7,25.7,17.9,281.0,14.9,9.2,135.0
2024-08-22 15:00:00,33.5,44,19.5,0.0,5.2,326,16.6,996.2,27.1,18.9,276.0,17.5,9.1,136.0
2024-08-22 16:00:00,33.1,47,20.5,0.0,8.5,242,15.1,996.2,30.3,21.1,292.0,24.5,10.9,134.0
2024-08-22 17:00:00,30.9,62,22.9,0.0,15.6,236,24.8,996.5,40.0,27.9,370.0,40.3,15.4,120.0
2024-08-22 18:00:00,29.4,67,22.6,0.0,10.5,243,24.8,996.9,69.6,48.5,562.0,73.6,24.8,85.0
2024-08-22 19:00:00,28.1,72,22.6,0.0,8.4,239,15.8,997.3,93.6,65.4,816.0,115.7,37.0,38.0
2024-08-22 20:00:00,27.7,74,22.7,0.0,9.4,223,14.0,998.0,110.8,77.1,1099.0,129.7,44.9,2.0
2024-08-22 21:00:00,27.4,81,23.9,0.0,7.6,199,11.9,999.2,122.9,85.9,1157.0,126.2,49.0,1.0
2024-08-22 22:00:00,27.0,82,23.6,0.0,5.5,191,11.9,999.5,130.9,91.5,1237.0,121.1,54.5,1.0
2024-08-22 23:00:00,26.7,80,23.0,0.0,15.5,87,22.3,1000.2,135.0,94.3,1288.0,115.0,58.0,0.0
2024-08-23 00:00:00,26.1,78,22.0,0.0,10.5,142,24.8,1000.0,137.4,95.9,1292.0,107.7,57.7,0.0
2024-08-23 01:00:00,24.5,87,22.2,0.0,4.2,31,15.8,1000.7,140.6,98.3,1269.0,99.5,55.4,0.0
2024-08-23 02:00:00,24.0,90,22.3,0.0,6.1,62,10.1,1001.0,141.6,98.7,1227.0,91.8,52.5,0.0
2024-08-23 03:00:00,23.5,92,22.2,0.0,4.9,36,10.1,1001.4,135.0,94.3,1157.0,84.0,48.4,0.0
2024-08-23 04:00:00,23.1,94,22.2,0.0,4.3,24,7.9,1001.5,121.5,85.0,1069.0,76.7,43.7,0.0
2024-08-23 05:00:00,23.0,96,22.2,0.0,4.9,17,7.9,1001.4,113.2,79.2,1001.0,72.9,41.7,0.0
2024-08-23 06:00:00,23.0,95,22.2,0.0,6.5,34,9.4,1002.1,112.2,78.5,976.0,75.7,44.5,2.0
2024-08-23 07:00:00,24.0,91,22.4,0.0,6.7,36,12.6,1002.6,117.6,82.2,971.0,81.9,49.9,7.0
2024-08-23 08:00:00,25.2,85,22.5,0.0,5.6,27,13.3,1003.0,114.3,79.9,975.0,68.6,50.5,18.0
2024-08-23 09:00:00,27.2,80,23.4,0.0,6.0,65,14.8,1002.8,119.7,83.8,939.0,71.1,54.5,41.0
2024-08-23 10:00:00,28.5,75,23.6,0.0,5.4,82,15.1,1002.9,130.4,91.3,887.0,74.1,59.9,75.0
2024-08-23 11:00:00,29.9,71,24.0,0.0,4.9,107,15.1,1002.8,133.6,93.1,840.0,73.3,62.7,110.0
2024-08-23 12:00:00,30.7,68,24.1,0.2,5.9,142,22.0,1002.3,121.5,84.8,801.0,64.1,60.3,149.0
2024-08-23 13:00:00,31.5,67,24.5,0.1,8.5,168,24.8,1001.4,117.1,81.5,767.0,51.0,55.3,190.0
2024-08-23 14:00:00,31.3,68,24.8,0.1,9.2,211,25.9,1001.0,118.3,82.0,745.0,44.2,51.1,212.0
2024-08-23 15:00:00,30.9,68,24.3,0.2,10.5,229,25.9,1000.6,121.5,84.3,740.0,48.2,49.0,205.0
2024-08-23 16:00:00,29.0,75,24.2,0.0,1.8,79,20.5,1001.0,126.7,86.8,748.0,58.3,47.7,180.0
2024-08-23 17:00:00,23.8,91,22.2,5.3,20.8,81,48.6,1002.4,131.8,90.6,765.0,70.5,46.3,150.0
2024-08-23 18:00:00,24.8,88,22.8,0.1,7.9,39,33.1,1002.5,134.1,92.4,792.0,85.9,44.2,115.0
2024-08-23 19:00:00,24.9,88,22.8,0.1,5.8,68,14.4,1002.3,133.2,92.2,828.0,103.3,41.9,75.0
2024-08-23 20:00:00,24.2,94,23.3,0.0,3.1,21,9.4,1003.1,98.0,66.8,634.0,73.6,29.1,75.0
2024-08-23 21:00:00,22.5,95,21.7,0.0,3.9,68,13.3,1004.3,97.6,67.1,713.0,82.2,30.8,54.0
2024-08-23 22:00:00,22.5,95,21.6,0.0,2.7,337,6.1,1004.7,109.4,75.4,823.0,93.9,33.3,25.0
2024-08-23 23:00:00,22.2,96,21.6,0.0,2.9,353,6.8,1004.8,124.8,86.6,904.0,101.3,35.4,3.0
2024-08-24 00:00:00,22.1,96,21.5,0.0,4.5,14,7.6,1004.8,133.6,92.9,930.0,101.0,36.9,0.0
2024-08-24 01:00:00,21.9,96,21.2,0.0,5.6,15,10.4,1004.7,135.5,94.3,929.0,96.4,38.1,0.0
2024-08-24 02:00:00,21.5,97,21.0,0.0,5.8,22,9.7,1004.7,133.2,92.4,924.0,90.7,38.7,0.0
2024-08-24 03:00:00,21.4,96,20.8,0.0,6.2,21,10.4,1004.7,135.0,93.6,926.0,83.8,37.9,0.0
2024-08-24 04:00:00,21.4,97,20.8,0.0,6.8,18,11.5,1004.8,132.2,91.7,925.0,75.9,36.6,0.0
2024-08-24 05:00:00,21.4,97,20.9,0.0,6.0,17,11.2,1005.0,129.9,90.3,911.0,70.4,37.4,0.0
2024-08-24 06:00:00,21.5,98,21.1,0.0,5.5,11,10.4,1005.5,130.4,90.3,876.0,70.2,42.8,11.0
2024-08-24 07:00:00,22.0,97,21.4,0.0,5.1,8,11.2,1006.0,133.6,92.0,829.0,72.5,50.4,27.0
2024-08-24 08:00:00,23.1,92,21.7,0.0,5.0,360,12.2,1006.2,131.8,90.8,922.0,68.4,63.4,30.0
2024-08-24 09:00:00,24.5,84,21.6,0.0,1.9,22,11.5,1006.4,125.3,85.9,884.0,65.6,62.8,55.0
2024-08-24 10:00:00,25.9,79,22.0,0.0,1.6,207,10.8,1006.1,111.1,75.9,831.0,61.7,61.9,90.0
2024-08-24 11:00:00,28.1,71,22.4,0.0,7.0,201,16.9,1005.6,105.9,71.9,793.0,57.7,60.4,124.0
2024-08-24 12:00:00,29.1,68,22.6,0.0,7.8,214,19.1,1004.8,109.4,74.3,779.0,52.9,57.8,155.0
2024-08-24 13:00:00,29.8,68,23.2,0.0,8.5,216,19.4,1004.1,109.0,73.8,779.0,48.1,54.6,184.0
2024-08-24 14:00:00,30.4,67,23.6,0.0,9.7,211,20.9,1003.2,111.3,75.2,790.0,46.7,52.2,203.0
2024-08-24 15:00:00,30.9,66,23.9,0.0,9.8,216,20.9,1002.7,115.3,78.0,781.0,47.0,50.4,210.0
2024-08-24 16:00:00,30.9,67,24.0,0.0,9.8,216,19.8,1002.3,120.6,82.0,782.0,50.8,49.4,207.0
2024-08-24 17:00:00,30.3,69,24.0,0.0,10.2,222,18.7,1002.2,129.5,88.5,884.0,67.0,51.3,186.0
2024-08-24 18:00:00,29.4,75,24.5,0.0,9.4,230,18.0,1001.8,171.4,117.8,1175.0,109.2,58.5,132.0
2024-08-24 19:00:00,27.9,81,24.4,0.0,6.8,238,14.8,1001.7,219.8,151.8,1567.0,163.8,68.6,59.0
2024-08-24 20:00:00,27.8,81,24.2,0.0,4.6,252,10.1,1002.2,231.0,160.7,1849.0,194.7,70.6,3.0
2024-08-24 21:00:00,28.0,81,24.4,0.0,1.4,180,2.9,1003.4,263.6,183.5,2010.0,188.3,77.9,2.0
2024-08-24 22:00:00,26.5,89,24.5,0.0,4.1,308,4.3,1003.4,285.9,199.3,2226.0,179.1,87.7,1.0
2024-08-24 23:00:00,25.6,93,24.4,0.0,5.3,332,7.2,1003.9,299.0,208.2,2350.0,169.1,92.6,0.0
2024-08-25 00:00:00,25.2,94,24.3,0.0,4.7,360,7.2,1003.8,301.7,210.5,2307.0,159.2,88.5,0.0
2024-08-25 01:00:00,24.8,96,24.1,0.0,6.5,360,10.1,1003.9,290.6,202.6,2173.0,148.5,79.5,0.0
2024-08-25 02:00:00,24.5,97,24.0,0.0,6.1,3,10.1,1003.8,266.4,185.8,2020.0,136.7,70.6,0.0
2024-08-25 03:00:00,24.4,97,23.9,0.0,7.6,8,11.5,1004.0,243.1,169.5,1857.0,122.3,63.0,0.0
2024-08-25 04:00:00,24.2,96,23.6,0.0,8.0,8,11.9,1003.9,218.4,152.7,1676.0,106.8,55.6,0.0
2024-08-25 05:00:00,24.0,96,23.4,0.0,8.0,8,12.2,1003.7,199.3,139.2,1531.0,94.7,50.0,0.0
2024-08-25 06:00:00,23.9,95,23.0,0.0,9.5,11,14.0,1003.9,187.2,130.4,1458.0,88.0,46.4,0.0
2024-08-25 07:00:00,24.4,88,22.4,0.0,10.1,6,16.9,1004.5,182.1,126.7,1421.0,84.7,44.6,0.0
2024-08-25 08:00:00,25.5,84,22.5,0.0,7.1,345,16.6,1004.7,138.3,96.2,1243.0,74.3,42.3,19.0
2024-08-25 09:00:00,26.4,76,21.8,0.0,8.3,5,19.4,1005.6,132.2,91.5,1127.0,77.9,46.8,44.0
2024-08-25 10:00:00,28.3,66,21.4,0.0,9.8,28,19.4,1005.6,136.4,94.3,966.0,82.3,52.8,79.0
2024-08-25 11:00:00,29.0,62,21.0,0.0,14.5,19,25.2,1005.1,130.4,89.6,832.0,81.8,55.4,113.0
2024-08-25 12:00:00,28.6,66,21.7,0.0,9.7,27,25.6,1005.1,125.3,85.7,736.0,67.3,50.9,152.0
2024-08-25 13:00:00,29.0,68,22.5,0.0,7.9,24,15.8,1004.6,114.8,78.0,668.0,48.0,42.9,189.0
2024-08-25 14:00:00,28.5,70,22.5,0.0,9.2,11,15.8,1004.0,110.6,75.0,667.0,45.7,37.9,200.0
2024-08-25 15:00:00,28.8,68,22.3,0.0,8.2,15,16.9,1003.5,121.5,82.4,765.0,77.7,38.8,161.0
2024-08-25 16:00:00,28.3,71,22.6,0.0,5.4,37,14.4,1003.2,157.4,107.8,931.0,126.8,42.6,95.0
2024-08-25 17:00:00,27.5,77,23.1,0.3,6.5,360,10.4,1002.8,171.8,118.3,1109.0,163.3,46.8,43.0
2024-08-25 18:00:00,26.6,84,23.6,0.3,4.6,342,11.2,1002.7,198.4,136.9,1340.0,176.5,51.8,19.0
2024-08-25 19:00:00,23.2,100,23.2,2.1,6.6,338,12.2,1003.8,223.5,155.1,1584.0,177.0,57.2,7.0
2024-08-25 20:00:00,22.2,96,21.5,2.4,13.5,351,30.6,1004.1,311.1,216.1,2265.0,201.1,77.0,0.0
2024-08-25 21:00:00,23.0,95,22.2,3.1,9.0,5,19.8,1004.5,241.2,166.7,1848.0,168.2,66.0,17.0
2024-08-25 22:00:00,22.8,96,22.0,2.6,8.8,348,19.8,1004.3,179.3,124.8,1268.0,122.2,50.5,40.0
2024-08-25 23:00:00,22.8,96,22.0,2.6,10.4,360,16.6,1004.1,129.9,90.6,810.0,82.5,37.1,63.0
2024-08-26 00:00:00,22.5,96,21.8,2.4,12.9,347,24.1,1003.2,86.1,60.1,599.0,55.8,28.1,85.0
2024-08-26 01:00:00,22.2,96,21.6,2.8,14.3,350,27.7,1002.8,52.5,36.8,508.0,35.5,21.3,106.0
2024-08-26 02:00:00,22.4,96,21.6,3.4,14.4,3,27.0,1002.0,41.3,29.0,441.0,21.1,16.2,120.0
2024-08-26 03:00:00,22.4,96,21.6,3.1,12.6,24,22.3,1001.7,34.7,24.4,364.0,13.5,13.2,126.0
2024-08-26 04:00:00,22.2,96,21.5,2.3,18.2,18,28.4,1001.3,29.3,20.7,311.0,11.8,12.0,125.0
2024-08-26 05:00:00,22.5,92,21.1,5.3,26.5,53,40.3,1000.4,28.6,20.2,279.0,13.5,11.4,119.0
2024-08-26 06:00:00,22.8,89,21.0,6.9,26.4,51,43.2,1000.9,26.8,19.0,280.0,19.8,11.1,103.0
2024-08-26 07:00:00,22.2,89,20.4,9.6,26.0,41,42.5,1000.8,28.6,20.3,304.0,29.4,11.4,81.0
2024-08-26 08:00:00,23.0,89,21.1,11.1,28.3,34,43.6,1001.2,31.7,22.5,302.0,42.7,12.5,57.0
2024-08-26 09:00:00,21.6,86,19.1,5.2,27.8,31,43.9,1003.0,28.0,20.0,324.0,41.6,12.6,55.0
2024-08-26 10:00:00,21.5,86,19.0,5.4,28.2,27,44.3,1003.4,27.4,19.7,355.0,40.0,12.8,53.0
2024-08-26 11:00:00,21.4,86,19.0,3.8,22.2,20,44.3,1003.7,27.0,19.4,373.0,38.5,12.8,52.0
2024-08-26 12:00:00,21.4,86,18.9,4.0,22.7,20,35.3,1003.6,25.1,18.2,365.0,36.9,12.4,55.0
2024-08-26 13:00:00,21.5,84,18.8,2.0,21.4,8,35.3,1003.2,25.0,18.1,344.0,35.6,11.8,60.0
2024-08-26 14:00:00,22.0,81,18.6,0.5,22.0,3,34.9,1002.7,26.8,19.4,334.0,35.7,11.4,63.0
2024-08-26 15:00:00,23.4,76,19.0,0.0,21.6,2,34.2,1002.6,29.6,21.4,338.0,37.3,11.3,66.0
2024-08-26 16:00:00,24.0,73,18.8,0.0,23.5,355,35.6,1002.7,31.4,22.7,353.0,40.5,11.4,67.0
2024-08-26 17:00:00,22.8,75,18.1,0.3,23.5,354,39.6,1002.7,35.6,25.7,387.0,46.8,12.2,62.0
2024-08-26 18:00:00,22.9,73,17.9,0.0,15.9,355,36.4,1002.4,40.3,28.8,456.0,59.8,14.3,45.0
2024-08-26 19:00:00,22.6,71,17.1,0.0,15.0,349,26.3,1002.6,46.9,33.4,544.0,75.9,17.0,22.0
2024-08-26 20:00:00,21.8,73,16.6,0.0,12.3,355,23.0,1003.6,69.6,49.7,681.0,94.5,20.6,4.0
2024-08-26 21:00:00,21.4,76,17.0,0.0,11.4,347,19.8,1005.1,75.7,53.8,734.0,88.7,21.6,3.0
2024-08-26 22:00:00,20.9,79,17.0,0.0,10.1,343,17.3,1005.2,79.2,56.2,805.0,80.6,22.9,1.0
2024-08-26 23:00:00,20.4,79,16.6,0.0,11.3,338,17.6,1005.3,79.9,56.6,836.0,73.0,23.1,0.0
2024-08-27 00:00:00,20.0,79,16.4,0.0,10.5,344,17.6,1005.6,75.0,53.1,797.0,66.9,21.1,0.0
2024-08-27 01:00:00,19.6,82,16.5,0.0,10.2,350,16.2,1005.6,65.9,46.7,719.0,61.3,17.9,0.0
2024-08-27 02:00:00,19.3,84,16.5,0.0,9.4,356,15.8,1005.5,56.2,39.9,641.0,56.3,15.4,0.0
2024-08-27 03:00:00,19.0,85,16.5,0.0,10.1,358,15.5,1005.4,47.1,33.4,561.0,51.6,14.0,1.0
2024-08-27 04:00:00,18.7,86,16.4,0.0,9.4,2,15.5,1005.5,39.0,27.7,480.0,47.5,13.1,1.0
2024-08-27 05:00:00,18.4,88,16.2,0.0,9.1,7,14.0,1005.6,33.5,23.8,441.0,44.4,13.1,3.0
2024-08-27 06:00:00,18.1,88,16.1,0.0,9.7,2,14.8,1006.2,32.5,23.1,493.0,43.8,14.8,3.0
2024-08-27 07:00:00,19.5,83,16.6,0.0,12.6,2,19.4,1006.8,40.2,28.4,587.0,44.2,17.3,4.0
2024-08-27 08:00:00,21.5,79,17.8,0.0,12.6,2,22.0,1007.2,44.7,31.3,679.0,45.7,19.6,14.0
2024-08-27 09:00:00,23.8,71,18.1,0.0,11.5,356,21.6,1008.4,36.9,25.8,553.0,36.8,16.4,39.0
2024-08-27 10:00:00,25.9,62,18.0,0.0,11.2,356,22.3,1008.3,26.4,18.5,379.0,24.4,12.0,73.0
2024-08-27 11:00:00,27.4,53,16.8,0.0,12.1,10,23.4,1008.1,12.1,8.5,252.0,15.3,8.8,100.0
2024-08-27 12:00:00,28.2,49,16.6,0.0,12.6,27,24.1,1007.7,13.3,9.3,213.0,11.5,7.6,115.0
2024-08-27 13:00:00,28.9,44,15.4,0.0,11.1,36,23.8,1007.0,15.1,10.6,220.0,11.0,7.6,123.0
2024-08-27 14:00:00,29.2,42,14.8,0.0,8.7,38,21.6,1006.3,17.2,12.0,239.0,13.6,8.3,126.0
2024-08-27 15:00:00,29.3,40,14.5,0.0,6.9,51,18.0,1005.6,19.9,13.9,227.0,18.5,8.8,125.0
2024-08-27 16:00:00,29.1,41,14.6,0.0,5.8,83,14.8,1005.3,23.4,16.4,226.0,26.6,10.1,118.0
2024-08-27 17:00:00,28.4,49,16.6,0.0,5.5,113,11.5,1004.9,30.5,21.4,332.0,40.8,14.5,103.0
2024-08-27 18:00:00,26.0,67,19.4,0.0,5.5,157,8.6,1004.9,52.6,36.8,655.0,68.2,25.6,71.0
2024-08-27 19:00:00,23.0,68,16.8,0.0,8.9,212,10.8,1005.2,104.8,73.3,1085.0,101.7,39.8,30.0
2024-08-27 20:00:00,22.4,70,16.7,0.0,8.6,237,12.2,1005.9,136.9,95.7,1463.0,118.3,49.4,0.0
2024-08-27 21:00:00,21.6,73,16.5,0.0,7.5,235,10.8,1007.0,137.4,96.2,1414.0,112.6,48.3,0.0
2024-08-27 22:00:00,21.0,73,16.0,0.0,8.0,243,11.9,1007.0,127.6,89.2,1343.0,104.3,46.5,0.0
2024-08-27 23:00:00,20.6,73,15.6,0.0,8.0,252,11.9,1007.0,121.5,85.2,1270.0,94.9,43.7,0.0
2024-08-28 00:00:00,19.6,77,15.5,0.0,7.6,270,10.8,1006.7,118.7,83.1,1202.0,84.3,38.9,0.0
2024-08-28 01:00:00,18.2,86,15.8,0.0,6.5,304,10.1,1006.3,114.1,79.9,1133.0,72.6,33.1,1.0
2024-08-28 02:00:00,17.6,90,16.0,0.0,5.4,340,7.9,1006.0,107.3,75.2,1060.0,62.0,28.6,1.0
2024-08-28 03:00:00,17.3,93,16.1,0.0,7.2,357,9.0,1006.1,99.2,69.4,967.0,52.0,26.2,1.0
2024-08-28 04:00:00,17.4,92,16.0,0.0,7.2,360,9.4,1006.2,91.0,63.8,871.0,43.0,25.0,0.0
2024-08-28 05:00:00,17.6,91,16.0,0.0,6.2,7,9.4,1006.2,85.0,59.5,824.0,38.7,24.8,1.0
2024-08-28 06:00:00,18.0,89,16.0,0.0,6.1,357,9.4,1006.5,83.4,58.3,878.0,41.3,24.5,1.0
2024-08-28 07:00:00,19.5,83,16.6,0.0,8.3,355,13.0,1006.9,96.9,67.8,980.0,48.6,25.2,1.0
2024-08-28 08:00:00,21.6,80,18.0,0.0,6.2,350,13.7,1007.0,90.3,63.1,1007.0,52.5,27.5,9.0
2024-08-28 09:00:00,24.0,70,18.2,0.0,6.2,10,15.1,1008.0,76.1,53.2,898.0,56.1,36.4,33.0
2024-08-28 10:00:00,25.5,64,18.1,0.0,3.4,32,14.8,1007.7,86.4,60.5,747.0,60.8,48.5,67.0
2024-08-28 11:00:00,27.0,58,18.1,0.0,1.8,101,11.9,1007.2,80.8,56.5,631.0,62.6,55.8,95.0
2024-08-28 12:00:00,28.0,52,17.2,0.0,2.4,153,10.8,1006.5,65.2,45.6,573.0,56.5,53.2,114.0
2024-08-28 13:00:00,28.9,47,16.5,0.0,6.3,193,15.5,1005.8,65.4,45.8,549.0,47.6,45.7,128.0
2024-08-28 14:00:00,29.0,47,16.6,0.0,7.0,201,16.2,1005.1,71.0,49.6,566.0,46.9,41.2,129.0
2024-08-28 15:00:00,29.1,47,16.7,0.0,7.1,195,15.8,1004.7,77.5,54.1,611.0,62.0,42.3,111.0
2024-08-28 16:00:00,28.9,48,16.6,0.0,6.3,193,14.8,1004.1,86.1,60.3,696.0,85.4,46.2,81.0
2024-08-28 17:00:00,28.0,57,18.9,0.0,5.2,192,11.5,1003.7,108.3,75.7,869.0,105.3,52.4,53.0
2024-08-28 18:00:00,26.5,72,21.0,0.0,4.1,225,7.9,1003.5,138.3,96.9,1204.0,118.6,62.1,32.0
2024-08-28 19:00:00,25.2,69,19.1,0.0,5.9,232,8.3,1003.9,175.1,122.5,1626.0,128.6,74.1,13.0
2024-08-28 20:00:00,24.7,70,18.8,0.0,4.1,232,6.5,1004.3,194.2,136.0,1960.0,125.4,84.1,0.0
2024-08-28 21:00:00,21.3,86,18.9,0.0,8.2,209,9.4,1004.7,213.3,149.5,2039.0,120.9,87.7,0.0
2024-08-28 22:00:00,20.5,87,18.3,0.0,8.8,235,10.1,1004.9,222.6,155.5,2145.0,114.3,92.4,0.0
2024-08-28 23:00:00,21.0,82,17.9,0.0,6.4,254,9.7,1004.9,226.8,158.8,2192.0,107.0,93.4,0.0
2024-08-29 00:00:00,21.9,77,17.7,0.0,3.5,246,7.2,1004.8,225.4,157.9,2139.0,99.0,87.7,0.0
2024-08-29 01:00:00,21.4,80,17.7,0.0,0.8,153,4.3,1004.8,219.3,153.7,2028.0,90.3,78.4,0.0
2024-08-29 02:00:00,20.9,82,17.7,0.0,0.7,90,1.4,1004.6,208.6,145.8,1903.0,82.3,69.9,0.0
2024-08-29 03:00:00,20.4,85,17.7,0.0,1.6,27,1.8,1004.4,196.0,137.4,1758.0,75.0,63.3,0.0
2024-08-29 04:00:00,19.7,89,17.8,0.0,1.9,22,2.5,1004.2,184.9,129.5,1599.0,68.4,57.7,0.0
2024-08-29 05:00:00,18.2,94,17.4,0.0,4.6,342,5.0,1004.3,175.6,122.9,1493.0,63.3,54.2,1.0
2024-08-29 06:00:00,17.6,98,17.2,0.0,4.6,342,7.9,1004.4,171.8,120.1,1502.0,58.4,53.4,3.0
2024-08-29 07:00:00,18.9,96,18.2,0.0,6.9,351,12.6,1004.6,186.3,130.4,1564.0,55.1,54.7,7.0
2024-08-29 08:00:00,20.9,89,18.9,0.0,5.8,360,13.3,1004.7,163.4,114.6,1526.0,52.2,63.8,24.0
2024-08-29 09:00:00,23.2,79,19.4,0.0,4.3,24,13.3,1004.9,157.4,110.4,1396.0,71.1,69.9,38.0
2024-08-29 10:00:00,24.9,72,19.5,0.0,1.5,14,13.0,1004.7,138.3,96.9,1212.0,96.4,78.0,58.0
2024-08-29 11:00:00,26.3,66,19.5,0.0,4.2,200,13.7,1004.3,120.6,84.5,1047.0,110.0,80.8,81.0
2024-08-29 12:00:00,27.6,60,19.1,0.0,10.8,206,21.6,1003.5,113.9,79.9,921.0,100.6,73.7,112.0
2024-08-29 13:00:00,28.2,56,18.8,0.0,13.4,207,25.2,1002.9,103.8,72.6,812.0,79.5,61.4,147.0
2024-08-29 14:00:00,28.6,55,18.7,0.0,13.0,208,25.2,1002.2,94.3,65.9,730.0,63.0,51.1,170.0
2024-08-29 15:00:00,28.7,55,18.9,0.0,13.4,207,24.5,1001.5,87.5,61.2,656.0,54.5,44.9,177.0
2024-08-29 16:00:00,28.5,57,19.0,0.0,13.4,207,24.1,1001.2,83.4,58.2,608.0,50.7,40.7,172.0
2024-08-29 17:00:00,28.0,61,19.8,0.0,11.5,212,23.0,1000.9,86.4,60.3,645.0,57.6,39.9,152.0
2024-08-29 18:00:00,26.5,71,20.7,0.0,7.4,209,17.6,1000.7,100.8,70.3,838.0,85.3,44.6,107.0
2024-08-29 19:00:00,24.2,79,20.4,0.0,6.8,198,11.2,1000.9,123.4,86.4,1115.0,123.7,52.8,47.0
2024-08-29 20:00:00,23.6,81,20.1,0.0,8.1,193,11.9,1001.4,130.9,91.5,1249.0,140.2,56.9,4.0
2024-08-29 21:00:00,23.9,79,20.0,0.0,10.2,198,15.8,1001.9,145.8,101.7,1279.0,134.8,59.2,4.0
2024-08-29 22:00:00,23.1,83,20.1,0.0,8.6,202,15.8,1001.7,147.6,103.1,1320.0,126.9,62.3,4.0
2024-08-29 23:00:00,22.4,88,20.2,0.0,6.2,216,13.3,1001.5,146.2,102.0,1340.0,118.4,63.1,3.0
2024-08-30 00:00:00,21.6,92,20.2,0.0,7.4,227,9.0,1001.6,148.1,103.4,1324.0,109.7,59.8,2.0
2024-08-30 01:00:00,21.6,91,20.1,0.0,4.3,294,9.0,1001.4,149.0,104.1,1287.0,100.4,54.3,1.0
2024-08-30 02:00:00,22.2,88,20.1,0.0,2.3,309,5.0,1001.2,146.7,102.4,1248.0,90.9,49.6,0.0
2024-08-30 03:00:00,20.7,94,19.8,0.0,4.6,342,5.0,1001.1,142.0,99.2,1201.0,79.7,46.1,0.0
2024-08-30 04:00:00,20.4,95,19.6,0.0,5.1,352,7.2,1001.1,136.9,95.7,1151.0,68.2,43.4,0.0
2024-08-30 05:00:00,20.1,95,19.4,0.0,5.8,356,8.3,1001.0,132.2,92.4,1130.0,61.5,42.9,0.0
2024-08-30 06:00:00,20.0,95,19.3,0.0,7.2,357,10.8,1001.6,131.8,92.2,1173.0,62.8,45.7,3.0
2024-08-30 07:00:00,21.4,91,19.9,0.0,8.6,2,14.8,1002.1,144.4,101.0,1245.0,68.8,50.7,8.0
2024-08-30 08:00:00,23.1,86,20.6,0.0,8.0,5,15.5,1002.5,146.7,102.7,1342.0,55.7,50.7,17.0
2024-08-30 09:00:00,25.1,79,21.4,0.0,7.0,12,15.8,1003.0,146.7,102.4,1244.0,66.6,59.1,44.0
2024-08-30 10:00:00,26.7,75,21.9,0.0,5.7,18,16.6,1002.9,152.3,106.2,1108.0,81.5,70.6,83.0
2024-08-30 11:00:00,28.2,70,22.4,0.0,3.9,34,15.5,1002.5,159.7,111.8,998.0,90.8,78.1,123.0
2024-08-30 12:00:00,29.6,66,22.6,0.0,1.5,76,13.3,1002.0,164.8,115.3,939.0,88.4,77.5,167.0
2024-08-30 13:00:00,30.7,63,23.0,0.0,1.5,166,10.8,1001.3,163.4,114.1,906.0,80.5,72.9,212.0
2024-08-30 14:00:00,31.5,62,23.4,0.0,1.9,202,10.8,1001.0,159.7,111.5,891.0,76.2,69.2,241.0
2024-08-30 15:00:00,31.8,63,23.8,0.0,5.0,210,13.0,1000.8,156.5,109.0,855.0,75.9,67.6,251.0
2024-08-30 16:00:00,31.7,64,24.0,0.0,8.5,208,16.2,1000.7,153.7,106.6,837.0,79.2,66.9,247.0
2024-08-30 17:00:00,31.3,67,24.4,0.0,7.7,217,16.2,1000.7,159.7,110.8,939.0,94.2,68.9,220.0
2024-08-30 18:00:00,30.0,78,25.6,0.0,5.1,219,12.6,1001.3,215.1,149.9,1275.0,133.5,76.0,155.0
2024-08-30 19:00:00,28.2,82,25.0,0.0,5.8,187,8.6,1001.9,258.0,179.7,1730.0,184.3,85.8,68.0
2024-08-30 20:00:00,26.2,91,24.6,0.0,7.2,117,8.6,1002.9,258.9,181.1,2091.0,218.0,91.0,4.0
2024-08-30 21:00:00,26.2,92,24.9,0.0,7.2,90,8.6,1003.2,276.6,193.2,2106.0,207.8,92.2,1.0
2024-08-30 22:00:00,26.0,91,24.4,0.0,4.8,63,8.3,1003.7,283.1,197.9,2114.0,192.8,93.4,0.0
2024-08-30 23:00:00,25.5,91,24.0,0.0,5.5,58,8.3,1004.2,280.3,195.6,2035.0,174.8,90.7,0.0
2024-08-31 00:00:00,25.0,93,23.8,0.0,5.2,56,8.3,1004.4,265.4,185.8,1795.0,152.3,81.0,12.0
2024-08-31 01:00:00,25.0,93,23.8,0.0,6.3,66,9.4,1004.6,239.3,167.2,1468.0,126.9,67.6,30.0
2024-08-31 02:00:00,25.0,89,23.0,0.5,4.9,36,9.4,1005.0,207.7,144.8,1192.0,104.3,55.9,45.0
2024-08-31 03:00:00,24.7,85,22.1,0.3,7.6,3,12.6,1005.6,178.3,124.3,1010.0,85.2,47.9,57.0
2024-08-31 04:00:00,23.8,82,20.5,0.2,10.8,30,17.3,1005.7,157.4,109.7,880.0,69.1,41.7,66.0
2024-08-31 05:00:00,23.0,88,20.9,0.2,5.5,23,16.9,1006.0,147.1,102.4,812.0,60.1,37.6,67.0
2024-08-31 06:00:00,23.0,90,21.3,1.0,5.9,11,9.4,1006.3,140.6,98.0,856.0,64.4,37.0,53.0
2024-08-31 07:00:00,23.1,92,21.9,2.1,7.2,6,11.9,1006.5,147.1,102.4,962.0,75.9,38.5,30.0
2024-08-31 08:00:00,23.7,91,22.1,3.3,6.8,3,13.0,1006.4,183.9,127.6,960.0,80.0,42.8,41.0
2024-08-31 09:00:00,26.2,82,23.0,0.0,3.4,32,11.5,1006.2,163.0,112.0,840.0,69.4,39.5,50.0
2024-08-31 10:00:00,27.5,77,23.0,0.0,2.6,146,11.2,1005.7,124.8,85.0,674.0,54.7,35.0,63.0
2024-08-31 11:00:00,28.2,75,23.3,0.0,9.5,191,25.6,1005.1,101.0,68.0,553.0,43.3,31.6,78.0
2024-08-31 12:00:00,29.0,71,23.3,0.0,10.4,182,27.7,1003.9,93.8,62.9,518.0,37.6,30.2,97.0
2024-08-31 13:00:00,29.2,69,23.0,0.0,16.7,173,32.8,1002.9,92.2,61.9,528.0,35.0,29.9,119.0
2024-08-31 14:00:00,28.8,74,23.7,0.5,18.4,182,34.2,1001.7,95.2,64.0,549.0,35.8,29.9,133.0
2024-08-31 15:00:00,29.4,69,23.1,0.1,19.8,170,34.6,1000.7,101.7,68.7,567.0,39.4,29.6,138.0
2024-08-31 16:00:00,30.0,65,22.7,0.0,20.5,178,33.8,999.8,103.4,70.3,597.0,46.3,29.5,136.0
2024-08-31 17:00:00,29.5,70,23.3,0.1,15.9,185,33.1,999.6,107.3,73.3,647.0,57.6,30.5,124.0
2024-08-31 18:00:00,28.2,77,23.8,0.1,8.9,207,25.2,999.5,110.8,75.9,733.0,78.0,33.6,94.0
2024-08-31 19:00:00,26.9,84,24.0,0.0,6.1,177,13.3,999.4,115.0,78.9,839.0,102.8,37.7,53.0
2024-08-31 20:00:00,26.4,85,23.5,0.1,8.6,158,12.6,999.7,126.2,85.9,1007.0,128.0,43.0,9.0
2024-08-31 21:00:00,25.3,65,18.3,0.0,7.8,146,17.6,1000.3,121.5,82.7,1023.0,121.4,43.1,7.0
2024-08-31 22:00:00,25.0,68,18.8,0.0,9.1,162,14.0,1000.2,117.1,79.4,1044.0,112.1,43.1,4.0
2024-08-31 23:00:00,24.6,75,20.0,0.0,4.8,153,13.7,999.9,114.6,77.5,1063.0,102.9,42.6,2.0
2024-09-01 00:00:00,24.0,79,20.1,0.0,3.6,6,7.6,999.7,115.7,78.2,1079.0,94.8,40.9,1.0
2024-09-01 01:00:00,23.0,85,20.3,0.0,11.8,12,17.6,999.7,118.3,79.9,1091.0,86.9,38.7,0.0
2024-09-01 02:00:00,22.5,87,20.2,0.0,13.7,3,21.2,999.7,119.7,80.8,1092.0,79.7,36.8,0.0
2024-09-01 03:00:00,22.6,86,20.2,0.1,11.9,2,21.2,999.5,109.9,74.0,1067.0,73.7,35.7,0.0
2024-09-01 04:00:00,22.5,86,20.0,0.0,8.0,18,18.0,999.8,103.4,69.8,1030.0,68.4,34.9,0.0
2024-09-01 05:00:00,22.0,89,20.0,0.0,6.6,9,12.6,999.8,100.1,68.0,1012.0,63.0,34.3,0.0
2024-09-01 06:00:00,21.7,90,19.9,0.0,8.0,36,12.6,1000.6,94.5,65.0,1066.0,57.7,34.8,0.0
2024-09-01 07:00:00,22.4,88,20.3,0.0,8.7,24,14.8,1001.2,96.4,66.6,1141.0,52.2,35.5,1.0
2024-09-01 08:00:00,24.2,86,21.7,0.0,9.6,13,16.9,1001.8,80.1,55.9,1127.0,39.1,28.1,7.0
2024-09-01 09:00:00,26.5,81,23.0,0.0,11.0,11,19.4,1002.4,46.2,31.1,865.0,31.2,21.9,27.0
2024-09-01 10:00:00,29.0,57,19.6,0.0,20.4,352,32.8,1003.0,17.1,11.4,505.0,20.3,13.3,55.0
2024-09-01 11:00:00,29.6,52,18.9,0.0,18.2,351,33.5,1003.5,13.6,9.3,242.0,12.3,6.9,77.0
2024-09-01 12:00:00,30.2,48,18.0,0.0,19.2,347,31.0,1003.3,13.5,9.1,168.0,8.7,4.8,87.0
2024-09-01 13:00:00,30.8,43,16.9,0.0,20.7,340,33.1,1003.2,13.9,9.3,191.0,8.0,4.9,91.0
2024-09-01 14:00:00,30.0,46,17.3,0.0,19.5,341,33.1,1003.0,13.4,9.0,230.0,11.3,5.8,88.0
2024-09-01 15:00:00,29.8,47,17.4,0.0,16.6,342,30.2,1002.9,12.7,8.7,270.0,21.3,7.4,76.0
2024-09-01 16:00:00,30.0,51,19.0,0.0,11.6,5,25.6,1003.2,16.0,11.1,326.0,35.5,9.8,58.0
2024-09-01 17:00:00,29.5,59,20.6,0.0,7.8,34,17.6,1003.6,23.9,16.7,368.0,47.0,11.7,42.0
2024-09-01 18:00:00,27.0,65,19.8,0.0,9.0,29,13.3,1004.3,34.8,24.4,385.0,54.4,12.7,30.0
2024-09-01 19:00:00,25.8,51,14.9,0.0,16.1,29,24.1,1005.3,32.7,22.9,389.0,59.3,13.2,20.0
2024-09-01 20:00:00,25.1,45,12.3,0.0,18.8,20,29.9,1006.7,36.1,25.1,389.0,61.0,13.7,12.0
2024-09-01 21:00:00,24.5,46,12.0,0.0,16.7,6,25.9,1007.6,28.3,19.8,348.0,51.1,12.1,21.0
2024-09-01 22:00:00,23.3,48,11.8,0.0,15.6,353,25.6,1008.5,24.9,17.4,291.0,37.5,9.8,33.0
2024-09-01 23:00:00,22.3,51,11.6,0.0,15.3,352,24.1,1009.0,24.3,16.9,250.0,28.3,8.4,40.0
2024-09-02 00:00:00,21.4,53,11.4,0.0,12.3,353,23.4,1009.7,24.3,16.9,241.0,27.8,8.5,36.0
2024-09-02 01:00:00,20.2,58,11.8,0.0,7.6,8,18.7,1010.3,25.2,17.6,248.0,31.8,9.3,27.0
2024-09-02 02:00:00,19.5,62,12.1,0.0,7.2,360,11.2,1010.3,26.3,18.3,256.0,35.3,10.3,19.0
2024-09-02 03:00:00,19.1,63,11.9,0.0,6.8,3,10.8,1010.6,26.4,18.4,250.0,36.9,11.0,13.0
2024-09-02 04:00:00,18.4,67,12.1,0.0,7.0,12,9.7,1011.0,26.0,18.1,246.0,38.0,11.9,9.0
2024-09-02 05:00:00,17.5,74,12.7,0.0,7.4,14,9.7,1011.5,26.3,18.3,274.0,38.1,13.3,6.0
2024-09-02 06:00:00,17.5,75,13.1,0.0,5.8,4,9.0,1012.2,28.8,20.1,380.0,37.0,16.1,4.0
2024-09-02 07:00:00,18.6,73,13.6,0.0,9.0,355,13.3,1012.7,39.9,27.9,520.0,35.0,19.5,3.0
2024-09-02 08:00:00,20.6,68,14.4,0.0,7.6,352,15.1,1013.1,39.8,27.8,532.0,35.4,21.2,10.0
2024-09-02 09:00:00,23.0,53,12.9,0.0,10.6,10,19.4,1013.8,27.6,19.3,451.0,29.9,18.2,28.0
2024-09-02 10:00:00,24.1,50,13.1,0.0,9.6,13,20.5,1013.7,17.4,12.2,340.0,22.4,14.1,52.0
2024-09-02 11:00:00,25.2,46,12.6,0.0,7.0,21,19.8,1013.4,15.4,10.8,262.0,17.3,11.6,72.0
2024-09-02 12:00:00,26.0,41,11.9,0.0,3.1,54,16.9,1013.0,17.8,12.5,247.0,15.9,11.8,82.0
2024-09-02 13:00:00,26.5,41,12.0,0.0,2.9,173,12.6,1012.2,21.8,15.3,266.0,16.9,13.7,87.0
2024-09-02 14:00:00,26.8,41,12.2,0.0,5.2,196,14.4,1011.1,26.6,18.6,293.0,20.2,16.1,88.0
2024-09-02 15:00:00,26.8,41,12.4,0.0,6.7,196,15.1,1010.1,31.8,22.2,285.0,25.8,18.0,86.0
2024-09-02 16:00:00,26.6,43,12.9,0.0,8.8,199,16.6,1009.6,37.1,26.0,287.0,33.6,20.6,80.0
2024-09-02 17:00:00,26.0,48,13.9,0.0,7.3,200,16.6,1009.2,43.3,30.3,405.0,43.9,26.2,68.0
2024-09-02 18:00:00,24.2,68,17.9,0.0,4.4,215,11.5,1008.8,73.6,51.6,748.0,59.4,37.4,46.0
2024-09-02 19:00:00,21.8,74,17.0,0.0,8.2,232,9.0,1008.9,117.3,82.2,1208.0,77.3,51.5,19.0
2024-09-02 20:00:00,21.5,73,16.5,0.0,6.9,227,9.4,1009.5,132.2,92.7,1280.0,90.3,59.7,0.0
2024-09-02 21:00:00,21.1,64,14.0,0.0,8.4,220,12.2,1010.0,145.8,102.0,1288.0,86.2,60.1,0.0
2024-09-02 22:00:00,20.6,63,13.4,0.0,8.4,223,13.7,1009.9,139.7,97.8,1298.0,80.5,60.4,0.0
2024-09-02 23:00:00,19.8,68,13.6,0.0,6.9,219,13.0,1009.6,133.2,93.1,1293.0,74.9,59.5,0.0
2024-09-03 00:00:00,19.5,69,13.6,0.0,7.2,217,10.4,1009.1,132.7,92.7,1267.0,70.0,56.1,0.0
2024-09-03 01:00:00,19.2,70,13.6,0.0,7.1,221,10.8,1008.9,133.6,93.6,1227.0,65.4,51.4,0.0
2024-09-03 02:00:00,18.8,72,13.5,0.0,6.1,225,10.8,1008.6,132.2,92.2,1177.0,61.4,47.8,0.0
2024-09-03 03:00:00,18.3,75,13.8,0.0,5.9,218,9.0,1008.4,129.0,89.9,1109.0,58.2,45.7,0.0
2024-09-03 04:00:00,18.0,76,13.7,0.0,6.1,220,7.9,1008.3,124.3,86.8,1031.0,55.7,44.7,0.0
2024-09-03 05:00:00,17.8,79,14.1,0.0,6.7,234,8.6,1008.4,121.5,85.0,978.0,53.9,46.0,0.0
2024-09-03 06:00:00,18.8,69,13.1,0.0,3.9,214,7.6,1008.4,123.4,86.1,983.0,52.9,51.6,2.0
2024-09-03 07:00:00,19.1,72,13.9,0.0,2.3,198,5.8,1008.7,137.4,95.9,1012.0,52.7,59.4,6.0
2024-09-03 08:00:00,20.2,70,14.7,0.0,1.5,194,7.9,1008.9,110.6,77.1,1051.0,48.7,68.1,8.0
2024-09-03 09:00:00,22.3,69,16.2,0.0,3.6,217,12.2,1009.3,98.7,68.5,938.0,53.3,65.9,14.0
2024-09-03 10:00:00,23.7,65,16.6,0.0,7.4,209,16.9,1008.9,80.6,55.6,779.0,59.1,62.4,23.0
2024-09-03 11:00:00,24.9,64,17.5,0.0,12.0,201,23.4,1008.1,72.6,50.1,638.0,60.3,56.8,36.0
2024-09-03 12:00:00,25.7,63,18.0,0.0,14.7,197,28.1,1007.1,69.8,48.1,532.0,51.2,46.9,58.0
2024-09-03 13:00:00,26.5,59,17.8,0.0,16.3,205,28.8,1006.3,67.3,46.1,444.0,37.4,34.7,84.0
2024-09-03 14:00:00,26.5,60,18.1,0.0,16.7,205,30.2,1005.2,62.4,42.7,393.0,29.8,25.9,100.0
2024-09-03 15:00:00,26.8,57,17.5,0.0,17.1,205,29.5,1004.4,63.8,43.8,385.0,33.4,22.5,99.0
2024-09-03 16:00:00,26.7,57,17.5,0.0,18.0,206,29.9,1003.9,65.2,44.7,413.0,43.1,22.4,88.0
2024-09-03 17:00:00,26.0,63,18.4,0.0,14.8,206,29.2,1003.3,69.6,48.1,473.0,55.5,24.5,72.0
2024-09-03 18:00:00,25.0,66,18.2,0.0,14.8,209,23.8,1003.0,76.8,53.1,577.0,72.3,29.3,50.0
2024-09-03 19:00:00,24.0,67,17.5,0.0,11.3,197,23.0,1003.1,86.6,60.1,712.0,91.8,36.4,24.0
2024-09-03 20:00:00,22.9,70,17.0,0.0,5.8,173,16.9,1003.2,81.3,56.3,793.0,96.7,41.0,5.0
2024-09-03 21:00:00,22.5,63,15.2,0.0,6.6,158,9.7,1004.0,92.9,64.5,891.0,93.1,45.2,3.0
2024-09-03 22:00:00,21.8,68,15.7,0.0,6.4,164,10.1,1003.9,107.3,74.7,1022.0,88.0,51.0,1.0
2024-09-03 23:00:00,21.1,74,16.4,0.0,6.3,167,9.4,1003.2,116.9,81.5,1099.0,83.1,54.4,0.0
2024-09-04 00:00:00,20.6,79,16.8,0.0,5.9,169,9.4,1003.0,114.8,79.9,1072.0,78.9,53.3,0.0
2024-09-04 01:00:00,20.4,81,17.0,0.0,6.1,183,9.0,1002.9,105.2,73.1,991.0,74.8,49.9,1.0
2024-09-04 02:00:00,20.3,82,17.2,0.0,5.2,196,9.4,1002.5,96.6,67.1,911.0,71.4,46.9,2.0
2024-09-04 03:00:00,20.2,82,17.1,0.0,6.5,180,9.7,1001.6,90.8,63.1,844.0,68.9,45.0,1.0
2024-09-04 04:00:00,19.8,84,17.0,0.0,6.9,189,9.7,1001.3,85.4,59.1,779.0,67.0,43.4,0.0
2024-09-04 05:00:00,19.8,83,16.8,0.0,7.0,192,12.2,1000.5,81.7,56.3,741.0,65.0,43.2,0.0
2024-09-04 06:00:00,19.2,88,17.1,0.0,5.4,217,10.8,1000.5,80.6,55.5,750.0,62.0,44.9,1.0
2024-09-04 07:00:00,20.5,82,17.4,0.0,6.1,180,10.4,1000.6,87.5,60.1,786.0,58.9,47.9,3.0
2024-09-04 08:00:00,21.6,78,17.7,0.0,4.7,176,11.2,1000.1,100.1,68.7,939.0,60.0,62.9,6.0
2024-09-04 09:00:00,23.0,75,18.3,0.0,3.1,159,9.7,1000.4,87.1,59.6,880.0,61.4,64.1,13.0
2024-09-04 10:00:00,23.6,72,18.3,0.0,2.3,198,9.7,1000.1,81.0,55.5,797.0,63.3,65.6,23.0
2024-09-04 11:00:00,23.7,73,18.5,0.0,2.1,149,9.0,999.7,81.7,56.2,724.0,64.3,65.3,36.0
2024-09-04 12:00:00,24.7,69,18.5,0.0,2.5,135,10.8,998.9,86.1,59.4,663.0,62.0,61.4,56.0
2024-09-04 13:00:00,24.6,70,18.7,0.1,1.4,90,10.8,998.2,89.9,61.9,613.0,58.8,55.7,78.0
2024-09-04 14:00:00,25.0,70,19.1,0.0,1.3,56,8.6,997.9,94.1,65.0,605.0,61.0,52.0,87.0
2024-09-04 15:00:00,24.8,73,19.5,0.0,5.8,7,12.6,997.5,102.0,70.3,650.0,74.0,51.5,71.0
2024-09-04 16:00:00,24.4,76,19.8,0.6,8.4,7,15.1,997.8,105.7,73.1,738.0,92.4,52.9,41.0
2024-09-04 17:00:00,23.3,87,21.0,2.2,8.9,14,15.1,998.2,119.7,82.9,865.0,106.5,56.5,17.0
2024-09-04 18:00:00,23.0,90,21.2,1.1,8.7,7,14.4,998.3,136.0,94.5,1067.0,112.7,64.3,7.0
2024-09-04 19:00:00,22.8,92,21.5,0.0,8.6,22,14.8,998.7,162.5,113.2,1309.0,114.6,74.3,2.0
2024-09-04 20:00:00,22.7,93,21.5,0.0,8.0,18,13.7,999.9,213.3,148.1,1553.0,113.7,78.4,0.0
2024-09-04 21:00:00,22.0,91,20.4,0.4,9.0,5,16.9,1001.3,215.1,149.5,1555.0,111.9,79.8,0.0
2024-09-04 22:00:00,21.9,91,20.4,0.1,7.5,17,14.0,1001.5,211.4,147.1,1552.0,109.0,81.1,0.0
2024-09-04 23:00:00,22.0,91,20.4,0.0,7.9,16,12.2,1001.6,197.4,137.4,1500.0,104.6,78.6,0.0
2024-09-05 00:00:00,21.8,92,20.4,0.0,7.4,29,12.6,1001.8,178.3,124.3,1381.0,99.1,69.5,0.0
2024-09-05 01:00:00,21.6,93,20.5,0.0,8.1,32,12.2,1001.7,155.1,108.3,1214.0,92.0,56.4,0.0
2024-09-05 02:00:00,21.9,92,20.5,0.0,10.4,360,15.5,1002.2,120.6,84.1,1013.0,81.2,43.5,0.0
2024-09-05 03:00:00,22.9,77,18.8,0.0,21.3,344,31.3,1002.8,62.9,43.5,739.0,62.5,30.7,10.0
2024-09-05 04:00:00,22.9,72,17.5,0.0,19.0,350,34.9,1003.5,28.7,19.6,432.0,40.1,17.9,24.0
2024-09-05 05:00:00,22.8,71,17.4,0.0,17.7,355,29.2,1004.2,21.1,14.4,222.0,24.9,9.3,33.0
2024-09-05 06:00:00,22.7,70,17.0,0.0,17.4,353,27.4,1005.6,21.1,14.4,193.0,24.2,7.7,29.0
2024-09-05 07:00:00,22.6,69,16.8,0.0,15.6,353,27.0,1006.8,25.0,17.1,262.0,30.7,10.2,20.0
2024-09-05 08:00:00,23.4,68,17.1,0.0,15.1,357,24.1,1007.5,29.6,19.9,321.0,35.9,12.6,15.0
2024-09-05 09:00:00,24.7,62,16.9,0.0,18.9,351,29.9,1008.8,27.6,18.7,291.0,28.7,11.0,30.0
2024-09-05 10:00:00,25.5,57,16.3,0.0,18.5,347,32.4,1009.2,21.2,14.3,250.0,18.9,8.7,50.0
2024-09-05 11:00:00,26.5,53,16.2,0.0,18.0,358,31.0,1009.1,18.4,12.5,220.0,11.7,7.0,67.0
2024-09-05 12:00:00,27.4,43,13.8,0.0,14.9,8,29.9,1008.8,17.1,11.7,207.0,8.6,6.2,79.0
2024-09-05 13:00:00,28.0,41,13.6,0.0,11.5,14,25.2,1008.4,15.8,10.9,205.0,8.1,5.9,87.0
2024-09-05 14:00:00,28.4,40,13.6,0.0,7.6,25,21.2,1008.1,15.4,10.7,218.0,11.4,6.3,88.0
2024-09-05 15:00:00,28.5,40,13.6,0.0,7.8,77,16.2,1007.9,15.8,11.0,211.0,20.3,6.5,80.0
2024-09-05 16:00:00,28.1,40,13.1,0.0,8.3,92,16.2,1007.9,17.1,11.9,219.0,33.1,7.3,65.0
2024-09-05 17:00:00,27.2,49,15.5,0.0,6.6,119,14.4,1007.8,26.5,18.6,350.0,45.6,12.1,49.0
2024-09-05 18:00:00,25.0,54,15.1,0.0,6.9,133,10.4,1007.9,67.1,47.0,735.0,58.0,24.7,32.0
2024-09-05 19:00:00,25.4,45,12.5,0.0,4.0,190,11.2,1008.2,113.2,79.2,1244.0,70.2,41.2,13.0
2024-09-05 20:00:00,21.6,64,14.6,0.0,5.5,281,8.6,1008.9,144.8,101.3,1602.0,76.9,51.8,1.0
2024-09-05 21:00:00,20.0,76,15.7,0.0,7.2,267,9.0,1009.6,156.5,109.4,1571.0,73.4,50.6,1.0
2024-09-05 22:00:00,19.2,80,15.6,0.0,7.2,288,9.7,1009.7,149.9,105.0,1523.0,68.4,48.8,0.0
2024-09-05 23:00:00,18.6,85,16.0,0.0,5.7,305,9.0,1009.6,129.0,90.3,1446.0,63.0,45.7,0.0
2024-09-06 00:00:00,20.0,79,16.3,0.0,2.1,31,7.2,1009.8,115.3,80.6,1320.0,57.2,40.3,0.0
2024-09-06 01:00:00,19.4,82,16.2,0.0,4.7,58,5.4,1010.2,104.3,72.9,1165.0,51.0,33.7,0.0
2024-09-06 02:00:00,20.2,77,16.0,0.0,2.5,360,5.4,1010.3,95.5,66.8,1031.0,45.6,28.9,0.0
2024-09-06 03:00:00,18.0,87,15.8,0.0,6.4,344,9.0,1010.1,90.3,63.3,927.0,41.2,27.1,0.0
2024-09-06 04:00:00,17.5,86,15.1,0.0,8.0,8,12.2,1010.3,87.3,61.0,844.0,37.6,27.2,0.0
2024-09-06 05:00:00,18.1,80,14.6,0.0,8.0,10,13.7,1010.3,85.7,60.1,803.0,35.3,27.9,0.0
2024-09-06 06:00:00,17.5,84,14.6,0.0,6.5,19,12.6,1010.7,87.1,61.0,836.0,33.5,28.5,1.0
2024-09-06 07:00:00,18.5,80,15.1,0.0,10.0,15,14.8,1011.0,102.9,71.9,911.0,33.0,29.9,2.0
2024-09-06 08:00:00,19.6,77,15.6,0.0,9.4,7,15.8,1011.2,85.0,59.5,1009.0,32.6,33.2,8.0
2024-09-06 09:00:00,22.5,69,16.5,0.0,10.0,30,19.8,1011.9,70.5,49.4,944.0,45.4,41.9,18.0
2024-09-06 10:00:00,23.8,66,17.0,0.0,8.2,41,20.2,1011.5,67.3,47.0,853.0,62.7,53.7,32.0
2024-09-06 11:00:00,25.1,62,17.4,0.0,5.9,47,18.4,1010.8,67.8,47.5,769.0,73.8,60.8,47.0
2024-09-06 12:00:00,26.3,56,17.0,0.0,2.6,34,16.2,1010.5,68.9,48.2,699.0,71.5,58.8,66.0
2024-09-06 13:00:00,27.1,53,16.6,0.0,1.8,191,12.6,1009.8,68.7,48.1,636.0,62.8,52.1,86.0
2024-09-06 14:00:00,27.9,49,16.1,0.0,6.1,230,15.5,1009.4,65.4,45.8,597.0,58.3,46.3,96.0
2024-09-06 15:00:00,28.0,47,15.6,0.0,8.4,227,17.3,1008.7,65.2,45.6,556.0,62.1,42.2,91.0
2024-09-06 16:00:00,27.9,47,15.6,0.0,9.2,225,17.3,1008.3,64.5,45.2,538.0,69.9,39.0,78.0
2024-09-06 17:00:00,27.3,53,16.8,0.0,7.3,237,16.9,1008.0,73.8,51.7,639.0,79.6,40.1,61.0
2024-09-06 18:00:00,25.6,74,20.6,0.0,4.6,219,11.2,1007.5,105.5,73.8,957.0,93.1,48.9,41.0
2024-09-06 19:00:00,25.6,61,17.6,0.0,4.0,180,5.8,1007.8,145.8,102.0,1393.0,108.4,62.0,18.0
2024-09-06 20:00:00,24.9,64,17.7,0.0,3.1,126,4.3,1008.3,183.9,128.5,1836.0,122.5,77.6,0.0
2024-09-06 21:00:00,22.9,77,18.7,0.0,6.8,205,8.3,1008.8,198.8,139.2,1848.0,118.9,78.8,0.0
2024-09-06 22:00:00,22.4,78,18.4,0.0,6.1,208,8.3,1008.7,200.2,140.2,1861.0,113.6,80.3,0.0
2024-09-06 23:00:00,22.8,74,17.9,0.0,5.5,191,8.6,1008.6,192.8,134.6,1850.0,107.9,80.5,0.0
2024-09-07 00:00:00,22.7,72,17.4,0.0,7.6,185,11.9,1008.6,199.8,139.7,1804.0,102.0,78.3,0.0
2024-09-07 01:00:00,22.5,72,17.2,0.0,5.6,195,11.9,1008.2,201.2,140.6,1734.0,95.7,74.9,0.0
2024-09-07 02:00:00,22.0,76,17.6,0.4,4.6,225,9.0,1008.5,190.5,133.2,1650.0,89.6,71.4,0.0
2024-09-07 03:00:00,21.2,83,18.2,0.6,1.8,323,6.5,1008.9,175.6,122.9,1548.0,83.4,68.3,1.0
2024-09-07 04:00:00,20.9,86,18.4,0.4,4.7,23,7.2,1008.8,170.9,119.7,1432.0,77.4,65.3,2.0
2024-09-07 05:00:00,20.5,90,18.8,1.7,8.6,33,13.0,1009.2,163.9,114.6,1321.0,72.9,62.6,3.0
2024-09-07 06:00:00,20.4,92,19.0,1.1,8.2,41,14.0,1009.4,152.3,106.4,1226.0,71.4,60.7,3.0
2024-09-07 07:00:00,20.4,92,19.1,0.3,6.6,45,13.0,1010.0,143.0,100.1,1135.0,71.4,59.1,2.0
2024-09-07 08:00:00,20.5,92,19.1,1.0,4.9,54,10.4,1010.3,94.5,66.1,754.0,67.2,47.0,9.0
2024-09-07 09:00:00,19.6,89,17.7,0.6,10.7,12,18.4,1011.8,68.5,47.8,658.0,60.6,40.1,14.0
2024-09-07 10:00:00,19.6,89,17.6,0.9,9.9,19,18.0,1011.7,54.2,37.8,526.0,51.4,30.6,21.0
2024-09-07 11:00:00,19.8,88,17.8,1.3,10.4,20,18.0,1011.8,43.0,30.0,428.0,43.7,24.0,30.0
2024-09-07 12:00:00,19.8,89,17.9,1.4,10.0,26,18.0,1011.6,39.1,27.3,394.0,37.9,23.0,42.0
2024-09-07 13:00:00,20.5,85,18.0,0.3,9.2,48,18.4,1011.1,40.4,28.1,394.0,33.7,25.0,57.0
2024-09-07 14:00:00,21.2,82,18.1,0.1,7.6,65,18.4,1010.4,42.6,29.6,406.0,33.4,27.5,66.0
2024-09-07 15:00:00,22.5,77,18.2,0.0,6.2,80,17.6,1009.8,48.2,33.5,396.0,38.8,29.2,69.0
2024-09-07 16:00:00,22.8,75,18.0,0.0,5.2,74,15.5,1009.6,54.9,38.1,399.0,48.2,31.5,67.0
2024-09-07 17:00:00,22.8,73,17.8,0.0,4.0,85,12.6,1009.7,62.6,43.4,499.0,59.4,36.4,59.0
2024-09-07 18:00:00,22.2,78,18.3,0.0,3.0,76,9.4,1009.7,76.4,53.0,779.0,73.9,45.8,41.0
2024-09-07 19:00:00,20.5,87,18.2,0.0,5.7,72,7.2,1010.0,121.5,84.5,1156.0,90.1,57.8,17.0
2024-09-07 20:00:00,20.0,88,18.0,0.0,5.2,74,7.9,1010.5,160.2,111.5,1434.0,89.0,72.7,0.0
2024-09-07 21:00:00,19.1,94,18.1,0.0,5.1,82,6.1,1011.4,190.5,132.7,1614.0,87.1,81.9,0.0
2024-09-07 22:00:00,19.2,92,18.0,0.0,4.0,80,5.8,1011.4,212.3,148.1,1855.0,84.3,94.3,0.0
2024-09-07 23:00:00,18.6,95,17.8,0.0,3.9,22,4.7,1011.3,224.4,156.5,1991.0,81.6,101.6,0.0
2024-09-08 00:00:00,18.0,97,17.5,0.0,5.1,356,6.1,1011.2,225.8,157.9,1927.0,79.1,99.0,0.0
2024-09-08 01:00:00,18.1,97,17.6,0.0,4.0,355,6.1,1010.9,215.1,150.4,1757.0,76.5,91.4,0.0
2024-09-08 02:00:00,19.0,92,17.8,0.0,4.7,356,9.4,1010.6,178.8,124.8,1595.0,74.1,84.5,0.0
2024-09-08 03:00:00,18.9,92,17.6,0.0,3.2,360,6.8,1010.4,168.1,117.6,1480.0,71.4,79.9,0.0
2024-09-08 04:00:00,18.3,95,17.5,0.0,3.3,354,5.4,1010.3,160.7,112.2,1373.0,68.7,76.0,0.0
2024-09-08 05:00:00,18.0,96,17.4,0.0,3.7,11,5.4,1010.3,139.7,97.3,1275.0,67.4,74.5,0.0
2024-09-08 06:00:00,18.1,96,17.4,0.0,5.1,8,7.6,1010.2,133.2,92.9,1186.0,68.4,77.1,1.0
2024-09-08 07:00:00,18.9,93,17.7,0.0,6.5,6,11.9,1010.3,130.9,91.3,1105.0,70.7,82.1,1.0
2024-09-08 08:00:00,20.0,88,17.9,0.0,5.4,360,12.6,1010.5,112.5,78.5,1041.0,65.5,71.5,3.0
2024-09-08 09:00:00,20.6,87,18.5,0.0,6.4,16,14.0,1010.8,109.7,76.4,1002.0,65.6,76.7,6.0
2024-09-08 10:00:00,22.1,80,18.4,0.0,6.4,43,16.2,1010.6,113.4,78.7,948.0,66.0,83.8,10.0
2024-09-08 11:00:00,23.0,76,18.5,0.0,5.9,47,15.8,1010.1,116.2,80.6,905.0,67.7,87.9,13.0
2024-09-08 12:00:00,24.8,68,18.4,0.0,3.6,127,15.8,1009.2,120.1,83.1,881.0,71.8,86.3,15.0
2024-09-08 13:00:00,25.5,67,19.0,0.0,6.8,155,15.8,1008.6,129.9,89.6,869.0,77.3,81.8,16.0
2024-09-08 14:00:00,26.0,66,19.1,0.0,12.8,170,23.4,1007.9,132.2,91.3,871.0,82.4,77.8,16.0
2024-09-08 15:00:00,26.0,65,19.0,0.0,11.5,166,24.5,1007.2,136.0,93.6,881.0,86.9,75.4,14.0
2024-09-08 16:00:00,25.8,66,18.9,0.0,10.0,165,21.6,1006.7,138.8,95.5,905.0,90.8,73.6,11.0
2024-09-08 17:00:00,25.3,69,19.2,0.0,8.7,163,18.0,1006.4,149.9,103.4,969.0,92.9,71.9,8.0
2024-09-08 18:00:00,24.6,76,20.1,0.0,4.6,162,13.7,1006.1,176.5,122.0,1111.0,91.9,70.5,5.0
2024-09-08 19:00:00,23.8,86,21.2,0.0,4.3,175,6.8,1006.0,189.5,130.9,1293.0,89.0,69.3,2.0
2024-09-08 20:00:00,24.2,78,20.1,0.0,0.7,360,5.0,1006.7,224.9,155.5,1512.0,80.9,68.6,0.0
2024-09-08 21:00:00,22.5,85,19.8,0.0,2.2,99,4.7,1007.8,227.2,156.9,1514.0,79.3,67.9,0.0
2024-09-08 22:00:00,22.2,87,20.0,0.0,1.8,101,3.2,1007.5,224.0,155.1,1512.0,77.0,66.7,0.0
2024-09-08 23:00:00,22.1,92,20.8,0.0,1.3,146,2.9,1007.0,220.7,152.7,1481.0,74.8,64.5,0.0
2024-09-09 00:00:00,22.1,89,20.1,0.0,1.1,162,1.8,1006.6,214.7,148.5,1401.0,72.9,60.3,0.0
2024-09-09 01:00:00,22.0,89,20.1,0.0,0.8,117,1.8,1006.4,206.3,143.0,1292.0,71.1,55.1,0.0
2024-09-09 02:00:00,21.9,88,19.8,0.0,3.3,84,5.0,1005.7,198.4,137.4,1192.0,69.4,50.8,0.0
2024-09-09 03:00:00,21.4,93,20.2,0.0,2.5,82,5.8,1005.3,190.0,131.3,1104.0,67.5,47.6,0.0
2024-09-09 04:00:00,21.0,96,20.4,0.0,3.1,69,4.3,1004.8,177.0,122.5,1025.0,65.7,45.4,0.0
2024-09-09 05:00:00,20.9,96,20.2,0.0,2.1,31,4.0,1004.6,169.0,116.6,986.0,64.7,45.7,0.0
2024-09-09 06:00:00,21.1,95,20.3,0.0,2.4,27,5.0,1004.7,169.5,117.1,1020.0,64.5,49.9,0.0
2024-09-09 07:00:00,21.4,94,20.4,0.2,6.9,351,11.2,1005.3,187.7,129.9,1094.0,65.2,56.7,0.0
2024-09-09 08:00:00,21.5,94,20.5,0.1,4.1,15,11.9,1004.9,141.6,97.6,933.0,74.2,52.6,3.0
2024-09-09 09:00:00,22.6,90,20.9,0.0,3.1,36,10.4,1005.2,129.9,89.4,929.0,77.0,57.9,6.0
2024-09-09 10:00:00,23.6,86,21.1,0.0,2.5,360,9.7,1005.2,124.3,85.7,925.0,80.8,65.2,9.0
2024-09-09 11:00:00,24.7,80,21.1,0.0,2.1,59,10.4,1005.0,117.3,80.8,926.0,84.1,70.8,13.0
2024-09-09 12:00:00,24.9,80,21.1,0.0,2.3,108,10.1,1004.6,115.5,79.6,932.0,85.8,73.0,17.0
2024-09-09 13:00:00,24.9,80,21.2,2.5,2.4,63,9.0,1004.2,114.1,78.7,943.0,86.8,73.4,20.0
2024-09-09 14:00:00,24.5,83,21.5,0.5,1.8,79,8.6,1003.8,109.9,75.9,966.0,88.9,73.1,21.0
2024-09-09 15:00:00,26.0,79,22.0,0.1,3.0,346,11.2,1003.4,110.1,76.4,992.0,93.8,72.1,18.0
2024-09-09 16:00:00,26.4,76,21.8,0.0,5.4,340,11.9,1003.1,106.4,73.8,1030.0,99.6,70.3,14.0
2024-09-09 17:00:00,25.7,79,21.8,0.3,6.6,9,12.6,1003.5,107.8,75.0,1114.0,102.5,68.4,9.0
2024-09-09 18:00:00,24.6,89,22.8,0.9,5.7,18,11.9,1003.2,119.0,82.9,1296.0,100.1,66.7,5.0
2024-09-09 19:00:00,24.2,91,22.6,0.1,5.8,22,9.4,1003.8,122.9,85.7,1523.0,94.7,64.9,2.0
2024-09-09 20:00:00,24.0,94,22.9,0.0,4.7,23,8.6,1005.0,136.4,95.0,1573.0,98.5,55.4,1.0
2024-09-09 21:00:00,22.6,96,22.0,0.0,3.1,324,5.4,1006.1,153.2,106.9,1702.0,91.7,57.6,0.0
2024-09-09 22:00:00,22.6,95,21.7,0.0,6.8,357,10.4,1006.1,164.8,115.3,1859.0,82.1,60.0,0.0
2024-09-09 23:00:00,22.5,94,21.5,0.0,9.8,8,15.1,1006.3,160.2,112.0,1825.0,72.6,57.0,0.0
2024-09-10 00:00:00,22.7,88,20.6,0.0,13.7,2,19.4,1006.7,109.9,76.8,1414.0,64.6,43.3,4.0
2024-09-10 01:00:00,23.3,56,14.1,0.0,21.6,358,32.8,1007.1,61.7,41.9,811.0,56.8,24.2,10.0
2024-09-10 02:00:00,22.7,51,11.9,0.0,22.0,359,34.2,1007.3,37.1,23.0,354.0,47.9,10.0,18.0
2024-09-10 03:00:00,22.2,48,10.8,0.0,21.6,360,33.8,1007.8,33.4,19.0,191.0,34.7,5.6,31.0
2024-09-10 04:00:00,22.3,45,9.9,0.0,23.8,357,36.7,1008.6,33.9,18.1,174.0,20.4,6.1,46.0
2024-09-10 05:00:00,22.2,43,9.2,0.0,23.5,356,38.2,1009.3,37.3,18.1,193.0,13.4,7.4,52.0
2024-09-10 06:00:00,21.5,47,9.8,0.1,21.6,360,36.4,1010.4,38.3,18.2,227.0,20.6,8.3,40.0
2024-09-10 07:00:00,21.3,51,10.9,0.0,16.3,6,33.1,1011.0,40.7,21.0,299.0,35.1,10.1,20.0
2024-09-10 08:00:00,22.1,54,12.2,0.0,17.3,359,26.6,1011.5,44.4,25.7,366.0,46.3,13.2,6.0
2024-09-10 09:00:00,20.9,68,14.6,0.0,16.3,352,27.7,1013.1,53.9,31.0,403.0,43.4,16.3,7.0
2024-09-10 10:00:00,21.8,64,14.6,0.0,13.7,357,25.9,1013.3,63.8,35.7,453.0,39.5,20.6,9.0
2024-09-10 11:00:00,22.5,61,14.8,0.0,11.3,9,22.7,1013.5,70.5,36.6,475.0,36.1,23.5,14.0
2024-09-10 12:00:00,24.0,54,14.2,0.0,10.0,21,20.9,1013.0,72.4,31.7,440.0,33.2,23.4,24.0
2024-09-10 13:00:00,24.8,52,14.2,0.0,9.4,23,19.4,1012.5,63.6,28.0,379.0,30.9,21.9,36.0
2024-09-10 14:00:00,25.1,47,13.1,0.0,8.2,41,18.7,1012.1,54.6,26.7,342.0,31.5,21.7,44.0
2024-09-10 15:00:00,25.2,46,12.8,0.0,6.8,90,16.6,1011.9,50.8,27.6,326.0,37.1,23.4,44.0
2024-09-10 16:00:00,24.9,49,13.5,0.0,9.4,130,16.6,1011.5,49.5,29.3,335.0,45.6,26.3,39.0
2024-09-10 17:00:00,23.5,62,15.8,0.0,10.5,153,17.3,1011.8,49.6,31.4,431.0,53.4,31.4,32.0
2024-09-10 18:00:00,21.6,72,16.3,0.0,7.8,167,16.9,1012.3,62.6,42.5,685.0,59.9,40.0,22.0
2024-09-10 19:00:00,20.0,76,15.6,0.0,6.2,201,12.2,1012.7,95.9,66.6,1026.0,65.8,50.7,9.0
2024-09-10 20:00:00,19.3,78,15.4,0.0,6.5,214,9.4,1013.6,92.7,62.4,1006.0,54.3,62.4,0.0
2024-09-10 21:00:00,17.5,85,14.9,0.0,7.6,225,9.0,1014.7,100.8,68.7,1089.0,53.9,69.1,0.0
2024-09-10 22:00:00,17.6,84,14.9,0.0,6.2,263,10.1,1014.6,110.4,75.7,1205.0,53.2,78.2,0.0
2024-09-10 23:00:00,17.0,88,15.0,0.0,4.3,312,6.8,1014.6,129.0,88.5,1303.0,51.6,83.4,0.0
2024-09-11 00:00:00,16.5,92,15.1,0.0,5.9,317,7.2,1014.8,141.6,97.8,1369.0,48.6,81.6,0.0
2024-09-11 01:00:00,16.5,92,15.2,0.0,5.7,325,7.9,1014.6,149.9,103.8,1417.0,44.7,75.9,0.0
2024-09-11 02:00:00,16.2,93,15.1,0.0,6.0,343,8.3,1014.5,151.3,105.0,1434.0,40.9,69.6,0.0
2024-09-11 03:00:00,16.5,93,15.4,0.0,5.4,4,8.3,1014.7,146.7,102.0,1401.0,37.0,63.3,0.0
2024-09-11 04:00:00,16.8,92,15.5,0.0,5.9,14,8.6,1015.0,140.6,97.6,1336.0,33.1,56.5,0.0
2024-09-11 05:00:00,16.4,94,15.4,0.0,5.2,12,9.0,1014.9,132.2,91.3,1288.0,30.7,50.7,0.0
2024-09-11 06:00:00,16.6,92,15.4,0.0,5.1,352,7.9,1015.2,117.3,80.8,1298.0,29.8,46.2,0.0
2024-09-11 07:00:00,18.0,85,15.4,0.0,8.0,342,12.6,1015.9,108.7,74.5,1323.0,30.3,42.7,0.0
2024-09-11 08:00:00,19.2,82,16.0,0.0,7.3,349,13.3,1015.9,96.9,66.1,1224.0,33.7,36.3,2.0
2024-09-11 09:00:00,21.4,75,16.8,0.0,7.2,354,14.4,1016.4,81.3,53.6,1037.0,41.4,36.3,7.0
2024-09-11 10:00:00,23.6,64,16.4,0.0,9.0,2,19.1,1016.7,65.4,42.8,776.0,51.5,35.9,15.0
2024-09-11 11:00:00,24.0,61,16.1,0.0,8.9,14,19.1,1016.8,53.6,35.7,561.0,56.2,33.9,25.0
2024-09-11 12:00:00,25.4,57,16.1,0.0,9.3,28,19.8,1016.0,43.4,29.5,433.0,48.7,28.3,41.0
2024-09-11 13:00:00,26.3,52,15.6,0.0,9.7,31,20.2,1015.0,34.2,23.5,351.0,35.7,20.9,59.0
2024-09-11 14:00:00,26.8,46,14.2,0.0,10.2,32,20.5,1014.5,29.0,20.1,314.0,29.4,15.9,69.0
2024-09-11 15:00:00,26.9,44,13.5,0.0,10.7,40,20.5,1013.9,30.2,20.9,305.0,36.4,14.5,63.0
2024-09-11 16:00:00,26.4,45,13.4,0.0,12.0,41,20.2,1013.4,35.7,25.0,342.0,50.1,15.5,48.0
2024-09-11 17:00:00,25.4,53,15.2,0.0,9.0,37,19.8,1013.2,43.9,30.6,475.0,62.6,19.4,33.0
2024-09-11 18:00:00,23.0,68,16.8,0.0,6.4,38,14.0,1013.5,73.1,51.2,791.0,72.2,28.3,21.0
2024-09-11 19:00:00,20.6,76,16.3,0.0,9.4,40,11.5,1013.6,110.1,77.1,1203.0,80.5,40.1,8.0
2024-09-11 20:00:00,20.5,77,16.4,0.0,7.1,15,10.4,1014.1,133.6,93.4,1434.0,77.2,43.9,0.0
2024-09-11 21:00:00,19.5,86,17.1,0.0,6.5,357,10.1,1014.9,122.0,85.2,1401.0,72.2,43.0,0.0
2024-09-11 22:00:00,18.8,89,16.9,0.0,6.2,324,7.9,1014.7,117.6,82.2,1349.0,65.1,41.6,0.0
2024-09-11 23:00:00,18.3,87,16.1,0.0,7.4,321,8.6,1014.6,114.6,80.1,1272.0,58.6,39.0,0.0
2024-09-12 00:00:00,18.2,83,15.4,0.0,5.9,322,9.0,1014.5,108.7,76.1,1154.0,53.5,34.0,0.0
2024-09-12 01:00:00,17.7,84,14.9,0.0,6.5,341,7.6,1014.0,94.8,66.1,1010.0,48.8,27.8,0.0
2024-09-12 02:00:00,17.4,84,14.6,0.0,7.3,349,9.0,1013.6,79.4,55.5,878.0,44.8,22.9,0.0
2024-09-12 03:00:00,17.3,82,14.2,0.0,6.9,351,9.4,1013.5,68.0,47.5,757.0,41.1,20.2,0.0
2024-09-12 04:00:00,17.0,82,13.9,0.0,6.1,360,9.0,1013.3,60.3,42.1,648.0,37.9,18.8,0.0
2024-09-12 05:00:00,16.8,82,13.6,0.0,7.2,357,11.2,1013.1,55.6,38.9,592.0,36.1,18.6,0.0
2024-09-12 06:00:00,16.5,82,13.3,0.0,7.3,349,11.5,1013.1,54.8,38.3,641.0,36.7,19.9,0.0
2024-09-12 07:00:00,17.6,77,13.6,0.0,9.3,347,13.0,1012.9,67.1,46.8,742.0,38.7,22.3,0.0
2024-09-12 08:00:00,20.0,72,14.8,0.0,6.3,336,14.4,1012.7,61.0,42.6,783.0,38.4,24.3,9.0
2024-09-12 09:00:00,21.9,64,14.9,0.0,6.0,343,14.0,1013.5,40.0,27.9,655.0,36.6,24.2,26.0
2024-09-12 10:00:00,23.7,57,14.7,0.0,6.6,351,16.2,1012.8,30.6,21.3,480.0,34.2,23.9,49.0
2024-09-12 11:00:00,25.1,50,14.1,0.0,5.1,4,16.2,1012.0,26.7,18.5,350.0,32.1,23.6,68.0
2024-09-12 12:00:00,26.1,45,13.2,0.0,4.7,4,14.8,1010.9,26.6,18.5,305.0,29.3,22.6,80.0
2024-09-12 13:00:00,26.8,42,12.6,0.0,0.4,180,14.4,1010.5,29.5,20.5,307.0,26.9,21.5,88.0
2024-09-12 14:00:00,27.0,41,12.8,0.0,2.9,187,11.5,1009.7,34.3,23.9,330.0,29.3,21.8,88.0
2024-09-12 15:00:00,27.1,41,12.7,0.0,3.1,201,11.9,1008.8,39.7,27.7,329.0,40.2,23.3,78.0
2024-09-12 16:00:00,27.0,41,12.6,0.0,2.3,219,10.8,1008.2,45.3,31.5,349.0,55.9,26.1,61.0
2024-09-12 17:00:00,26.5,46,14.0,0.0,3.2,180,7.9,1007.9,57.2,39.9,507.0,70.0,32.3,44.0
2024-09-12 18:00:00,23.9,70,18.0,0.0,6.5,183,7.2,1007.6,106.9,74.7,931.0,81.5,45.1,28.0
2024-09-12 19:00:00,22.6,65,15.6,0.0,6.6,193,7.6,1007.7,155.5,109.0,1493.0,91.5,61.3,11.0
2024-09-12 20:00:00,23.3,58,14.6,0.0,4.1,225,7.6,1008.3,177.0,123.9,1816.0,92.8,69.8,0.0
2024-09-12 21:00:00,22.0,57,13.1,0.0,4.3,275,5.8,1008.4,196.5,137.4,1907.0,89.1,72.3,0.0
2024-09-12 22:00:00,20.5,64,13.4,0.0,4.2,301,5.4,1008.4,204.9,143.4,2025.0,83.8,75.4,0.0
2024-09-12 23:00:00,20.8,62,13.1,0.0,3.2,297,5.4,1008.0,203.5,142.5,2058.0,77.7,74.6,0.0
2024-09-13 00:00:00,20.8,61,13.1,0.0,3.1,315,4.0,1007.7,191.4,134.1,1941.0,70.4,66.5,0.0
2024-09-13 01:00:00,19.2,68,13.2,0.0,5.6,333,6.1,1007.3,172.8,121.1,1738.0,62.4,54.6,0.0
2024-09-13 02:00:00,18.1,75,13.6,0.0,7.0,339,8.6,1006.6,150.9,105.7,1535.0,55.5,44.5,0.0
2024-09-13 03:00:00,19.0,73,14.0,0.0,5.8,353,8.6,1006.5,131.3,92.0,1335.0,50.6,38.2,0.0
2024-09-13 04:00:00,18.5,73,13.6,0.0,7.9,3,12.2,1006.2,116.4,81.5,1134.0,46.9,33.7,0.0
2024-09-13 05:00:00,17.5,76,13.1,0.0,6.8,357,12.2,1006.0,105.2,73.6,1001.0,44.1,30.9,1.0
2024-09-13 06:00:00,17.1,77,12.9,0.0,6.5,341,10.4,1006.2,99.9,70.1,1004.0,41.9,30.0,1.0
2024-09-13 07:00:00,18.5,72,13.4,0.0,9.6,340,13.3,1006.8,109.7,76.8,1075.0,40.5,30.9,1.0
2024-09-13 08:00:00,20.8,67,14.4,0.0,8.2,345,15.1,1006.8,105.2,73.6,1025.0,40.5,31.1,8.0
2024-09-13 09:00:00,22.9,59,14.3,0.0,7.7,11,15.1,1007.5,92.2,64.5,869.0,42.9,33.7,26.0
2024-09-13 10:00:00,24.5,52,14.0,0.0,8.7,24,18.4,1007.3,79.4,55.5,653.0,46.0,37.1,52.0
2024-09-13 11:00:00,25.8,51,15.0,0.0,7.4,51,18.7,1006.6,69.2,48.3,477.0,46.1,37.7,74.0
2024-09-13 12:00:00,26.8,49,15.0,0.0,10.7,110,20.9,1006.0,58.0,40.5,379.0,38.8,32.8,92.0
2024-09-13 13:00:00,27.3,44,14.1,0.0,13.2,119,24.5,1005.2,50.5,35.3,322.0,28.6,25.2,106.0
2024-09-13 14:00:00,27.3,41,12.9,0.0,16.3,125,28.1,1004.2,47.8,33.4,297.0,24.8,19.9,111.0
2024-09-13 15:00:00,27.0,42,13.1,0.0,14.5,125,28.4,1003.7,45.4,31.8,288.0,32.2,18.2,102.0
2024-09-13 16:00:00,26.8,44,13.6,0.0,12.7,137,24.8,1003.0,44.4,31.0,311.0,46.1,18.7,83.0
2024-09-13 17:00:00,25.9,53,15.4,0.0,9.2,135,21.2,1002.7,53.2,37.3,410.0,61.5,22.4,63.0
2024-09-13 18:00:00,24.0,61,16.0,0.0,7.9,120,14.4,1002.9,78.5,54.8,652.0,79.7,31.2,41.0
2024-09-13 19:00:00,22.6,64,15.5,0.0,10.1,125,14.8,1003.1,110.1,77.1,970.0,99.4,43.2,17.0
2024-09-13 20:00:00,22.5,63,15.2,0.0,10.2,138,15.8,1004.0,116.9,81.7,1135.0,117.3,51.2,0.0
2024-09-13 21:00:00,22.2,68,15.9,0.0,10.0,165,17.3,1004.0,115.9,81.0,1069.0,113.1,50.7,0.0
2024-09-13 22:00:00,21.4,73,16.2,0.0,6.7,196,15.5,1004.3,107.6,75.2,978.0,107.1,50.0,0.0
2024-09-13 23:00:00,20.8,77,16.6,0.0,5.5,238,10.1,1004.4,100.6,70.1,904.0,101.9,49.9,0.0
2024-09-14 00:00:00,21.1,81,17.7,0.0,5.1,225,9.0,1004.5,102.7,71.2,874.0,98.8,51.3,0.0
2024-09-14 01:00:00,20.5,82,17.4,0.0,3.1,111,6.8,1004.5,116.9,81.0,861.0,96.6,53.2,0.0
2024-09-14 02:00:00,20.4,81,17.0,0.0,9.0,88,13.0,1004.8,119.7,83.1,832.0,93.4,53.9,0.0
2024-09-14 03:00:00,20.1,70,14.5,0.0,11.4,103,17.6,1005.1,116.2,80.3,762.0,88.8,52.0,0.0
2024-09-14 04:00:00,19.7,57,10.9,0.0,8.9,111,18.0,1005.5,105.0,72.4,676.0,83.4,48.8,0.0
2024-09-14 05:00:00,19.2,57,10.6,0.0,3.4,58,13.3,1006.1,87.5,60.3,609.0,77.0,46.2,0.0
2024-09-14 06:00:00,18.8,61,11.1,0.0,7.8,22,11.5,1006.9,78.2,53.8,589.0,69.6,45.7,2.0
2024-09-14 07:00:00,19.1,65,12.4,0.0,10.8,26,15.5,1007.7,86.1,59.4,589.0,61.2,45.7,4.0
2024-09-14 08:00:00,19.5,54,9.9,0.0,19.9,340,29.2,1008.2,56.1,38.5,513.0,40.7,35.8,18.0
2024-09-14 09:00:00,20.8,53,10.9,0.0,21.3,3,40.3,1008.8,36.4,25.1,435.0,32.5,28.0,28.0
2024-09-14 10:00:00,21.4,50,10.4,0.0,17.6,360,35.3,1008.7,19.2,13.3,328.0,21.2,17.3,43.0
2024-09-14 11:00:00,21.9,47,10.2,0.0,18.8,355,32.0,1008.7,13.1,9.1,248.0,12.8,9.2,55.0
2024-09-14 12:00:00,22.0,47,10.1,0.0,16.6,356,32.4,1008.3,11.6,8.1,217.0,9.2,6.3,65.0
2024-09-14 13:00:00,22.6,48,10.9,0.0,9.1,18,27.7,1007.6,11.6,8.1,212.0,8.6,6.1,72.0
2024-09-14 14:00:00,23.5,49,12.0,0.0,7.9,51,18.4,1007.1,12.0,8.4,222.0,11.2,6.6,74.0
2024-09-14 15:00:00,23.2,49,12.1,0.0,9.0,67,17.6,1006.7,12.5,8.7,220.0,18.3,6.3,67.0
2024-09-14 16:00:00,23.1,48,11.4,0.0,10.3,61,17.6,1006.7,13.4,9.4,233.0,28.7,6.6,55.0
2024-09-14 17:00:00,22.4,52,12.1,0.0,8.4,65,18.0,1006.9,20.5,14.3,322.0,39.2,10.1,41.0
2024-09-14 18:00:00,21.5,62,13.9,0.0,5.0,60,12.6,1007.2,39.5,27.6,563.0,49.9,19.3,26.0
2024-09-14 19:00:00,19.1,68,13.0,0.0,5.6,297,6.1,1007.7,72.4,50.6,881.0,60.6,31.7,11.0
2024-09-14 20:00:00,18.5,74,13.8,0.0,6.1,298,9.7,1008.1,95.5,66.8,1091.0,61.7,41.0,0.0
2024-09-14 21:00:00,18.6,61,11.1,0.0,6.1,28,10.1,1009.7,109.7,76.6,1119.0,60.3,44.4,0.0
2024-09-14 22:00:00,17.9,68,11.9,0.0,6.6,45,8.6,1010.0,106.6,74.7,1156.0,58.4,49.0,0.0
2024-09-14 23:00:00,17.0,73,12.0,0.0,6.3,59,9.4,1010.2,108.3,75.9,1168.0,56.5,52.3,0.0
2024-09-15 00:00:00,17.6,76,13.4,0.0,3.9,56,7.6,1010.1,107.3,75.0,1132.0,55.0,52.7,0.0
2024-09-15 01:00:00,17.5,76,13.2,0.0,3.6,37,4.7,1010.4,103.8,72.4,1072.0,53.7,51.7,0.0
2024-09-15 02:00:00,16.5,78,12.6,0.0,4.9,54,6.5,1010.2,101.7,71.0,1021.0,52.1,51.0,0.0
2024-09-15 03:00:00,16.4,80,12.9,0.0,4.2,70,6.5,1010.2,100.8,70.3,986.0,49.9,50.4,0.0
2024-09-15 04:00:00,16.5,80,13.1,0.0,2.5,90,5.8,1010.6,100.6,70.3,962.0,47.6,50.2,0.0
2024-09-15 05:00:00,16.2,86,13.9,0.0,3.4,122,4.7,1010.7,101.7,71.0,965.0,46.1,52.4,0.0
2024-09-15 06:00:00,16.5,85,13.9,0.0,2.3,162,4.3,1011.1,107.3,75.0,1038.0,46.0,59.9,0.0
2024-09-15 07:00:00,16.8,82,13.6,0.0,2.3,198,4.7,1011.6,126.7,88.5,1139.0,46.6,69.9,0.0
2024-09-15 08:00:00,17.5,80,14.0,0.0,3.4,212,8.6,1011.8,121.5,84.8,1220.0,40.9,84.2,2.0
2024-09-15 09:00:00,19.8,69,13.9,0.0,6.4,223,15.5,1012.2,88.9,61.9,1035.0,41.7,75.7,12.0
2024-09-15 10:00:00,21.0,61,13.1,0.0,7.1,204,17.6,1012.0,67.1,46.6,780.0,42.9,63.8,25.0
2024-09-15 11:00:00,21.8,56,12.8,0.0,6.9,208,18.4,1011.6,58.8,40.9,585.0,43.3,53.8,38.0
2024-09-15 12:00:00,22.5,54,12.7,0.0,6.2,216,18.0,1011.0,54.1,37.6,508.0,41.4,47.6,49.0
2024-09-15 13:00:00,23.0,52,12.6,0.0,6.0,197,17.3,1010.0,53.8,37.5,491.0,38.8,43.3,59.0
2024-09-15 14:00:00,23.4,50,12.4,0.0,5.7,198,16.9,1009.2,54.8,38.2,493.0,39.6,40.9,64.0
2024-09-15 15:00:00,23.7,47,11.7,0.0,5.8,202,15.8,1008.7,56.3,39.3,464.0,46.3,40.0,61.0
2024-09-15 16:00:00,23.6,46,11.2,0.0,6.0,197,15.1,1008.3,59.6,41.6,454.0,56.4,40.9,53.0
2024-09-15 17:00:00,23.1,47,11.2,0.0,6.9,186,13.7,1008.3,64.5,45.1,571.0,66.1,45.2,42.0
2024-09-15 18:00:00,21.6,59,13.3,0.0,5.5,191,11.5,1008.3,101.0,70.5,928.0,75.1,55.0,28.0
2024-09-15 19:00:00,20.1,64,13.2,0.0,5.4,184,9.0,1008.6,143.4,100.4,1412.0,83.8,68.1,12.0
2024-09-15 20:00:00,19.0,73,14.0,0.0,7.6,177,8.6,1008.8,134.6,94.1,1447.0,88.4,73.1,0.0
2024-09-15 21:00:00,18.8,75,14.2,0.0,5.7,198,8.3,1009.4,154.6,108.3,1530.0,86.3,77.8,0.0
2024-09-15 22:00:00,18.4,76,14.1,0.0,5.1,188,7.6,1009.3,164.8,115.3,1640.0,83.2,84.1,0.0
2024-09-15 23:00:00,18.1,75,13.6,0.0,6.0,197,8.6,1009.2,161.1,112.7,1685.0,80.1,87.0,0.0
2024-09-16 00:00:00,18.0,76,13.6,0.0,6.7,216,10.1,1008.9,146.2,102.4,1609.0,77.1,83.5,0.0
2024-09-16 01:00:00,17.8,77,13.8,0.0,7.6,211,11.5,1009.0,137.4,96.2,1468.0,74.0,76.5,0.0
2024-09-16 02:00:00,17.5,78,13.6,0.0,7.2,207,11.5,1008.8,132.2,92.4,1346.0,70.8,70.3,0.0
2024-09-16 03:00:00,17.2,78,13.3,0.0,6.5,214,11.2,1008.8,127.6,89.2,1268.0,66.9,65.5,0.0
2024-09-16 04:00:00,16.9,80,13.4,0.0,5.1,225,9.7,1009.0,122.5,85.9,1208.0,62.8,61.4,0.0
2024-09-16 05:00:00,16.5,84,13.7,0.0,6.6,225,7.6,1009.1,118.5,82.9,1170.0,60.1,60.1,0.0
2024-09-16 06:00:00,16.5,85,13.9,0.0,5.2,295,7.9,1009.2,118.0,82.7,1181.0,59.8,63.9,1.0
2024-09-16 07:00:00,17.5,82,14.4,0.0,4.6,342,8.3,1009.7,138.8,97.1,1214.0,60.8,70.4,2.0
2024-09-16 08:00:00,19.0,77,14.9,0.0,3.1,339,9.7,1010.0,124.8,87.3,1352.0,63.2,83.2,6.0
2024-09-16 09:00:00,21.0,69,15.1,0.0,1.4,360,11.9,1010.7,100.1,70.1,1182.0,63.7,80.5,16.0
2024-09-16 10:00:00,22.3,65,15.4,0.0,2.3,309,11.5,1011.0,85.9,60.1,948.0,64.4,76.6,30.0
2024-09-16 11:00:00,23.5,62,15.9,0.0,2.5,225,12.6,1010.9,85.0,59.3,777.0,65.6,73.4,43.0
2024-09-16 12:00:00,24.5,60,16.3,0.0,3.3,229,14.0,1010.3,90.1,62.9,728.0,66.3,71.2,55.0
2024-09-16 13:00:00,25.4,59,16.6,0.0,1.6,243,14.0,1010.0,98.5,68.7,742.0,67.5,69.6,66.0
2024-09-16 14:00:00,25.9,58,16.9,0.0,3.1,126,12.2,1009.8,105.9,74.0,767.0,71.6,68.8,71.0
2024-09-16 15:00:00,26.2,57,17.1,0.0,4.3,156,13.7,1009.7,109.9,76.8,738.0,80.9,68.1,68.0
2024-09-16 16:00:00,26.2,57,17.1,0.0,3.8,163,13.3,1009.8,113.9,79.6,720.0,93.3,68.2,59.0
2024-09-16 17:00:00,25.9,58,17.0,0.0,1.9,202,10.8,1009.9,122.9,85.9,858.0,104.4,71.3,47.0
2024-09-16 18:00:00,24.5,77,20.4,0.0,3.1,249,6.1,1009.9,176.5,123.4,1296.0,114.3,80.3,31.0
2024-09-16 19:00:00,23.0,77,18.6,0.0,5.8,266,6.1,1010.3,225.8,157.9,1889.0,123.0,92.4,13.0
2024-09-16 20:00:00,22.2,80,18.7,0.0,5.8,277,7.2,1010.6,259.8,181.6,2321.0,127.6,103.6,0.0
2024-09-16 21:00:00,22.1,81,18.6,0.0,4.6,321,7.2,1011.8,279.4,195.1,2419.0,120.8,101.9,0.0
2024-09-16 22:00:00,21.4,86,19.0,0.0,4.8,318,6.8,1011.8,282.2,197.9,2546.0,110.9,99.0,0.0
2024-09-16 23:00:00,21.0,88,19.0,0.0,4.5,346,6.5,1011.8,271.9,190.5,2587.0,100.4,92.7,0.0
2024-09-17 00:00:00,20.5,90,18.9,0.0,4.7,360,6.5,1011.5,250.5,175.1,2472.0,89.3,80.2,0.0
2024-09-17 01:00:00,20.6,89,18.8,0.0,5.1,8,7.6,1011.6,229.6,160.7,2271.0,77.4,64.3,0.0
2024-09-17 02:00:00,20.5,88,18.5,0.0,5.8,7,8.6,1011.6,206.8,144.8,2070.0,66.8,51.4,0.0
2024-09-17 03:00:00,20.0,90,18.4,0.0,6.8,360,10.1,1011.4,183.9,128.5,1877.0,57.3,43.3,0.0
2024-09-17 04:00:00,19.5,91,18.0,0.0,6.1,360,10.4,1011.6,165.8,115.9,1686.0,49.0,38.2,0.0
2024-09-17 05:00:00,19.0,92,17.8,0.0,6.2,353,9.0,1011.6,155.1,108.7,1561.0,43.9,36.6,0.0
2024-09-17 06:00:00,18.8,92,17.4,0.0,6.5,357,10.1,1011.9,152.3,106.4,1585.0,43.7,40.6,0.0
2024-09-17 07:00:00,19.9,86,17.5,0.0,9.0,16,14.0,1012.4,170.4,119.2,1676.0,46.7,48.1,0.0
2024-09-17 08:00:00,21.5,79,17.8,0.0,7.6,19,14.8,1012.8,119.7,83.6,1230.0,42.6,35.0,7.0
2024-09-17 09:00:00,23.7,68,17.5,0.0,9.7,15,19.1,1013.2,84.3,58.1,987.0,39.9,31.4,26.0
2024-09-17 10:00:00,25.1,64,17.8,0.0,10.0,38,20.5,1013.0,54.2,36.4,653.0,36.2,26.5,54.0
2024-09-17 11:00:00,26.4,59,17.6,0.0,9.4,58,20.5,1012.9,53.2,36.0,414.0,33.2,23.2,79.0
2024-09-17 12:00:00,27.1,56,17.8,0.0,8.5,62,20.2,1012.4,63.8,43.9,354.0,28.7,22.8,104.0
2024-09-17 13:00:00,27.8,56,18.0,0.0,8.6,68,19.8,1011.4,71.7,49.5,390.0,24.8,24.0,128.0
2024-09-17 14:00:00,28.5,54,18.2,0.0,9.4,72,19.8,1010.6,76.6,53.1,454.0,29.9,25.8,135.0
2024-09-17 15:00:00,28.4,53,18.0,0.0,9.1,72,20.2,1009.9,82.9,57.6,511.0,51.0,27.2,114.0
2024-09-17 16:00:00,28.1,55,18.1,0.0,8.1,69,18.4,1009.7,91.5,63.8,596.0,81.1,29.3,77.0
2024-09-17 17:00:00,27.8,59,19.0,0.0,6.7,54,14.8,1009.7,115.3,80.3,752.0,107.1,34.1,45.0
2024-09-17 18:00:00,26.0,68,19.7,0.0,5.4,37,10.8,1009.4,145.8,101.7,1045.0,125.6,44.2,25.0
2024-09-17 19:00:00,24.5,72,19.2,0.0,7.1,30,10.4,1009.7,178.8,124.8,1409.0,140.0,57.0,10.0
2024-09-17 20:00:00,23.9,74,19.0,0.0,6.9,39,11.2,1010.4,193.7,135.5,1618.0,136.1,64.1,0.0
2024-09-17 21:00:00,23.4,72,18.0,0.0,6.6,61,13.7,1011.2,197.4,137.8,1558.0,134.2,64.5,0.0
2024-09-17 22:00:00,22.9,77,18.7,0.0,3.8,73,9.7,1011.0,185.8,129.5,1473.0,131.4,65.1,0.0
2024-09-17 23:00:00,22.7,80,19.0,0.0,0.7,360,5.4,1011.0,183.0,127.1,1398.0,127.4,65.1,0.0
2024-09-18 00:00:00,22.0,86,19.5,0.0,2.2,360,2.9,1010.9,182.1,126.2,1344.0,121.6,63.6,0.0
2024-09-18 01:00:00,21.4,87,19.1,0.0,3.0,76,2.9,1010.6,179.3,123.9,1301.0,114.6,61.6,0.0
2024-09-18 02:00:00,21.0,88,18.9,0.0,4.6,108,6.1,1010.4,175.6,121.1,1269.0,108.8,61.0,0.0
2024-09-18 03:00:00,20.9,88,18.7,0.0,5.7,125,9.0,1010.5,175.1,120.6,1253.0,105.2,62.6,0.0
2024-09-18 04:00:00,20.4,87,18.2,0.0,5.6,135,8.6,1010.7,177.0,121.1,1250.0,102.8,65.5,0.0
2024-09-18 05:00:00,20.2,87,18.1,0.0,4.1,128,8.6,1010.6,177.9,122.0,1247.0,100.1,69.4,0.0
2024-09-18 06:00:00,19.8,91,18.4,0.0,5.7,108,6.5,1010.6,182.1,124.3,1267.0,98.0,76.5,1.0
2024-09-18 07:00:00,20.6,86,18.2,0.0,3.4,58,6.5,1010.9,204.0,139.7,1287.0,95.6,84.4,4.0
2024-09-18 08:00:00,21.8,82,18.5,0.0,3.9,34,10.4,1011.0,160.2,108.5,1212.0,83.7,74.3,10.0
2024-09-18 09:00:00,23.7,72,18.4,0.0,3.7,29,12.6,1011.6,106.6,71.5,1042.0,71.8,65.9,23.0
2024-09-18 10:00:00,25.0,65,18.0,0.0,2.9,60,12.2,1011.4,81.7,54.6,806.0,55.3,54.2,41.0
2024-09-18 11:00:00,26.3,58,17.4,0.0,4.4,125,14.4,1011.0,72.6,48.5,624.0,42.8,44.7,57.0
2024-09-18 12:00:00,27.2,53,16.9,0.0,5.4,143,15.8,1010.1,66.8,44.7,545.0,36.9,39.6,71.0
2024-09-18 13:00:00,27.9,50,16.5,0.0,7.8,146,18.4,1009.3,65.4,43.8,520.0,35.0,36.7,83.0
2024-09-18 14:00:00,28.2,49,16.4,0.0,8.0,153,18.7,1008.6,65.7,44.1,523.0,37.9,34.8,86.0
2024-09-18 15:00:00,28.3,48,16.4,0.0,8.7,156,18.4,1008.1,63.1,42.5,534.0,48.0,33.1,76.0
2024-09-18 16:00:00,28.2,48,16.2,0.0,9.3,152,18.4,1008.2,63.6,43.0,572.0,62.9,32.4,57.0
2024-09-18 17:00:00,27.5,52,16.6,0.0,9.3,152,17.3,1008.3,81.0,55.4,667.0,76.6,34.2,39.0
2024-09-18 18:00:00,25.6,59,17.0,0.0,7.6,155,14.4,1008.4,99.7,68.7,854.0,88.1,39.6,24.0
2024-09-18 19:00:00,24.5,60,16.1,0.0,10.1,163,15.1,1008.4,121.5,83.8,1099.0,98.4,47.4,10.0
2024-09-18 20:00:00,23.8,62,15.9,0.0,8.8,168,15.5,1009.0,139.7,97.1,1422.0,98.8,66.1,0.0
2024-09-18 21:00:00,22.9,66,16.2,0.0,9.1,171,18.0,1010.2,168.6,117.1,1599.0,96.6,75.4,0.0
2024-09-18 22:00:00,22.1,73,17.0,0.0,4.2,200,14.4,1010.2,187.2,130.4,1844.0,93.5,88.2,0.0
2024-09-18 23:00:00,21.8,79,17.9,0.0,4.4,215,6.1,1010.0,203.5,141.6,2028.0,90.5,97.6,0.0
2024-09-19 00:00:00,21.5,80,18.0,0.0,4.5,194,5.0,1009.6,212.8,148.1,2096.0,87.9,100.4,0.0
2024-09-19 01:00:00,21.3,81,18.0,0.0,4.8,207,6.1,1009.4,215.1,149.9,2102.0,85.3,99.8,0.0
2024-09-19 02:00:00,21.6,77,17.4,0.0,1.8,79,5.8,1009.1,213.7,149.0,2088.0,83.0,99.0,0.0
2024-09-19 03:00:00,20.5,85,17.9,0.0,4.1,52,5.8,1009.2,209.1,145.3,2069.0,80.8,98.4,0.0
2024-09-19 04:00:00,20.0,88,18.0,0.0,4.8,27,6.5,1009.3,205.8,143.4,2028.0,78.8,97.7,0.0
2024-09-19 05:00:00,20.6,83,17.6,0.0,2.5,360,5.4,1009.1,201.2,140.2,1957.0,77.5,98.9,0.0
2024-09-19 06:00:00,19.4,90,17.8,0.0,3.5,336,4.7,1009.0,197.4,137.4,1847.0,77.6,105.6,1.0
2024-09-19 07:00:00,20.6,85,18.0,0.0,6.9,351,10.8,1009.1,187.7,130.4,1706.0,78.4,114.2,2.0
2024-09-19 08:00:00,22.0,78,18.0,0.0,6.2,7,13.3,1008.9,145.8,101.0,1503.0,60.6,98.0,9.0
2024-09-19 09:00:00,23.8,73,18.8,0.0,2.2,351,10.8,1009.6,129.9,89.6,1383.0,62.1,96.3,19.0
2024-09-19 10:00:00,25.0,68,18.8,0.0,1.9,112,10.8,1009.5,119.0,81.7,1217.0,64.3,93.8,33.0
2024-09-19 11:00:00,26.2,62,18.5,0.0,2.8,140,13.0,1009.1,107.3,73.6,1088.0,66.4,90.6,46.0
2024-09-19 12:00:00,27.2,60,18.7,0.0,5.1,176,15.1,1008.5,101.5,69.6,1031.0,67.2,86.1,59.0
2024-09-19 13:00:00,28.0,58,19.0,0.0,7.6,185,18.4,1007.7,97.6,66.8,1012.0,67.8,80.8,71.0
2024-09-19 14:00:00,28.5,57,19.2,0.0,7.9,196,19.1,1007.0,96.2,66.1,1013.0,71.1,76.7,75.0
2024-09-19 15:00:00,28.8,56,19.2,0.0,7.6,199,18.7,1006.3,96.4,66.1,996.0,79.4,73.4,66.0
2024-09-19 16:00:00,28.7,57,19.4,0.0,7.0,192,17.3,1006.1,96.6,66.4,999.0,90.4,71.2,50.0
2024-09-19 17:00:00,28.4,58,19.5,0.0,6.2,190,14.8,1005.9,111.5,76.8,1122.0,99.8,72.9,34.0
2024-09-19 18:00:00,26.5,77,22.0,0.0,5.5,247,10.1,1005.8,147.1,101.7,1486.0,106.8,82.2,21.0
2024-09-19 19:00:00,26.1,72,20.5,0.0,3.8,311,6.5,1006.1,193.7,134.1,1970.0,112.1,95.4,9.0
2024-09-19 20:00:00,24.4,81,20.9,0.0,5.2,34,6.1,1006.8,212.3,147.1,2172.0,112.0,100.1,0.0
2024-09-19 21:00:00,24.8,81,21.2,0.0,5.8,90,6.8,1006.6,231.9,161.1,2187.0,106.3,97.3,0.0
2024-09-19 22:00:00,24.2,84,21.2,0.0,5.2,74,6.8,1007.1,231.4,160.7,2197.0,98.3,93.0,0.0
2024-09-19 23:00:00,24.0,83,21.0,0.0,4.3,42,6.5,1007.1,220.7,153.2,2123.0,91.6,86.5,0.0
2024-09-20 00:00:00,23.8,83,20.8,0.0,4.3,48,7.9,1007.4,195.1,135.5,1911.0,89.0,76.7,0.0
2024-09-20 01:00:00,23.7,83,20.5,0.0,4.9,17,7.9,1007.5,176.5,122.0,1616.0,87.7,64.6,0.0
2024-09-20 02:00:00,22.9,87,20.5,0.4,4.3,24,8.6,1007.1,150.9,104.3,1323.0,82.6,52.9,1.0
2024-09-20 03:00:00,23.0,89,21.0,0.3,8.0,85,10.8,1007.2,129.0,89.2,1039.0,69.1,41.8,12.0
2024-09-20 04:00:00,21.0,84,18.1,0.7,21.0,96,33.1,1007.6,105.5,73.1,756.0,51.7,31.0,27.0
2024-09-20 05:00:00,19.3,83,16.4,2.1,20.9,88,32.8,1007.8,71.0,49.4,537.0,39.2,22.6,35.0
2024-09-20 06:00:00,18.6,82,15.4,2.2,19.9,85,34.2,1008.2,43.5,30.3,415.0,36.4,17.5,30.0
2024-09-20 07:00:00,18.2,83,15.2,1.6,15.4,79,30.6,1009.2,37.0,25.7,357.0,38.4,14.7,17.0
2024-09-20 08:00:00,18.0,84,15.3,0.5,13.0,92,23.8,1009.5,27.1,18.9,271.0,30.6,10.2,26.0
2024-09-20 09:00:00,18.5,77,14.4,0.8,21.6,91,32.0,1010.2,26.3,18.5,274.0,28.4,10.5,25.0
2024-09-20 10:00:00,18.5,76,14.1,0.4,18.8,87,34.6,1011.3,22.4,15.8,278.0,25.4,11.0,23.0
2024-09-20 11:00:00,16.8,80,13.3,1.0,34.0,24,53.6,1012.1,18.1,12.8,281.0,23.7,11.2,23.0
2024-09-20 12:00:00,16.4,78,12.6,0.6,27.1,22,52.9,1012.8,15.9,11.3,279.0,23.9,11.0,25.0
2024-09-20 13:00:00,16.3,74,11.6,0.3,21.8,16,42.8,1012.9,16.9,12.0,277.0,25.3,10.7,28.0
2024-09-20 14:00:00,16.2,80,12.8,0.5,17.7,20,35.3,1012.6,18.3,12.9,279.0,27.7,10.4,29.0
2024-09-20 15:00:00,16.3,82,13.3,0.8,17.5,14,28.8,1012.7,18.6,13.1,286.0,31.4,10.0,27.0
2024-09-20 16:00:00,16.5,80,13.0,0.3,16.1,10,27.7,1013.0,17.5,12.4,299.0,36.2,9.7,23.0
2024-09-20 17:00:00,16.2,80,12.7,0.1,15.5,13,25.9,1013.3,18.9,13.3,324.0,41.3,10.3,18.0
2024-09-20 18:00:00,15.9,77,11.9,0.4,15.3,19,25.2,1013.8,21.5,15.1,365.0,47.6,12.2,12.0
2024-09-20 19:00:00,15.8,71,10.6,0.0,14.9,37,23.4,1014.0,26.0,18.3,418.0,54.2,15.0,5.0
2024-09-20 20:00:00,15.0,71,9.7,0.0,13.7,35,23.0,1014.6,38.0,26.8,452.0,59.0,17.6,0.0
2024-09-20 21:00:00,15.5,65,9.1,0.0,16.5,58,25.2,1015.9,46.1,32.5,535.0,57.9,21.7,0.0
2024-09-20 22:00:00,15.4,65,8.8,0.0,15.9,51,26.3,1015.9,55.9,39.2,648.0,56.2,27.1,0.0
2024-09-20 23:00:00,14.4,69,8.8,0.0,12.7,35,24.1,1015.8,64.7,45.5,714.0,54.2,30.1,0.0
2024-09-21 00:00:00,13.9,71,8.8,0.0,10.5,22,19.8,1015.8,63.3,44.4,694.0,51.6,28.2,0.0
2024-09-21 01:00:00,13.6,73,8.9,0.0,8.2,23,16.2,1015.9,53.9,37.8,628.0,48.7,23.8,0.0
2024-09-21 02:00:00,13.2,72,8.3,0.0,8.9,32,13.7,1015.8,45.1,31.7,562.0,46.6,20.1,0.0
2024-09-21 03:00:00,12.9,73,8.1,0.0,9.2,31,14.0,1015.6,38.3,26.8,500.0,46.0,18.2,0.0
2024-09-21 04:00:00,12.4,77,8.5,0.0,8.4,20,14.0,1015.6,32.9,23.2,439.0,46.2,16.9,0.0
2024-09-21 05:00:00,11.9,81,8.7,0.0,8.7,17,13.3,1015.6,30.3,21.2,416.0,45.6,16.6,0.0
2024-09-21 06:00:00,11.4,82,8.6,0.0,7.0,12,13.0,1016.0,31.2,21.9,477.0,44.4,18.2,2.0
2024-09-21 07:00:00,12.3,81,9.1,0.0,8.4,7,11.5,1016.4,42.0,29.5,576.0,42.4,20.7,5.0
2024-09-21 08:00:00,14.4,79,10.8,0.0,6.2,10,13.3,1016.4,30.2,21.1,505.0,40.3,17.9,19.0
2024-09-21 09:00:00,18.1,56,9.3,0.0,13.3,347,22.0,1017.0,13.5,9.5,414.0,31.0,14.0,35.0
2024-09-21 10:00:00,19.8,42,6.4,0.0,24.6,339,40.3,1016.9,6.7,4.7,288.0,18.2,8.5,58.0
2024-09-21 11:00:00,20.8,38,5.8,0.0,26.7,344,44.3,1016.5,6.2,4.4,196.0,9.0,4.6,75.0
2024-09-21 12:00:00,21.6,35,5.7,0.0,25.5,341,45.0,1016.3,6.4,4.4,168.0,5.9,3.4,82.0
2024-09-21 13:00:00,22.3,34,5.5,0.0,23.7,340,42.8,1015.5,7.4,5.1,173.0,6.4,3.6,84.0
2024-09-21 14:00:00,22.5,33,5.3,0.0,23.2,332,39.6,1014.8,8.6,6.0,193.0,10.2,4.5,81.0
2024-09-21 15:00:00,22.5,32,4.9,0.0,20.6,331,38.5,1014.5,10.1,7.0,217.0,18.5,5.7,70.0
2024-09-21 16:00:00,22.0,36,6.1,0.0,20.1,327,34.6,1014.1,11.9,8.2,256.0,30.0,7.5,55.0
2024-09-21 17:00:00,20.7,40,6.7,0.0,17.1,332,31.3,1013.9,20.8,14.5,319.0,40.7,10.0,39.0
2024-09-21 18:00:00,19.0,41,5.6,0.0,17.0,347,27.4,1014.2,39.7,27.8,440.0,50.3,14.3,24.0
2024-09-21 19:00:00,18.0,45,5.8,0.0,15.1,348,26.3,1014.7,54.8,38.4,585.0,59.0,19.3,10.0
2024-09-21 20:00:00,17.0,46,5.2,0.0,17.7,343,26.3,1015.7,41.3,29.0,451.0,57.7,16.5,5.0
2024-09-21 21:00:00,16.6,39,2.7,0.0,22.3,339,38.9,1017.7,35.7,25.1,413.0,54.3,15.2,6.0
2024-09-21 22:00:00,16.1,40,2.5,0.0,22.5,338,35.3,1018.0,31.5,22.1,360.0,49.5,13.3,8.0
2024-09-21 23:00:00,15.8,40,2.3,0.0,22.4,334,35.3,1017.9,28.2,19.7,312.0,44.2,11.6,10.0
2024-09-22 00:00:00,15.5,40,2.1,0.0,21.3,332,34.9,1017.9,24.7,17.3,276.0,38.1,10.3,14.0
2024-09-22 01:00:00,15.1,41,2.0,0.0,19.5,332,33.1,1018.2,22.5,15.7,246.0,31.6,9.3,19.0
2024-09-22 02:00:00,14.8,42,1.9,0.0,19.2,334,30.2,1018.3,21.0,14.6,225.0,27.1,8.7,21.0
2024-09-22 03:00:00,14.4,42,1.8,0.0,18.7,335,29.9,1018.3,19.8,13.7,206.0,26.3,8.7,20.0
2024-09-22 04:00:00,14.1,44,1.9,0.0,17.2,334,29.2,1018.2,18.9,13.1,196.0,27.5,9.1,16.0
2024-09-22 05:00:00,13.6,45,2.0,0.0,15.3,330,26.6,1018.2,18.8,13.0,226.0,28.4,10.4,13.0
2024-09-22 06:00:00,13.1,47,2.1,0.0,12.4,330,23.8,1018.4,20.5,14.2,343.0,28.5,13.5,8.0
2024-09-22 07:00:00,13.1,55,4.1,0.0,10.1,343,18.7,1018.8,30.0,20.9,500.0,28.2,17.4,4.0
2024-09-22 08:00:00,14.6,57,6.2,0.0,10.4,2,17.6,1018.9,44.6,31.2,602.0,26.0,19.8,5.0
2024-09-22 09:00:00,16.6,51,6.6,0.0,9.4,7,19.1,1019.8,31.1,21.7,489.0,22.3,16.2,21.0
2024-09-22 10:00:00,18.4,48,7.1,0.0,11.9,357,22.7,1019.6,14.4,10.1,333.0,17.1,11.2,43.0
2024-09-22 11:00:00,19.8,41,6.1,0.0,14.4,4,27.7,1019.1,9.5,6.6,220.0,13.5,7.7,61.0
2024-09-22 12:00:00,20.6,39,6.1,0.0,13.1,16,27.4,1018.2,9.7,6.7,187.0,11.7,6.8,70.0
2024-09-22 13:00:00,21.1,36,5.6,0.0,9.4,23,25.2,1017.2,11.4,7.9,197.0,11.4,7.5,75.0
2024-09-22 14:00:00,21.4,35,5.5,0.0,4.9,36,20.2,1016.4,13.6,9.5,219.0,14.5,8.8,74.0
2024-09-22 15:00:00,21.5,35,5.6,0.0,1.8,79,14.4,1015.9,16.1,11.2,211.0,23.0,9.6,67.0
2024-09-22 16:00:00,21.5,36,5.9,0.0,4.7,122,10.8,1015.5,19.3,13.4,217.0,34.9,11.2,56.0
2024-09-22 17:00:00,20.3,47,8.6,0.0,6.8,148,12.2,1015.1,27.2,19.0,331.0,46.1,16.5,43.0
2024-09-22 18:00:00,17.4,59,9.2,0.0,6.5,174,11.2,1015.3,72.4,50.6,669.0,56.1,29.3,28.0
2024-09-22 19:00:00,15.5,66,9.1,0.0,8.1,201,10.4,1015.3,113.4,79.4,1117.0,65.4,45.8,12.0
2024-09-22 20:00:00,14.4,70,8.9,0.0,9.9,213,11.5,1015.6,143.9,100.6,1570.0,71.0,60.9,0.0
2024-09-22 21:00:00,13.6,68,7.9,0.0,8.5,216,11.2,1016.6,153.2,107.1,1534.0,69.9,61.2,0.0
2024-09-22 22:00:00,13.0,70,7.7,0.0,9.0,233,11.2,1016.7,143.0,100.1,1478.0,68.3,61.3,0.0
2024-09-22 23:00:00,12.5,73,7.8,0.0,9.4,238,11.5,1016.7,126.7,88.5,1399.0,66.2,59.5,0.0
2024-09-23 00:00:00,11.9,78,8.1,0.0,9.8,242,11.2,1016.4,114.6,80.1,1280.0,63.4,54.1,0.0
2024-09-23 01:00:00,12.5,74,7.9,0.0,7.0,258,11.5,1015.9,105.0,73.6,1137.0,60.1,46.7,0.0
2024-09-23 02:00:00,12.8,72,7.8,0.0,5.2,286,7.9,1015.6,97.3,68.0,1013.0,56.4,40.6,0.0
2024-09-23 03:00:00,12.6,73,8.0,0.0,3.4,328,5.8,1015.5,90.8,63.6,904.0,52.1,36.4,0.0
2024-09-23 04:00:00,10.4,86,8.2,0.0,5.8,360,6.5,1015.2,85.7,59.8,813.0,47.4,33.4,0.0
2024-09-23 05:00:00,9.6,91,8.1,0.0,7.0,21,8.3,1015.0,82.7,57.9,794.0,43.4,32.5,0.0
2024-09-23 06:00:00,9.2,93,8.1,0.0,6.2,7,8.3,1015.0,85.0,59.5,923.0,39.5,34.1,0.0
2024-09-23 07:00:00,10.8,89,9.1,0.0,6.1,360,8.3,1015.4,110.6,77.3,1124.0,36.3,37.8,0.0
2024-09-23 08:00:00,13.0,81,9.9,0.0,5.0,360,11.9,1015.3,119.2,83.4,1329.0,32.3,45.3,3.0
2024-09-23 09:00:00,15.8,69,10.1,0.0,4.3,24,13.3,1016.0,88.7,62.2,1167.0,41.5,54.8,10.0
2024-09-23 10:00:00,17.6,62,10.2,0.0,2.3,51,13.3,1015.7,74.5,52.0,940.0,53.8,67.4,20.0
2024-09-23 11:00:00,19.4,56,10.4,0.0,3.4,162,13.3,1015.0,56.1,39.2,750.0,61.1,73.4,31.0
2024-09-23 12:00:00,20.9,51,10.4,0.0,9.3,196,20.2,1014.1,47.6,33.3,634.0,57.5,66.4,45.0
2024-09-23 13:00:00,21.8,47,9.9,0.0,13.9,211,26.3,1012.7,44.2,31.0,554.0,48.9,52.7,59.0
2024-09-23 14:00:00,22.2,46,10.1,0.0,15.6,214,28.4,1011.8,43.5,30.4,505.0,44.1,41.8,67.0
2024-09-23 15:00:00,22.5,45,10.1,0.0,15.7,212,28.4,1011.1,43.1,30.2,470.0,47.3,36.7,63.0
2024-09-23 16:00:00,22.4,45,9.9,0.0,15.4,213,27.4,1010.7,43.0,30.0,465.0,54.4,34.3,52.0
2024-09-23 17:00:00,21.5,51,10.9,0.0,11.0,212,25.2,1010.5,48.8,34.2,530.0,62.1,35.3,39.0
2024-09-23 18:00:00,18.9,60,11.1,0.0,8.1,201,16.9,1010.5,67.3,47.0,722.0,71.0,41.5,25.0
2024-09-23 19:00:00,17.2,66,10.9,0.0,8.2,195,12.6,1010.8,93.6,65.4,985.0,80.5,51.1,11.0
2024-09-23 20:00:00,16.3,69,10.7,0.0,8.0,190,12.2,1011.1,106.9,75.0,1158.0,88.2,58.5,0.0
2024-09-23 21:00:00,16.0,68,10.2,0.0,8.8,189,13.3,1011.7,118.7,83.1,1203.0,85.3,61.2,0.0
2024-09-23 22:00:00,15.4,70,10.1,0.0,8.7,197,13.7,1011.5,126.7,88.7,1263.0,81.0,64.8,0.0
2024-09-23 23:00:00,14.6,75,10.1,0.0,7.1,204,13.3,1011.2,131.3,92.0,1285.0,76.6,65.9,0.0
2024-09-24 00:00:00,13.7,80,10.3,0.0,7.8,214,10.4,1010.9,129.5,90.8,1239.0,72.2,62.2,0.0
2024-09-24 01:00:00,13.2,83,10.4,0.0,8.4,223,10.8,1010.7,124.8,87.3,1156.0,67.5,56.0,0.0
2024-09-24 02:00:00,13.4,82,10.3,0.0,6.4,218,9.4,1010.2,119.7,83.8,1080.0,63.2,50.9,0.0
2024-09-24 03:00:00,14.1,78,10.4,0.0,4.5,256,7.2,1009.9,115.7,81.0,1009.0,59.3,47.9,0.0
2024-09-24 04:00:00,13.7,82,10.6,0.0,2.9,330,5.0,1009.8,111.3,78.0,944.0,55.8,46.0,0.0
2024-09-24 05:00:00,12.2,90,10.6,0.0,3.8,343,4.3,1009.8,109.7,76.6,935.0,52.6,46.3,0.0
2024-09-24 06:00:00,10.9,95,10.1,0.0,5.9,346,6.5,1009.8,114.3,79.9,1045.0,49.1,49.6,1.0
2024-09-24 07:00:00,12.3,91,10.9,0.0,7.2,357,10.1,1010.1,144.8,101.3,1210.0,45.9,55.1,2.0
2024-09-24 08:00:00,13.9,85,11.4,0.0,4.8,13,12.2,1009.9,156.9,109.9,1492.0,38.8,64.7,4.0
2024-09-24 09:00:00,16.6,74,11.9,0.0,3.1,21,11.5,1010.4,126.2,88.2,1330.0,46.6,71.4,9.0
2024-09-24 10:00:00,18.5,68,12.4,0.0,2.6,106,12.2,1009.7,120.1,83.8,1103.0,57.1,80.2,16.0
2024-09-24 11:00:00,20.3,63,13.0,0.0,5.4,172,15.8,1009.0,113.2,78.9,910.0,63.9,83.4,26.0
2024-09-24 12:00:00,22.0,57,13.0,0.0,10.1,197,21.6,1008.4,107.3,75.0,784.0,62.7,75.8,42.0
2024-09-24 13:00:00,23.0,52,12.6,0.0,15.2,202,28.1,1007.2,105.5,73.3,691.0,57.7,62.5,61.0
2024-09-24 14:00:00,23.6,50,12.8,0.0,15.8,197,29.5,1006.2,104.3,72.6,627.0,55.1,51.3,73.0
2024-09-24 15:00:00,24.0,49,12.7,0.0,16.7,194,29.2,1005.3,102.2,71.2,574.0,56.8,43.9,74.0
2024-09-24 16:00:00,23.9,48,12.2,0.0,16.9,196,28.8,1005.0,99.2,69.2,550.0,60.9,38.6,68.0
2024-09-24 17:00:00,23.0,53,12.9,0.0,12.1,190,28.1,1004.8,100.6,70.1,604.0,68.0,37.5,57.0
2024-09-24 18:00:00,20.9,60,12.8,0.0,9.4,176,18.7,1004.8,110.8,77.3,798.0,81.4,43.6,39.0
2024-09-24 19:00:00,19.2,65,12.4,0.0,7.6,175,14.4,1005.3,133.2,92.9,1069.0,97.8,53.9,16.0
2024-09-24 20:00:00,18.2,73,13.3,0.0,9.2,191,10.8,1006.2,152.7,106.6,1367.0,106.9,68.0,0.0
2024-09-24 21:00:00,18.3,86,16.0,3.2,4.4,145,6.5,1007.2,171.4,119.2,1460.0,103.5,71.8,0.0
2024-09-24 22:00:00,17.4,89,15.6,0.0,4.1,38,6.5,1007.4,183.5,127.6,1588.0,98.4,76.8,0.0
2024-09-24 23:00:00,18.1,85,15.6,0.0,2.5,352,6.1,1007.5,196.0,136.4,1674.0,92.0,78.2,0.0
2024-09-25 00:00:00,16.2,94,15.1,0.0,6.1,3,7.9,1007.5,200.7,140.2,1695.0,83.4,73.3,0.0
2024-09-25 01:00:00,15.8,95,14.9,0.0,5.8,7,8.6,1007.4,196.5,136.9,1674.0,73.4,64.9,0.0
2024-09-25 02:00:00,15.2,96,14.6,0.0,6.5,354,9.0,1007.3,178.3,124.3,1608.0,65.0,56.6,0.0
2024-09-25 03:00:00,15.1,96,14.4,0.0,6.2,350,9.4,1007.6,154.1,107.8,1475.0,59.7,49.4,0.0
2024-09-25 04:00:00,15.3,94,14.4,0.0,7.1,15,10.8,1007.8,129.5,90.3,1297.0,56.0,42.4,0.0
2024-09-25 05:00:00,15.0,95,14.1,0.0,7.4,14,12.2,1007.8,107.6,75.2,1135.0,51.8,36.3,0.0
2024-09-25 06:00:00,14.6,95,13.8,0.0,8.0,8,11.9,1008.5,90.1,63.1,1024.0,46.5,31.8,0.0
2024-09-25 07:00:00,15.6,90,13.9,0.0,13.1,9,18.7,1009.3,82.2,57.5,928.0,40.7,28.3,1.0
2024-09-25 08:00:00,18.0,75,13.5,0.0,16.9,360,26.6,1009.8,88.2,61.7,1042.0,34.2,33.8,5.0
2024-09-25 09:00:00,20.4,70,14.8,0.0,15.2,6,25.9,1010.6,59.5,41.6,791.0,27.4,25.7,22.0
2024-09-25 10:00:00,22.1,57,13.3,0.0,19.8,7,33.5,1011.0,11.6,8.1,445.0,18.1,14.7,45.0
2024-09-25 11:00:00,22.9,51,12.3,0.0,19.2,12,35.3,1010.9,8.5,5.9,195.0,11.5,6.8,64.0
2024-09-25 12:00:00,23.5,46,11.3,0.0,17.3,19,33.8,1010.6,11.2,7.7,129.0,8.6,4.9,75.0
2024-09-25 13:00:00,23.9,44,10.9,0.0,15.4,30,31.3,1010.1,13.7,9.4,158.0,8.5,6.2,80.0
2024-09-25 14:00:00,24.0,44,11.0,0.0,13.7,34,28.8,1009.8,15.5,10.7,207.0,13.0,8.3,79.0
2024-09-25 15:00:00,24.1,44,11.1,0.0,12.8,38,25.6,1009.5,17.8,12.3,235.0,25.2,9.5,66.0
2024-09-25 16:00:00,23.9,45,11.1,0.0,11.1,58,23.0,1009.3,21.4,14.8,283.0,42.2,11.4,47.0
2024-09-25 17:00:00,22.7,54,12.8,0.0,6.5,84,18.7,1009.4,37.6,26.2,398.0,57.0,16.5,29.0
2024-09-25 18:00:00,20.1,64,13.1,0.0,7.9,93,10.1,1009.6,72.9,50.8,651.0,67.8,27.6,17.0
2024-09-25 19:00:00,18.9,69,12.9,0.0,9.4,91,10.4,1010.1,110.1,76.8,972.0,76.5,41.8,7.0
2024-09-25 20:00:00,17.4,79,13.6,0.0,10.9,98,11.9,1010.8,115.5,80.6,1073.0,85.8,47.8,0.0
2024-09-25 21:00:00,17.0,85,14.5,0.0,8.1,69,10.8,1011.5,121.1,84.1,1059.0,84.4,49.5,0.0
2024-09-25 22:00:00,17.0,85,14.5,0.0,4.7,32,10.1,1011.8,121.1,84.1,1039.0,82.3,51.9,0.0
2024-09-25 23:00:00,15.8,90,14.1,0.0,3.6,330,5.4,1012.2,128.5,88.7,1023.0,80.0,53.6,0.0
2024-09-26 00:00:00,15.4,92,14.0,0.0,4.0,357,6.5,1012.4,135.0,93.4,1017.0,77.6,54.0,0.0
2024-09-26 01:00:00,14.8,95,14.1,0.0,5.9,14,9.0,1012.4,137.8,95.0,1015.0,75.0,53.8,0.0
2024-09-26 02:00:00,14.2,97,13.8,0.0,5.1,23,9.0,1012.2,135.5,93.6,1012.0,72.4,53.7,0.0
2024-09-26 03:00:00,14.6,95,13.9,0.3,2.8,325,7.9,1012.5,129.9,89.6,987.0,70.2,53.8,0.0
2024-09-26 04:00:00,14.6,95,13.9,0.0,4.2,353,6.8,1012.3,126.2,87.1,962.0,68.1,54.0,0.0
2024-09-26 05:00:00,14.1,96,13.5,0.0,6.4,10,7.9,1012.2,124.3,85.7,992.0,65.1,54.7,0.0
2024-09-26 06:00:00,13.6,97,13.2,0.0,7.3,11,9.0,1012.4,128.5,88.7,1166.0,60.2,56.4,0.0
2024-09-26 07:00:00,15.1,94,14.2,0.0,6.3,358,8.6,1012.7,156.9,108.5,1396.0,54.4,58.6,0.0
2024-09-26 08:00:00,16.6,91,15.1,0.0,5.8,5,13.0,1012.9,138.8,95.9,1284.0,44.4,49.7,2.0
2024-09-26 09:00:00,18.9,78,14.9,0.0,3.8,3,13.0,1013.6,117.1,78.7,1063.0,44.7,49.0,13.0
2024-09-26 10:00:00,20.4,73,15.3,0.0,1.4,90,12.6,1013.6,104.3,68.7,759.0,45.0,47.9,29.0
2024-09-26 11:00:00,21.6,65,14.6,0.0,5.0,161,14.4,1013.1,92.2,60.3,533.0,45.2,46.2,41.0
2024-09-26 12:00:00,22.2,58,13.6,0.0,8.2,188,17.6,1012.5,84.1,54.8,455.0,44.0,43.3,48.0
2024-09-26 13:00:00,23.0,55,13.4,0.0,8.7,194,19.4,1011.6,78.0,51.1,455.0,42.6,39.9,51.0
2024-09-26 14:00:00,23.8,52,13.2,0.0,9.8,193,20.2,1010.7,75.7,49.7,481.0,44.1,37.6,50.0
2024-09-26 15:00:00,24.2,50,13.2,0.0,12.9,207,23.0,1010.0,74.3,48.8,492.0,51.2,36.1,42.0
2024-09-26 16:00:00,23.5,53,13.3,0.0,11.9,210,23.4,1009.7,77.5,51.5,529.0,61.3,35.8,28.0
2024-09-26 17:00:00,22.9,59,14.4,0.0,7.5,222,19.8,1009.7,88.0,59.1,661.0,69.3,39.6,17.0
2024-09-26 18:00:00,20.6,73,15.5,0.0,7.0,266,11.9,1009.8,115.0,78.5,976.0,73.6,50.9,10.0
2024-09-26 19:00:00,20.9,70,15.2,0.0,3.6,333,8.3,1010.1,152.7,104.8,1386.0,75.8,66.2,4.0
2024-09-26 20:00:00,21.1,66,14.6,0.0,0.6,34,4.3,1010.5,188.6,129.5,1637.0,74.6,77.0,0.0
2024-09-26 21:00:00,20.6,68,14.4,0.0,4.0,80,4.3,1010.5,216.1,148.5,1727.0,72.2,81.2,0.0
2024-09-26 22:00:00,20.1,69,14.2,0.0,5.2,136,5.4,1010.9,226.8,156.5,1844.0,68.9,86.7,0.0
2024-09-26 23:00:00,18.6,75,14.1,0.0,6.4,169,9.4,1011.2,218.9,150.9,1873.0,66.4,89.0,0.0
2024-09-27 00:00:00,18.6,72,13.4,0.0,8.0,186,12.2,1011.2,197.9,136.4,1736.0,65.7,84.9,0.0
2024-09-27 01:00:00,17.5,76,13.2,0.0,6.6,191,12.2,1011.1,174.6,120.1,1512.0,65.7,77.7,0.0
2024-09-27 02:00:00,17.1,79,13.4,0.0,5.6,207,9.7,1010.9,156.0,106.9,1324.0,65.2,71.9,0.0
2024-09-27 03:00:00,17.7,77,13.6,0.0,5.0,195,9.7,1011.0,143.4,98.0,1209.0,63.5,69.6,0.0
2024-09-27 04:00:00,17.9,76,13.6,0.0,5.5,148,8.6,1011.0,135.0,92.2,1130.0,61.3,68.8,0.0
2024-09-27 05:00:00,17.7,78,13.8,0.0,4.1,119,8.6,1011.0,130.4,88.9,1100.0,58.8,68.6,0.0
2024-09-27 06:00:00,17.2,81,13.9,0.0,4.2,108,6.5,1011.0,132.2,90.1,1165.0,55.1,68.5,0.0
2024-09-27 07:00:00,17.8,79,14.1,0.0,6.4,108,9.7,1011.3,154.6,106.2,1279.0,51.1,69.0,0.0
2024-09-27 08:00:00,18.5,77,14.4,0.0,4.4,125,10.1,1011.4,161.6,109.9,1436.0,48.2,74.1,1.0
2024-09-27 09:00:00,20.5,69,14.6,0.0,4.3,158,12.2,1011.9,135.0,90.1,1273.0,53.5,77.6,4.0
2024-09-27 10:00:00,21.8,65,15.0,0.0,4.7,162,14.0,1011.9,116.4,76.4,1047.0,60.7,82.0,9.0
2024-09-27 11:00:00,22.9,63,15.4,0.0,6.9,171,17.6,1011.5,104.5,67.3,862.0,65.7,82.3,15.0
2024-09-27 12:00:00,24.0,58,15.3,0.0,9.7,176,21.2,1011.3,97.8,61.9,759.0,65.6,75.1,25.0
2024-09-27 13:00:00,24.8,54,14.9,0.0,11.7,167,23.8,1010.3,92.9,58.1,698.0,63.4,63.8,37.0
2024-09-27 14:00:00,25.4,51,14.6,0.0,13.6,162,25.6,1009.7,89.6,55.8,661.0,63.6,54.0,43.0
2024-09-27 15:00:00,25.4,50,14.1,0.0,15.3,164,26.6,1009.2,86.8,53.6,642.0,68.8,47.3,39.0
2024-09-27 16:00:00,25.1,48,13.4,0.0,15.8,168,27.4,1009.2,85.2,52.5,648.0,76.4,42.2,29.0
2024-09-27 17:00:00,24.3,52,13.9,0.0,11.7,151,26.6,1009.3,91.0,57.6,677.0,83.4,39.5,19.0
2024-09-27 18:00:00,22.8,57,13.7,0.0,10.7,135,18.0,1009.0,110.6,72.2,757.0,88.8,41.0,12.0
2024-09-27 19:00:00,22.0,59,13.6,0.0,11.1,138,16.6,1009.6,119.7,79.2,861.0,93.5,44.9,5.0
2024-09-27 20:00:00,21.9,56,12.9,0.0,15.6,145,24.1,1010.2,119.0,78.9,1036.0,93.5,51.3,0.0
2024-09-27 21:00:00,21.0,60,13.1,0.0,11.1,150,19.8,1010.7,105.7,69.8,954.0,93.6,48.7,0.0
2024-09-27 22:00:00,20.2,68,14.1,0.0,6.1,166,16.9,1010.9,91.3,60.5,839.0,93.7,45.1,0.0
2024-09-27 23:00:00,19.9,75,15.3,0.0,3.4,212,9.0,1010.9,82.4,54.4,742.0,92.6,41.7,0.0
2024-09-28 00:00:00,20.1,72,14.9,0.0,1.1,81,4.3,1010.8,76.4,50.3,685.0,89.7,38.9,0.0
2024-09-28 01:00:00,19.7,75,15.2,0.0,3.4,65,5.0,1010.7,72.2,47.4,645.0,85.7,36.4,0.0
2024-09-28 02:00:00,19.5,77,15.4,0.0,7.6,62,11.5,1010.8,68.7,44.9,612.0,81.7,34.4,0.0
2024-09-28 03:00:00,19.2,80,15.6,0.0,7.2,65,12.2,1010.8,65.0,42.1,572.0,77.9,32.9,0.0
2024-09-28 04:00:00,19.0,81,15.8,0.0,6.8,63,11.5,1010.9,63.6,41.1,538.0,74.1,32.0,1.0
2024-09-28 05:00:00,19.0,83,15.9,0.0,5.8,51,10.8,1010.9,64.5,41.6,534.0,70.5,32.3,2.0
2024-09-28 06:00:00,18.9,84,16.0,0.0,5.0,30,9.0,1011.4,67.8,43.8,590.0,67.5,34.6,2.0
2024-09-28 07:00:00,19.0,83,16.0,0.0,6.3,35,10.4,1011.7,82.7,54.2,676.0,64.7,38.1,3.0
2024-09-28 08:00:00,19.2,82,16.1,0.0,5.9,31,11.5,1011.7,82.0,53.3,706.0,60.5,38.3,5.0
2024-09-28 09:00:00,21.1,76,16.8,0.0,6.9,70,14.8,1012.3,77.8,49.9,694.0,55.3,38.8,15.0
2024-09-28 10:00:00,22.4,71,16.9,0.0,7.6,89,16.9,1012.0,70.3,44.7,677.0,48.2,39.5,29.0
2024-09-28 11:00:00,23.2,66,16.6,0.0,8.5,108,18.7,1011.8,65.9,41.8,668.0,43.7,40.3,40.0
2024-09-28 12:00:00,24.0,63,16.6,0.0,8.0,115,19.1,1011.3,66.6,42.6,667.0,42.9,40.7,46.0
2024-09-28 13:00:00,25.0,60,16.7,0.0,8.9,124,19.8,1010.3,70.8,45.6,674.0,44.7,41.2,49.0
2024-09-28 14:00:00,25.5,58,16.6,0.0,9.5,147,20.2,1009.8,77.8,50.5,696.0,49.5,42.6,48.0
2024-09-28 15:00:00,25.5,58,16.5,0.0,8.4,169,19.8,1009.5,85.9,56.1,712.0,59.8,44.7,40.0
2024-09-28 16:00:00,25.1,59,16.5,0.0,8.7,172,16.2,1009.5,92.9,61.2,743.0,73.2,47.8,29.0
2024-09-28 17:00:00,24.5,62,16.8,0.0,10.6,170,16.6,1009.4,102.4,68.2,858.0,83.3,53.2,18.0
2024-09-28 18:00:00,23.4,71,17.7,0.0,10.5,186,18.0,1010.0,125.3,84.5,1132.0,87.5,63.3,10.0
2024-09-28 19:00:00,22.4,77,18.2,0.0,5.0,199,16.2,1010.2,157.4,107.1,1490.0,88.4,75.8,4.0
2024-09-28 20:00:00,22.4,79,18.5,0.0,4.9,184,6.8,1010.4,252.4,169.5,1758.0,69.3,83.7,0.0
2024-09-28 21:00:00,21.0,89,19.1,0.2,6.3,307,9.4,1011.5,251.5,169.0,1677.0,68.4,79.6,0.0
2024-09-28 22:00:00,20.5,91,19.0,0.0,8.4,335,13.0,1011.8,227.7,153.2,1560.0,67.2,73.6,0.0
2024-09-28 23:00:00,20.1,93,18.9,0.0,5.4,360,12.6,1011.5,215.1,144.4,1441.0,66.2,67.2,0.0
2024-09-29 00:00:00,19.6,96,19.0,0.0,4.3,17,8.3,1011.2,195.1,131.8,1330.0,65.5,60.5,0.0
2024-09-29 01:00:00,20.0,96,19.2,0.0,3.9,24,7.9,1010.8,177.0,119.0,1217.0,65.1,53.4,0.0
2024-09-29 02:00:00,19.9,96,19.2,0.0,2.8,18,6.5,1010.4,156.9,105.2,1103.0,65.4,47.1,0.0
2024-09-29 03:00:00,19.4,98,19.0,0.0,2.7,32,5.0,1009.8,138.3,92.2,971.0,67.3,41.3,0.0
2024-09-29 04:00:00,19.5,95,18.7,0.0,5.2,61,7.9,1009.7,118.5,78.2,839.0,69.9,36.3,0.0
2024-09-29 05:00:00,19.1,91,17.6,0.0,5.4,75,9.0,1009.3,100.4,65.7,756.0,70.6,33.7,0.0
2024-09-29 06:00:00,19.3,85,16.8,0.0,6.0,81,9.4,1009.4,92.0,60.1,765.0,67.2,34.4,2.0
2024-09-29 07:00:00,19.6,82,16.5,0.0,5.9,76,9.4,1009.7,105.2,69.6,825.0,61.9,37.5,4.0
2024-09-29 08:00:00,20.4,79,16.5,0.0,4.5,95,10.4,1009.8,123.9,81.7,1068.0,55.6,46.9,3.0
2024-09-29 09:00:00,21.9,73,16.9,0.0,5.4,174,12.2,1010.0,103.8,68.0,989.0,56.2,52.3,8.0
2024-09-29 10:00:00,22.8,73,17.8,0.0,4.1,225,12.6,1010.2,100.1,65.4,879.0,57.2,59.8,14.0
2024-09-29 11:00:00,23.8,72,18.5,0.0,4.1,214,13.0,1010.0,103.1,67.3,794.0,59.4,64.9,20.0
2024-09-29 12:00:00,24.5,70,18.7,0.0,7.0,198,15.8,1009.3,105.7,69.2,748.0,63.5,65.7,25.0
2024-09-29 13:00:00,25.9,63,18.2,0.0,15.7,202,27.7,1008.4,106.9,69.8,727.0,68.9,64.2,28.0
2024-09-29 14:00:00,26.5,58,17.7,0.0,16.4,204,29.5,1007.5,105.9,69.2,741.0,74.0,62.1,28.0
2024-09-29 15:00:00,26.2,58,17.2,0.0,15.2,211,28.4,1007.2,103.6,67.3,786.0,78.8,58.3,21.0
2024-09-29 16:00:00,25.5,64,18.1,0.0,7.1,234,24.8,1007.2,107.1,70.3,866.0,83.4,54.1,10.0
2024-09-29 17:00:00,24.1,71,18.5,0.0,7.1,276,11.2,1007.4,122.0,81.3,1008.0,86.5,54.6,2.0
2024-09-29 18:00:00,22.7,84,19.8,0.8,5.2,311,11.2,1007.9,149.5,101.0,1294.0,87.6,66.0,0.0
2024-09-29 19:00:00,22.0,88,20.0,2.3,3.3,299,8.3,1008.7,173.7,118.5,1642.0,87.3,82.3,0.0
2024-09-29 20:00:00,21.4,88,19.4,2.4,7.2,302,13.0,1009.8,213.7,147.1,2032.0,82.0,96.9,1.0
2024-09-29 21:00:00,17.0,79,13.2,3.1,21.5,327,42.5,1012.3,176.5,121.5,1589.0,69.8,72.7,6.0
2024-09-29 22:00:00,16.1,78,12.4,1.6,21.8,343,34.9,1012.6,100.6,69.4,978.0,52.7,39.3,14.0
2024-09-29 23:00:00,15.3,78,11.6,0.9,25.0,354,37.8,1013.1,31.0,20.2,515.0,37.7,14.2,21.0
2024-09-30 00:00:00,14.5,79,10.9,1.1,26.2,9,42.5,1013.7,17.2,10.6,351.0,26.9,5.7,28.0
2024-09-30 01:00:00,14.1,77,10.1,1.3,26.5,8,41.8,1014.0,17.1,11.0,336.0,18.2,5.5,35.0
2024-09-30 02:00:00,13.9,69,8.4,0.5,26.5,3,41.8,1014.0,18.1,11.6,335.0,12.2,6.2,40.0
2024-09-30 03:00:00,14.1,64,7.2,0.1,25.6,360,41.0,1014.0,18.2,11.5,303.0,9.1,5.5,43.0
2024-09-30 04:00:00,14.1,61,6.6,0.1,24.7,1,39.6,1014.1,17.9,11.2,286.0,8.8,5.8,45.0
2024-09-30 05:00:00,14.8,51,4.7,0.0,26.9,355,41.8,1014.0,17.6,11.1,283.0,11.1,6.4,44.0
2024-09-30 06:00:00,15.1,47,3.9,0.0,26.3,353,42.5,1014.5,16.6,10.6,305.0,18.6,7.5,37.0
2024-09-30 07:00:00,15.2,46,3.6,0.0,24.7,357,41.0,1015.2,22.1,13.6,342.0,28.8,8.9,27.0
2024-09-30 08:00:00,15.2,46,3.8,0.0,23.8,1,38.5,1015.5,21.1,14.3,344.0,34.7,9.5,22.0
2024-09-30 09:00:00,15.5,49,4.8,0.0,24.9,356,38.5,1016.7,23.7,16.2,355.0,33.0,11.0,23.0
2024-09-30 10:00:00,16.5,48,5.3,0.0,20.5,6,40.7,1016.5,24.3,16.5,371.0,30.8,13.1,25.0
2024-09-30 11:00:00,18.2,41,4.8,0.0,21.4,1,34.9,1015.8,26.4,18.1,388.0,29.3,15.3,26.0
2024-09-30 12:00:00,19.6,38,4.8,0.0,21.5,348,36.0,1015.3,26.8,18.5,401.0,28.7,17.5,27.0
2024-09-30 13:00:00,20.4,34,4.2,0.0,20.4,339,35.6,1014.5,26.5,18.2,414.0,28.8,19.7,28.0
2024-09-30 14:00:00,19.7,36,4.2,0.0,20.6,324,33.8,1014.0,31.5,21.8,438.0,31.1,21.6,28.0
2024-09-30 15:00:00,18.9,37,4.0,0.0,27.9,321,43.9,1013.9,31.3,21.5,465.0,37.4,21.6,25.0
2024-09-30 16:00:00,18.4,40,4.4,0.0,21.2,329,45.7,1014.3,27.5,18.9,502.0,45.9,21.3,21.0
2024-09-30 17:00:00,17.4,47,5.9,0.0,7.9,4,33.5,1013.6,45.5,31.4,583.0,52.2,24.4,16.0
2024-09-30 18:00:00,14.6,58,6.4,0.0,8.2,52,12.6,1013.0,84.1,58.6,748.0,54.4,34.1,10.0
2024-09-30 19:00:00,13.8,63,6.8,0.0,6.4,202,10.8,1013.8,88.2,61.7,956.0,54.5,47.2,4.0
2024-09-30 20:00:00,13.8,62,6.7,0.0,7.7,198,11.5,1014.1,108.7,75.4,1174.0,47.7,57.1,0.0
2024-09-30 21:00:00,13.1,85,10.6,0.0,7.2,194,11.5,1015.3,111.1,77.3,1217.0,47.8,64.3,0.0
2024-09-30 22:00:00,13.1,87,11.1,0.0,6.9,221,10.4,1015.4,118.5,82.7,1274.0,47.9,73.8,0.0
2024-09-30 23:00:00,13.0,87,10.9,0.0,4.5,272,11.2,1015.3,124.3,86.6,1291.0,47.3,77.0,0.0
2024-10-01 00:00:00,11.1,93,10.0,0.0,6.3,305,8.3,1015.3,117.8,81.3,1252.0,44.7,68.6,0.0
2024-10-01 01:00:00,11.8,77,7.9,0.0,11.2,300,15.1,1014.9,105.2,73.1,1174.0,41.4,54.0,0.0
2024-10-01 02:00:00,13.4,39,-0.4,0.0,18.3,305,28.1,1014.5,92.9,64.5,1053.0,40.2,40.7,0.0
2024-10-01 03:00:00,13.0,39,-0.7,0.0,21.1,305,32.0,1014.2,79.9,55.1,856.0,43.7,31.0,0.0
2024-10-01 04:00:00,12.9,40,-0.5,0.0,25.1,307,38.9,1014.3,63.8,42.3,617.0,49.3,22.7,0.0
2024-10-01 05:00:00,12.6,40,-0.6,0.0,23.0,307,39.2,1014.6,41.9,25.4,435.0,51.6,16.7,1.0
2024-10-01 06:00:00,12.1,42,-0.6,0.0,18.3,307,35.6,1015.0,29.4,18.2,366.0,48.2,14.2,7.0
2024-10-01 07:00:00,12.1,44,0.2,0.0,17.4,306,28.4,1015.5,36.3,24.1,354.0,41.6,14.1,16.0
2024-10-01 08:00:00,13.4,42,0.9,0.0,19.2,307,29.9,1015.9,35.2,22.9,389.0,32.5,15.2,27.0
2024-10-01 09:00:00,15.1,39,1.2,0.0,21.5,310,34.2,1016.3,22.8,11.8,327.0,25.1,12.3,37.0
2024-10-01 10:00:00,15.6,35,0.1,0.0,26.2,304,43.2,1016.3,17.7,8.8,241.0,14.9,8.3,52.0
2024-10-01 11:00:00,16.2,29,-2.0,0.0,28.3,312,48.6,1016.2,12.9,7.1,178.0,7.5,5.2,63.0
2024-10-01 12:00:00,16.8,25,-3.2,0.0,28.9,313,47.9,1015.8,9.8,6.0,156.0,4.9,3.9,70.0
2024-10-01 13:00:00,16.7,22,-5.2,0.0,30.7,307,51.1,1015.0,8.5,5.4,156.0,5.1,3.5,74.0
2024-10-01 14:00:00,16.5,21,-5.7,0.0,30.5,303,51.8,1014.6,7.9,5.1,168.0,7.7,3.8,73.0
2024-10-01 15:00:00,17.0,20,-6.4,0.0,29.9,315,50.0,1014.3,7.5,4.9,173.0,13.3,4.3,64.0
2024-10-01 16:00:00,16.2,21,-5.8,0.0,26.2,327,49.7,1014.4,7.6,5.1,190.0,21.3,5.5,51.0
2024-10-01 17:00:00,15.4,29,-2.7,0.0,11.6,324,41.0,1014.4,13.5,9.3,262.0,29.6,8.5,37.0
2024-10-01 18:00:00,13.9,29,-3.9,0.0,14.3,329,19.8,1014.8,33.4,23.3,456.0,38.6,15.4,23.0
2024-10-01 19:00:00,14.1,29,-3.6,0.0,25.7,340,40.0,1015.9,63.8,44.6,706.0,47.8,24.0,10.0
2024-10-01 20:00:00,13.4,31,-3.2,0.0,20.1,335,40.3,1017.0,66.6,46.6,673.0,53.3,25.5,2.0
2024-10-01 21:00:00,11.1,39,-2.3,0.0,11.9,319,20.2,1019.0,62.9,43.9,622.0,52.7,23.8,2.0
2024-10-01 22:00:00,10.9,39,-2.5,0.0,14.1,330,22.0,1019.3,52.2,36.3,551.0,51.9,21.5,3.0
2024-10-01 23:00:00,10.3,41,-2.4,0.0,12.7,337,22.0,1019.0,47.1,32.9,495.0,50.4,19.5,3.0
2024-10-02 00:00:00,9.1,47,-1.6,0.0,8.1,343,19.8,1018.9,46.0,32.1,472.0,48.1,18.2,2.0
2024-10-02 01:00:00,7.4,61,0.3,0.0,11.1,14,11.9,1018.8,48.7,34.0,465.0,45.1,17.2,1.0
2024-10-02 02:00:00,9.8,47,-0.9,0.0,4.6,324,12.6,1019.0,49.7,34.7,457.0,42.1,16.4,1.0
2024-10-02 03:00:00,9.4,50,-0.3,0.0,2.7,318,5.4,1018.7,46.9,32.7,429.0,38.9,15.4,1.0
2024-10-02 04:00:00,9.1,53,-0.2,0.0,1.9,304,3.2,1018.6,43.1,30.0,401.0,35.6,14.5,2.0
2024-10-02 05:00:00,7.0,62,0.3,0.0,4.7,272,5.4,1018.6,39.7,27.7,410.0,32.9,15.0,3.0
2024-10-02 06:00:00,6.8,63,0.3,0.0,5.6,277,6.8,1018.8,39.3,27.4,506.0,31.1,18.0,3.0
2024-10-02 07:00:00,7.3,72,2.5,0.0,4.0,297,6.8,1019.0,52.6,36.6,641.0,29.8,22.3,2.0
2024-10-02 08:00:00,9.6,61,2.3,0.0,3.6,311,9.0,1019.6,64.3,43.9,694.0,26.1,25.5,5.0
2024-10-02 09:00:00,12.6,50,2.5,0.0,2.7,307,10.8,1020.6,54.7,36.1,583.0,26.0,24.8,15.0
2024-10-02 10:00:00,14.6,40,1.1,0.0,2.6,219,11.2,1020.5,43.4,26.7,429.0,25.7,23.6,29.0
2024-10-02 11:00:00,15.8,37,1.1,0.0,6.1,227,16.2,1020.0,29.2,15.9,310.0,24.9,21.9,42.0
2024-10-02 12:00:00,16.9,36,1.7,0.0,8.5,222,20.2,1018.9,23.9,13.1,250.0,21.3,18.7,54.0
2024-10-02 13:00:00,17.6,36,2.2,0.0,8.6,213,20.2,1017.9,21.6,12.5,225.0,17.2,14.9,64.0
2024-10-02 14:00:00,18.0,36,2.6,0.0,9.5,201,20.5,1017.1,20.5,12.3,234.0,18.3,12.8,66.0
2024-10-02 15:00:00,17.8,37,3.0,0.0,12.5,201,23.4,1016.7,19.8,12.3,284.0,29.5,13.1,54.0
2024-10-02 16:00:00,17.4,38,3.0,0.0,16.1,212,26.6,1016.5,20.6,13.2,370.0,46.1,15.2,34.0
2024-10-02 17:00:00,16.5,43,3.8,0.0,15.6,221,27.0,1016.3,41.0,28.0,473.0,59.3,19.6,17.0
2024-10-02 18:00:00,14.4,46,2.9,0.0,13.6,222,24.1,1016.3,62.4,43.2,607.0,66.0,28.2,8.0
2024-10-02 19:00:00,13.4,49,2.8,0.0,13.4,216,21.2,1017.0,71.0,49.4,759.0,69.4,39.1,3.0
2024-10-02 20:00:00,12.8,51,3.0,0.0,14.3,215,22.0,1017.3,93.1,65.2,1107.0,69.2,49.2,0.0
2024-10-02 21:00:00,12.7,51,2.8,0.0,12.8,222,24.5,1018.2,87.1,60.8,1060.0,67.8,47.2,0.0
2024-10-02 22:00:00,10.9,62,3.8,0.0,7.1,254,19.8,1018.3,81.0,56.5,993.0,65.7,44.3,0.0
2024-10-02 23:00:00,9.1,76,5.1,0.0,6.1,293,10.1,1018.5,77.5,54.1,928.0,62.3,40.7,0.0
2024-10-03 00:00:00,8.4,82,5.5,0.0,5.9,320,7.9,1018.7,74.5,52.0,871.0,56.9,35.6,0.0
2024-10-03 01:00:00,8.1,82,5.2,0.0,7.2,348,9.0,1018.3,72.6,50.6,816.0,50.2,29.7,0.0
2024-10-03 02:00:00,8.0,81,4.9,0.0,7.1,351,9.7,1018.4,70.8,49.4,767.0,44.3,25.6,0.0
2024-10-03 03:00:00,7.9,80,4.7,0.0,6.7,355,9.7,1018.3,68.9,48.1,701.0,39.7,24.3,0.0
2024-10-03 04:00:00,7.3,82,4.4,0.0,7.8,352,10.1,1018.2,67.1,46.7,641.0,35.9,24.7,0.0
2024-10-03 05:00:00,7.1,80,4.0,0.0,8.2,341,10.4,1018.4,66.6,46.3,663.0,33.0,26.4,0.0
2024-10-03 06:00:00,6.9,80,3.6,0.0,7.6,341,10.1,1018.6,71.2,49.5,861.0,30.0,28.8,0.0
2024-10-03 07:00:00,8.1,74,3.8,0.0,5.6,335,9.7,1018.9,99.9,69.4,1141.0,27.9,32.5,0.0
2024-10-03 08:00:00,10.6,67,4.8,0.0,6.1,341,12.6,1019.2,107.8,74.7,1207.0,29.0,36.4,3.0
2024-10-03 09:00:00,13.4,60,5.9,0.0,2.8,349,11.9,1020.1,68.9,46.9,1062.0,36.4,45.6,9.0
2024-10-03 10:00:00,15.7,54,6.3,0.0,0.5,45,11.2,1020.1,58.6,39.3,860.0,46.6,58.0,18.0
2024-10-03 11:00:00,17.5,48,6.5,0.0,2.7,157,12.6,1019.8,61.0,41.1,697.0,53.6,65.5,27.0
2024-10-03 12:00:00,19.1,44,6.7,0.0,6.6,169,16.9,1018.8,63.8,43.1,615.0,53.9,63.7,37.0
2024-10-03 13:00:00,20.3,44,7.6,0.0,9.5,178,20.5,1017.3,63.3,42.4,572.0,51.0,56.9,48.0
2024-10-03 14:00:00,21.1,41,7.5,0.0,13.4,191,25.2,1016.4,57.2,37.6,543.0,50.2,49.9,53.0
2024-10-03 15:00:00,21.2,39,6.6,0.0,16.3,202,28.4,1015.8,49.9,32.2,514.0,53.6,42.9,49.0
2024-10-03 16:00:00,20.9,38,6.0,0.0,17.5,204,28.4,1015.5,47.7,31.1,499.0,59.0,35.7,39.0
2024-10-03 17:00:00,19.4,45,7.3,0.0,12.3,203,28.1,1015.3,55.4,37.3,518.0,64.9,32.1,29.0
2024-10-03 18:00:00,16.8,53,7.1,0.0,10.4,195,19.4,1015.4,69.4,47.4,600.0,72.1,35.3,19.0
2024-10-03 19:00:00,15.6,55,6.7,0.0,12.1,195,18.0,1015.9,76.6,52.7,716.0,79.9,42.1,9.0
2024-10-03 20:00:00,14.8,56,6.1,0.0,13.3,201,20.5,1016.2,71.7,50.1,817.0,86.3,46.5,2.0
2024-10-03 21:00:00,14.2,56,5.6,0.0,13.5,207,20.9,1016.4,71.9,50.1,814.0,84.3,46.9,2.0
2024-10-03 22:00:00,13.4,60,5.7,0.0,13.5,210,20.9,1016.6,71.9,50.2,809.0,81.5,47.3,2.0
2024-10-03 23:00:00,12.8,62,5.7,0.0,14.4,203,22.0,1016.9,71.7,49.9,791.0,78.1,46.8,2.0
2024-10-04 00:00:00,12.3,64,5.6,0.0,14.5,199,22.7,1017.2,67.8,47.1,750.0,74.0,44.3,2.0
2024-10-04 01:00:00,11.8,66,5.6,0.0,13.0,197,22.3,1016.9,63.8,44.5,698.0,69.5,40.7,3.0
2024-10-04 02:00:00,11.1,68,5.4,0.0,11.3,200,19.8,1016.6,61.2,42.7,657.0,65.3,38.3,3.0
2024-10-04 03:00:00,10.4,71,5.4,0.0,8.7,214,17.3,1016.6,59.6,41.7,614.0,62.2,37.6,2.0
2024-10-04 04:00:00,9.6,76,5.6,0.0,7.1,225,13.0,1016.6,59.8,41.7,582.0,59.6,37.9,2.0
2024-10-04 05:00:00,9.3,78,5.8,0.0,7.0,252,10.8,1016.7,62.6,43.8,630.0,56.1,39.6,1.0
2024-10-04 06:00:00,10.2,75,6.0,0.0,2.9,317,7.6,1017.0,71.7,50.1,853.0,50.3,43.1,0.0
2024-10-04 07:00:00,9.2,88,7.4,0.0,2.7,352,3.6,1017.2,106.2,74.3,1156.0,43.6,47.9,0.0
2024-10-04 08:00:00,11.0,78,7.3,0.0,2.8,333,9.0,1017.7,130.9,91.5,1338.0,45.0,53.6,2.0
2024-10-04 09:00:00,13.1,71,7.9,0.0,1.5,300,9.7,1018.3,100.4,70.1,1174.0,47.0,59.5,7.0
2024-10-04 10:00:00,14.9,64,8.2,0.0,0.3,135,9.7,1018.4,93.8,65.4,947.0,49.8,67.5,15.0
2024-10-04 11:00:00,16.6,57,8.1,0.0,2.5,180,12.6,1018.0,94.1,65.7,775.0,52.1,72.6,22.0
2024-10-04 12:00:00,18.0,52,8.1,0.0,4.5,175,15.1,1017.4,96.6,67.5,710.0,52.6,72.3,30.0
2024-10-04 13:00:00,19.1,49,8.1,0.0,7.6,175,18.4,1016.3,99.7,69.4,699.0,52.6,69.0,39.0
2024-10-04 14:00:00,20.0,47,8.5,0.0,9.2,181,19.8,1015.4,101.7,70.8,699.0,55.2,64.8,43.0
2024-10-04 15:00:00,20.7,46,8.7,0.0,10.4,190,20.5,1014.7,101.7,70.8,678.0,62.6,58.7,41.0
2024-10-04 16:00:00,20.6,47,8.8,0.0,11.6,201,20.9,1014.7,99.9,69.4,669.0,72.4,51.7,35.0
2024-10-04 17:00:00,19.3,56,10.2,0.0,6.6,202,19.8,1014.4,103.4,71.9,720.0,81.2,48.6,27.0
2024-10-04 18:00:00,15.6,72,10.5,0.0,10.1,199,11.5,1014.3,120.1,83.8,889.0,88.3,52.8,18.0
2024-10-04 19:00:00,14.6,76,10.3,0.0,9.1,197,11.5,1015.0,138.8,96.6,1120.0,94.2,60.9,7.0
2024-10-04 20:00:00,14.0,77,10.0,0.0,7.2,199,10.8,1015.6,119.2,83.4,1128.0,99.6,61.2,1.0
2024-10-04 21:00:00,13.9,70,8.6,0.0,8.4,199,13.3,1016.0,126.2,88.2,1161.0,95.8,63.5,1.0
2024-10-04 22:00:00,13.6,69,8.0,0.0,9.0,203,13.3,1016.3,131.8,92.2,1205.0,90.3,66.6,0.0
2024-10-04 23:00:00,13.2,69,7.6,0.0,9.5,209,14.4,1016.4,138.8,96.9,1228.0,84.6,67.3,0.0
2024-10-05 00:00:00,12.4,72,7.4,0.0,7.5,215,14.0,1016.3,137.8,96.4,1208.0,78.9,63.8,0.0
2024-10-05 01:00:00,11.2,79,7.7,0.0,9.0,235,11.5,1016.2,136.0,95.2,1167.0,73.0,58.0,0.0
2024-10-05 02:00:00,12.6,73,7.9,0.0,4.9,268,10.1,1016.4,133.6,93.4,1132.0,67.1,53.0,0.0
2024-10-05 03:00:00,11.0,84,8.4,0.0,4.7,302,5.4,1016.1,130.4,91.3,1093.0,61.3,49.3,0.0
2024-10-05 04:00:00,9.8,92,8.4,0.0,6.0,327,7.2,1016.1,127.1,88.9,1061.0,55.6,46.5,0.0
2024-10-05 05:00:00,9.3,94,8.4,0.0,6.3,333,8.3,1016.0,126.7,88.7,1100.0,50.5,45.7,0.0
2024-10-05 06:00:00,9.2,94,8.4,0.0,5.8,340,8.6,1016.4,131.8,92.2,1304.0,44.9,47.5,0.0
2024-10-05 07:00:00,9.9,89,8.1,0.0,8.6,352,11.9,1016.8,160.2,112.0,1580.0,40.0,51.3,0.0
2024-10-05 08:00:00,12.0,78,8.3,0.0,7.2,1,14.4,1017.3,193.7,135.5,1859.0,34.2,54.5,1.0
2024-10-05 09:00:00,14.6,67,8.5,0.0,6.6,22,15.5,1018.1,167.6,117.1,1617.0,42.0,64.9,9.0
2024-10-05 10:00:00,16.5,59,8.5,0.0,7.0,23,17.3,1018.0,145.8,101.7,1283.0,53.0,79.0,19.0
2024-10-05 11:00:00,18.2,55,9.1,0.0,4.1,34,17.3,1017.5,138.3,96.6,1031.0,63.4,89.0,28.0
2024-10-05 12:00:00,19.7,51,9.1,0.0,0.7,104,14.4,1016.8,136.9,95.7,930.0,72.1,90.7,34.0
2024-10-05 13:00:00,20.8,47,9.1,0.0,3.1,173,12.6,1015.8,139.2,97.3,911.0,80.3,88.2,39.0
2024-10-05 14:00:00,21.7,45,9.4,0.0,7.0,184,16.6,1015.0,141.1,98.7,937.0,87.2,85.5,38.0
2024-10-05 15:00:00,22.0,45,9.5,0.0,8.4,195,16.9,1014.7,142.5,99.7,982.0,93.2,82.3,28.0
2024-10-05 16:00:00,21.7,46,9.6,0.0,10.1,204,17.3,1015.0,143.4,100.1,1073.0,98.1,79.0,14.0
2024-10-05 17:00:00,20.4,56,11.3,0.0,5.6,197,16.9,1014.7,158.8,111.1,1248.0,100.4,80.1,3.0
2024-10-05 18:00:00,17.6,69,11.9,0.0,8.5,192,9.7,1014.5,199.3,139.2,1582.0,98.7,89.6,0.0
2024-10-05 19:00:00,16.8,73,11.9,0.0,8.0,203,9.4,1015.2,234.7,164.4,2002.0,94.4,103.6,0.0
2024-10-05 20:00:00,16.2,75,11.9,0.0,7.2,198,9.4,1015.5,232.4,162.5,2170.0,87.7,110.4,0.0
2024-10-05 21:00:00,16.2,72,11.2,0.0,5.8,206,7.2,1015.9,249.6,174.6,2230.0,85.2,113.8,0.0
2024-10-05 22:00:00,16.8,68,10.9,0.0,4.0,188,6.5,1016.7,265.4,185.3,2308.0,81.6,118.2,0.0
2024-10-05 23:00:00,15.5,76,11.2,0.0,4.4,161,5.0,1016.6,266.4,186.3,2339.0,78.2,119.4,0.0
2024-10-06 00:00:00,15.7,74,11.0,0.0,3.9,146,5.4,1016.3,260.8,182.5,2283.0,75.3,114.5,0.0
2024-10-06 01:00:00,15.4,75,11.0,0.0,1.5,315,4.3,1016.2,253.3,177.0,2179.0,72.5,106.5,0.0
2024-10-06 02:00:00,14.1,84,11.4,0.0,3.7,331,5.0,1016.1,245.9,171.8,2076.0,70.1,100.0,0.0
2024-10-06 03:00:00,13.7,86,11.4,0.0,3.1,339,5.8,1015.9,238.4,166.7,1971.0,68.5,97.1,0.0
2024-10-06 04:00:00,13.4,89,11.6,0.0,2.5,4,4.7,1015.9,228.6,159.7,1867.0,67.2,95.8,0.0
2024-10-06 05:00:00,13.1,91,11.6,0.0,2.9,4,4.7,1015.9,219.3,153.2,1827.0,65.1,94.3,0.0
2024-10-06 06:00:00,12.9,91,11.6,0.0,5.0,341,7.2,1015.8,221.2,154.6,1931.0,60.7,91.6,0.0
2024-10-06 07:00:00,13.3,87,11.1,0.0,8.4,353,13.0,1016.5,242.1,169.5,2097.0,55.4,88.8,0.0
2024-10-06 08:00:00,14.8,79,11.2,0.0,9.7,3,15.8,1017.0,207.7,144.8,2158.0,46.4,70.2,0.0
2024-10-06 09:00:00,16.5,71,11.1,0.0,11.9,2,20.2,1018.0,205.8,142.5,1925.0,48.3,73.7,3.0
2024-10-06 10:00:00,16.3,71,11.1,0.0,15.5,355,25.2,1018.3,193.7,134.1,1596.0,50.9,78.3,6.0
2024-10-06 11:00:00,16.4,74,11.8,0.1,13.4,11,25.6,1018.3,183.5,126.7,1301.0,52.4,79.7,12.0
2024-10-06 12:00:00,17.4,72,12.4,0.0,12.5,32,23.4,1018.1,179.7,123.4,1073.0,50.9,75.6,22.0
2024-10-06 13:00:00,18.3,70,12.7,0.0,11.7,37,23.8,1017.5,177.9,121.1,879.0,48.3,68.2,35.0
2024-10-06 14:00:00,19.1,67,12.9,0.0,8.0,46,22.7,1017.2,171.4,115.9,743.0,48.8,60.3,40.0
2024-10-06 15:00:00,19.2,66,12.6,0.0,7.1,63,18.4,1017.2,162.1,109.7,681.0,55.7,51.3,33.0
2024-10-06 16:00:00,18.4,69,12.6,0.0,8.8,19,15.5,1017.6,151.3,103.1,678.0,65.6,41.8,18.0
2024-10-06 17:00:00,17.5,75,13.0,0.1,8.4,25,15.5,1017.9,149.9,102.4,711.0,72.7,35.9,7.0
2024-10-06 18:00:00,16.6,81,13.3,0.2,8.1,24,13.0,1018.2,154.6,106.4,787.0,74.3,35.7,2.0
2024-10-06 19:00:00,15.9,89,14.1,0.5,8.5,17,14.0,1018.7,150.4,103.8,900.0,73.1,39.0,1.0
2024-10-06 20:00:00,15.5,92,14.2,0.2,6.8,17,13.3,1019.4,210.9,145.3,1385.0,63.5,61.5,0.0
2024-10-06 21:00:00,15.2,93,14.0,0.2,6.9,20,12.6,1019.8,197.4,136.4,1384.0,62.2,61.2,0.0
2024-10-06 22:00:00,14.6,94,13.7,0.0,5.6,29,10.8,1020.4,188.6,130.4,1378.0,60.4,60.8,0.0
2024-10-06 23:00:00,13.9,96,13.2,0.0,5.7,24,8.3,1020.6,186.7,129.0,1331.0,58.5,59.7,0.0
2024-10-07 00:00:00,13.5,95,12.6,0.0,7.4,56,9.4,1020.7,179.7,124.3,1209.0,56.9,57.4,0.0
2024-10-07 01:00:00,13.1,95,12.3,0.0,7.0,78,10.8,1020.8,156.9,108.3,1046.0,55.3,54.4,1.0
2024-10-07 02:00:00,12.6,95,11.7,0.0,5.8,64,7.9,1020.9,134.6,92.7,914.0,53.2,52.1,1.0
2024-10-07 03:00:00,12.4,94,11.4,0.0,5.3,55,6.5,1020.8,116.4,80.3,821.0,50.3,50.9,1.0
2024-10-07 04:00:00,12.2,91,10.9,0.0,6.0,33,6.5,1020.8,104.3,72.2,758.0,47.0,50.4,0.0
2024-10-07 05:00:00,10.9,92,9.6,0.0,7.6,27,8.3,1021.1,99.4,68.9,774.0,43.4,50.2,0.0
2024-10-07 06:00:00,10.4,91,9.1,0.0,5.4,15,9.0,1021.2,102.7,71.2,967.0,39.2,51.4,0.0
2024-10-07 07:00:00,10.2,93,9.2,0.0,6.0,5,9.0,1021.4,129.5,90.1,1237.0,34.9,52.9,0.0
2024-10-07 08:00:00,11.6,92,10.2,0.0,8.7,6,15.5,1021.9,120.1,83.4,1053.0,26.3,38.6,3.0
2024-10-07 09:00:00,13.4,77,9.4,0.0,8.6,8,18.4,1022.8,100.4,69.6,811.0,24.3,30.6,17.0
2024-10-07 10:00:00,15.4,61,7.9,0.0,10.0,9,20.9,1022.5,44.9,30.9,479.0,21.4,19.5,38.0
2024-10-07 11:00:00,17.4,47,6.0,0.0,11.5,4,23.4,1021.8,22.2,15.1,233.0,19.0,11.2,54.0
2024-10-07 12:00:00,18.8,36,3.5,0.0,11.5,2,24.8,1021.1,16.7,11.2,150.0,15.7,8.2,65.0
2024-10-07 13:00:00,19.4,33,2.7,0.0,8.7,13,23.8,1019.9,15.9,10.7,154.0,12.9,7.9,72.0
2024-10-07 14:00:00,19.8,33,3.2,0.0,7.1,21,19.8,1018.7,16.8,11.2,195.0,15.6,9.1,71.0
2024-10-07 15:00:00,20.0,35,4.0,0.0,2.6,12,17.3,1017.9,18.1,12.1,262.0,28.9,10.9,56.0
2024-10-07 16:00:00,19.6,37,4.6,0.0,9.9,205,15.8,1017.4,20.0,13.4,368.0,47.7,14.1,33.0
2024-10-07 17:00:00,17.4,47,5.9,0.0,18.4,220,28.8,1017.2,46.6,32.2,497.0,62.3,19.6,15.0
2024-10-07 18:00:00,15.7,61,8.2,0.0,13.4,235,28.4,1016.9,82.2,57.3,677.0,69.0,30.3,6.0
2024-10-07 19:00:00,15.1,69,9.4,0.0,13.2,231,20.9,1017.3,90.6,63.1,881.0,71.6,43.3,2.0
2024-10-07 20:00:00,14.6,69,9.1,0.0,13.7,226,21.6,1017.4,115.0,80.3,1314.0,70.7,54.8,0.0
2024-10-07 21:00:00,14.2,73,9.4,0.0,12.1,228,23.8,1017.6,96.6,67.5,1218.0,66.7,50.6,0.0
2024-10-07 22:00:00,12.2,83,9.4,0.0,6.9,255,18.4,1018.1,85.7,59.8,1081.0,60.9,44.7,0.0
2024-10-07 23:00:00,10.4,90,8.9,0.0,5.6,285,9.7,1018.0,80.1,55.9,953.0,55.4,38.5,0.0
2024-10-08 00:00:00,9.4,89,7.8,0.0,4.8,315,7.6,1018.0,72.9,50.9,847.0,50.7,32.1,0.0
2024-10-08 01:00:00,9.1,87,7.0,0.0,5.6,345,7.6,1017.7,66.1,46.1,748.0,46.3,25.4,0.0
2024-10-08 02:00:00,8.9,86,6.7,0.0,6.4,344,8.6,1017.4,59.1,41.3,664.0,42.1,20.3,0.0
2024-10-08 03:00:00,9.1,82,6.1,0.0,6.3,336,9.0,1017.0,52.3,36.6,580.0,38.1,17.1,0.0
2024-10-08 04:00:00,8.9,78,5.2,0.0,6.8,335,9.7,1016.8,45.8,31.9,510.0,34.3,15.3,0.0
2024-10-08 05:00:00,8.9,75,4.6,0.0,7.1,341,10.8,1016.9,42.8,29.9,504.0,31.4,15.5,0.0
2024-10-08 06:00:00,8.4,75,4.2,0.0,6.9,346,10.8,1016.9,44.8,31.3,631.0,29.2,18.6,0.0
2024-10-08 07:00:00,8.9,73,4.3,0.0,8.2,350,11.9,1017.2,65.2,45.5,822.0,27.8,23.5,1.0
2024-10-08 08:00:00,11.2,67,5.2,0.0,8.7,355,15.8,1017.7,75.7,52.4,761.0,27.9,26.1,4.0
2024-10-08 09:00:00,13.6,61,6.2,0.0,7.2,1,16.6,1018.6,74.5,51.6,647.0,29.7,26.3,14.0
2024-10-08 10:00:00,15.9,52,6.0,0.0,7.4,7,17.6,1018.2,50.6,34.8,490.0,32.0,26.6,28.0
2024-10-08 11:00:00,18.0,46,6.3,0.0,7.0,23,18.0,1017.6,36.3,24.9,370.0,33.5,26.7,40.0
2024-10-08 12:00:00,19.8,42,6.5,0.0,4.5,47,18.0,1016.8,29.5,20.1,313.0,31.8,25.7,49.0
2024-10-08 13:00:00,20.9,38,5.8,0.0,4.6,167,14.8,1015.5,31.7,21.5,295.0,29.1,24.5,56.0
2024-10-08 14:00:00,21.3,36,5.4,0.0,9.8,194,20.2,1014.2,36.3,24.7,320.0,30.7,25.3,56.0
2024-10-08 15:00:00,21.4,36,5.7,0.0,12.6,207,22.7,1013.7,41.6,28.3,396.0,40.9,29.2,44.0
2024-10-08 16:00:00,21.1,37,5.9,0.0,13.2,209,23.0,1013.3,47.5,32.5,515.0,55.3,35.1,25.0
2024-10-08 17:00:00,19.2,49,8.4,0.0,6.5,212,21.6,1012.7,68.0,46.9,666.0,66.3,42.3,10.0
2024-10-08 18:00:00,15.4,64,8.8,0.0,10.4,206,11.9,1012.7,96.6,67.1,874.0,70.4,51.8,4.0
2024-10-08 19:00:00,14.7,67,8.7,0.0,8.0,200,11.9,1013.2,115.3,80.1,1114.0,70.9,62.5,1.0
2024-10-08 20:00:00,14.4,70,9.1,0.0,7.6,198,11.2,1013.2,112.9,78.9,1293.0,70.6,70.5,0.0
2024-10-08 21:00:00,14.2,74,9.8,0.0,7.8,188,11.9,1012.8,120.6,84.1,1293.0,70.7,71.6,0.0
2024-10-08 22:00:00,13.9,78,10.1,0.0,7.3,191,11.9,1012.7,126.7,88.0,1290.0,70.6,72.9,0.0
2024-10-08 23:00:00,13.5,82,10.4,0.0,7.2,208,10.4,1012.2,133.6,92.4,1264.0,69.8,72.3,0.0
2024-10-09 00:00:00,13.4,83,10.6,0.0,6.9,221,10.4,1012.0,133.2,92.0,1195.0,67.6,68.0,0.0
2024-10-09 01:00:00,12.5,88,10.6,0.0,9.4,228,11.2,1011.4,129.5,89.4,1102.0,64.7,61.9,1.0
2024-10-09 02:00:00,13.1,84,10.4,0.0,5.6,272,10.8,1010.8,124.8,85.9,1024.0,61.9,57.2,1.0
2024-10-09 03:00:00,11.9,88,10.0,0.0,4.8,315,6.5,1010.1,120.6,82.9,936.0,60.0,54.7,1.0
2024-10-09 04:00:00,11.4,88,9.5,0.0,3.5,336,6.5,1009.6,116.6,80.3,862.0,58.3,53.6,0.0
2024-10-09 05:00:00,10.8,90,9.2,0.0,3.9,344,6.5,1009.4,115.3,79.2,911.0,55.6,54.8,0.0
2024-10-09 06:00:00,9.9,94,9.0,0.0,4.6,351,7.6,1009.4,120.6,83.1,1228.0,50.0,59.4,0.0
2024-10-09 07:00:00,10.1,92,8.9,0.0,7.0,356,10.8,1009.5,153.7,106.2,1667.0,43.4,66.3,0.0
2024-10-09 08:00:00,12.2,84,9.6,0.0,6.0,3,13.0,1009.6,183.9,127.6,1751.0,49.2,66.6,1.0
2024-10-09 09:00:00,14.1,80,10.6,0.0,4.1,13,11.9,1010.2,146.7,100.8,1537.0,52.0,72.1,4.0
2024-10-09 10:00:00,15.6,76,11.2,0.0,4.3,2,12.6,1009.9,137.4,94.1,1243.0,56.1,79.7,8.0
2024-10-09 11:00:00,17.2,71,12.0,0.0,3.3,13,14.8,1009.3,137.8,93.8,1025.0,60.2,85.2,12.0
2024-10-09 12:00:00,18.6,68,12.6,0.0,0.6,18,13.3,1008.3,141.1,95.7,951.0,63.9,86.6,16.0
2024-10-09 13:00:00,19.2,66,12.8,0.0,1.8,24,10.8,1007.0,147.6,99.9,954.0,67.7,86.0,19.0
2024-10-09 14:00:00,20.1,64,13.1,0.0,0.6,252,11.5,1005.9,154.1,104.3,985.0,71.5,85.1,20.0
2024-10-09 15:00:00,20.8,62,13.1,0.0,1.7,212,11.2,1005.6,160.2,108.3,1004.0,76.2,83.2,16.0
2024-10-09 16:00:00,20.8,61,13.0,0.0,6.1,204,11.5,1005.6,174.6,116.6,1050.0,80.9,81.0,10.0
2024-10-09 17:00:00,19.9,67,13.6,0.0,6.2,234,14.8,1005.5,183.0,123.4,1198.0,83.3,82.8,5.0
2024-10-09 18:00:00,16.8,82,13.6,0.0,8.3,265,9.7,1006.0,213.7,145.8,1545.0,81.9,93.8,2.0
2024-10-09 19:00:00,16.4,83,13.4,0.0,7.5,260,9.4,1006.5,253.3,173.2,1992.0,78.1,108.8,1.0
2024-10-09 20:00:00,15.4,87,13.2,0.0,6.1,302,9.7,1007.0,261.7,180.7,2299.0,68.8,118.0,0.0
2024-10-09 21:00:00,14.0,91,12.6,0.0,4.9,321,5.4,1008.4,275.7,190.9,2422.0,64.9,117.0,0.0
2024-10-09 22:00:00,13.5,94,12.6,0.0,7.7,351,11.2,1009.2,280.3,194.2,2561.0,59.5,114.4,0.0
2024-10-09 23:00:00,12.9,96,12.1,0.0,9.6,351,15.5,1009.8,250.5,174.6,2446.0,54.6,103.1,0.0
2024-10-10 00:00:00,12.2,84,9.6,0.0,11.3,347,17.3,1010.3,165.3,113.6,1825.0,52.0,74.5,5.0
2024-10-10 01:00:00,12.1,61,4.9,0.0,14.3,345,20.9,1011.3,71.5,40.6,949.0,50.1,37.3,13.0
2024-10-10 02:00:00,12.5,44,0.4,0.0,17.8,340,27.4,1012.0,45.3,18.2,300.0,45.9,10.2,21.0
2024-10-10 03:00:00,12.2,38,-1.8,0.0,18.6,340,28.8,1012.4,44.4,16.5,95.0,35.9,2.4,30.0
2024-10-10 04:00:00,11.9,35,-3.0,0.0,18.1,344,29.2,1012.8,46.4,17.4,118.0,23.6,4.8,40.0
2024-10-10 05:00:00,11.2,36,-3.2,0.0,15.9,354,28.1,1013.2,47.6,18.5,200.0,17.1,9.0,43.0
2024-10-10 06:00:00,10.5,38,-3.4,0.0,14.8,358,24.8,1013.5,46.7,20.7,336.0,22.7,13.7,32.0
2024-10-10 07:00:00,10.3,40,-2.8,0.0,13.6,8,23.0,1013.7,60.8,33.1,533.0,34.1,20.3,15.0
2024-10-10 08:00:00,11.9,41,-0.9,0.0,14.7,19,22.7,1014.4,78.2,43.0,605.0,40.4,23.2,7.0
2024-10-10 09:00:00,14.3,35,-1.0,0.0,14.8,23,25.6,1014.9,88.0,33.4,499.0,33.9,20.3,20.0
2024-10-10 10:00:00,15.6,32,-1.2,0.0,12.5,30,27.0,1014.7,89.6,25.6,353.0,24.9,16.3,37.0
2024-10-10 11:00:00,16.8,31,-0.3,0.0,8.7,42,24.1,1014.7,77.1,23.7,248.0,18.8,13.7,50.0
2024-10-10 12:00:00,17.8,30,0.1,0.0,5.2,46,20.2,1014.0,68.9,22.7,213.0,16.9,13.2,55.0
2024-10-10 13:00:00,18.7,30,0.6,0.0,1.1,180,16.2,1013.0,58.8,22.0,219.0,17.8,14.1,56.0
2024-10-10 14:00:00,19.5,29,1.2,0.0,9.3,214,19.8,1012.2,56.5,22.1,256.0,22.2,16.8,52.0
2024-10-10 15:00:00,19.9,28,1.0,0.0,12.3,215,22.7,1011.8,55.9,23.9,326.0,32.7,22.0,40.0
2024-10-10 16:00:00,19.5,29,1.2,0.0,15.6,214,24.8,1011.2,56.7,26.2,428.0,46.7,29.0,22.0
2024-10-10 17:00:00,17.6,35,2.0,0.0,13.5,214,25.9,1011.0,66.6,38.3,545.0,57.2,36.5,9.0
2024-10-10 18:00:00,15.4,40,2.0,0.0,11.9,215,21.2,1010.8,82.2,51.5,695.0,60.8,45.1,3.0
2024-10-10 19:00:00,14.4,43,2.1,0.0,13.0,209,19.8,1011.1,92.0,58.7,862.0,60.9,54.2,1.0
2024-10-10 20:00:00,13.6,46,2.2,0.0,12.3,203,19.8,1011.2,102.4,67.5,1090.0,57.4,63.7,0.0
2024-10-10 21:00:00,12.9,50,2.7,0.0,11.8,207,20.9,1011.3,108.3,70.5,1095.0,56.7,64.1,0.0
2024-10-10 22:00:00,12.1,55,3.3,0.0,10.3,213,18.4,1011.4,109.7,71.5,1099.0,55.7,64.4,0.0
2024-10-10 23:00:00,11.1,61,4.0,0.0,7.9,223,15.8,1011.4,108.0,71.0,1084.0,54.2,62.9,0.0
2024-10-11 00:00:00,9.6,72,4.8,0.0,8.0,245,11.5,1011.3,102.7,68.0,1036.0,52.1,58.2,0.0
2024-10-11 01:00:00,9.1,78,5.4,0.0,6.6,259,10.1,1011.3,98.5,65.7,969.0,49.5,51.8,0.0
2024-10-11 02:00:00,9.4,76,5.4,0.0,3.9,292,7.6,1011.1,94.8,63.6,907.0,46.6,46.2,0.0
2024-10-11 03:00:00,8.4,81,5.4,0.0,4.6,321,5.4,1011.0,90.3,60.8,826.0,43.2,41.7,0.0
2024-10-11 04:00:00,7.8,83,5.1,0.0,5.6,343,8.3,1011.0,85.2,57.6,750.0,39.5,37.9,0.0
2024-10-11 05:00:00,7.4,81,4.3,0.0,6.2,348,9.7,1011.0,82.2,55.6,781.0,35.8,36.7,0.0
2024-10-11 06:00:00,6.9,81,3.9,0.0,6.3,345,9.7,1011.2,85.2,57.9,1045.0,30.7,38.8,0.0
2024-10-11 07:00:00,7.7,78,4.0,0.0,7.1,350,10.1,1011.4,114.3,78.2,1416.0,25.5,43.5,0.0
2024-10-11 08:00:00,10.1,69,4.8,0.0,7.8,353,14.4,1011.8,151.8,105.5,1619.0,24.7,49.6,1.0
2024-10-11 09:00:00,12.2,62,5.2,0.0,5.0,13,14.0,1012.6,101.7,67.8,1387.0,32.2,55.7,6.0
2024-10-11 10:00:00,14.6,56,5.9,0.0,3.3,36,13.7,1012.4,91.7,58.9,1068.0,42.7,64.2,12.0
2024-10-11 11:00:00,16.8,50,6.3,0.0,3.1,100,13.3,1012.0,92.0,57.9,833.0,51.9,71.0,18.0
2024-10-11 12:00:00,18.5,46,6.6,0.0,4.7,122,15.5,1011.5,93.8,58.7,753.0,58.2,74.5,22.0
2024-10-11 13:00:00,19.8,43,6.8,0.0,5.4,138,15.8,1010.7,96.6,60.5,757.0,63.3,76.5,25.0
2024-10-11 14:00:00,20.6,42,7.2,0.0,5.9,157,15.8,1010.4,99.9,62.9,799.0,67.4,77.8,25.0
2024-10-11 15:00:00,21.1,44,8.2,0.0,6.3,180,15.8,1010.3,103.6,65.7,849.0,71.1,77.5,19.0
2024-10-11 16:00:00,21.0,46,8.9,0.0,5.8,200,14.8,1010.3,105.5,67.3,938.0,73.8,76.6,10.0
2024-10-11 17:00:00,18.9,67,12.8,0.0,6.4,232,11.5,1010.6,124.8,83.4,1114.0,74.4,79.4,3.0
2024-10-11 18:00:00,19.0,55,9.8,0.0,5.1,253,7.2,1011.0,170.9,115.7,1454.0,71.6,89.2,0.0
2024-10-11 19:00:00,18.0,58,9.6,0.0,4.1,299,5.8,1011.7,206.8,141.1,1881.0,66.6,102.7,0.0
2024-10-11 20:00:00,15.6,67,9.5,0.0,4.2,335,5.0,1012.5,242.1,163.4,2307.0,55.8,116.5,0.0
2024-10-11 21:00:00,12.9,80,9.4,0.0,6.8,358,7.9,1012.9,255.2,173.2,2398.0,55.0,121.8,0.0
2024-10-11 22:00:00,12.7,81,9.6,0.0,7.2,359,10.8,1013.4,268.2,182.5,2515.0,53.9,128.4,0.0
2024-10-11 23:00:00,11.9,85,9.5,0.0,9.4,2,14.0,1013.6,271.9,186.3,2541.0,52.5,128.5,0.0
2024-10-12 00:00:00,11.6,85,9.2,0.0,8.5,2,14.4,1013.8,256.1,175.6,2405.0,50.7,116.4,0.0
2024-10-12 01:00:00,11.2,86,9.0,0.0,7.7,3,13.0,1013.9,227.7,156.0,2178.0,48.5,97.7,0.0
2024-10-12 02:00:00,11.1,86,8.9,0.0,7.6,7,11.5,1014.1,197.9,135.5,1954.0,46.4,81.8,0.0
2024-10-12 03:00:00,11.0,85,8.6,0.0,7.2,6,11.2,1014.2,173.2,118.3,1733.0,44.3,71.9,0.0
2024-10-12 04:00:00,10.6,87,8.5,0.0,7.5,10,10.8,1014.3,153.7,105.0,1515.0,42.3,64.8,0.0
2024-10-12 05:00:00,10.4,87,8.2,0.0,7.6,12,10.4,1014.8,137.8,94.1,1394.0,40.2,60.0,0.0
2024-10-12 06:00:00,10.4,85,7.9,0.0,7.6,12,11.2,1015.5,128.1,87.3,1474.0,37.1,57.4,0.0
2024-10-12 07:00:00,11.1,80,7.7,0.0,9.0,10,13.3,1016.0,141.6,96.9,1652.0,34.0,57.1,0.0
2024-10-12 08:00:00,13.2,71,8.2,0.0,10.2,14,17.3,1016.8,166.7,114.3,1708.0,27.8,54.3,1.0
2024-10-12 09:00:00,15.4,65,8.9,0.0,8.9,25,18.0,1017.6,149.0,99.7,1474.0,29.9,60.1,4.0
2024-10-12 10:00:00,17.6,58,9.4,0.0,8.8,35,19.4,1017.6,134.1,83.8,1151.0,33.1,68.0,9.0
2024-10-12 11:00:00,19.4,54,9.9,0.0,7.4,41,19.4,1017.3,133.6,79.9,904.0,37.5,73.0,14.0
2024-10-12 12:00:00,20.8,52,10.5,0.0,6.4,50,18.4,1016.7,135.5,79.4,799.0,43.3,72.5,21.0
2024-10-12 13:00:00,22.0,49,10.8,0.0,5.1,80,17.3,1015.9,135.5,79.6,771.0,50.3,69.3,28.0
2024-10-12 14:00:00,22.9,46,10.8,0.0,6.0,107,15.8,1015.0,134.1,79.4,785.0,58.2,66.1,31.0
2024-10-12 15:00:00,23.4,44,10.4,0.0,7.5,125,16.2,1014.6,131.8,78.7,828.0,68.3,62.9,24.0
2024-10-12 16:00:00,23.3,45,10.6,0.0,7.9,141,15.8,1014.5,129.9,79.4,914.0,79.3,59.8,13.0
2024-10-12 17:00:00,20.9,62,13.2,0.0,6.9,147,13.7,1014.5,145.8,93.8,1051.0,86.8,60.5,4.0
2024-10-12 18:00:00,18.1,69,12.2,0.0,10.1,153,11.2,1014.8,183.9,121.5,1301.0,88.3,68.9,1.0
2024-10-12 19:00:00,19.2,64,12.1,0.0,7.8,158,11.2,1015.4,207.2,138.3,1602.0,86.2,81.0,0.0
2024-10-12 20:00:00,18.9,65,12.2,0.0,5.2,131,8.6,1015.9,224.4,147.1,1687.0,81.9,85.8,0.0
2024-10-12 21:00:00,15.5,82,12.4,0.0,9.4,119,12.6,1016.2,217.5,143.0,1619.0,80.4,82.8,0.0
2024-10-12 22:00:00,16.5,75,12.2,0.0,2.6,34,10.4,1016.5,208.6,137.8,1519.0,78.2,78.3,0.0
2024-10-12 23:00:00,14.3,87,12.2,0.0,5.4,14,8.3,1016.5,198.4,130.9,1409.0,75.7,72.9,0.0
2024-10-13 00:00:00,13.1,94,12.1,0.0,7.5,21,11.5,1016.1,185.3,122.0,1284.0,73.1,66.0,0.0
2024-10-13 01:00:00,13.1,95,12.4,0.0,8.5,24,13.3,1016.0,173.7,114.1,1148.0,70.1,58.2,0.0
2024-10-13 02:00:00,12.9,96,12.4,0.0,8.6,20,13.3,1015.8,161.6,105.7,1031.0,67.0,51.3,0.0
2024-10-13 03:00:00,12.9,97,12.5,0.0,9.3,19,14.4,1015.5,146.2,95.7,925.0,63.6,45.5,0.0
2024-10-13 04:00:00,13.1,97,12.6,0.0,9.2,21,14.8,1015.2,132.2,86.8,837.0,59.9,40.7,0.0
2024-10-13 05:00:00,13.2,96,12.6,0.0,8.3,14,14.8,1015.3,124.8,81.7,825.0,56.3,38.5,0.0
2024-10-13 06:00:00,13.1,96,12.5,0.0,8.2,14,13.0,1015.2,123.9,81.3,970.0,51.9,40.7,0.0
2024-10-13 07:00:00,13.6,93,12.5,0.0,8.6,1,13.3,1015.3,145.3,95.2,1189.0,47.5,45.4,0.0
2024-10-13 08:00:00,14.6,88,12.6,0.0,9.8,7,15.8,1015.2,158.3,103.6,1183.0,45.7,46.3,1.0
2024-10-13 09:00:00,16.4,79,12.8,0.0,11.1,14,19.4,1015.6,163.9,106.2,1052.0,49.0,46.9,11.0
2024-10-13 10:00:00,17.5,74,12.8,0.0,12.5,15,23.4,1015.2,147.6,92.4,872.0,53.8,47.7,25.0
2024-10-13 11:00:00,18.4,72,13.3,0.0,5.2,344,22.7,1015.3,135.0,83.6,743.0,58.5,48.8,34.0
2024-10-13 12:00:00,18.9,73,13.9,0.0,10.1,33,19.8,1013.9,136.4,84.5,692.0,62.5,49.8,36.0
2024-10-13 13:00:00,20.5,67,14.1,0.0,10.9,45,21.6,1012.6,136.9,85.4,692.0,66.4,51.1,35.0
2024-10-13 14:00:00,18.2,83,15.2,1.2,8.7,223,22.0,1012.6,137.8,86.6,759.0,70.7,53.7,30.0
2024-10-13 15:00:00,18.1,83,15.1,1.2,2.0,350,15.1,1011.4,137.4,86.8,892.0,76.4,56.8,21.0
2024-10-13 16:00:00,18.3,81,15.1,0.0,4.2,353,9.0,1011.4,143.9,91.5,1093.0,82.4,61.1,10.0
2024-10-13 17:00:00,17.8,87,15.6,0.1,2.5,90,8.6,1011.3,192.8,126.7,1384.0,86.0,70.3,1.0
2024-10-13 18:00:00,16.9,94,15.9,0.0,4.8,135,6.1,1011.4,248.7,166.7,1879.0,85.3,90.1,0.0
2024-10-13 19:00:00,16.7,95,15.9,0.0,4.5,146,6.5,1011.7,285.0,192.3,2463.0,82.1,114.7,0.0
2024-10-13 20:00:00,16.0,97,15.5,0.0,5.2,166,6.5,1012.0,274.7,185.8,2369.0,82.6,109.1,0.0
2024-10-13 21:00:00,16.2,97,15.8,0.0,3.6,143,7.9,1012.0,288.7,195.1,2373.0,82.9,114.1,0.0
2024-10-13 22:00:00,15.6,99,15.4,0.1,3.1,111,11.9,1012.0,285.0,192.8,2375.0,83.1,120.8,0.0
2024-10-13 23:00:00,15.8,99,15.6,0.2,3.7,129,13.0,1011.4,279.4,190.5,2356.0,82.2,123.8,0.0
2024-10-14 00:00:00,15.6,97,15.1,0.1,5.9,162,11.2,1010.9,276.6,189.1,2299.0,79.2,119.7,0.0
2024-10-14 01:00:00,15.2,97,14.7,0.0,5.5,189,8.6,1010.3,271.9,186.3,2220.0,75.0,111.9,1.0
2024-10-14 02:00:00,15.2,98,14.9,0.0,2.3,129,6.1,1010.2,264.5,181.6,2145.0,71.0,105.6,1.0
2024-10-14 03:00:00,14.9,100,14.8,0.0,2.4,126,2.5,1009.6,259.8,178.3,2077.0,67.5,102.9,1.0
2024-10-14 04:00:00,14.6,100,14.6,0.0,1.1,252,2.5,1009.2,256.1,176.0,2013.0,64.2,101.8,2.0
2024-10-14 05:00:00,14.4,100,14.4,0.0,1.3,304,1.4,1009.0,254.3,174.2,1974.0,61.6,100.8,2.0
2024-10-14 06:00:00,13.5,100,13.4,0.0,2.6,304,2.9,1008.8,243.1,166.2,1993.0,58.8,98.8,2.0
2024-10-14 07:00:00,13.4,100,13.3,0.0,2.4,297,3.6,1009.0,245.9,169.0,2038.0,56.7,96.9,2.0
2024-10-14 08:00:00,14.5,98,14.2,0.0,2.3,288,8.3,1009.4,232.8,159.7,2057.0,56.0,98.9,3.0
2024-10-14 09:00:00,16.0,95,15.2,0.0,7.0,212,15.5,1009.6,227.7,155.1,1842.0,64.7,101.8,9.0
2024-10-14 10:00:00,17.4,85,14.9,0.0,6.3,219,15.8,1009.5,209.5,140.2,1543.0,76.8,105.3,18.0
2024-10-14 11:00:00,19.1,75,14.5,0.0,7.8,212,18.4,1009.2,187.7,121.5,1298.0,86.3,105.3,27.0
2024-10-14 12:00:00,20.6,66,14.1,0.0,8.9,212,20.2,1008.6,174.2,111.8,1154.0,89.8,98.2,38.0
2024-10-14 13:00:00,21.5,62,14.0,0.0,7.9,196,20.2,1007.6,172.3,110.8,1065.0,90.7,87.5,49.0
2024-10-14 14:00:00,22.0,60,13.8,0.0,8.1,204,19.1,1007.0,174.6,112.5,1033.0,93.9,79.2,52.0
2024-10-14 15:00:00,22.1,58,13.6,0.0,9.5,201,18.7,1006.6,173.7,112.5,1055.0,103.0,75.0,41.0
2024-10-14 16:00:00,21.9,59,13.5,0.0,10.6,212,19.1,1006.7,174.6,113.4,1135.0,114.3,73.1,23.0
2024-10-14 17:00:00,20.8,65,13.9,0.0,10.1,220,18.4,1007.0,194.2,128.1,1280.0,121.6,74.7,9.0
2024-10-14 18:00:00,18.9,73,13.9,0.0,9.6,229,15.8,1007.2,228.2,152.3,1547.0,122.4,83.0,3.0
2024-10-14 19:00:00,18.4,75,13.9,0.0,8.3,240,14.8,1007.8,251.5,169.0,1880.0,119.3,94.6,1.0
2024-10-14 20:00:00,17.5,81,14.2,0.0,6.8,259,12.2,1008.3,320.4,215.6,2538.0,104.3,123.0,0.0
2024-10-14 21:00:00,15.9,91,14.3,0.0,7.7,359,11.2,1009.2,326.0,219.3,2588.0,98.1,118.4,0.0
2024-10-14 22:00:00,15.1,93,14.1,0.0,5.5,347,12.2,1010.0,323.2,218.4,2637.0,89.3,111.2,0.0
2024-10-14 23:00:00,14.9,94,14.1,0.0,8.8,355,13.3,1010.7,285.0,194.2,2524.0,81.6,100.0,0.0
2024-10-15 00:00:00,14.6,95,13.8,0.0,10.6,10,16.2,1011.3,214.7,147.6,2117.0,77.1,81.9,0.0
2024-10-15 01:00:00,14.2,95,13.4,0.0,11.8,12,18.0,1012.1,163.0,111.1,1548.0,73.6,59.8,0.0
2024-10-15 02:00:00,14.9,73,10.1,0.0,15.9,16,24.1,1012.9,115.7,77.5,1057.0,68.2,41.0,0.0
2024-10-15 03:00:00,15.1,56,6.3,0.0,18.4,26,28.4,1013.2,70.5,46.4,713.0,58.4,27.7,1.0
2024-10-15 04:00:00,14.4,60,6.7,0.0,18.7,32,28.8,1013.9,41.7,26.9,448.0,46.6,17.8,4.0
2024-10-15 05:00:00,13.8,61,6.4,0.0,18.6,37,29.5,1014.6,28.5,18.3,292.0,37.1,12.0,5.0
2024-10-15 06:00:00,12.9,63,6.2,0.0,17.6,40,29.2,1015.6,25.1,16.2,312.0,32.4,12.8,4.0
2024-10-15 07:00:00,12.4,64,5.8,0.0,18.0,43,27.4,1016.8,32.2,21.3,443.0,30.0,17.9,2.0
2024-10-15 08:00:00,13.4,59,5.7,0.0,17.6,50,30.2,1018.1,52.6,35.4,591.0,23.0,23.2,4.0
2024-10-15 09:00:00,15.8,48,4.7,0.0,21.5,43,35.6,1018.6,44.2,26.2,483.0,19.9,19.0,15.0
2024-10-15 10:00:00,16.6,41,3.4,0.0,19.8,50,36.0,1019.2,37.4,14.8,335.0,15.8,13.2,31.0
2024-10-15 11:00:00,17.5,39,3.3,0.0,15.9,58,34.6,1019.5,34.0,11.9,227.0,13.0,9.2,43.0
2024-10-15 12:00:00,18.5,37,3.5,0.0,13.2,66,29.5,1019.5,31.5,11.6,192.0,11.7,8.3,49.0
2024-10-15 13:00:00,19.1,35,3.5,0.0,12.3,78,26.3,1018.7,29.7,11.7,199.0,11.8,9.1,52.0
2024-10-15 14:00:00,19.5,34,3.1,0.0,11.3,91,24.8,1018.2,28.6,12.3,231.0,15.6,11.1,49.0
2024-10-15 15:00:00,19.5,32,2.5,0.0,9.2,111,23.0,1018.0,28.8,13.5,286.0,26.2,13.9,37.0
2024-10-15 16:00:00,19.4,32,2.2,0.0,6.2,131,18.4,1017.8,29.3,15.1,367.0,40.4,17.8,20.0
2024-10-15 17:00:00,17.9,50,7.3,0.0,5.1,148,11.9,1017.8,43.1,27.5,467.0,51.1,23.6,7.0
2024-10-15 18:00:00,14.8,52,4.9,0.0,9.9,171,11.5,1017.9,71.7,48.5,610.0,54.7,33.2,2.0
2024-10-15 19:00:00,14.5,54,5.3,0.0,8.4,171,12.2,1018.7,84.1,57.6,772.0,54.7,44.6,1.0
2024-10-15 20:00:00,13.7,58,5.5,0.0,10.0,171,14.4,1019.5,90.8,59.8,874.0,53.7,51.6,0.0
2024-10-15 21:00:00,13.2,71,8.1,0.0,13.1,182,22.7,1019.5,86.6,58.7,850.0,53.7,51.5,0.0
2024-10-15 22:00:00,12.3,77,8.4,0.0,10.2,203,20.2,1020.2,83.6,57.2,816.0,53.6,51.3,0.0
2024-10-15 23:00:00,11.8,80,8.5,0.0,9.6,213,15.8,1020.6,80.3,55.2,779.0,53.3,50.6,0.0
2024-10-16 00:00:00,11.1,84,8.5,0.0,8.2,203,15.1,1020.7,75.2,51.7,735.0,52.6,48.7,0.0
2024-10-16 01:00:00,10.4,88,8.6,0.0,6.1,180,12.6,1020.7,72.6,50.1,688.0,51.7,46.4,0.0
2024-10-16 02:00:00,9.9,92,8.6,0.0,4.8,138,9.4,1020.7,72.9,50.1,655.0,50.5,45.1,0.0
2024-10-16 03:00:00,10.1,92,8.8,0.0,5.4,116,8.6,1020.5,73.8,50.8,638.0,48.9,45.6,0.0
2024-10-16 04:00:00,10.3,91,8.9,0.0,6.5,113,10.4,1020.1,74.5,51.2,634.0,47.1,47.2,0.0
2024-10-16 05:00:00,9.8,93,8.8,0.0,4.3,105,9.7,1019.8,76.4,52.5,656.0,45.5,49.4,0.0
2024-10-16 06:00:00,9.6,93,8.5,0.0,4.0,80,6.1,1019.8,83.8,57.7,731.0,44.0,52.0,0.0
2024-10-16 07:00:00,10.1,88,8.1,0.0,5.7,55,7.9,1020.1,109.4,75.7,832.0,42.8,55.1,0.0
2024-10-16 08:00:00,11.2,79,7.8,0.0,5.2,49,11.5,1020.4,110.4,75.9,962.0,32.4,62.0,2.0
2024-10-16 09:00:00,12.9,69,7.4,0.0,4.1,67,13.7,1021.2,85.2,57.6,860.0,34.5,63.8,4.0
2024-10-16 10:00:00,14.6,66,8.4,0.0,3.8,98,13.3,1020.8,74.3,49.6,720.0,37.4,66.1,8.0
2024-10-16 11:00:00,16.4,63,9.4,0.0,8.0,164,18.0,1019.8,67.5,44.7,617.0,40.4,67.1,11.0
2024-10-16 12:00:00,17.9,56,8.9,0.0,11.8,199,26.3,1018.9,62.6,41.0,580.0,42.9,65.2,14.0
2024-10-16 13:00:00,18.9,54,9.3,0.0,12.5,196,25.6,1017.6,61.2,39.6,580.0,45.4,61.9,17.0
2024-10-16 14:00:00,18.6,55,9.4,0.0,12.9,186,24.5,1016.7,65.7,41.6,613.0,48.4,59.7,17.0
2024-10-16 15:00:00,18.6,56,9.6,0.0,9.4,183,24.1,1016.2,71.7,45.1,648.0,52.8,57.9,13.0
2024-10-16 16:00:00,18.5,57,9.7,0.0,8.7,186,17.6,1015.8,76.8,48.4,714.0,57.6,57.3,8.0
2024-10-16 17:00:00,17.5,65,10.8,0.0,4.3,180,15.1,1015.5,91.7,59.6,896.0,60.4,62.3,3.0
2024-10-16 18:00:00,17.4,63,10.3,0.0,4.8,153,7.9,1015.6,137.8,92.2,1309.0,59.9,78.3,1.0
2024-10-16 19:00:00,16.7,66,10.4,0.0,1.0,45,5.4,1015.9,188.1,127.6,1837.0,57.4,100.0,0.0
2024-10-16 20:00:00,15.3,73,10.4,0.0,3.2,3,4.0,1016.1,244.0,163.9,2136.0,61.3,109.5,0.0
2024-10-16 21:00:00,15.6,71,10.4,0.0,2.0,63,2.2,1016.5,270.1,182.1,2259.0,59.5,118.4,0.0
2024-10-16 22:00:00,14.9,75,10.6,0.0,2.7,360,4.3,1016.9,286.8,193.2,2421.0,57.0,130.2,0.0
2024-10-16 23:00:00,14.4,79,10.8,0.0,7.0,1,10.8,1016.7,293.4,198.4,2493.0,54.3,135.4,0.0
2024-10-17 00:00:00,13.6,82,10.6,0.0,6.0,16,10.8,1016.5,283.1,191.9,2407.0,51.6,128.6,0.0
2024-10-17 01:00:00,13.4,82,10.4,0.0,6.2,12,10.1,1016.2,263.6,177.9,2230.0,48.7,115.2,0.0
2024-10-17 02:00:00,12.9,84,10.3,0.0,7.3,9,11.2,1016.0,239.3,161.6,2039.0,46.0,102.1,0.0
2024-10-17 03:00:00,12.7,86,10.4,0.0,8.0,5,12.2,1015.5,209.1,141.1,1827.0,43.6,90.9,0.0
2024-10-17 04:00:00,12.8,86,10.4,0.0,9.4,358,14.4,1015.4,181.6,122.0,1600.0,41.4,80.1,0.0
2024-10-17 05:00:00,12.9,86,10.5,0.0,9.1,353,14.8,1015.5,163.0,109.4,1455.0,39.3,71.9,0.0
2024-10-17 06:00:00,12.9,85,10.4,0.0,8.8,351,14.0,1015.5,152.7,102.4,1477.0,36.8,67.4,0.0
2024-10-17 07:00:00,13.4,82,10.4,0.0,10.3,349,15.5,1015.4,163.0,109.7,1580.0,34.5,65.6,0.0
2024-10-17 08:00:00,14.2,78,10.4,0.0,8.8,355,15.8,1015.7,161.6,108.5,1561.0,32.9,60.9,0.0
2024-10-17 09:00:00,15.8,71,10.4,0.0,7.6,1,15.8,1016.3,147.1,97.1,1388.0,34.9,62.6,2.0
2024-10-17 10:00:00,16.3,69,10.7,0.0,6.4,10,15.8,1016.1,137.4,88.7,1149.0,37.9,64.8,5.0
2024-10-17 11:00:00,16.8,69,11.0,0.0,5.8,14,14.0,1015.9,141.1,89.6,964.0,40.8,65.6,7.0
2024-10-17 12:00:00,16.9,70,11.3,0.0,7.0,4,13.7,1015.0,139.2,88.0,882.0,43.4,63.8,9.0
2024-10-17 13:00:00,17.5,69,11.6,0.0,7.8,15,15.5,1013.8,139.2,87.8,855.0,46.0,60.5,10.0
2024-10-17 14:00:00,17.9,70,12.3,0.1,8.1,21,16.9,1012.8,142.0,89.6,861.0,48.9,57.7,10.0
2024-10-17 15:00:00,18.4,69,12.6,0.0,6.8,42,17.3,1012.6,143.0,90.6,895.0,52.8,55.6,8.0
2024-10-17 16:00:00,18.4,70,12.9,0.0,7.7,24,14.8,1012.4,142.0,90.1,962.0,56.9,53.9,4.0
2024-10-17 17:00:00,17.9,73,13.0,0.0,7.5,20,14.4,1012.4,156.0,100.8,1052.0,59.4,53.2,1.0
2024-10-17 18:00:00,17.0,78,13.1,0.0,11.4,357,16.9,1012.1,176.0,115.7,1197.0,58.9,54.9,0.0
2024-10-17 19:00:00,16.3,81,13.1,0.0,10.5,353,17.6,1012.4,186.3,123.4,1366.0,56.7,57.7,0.0
2024-10-17 20:00:00,15.8,84,13.1,0.2,9.7,357,16.6,1012.6,187.7,124.8,1489.0,50.8,60.7,0.0
2024-10-17 21:00:00,15.2,89,13.4,1.2,9.8,352,15.8,1012.6,181.1,120.6,1424.0,50.8,57.3,0.0
2024-10-17 22:00:00,15.1,88,13.2,4.3,11.4,355,17.6,1012.5,166.2,112.7,1329.0,50.9,52.4,0.0
2024-10-17 23:00:00,15.1,90,13.4,1.7,11.2,2,17.6,1012.4,152.3,103.6,1220.0,51.1,47.3,0.0
2024-10-18 00:00:00,14.9,91,13.6,0.3,8.6,8,17.6,1012.2,138.3,94.1,1086.0,51.8,41.6,0.0
2024-10-18 01:00:00,14.9,93,13.9,0.4,9.0,13,14.0,1011.8,125.7,85.7,938.0,52.7,35.7,0.0
2024-10-18 02:00:00,14.9,95,14.1,0.2,10.2,9,15.8,1011.3,115.7,78.7,821.0,52.5,31.4,0.0
2024-10-18 03:00:00,14.7,96,14.1,0.1,9.6,12,15.8,1010.7,108.7,73.8,744.0,50.5,29.4,0.0
2024-10-18 04:00:00,14.7,97,14.1,0.2,8.4,9,15.1,1010.8,102.7,69.6,699.0,47.4,29.0,0.0
2024-10-18 05:00:00,14.8,97,14.2,0.2,9.1,17,14.0,1010.8,98.0,66.4,707.0,44.5,30.0,0.0
2024-10-18 06:00:00,14.8,97,14.2,0.2,8.8,9,14.0,1010.8,96.9,65.7,817.0,41.8,33.5,0.0
2024-10-18 07:00:00,14.7,97,14.1,0.2,9.0,360,13.7,1011.1,106.4,72.4,980.0,39.2,38.5,0.0
2024-10-18 08:00:00,15.2,96,14.5,0.1,9.7,1,14.8,1011.6,116.6,79.9,1025.0,38.3,41.9,0.0
2024-10-18 09:00:00,16.4,92,15.0,0.1,9.2,344,16.2,1012.2,112.9,76.4,940.0,39.9,41.7,5.0
2024-10-18 10:00:00,17.2,87,15.1,0.1,10.3,355,18.0,1012.5,105.0,70.5,820.0,41.9,41.2,11.0
2024-10-18 11:00:00,17.6,85,15.0,0.2,11.7,357,19.4,1012.7,85.7,57.0,706.0,42.2,38.5,16.0
2024-10-18 12:00:00,17.5,86,15.1,0.5,16.4,4,25.6,1013.1,65.4,44.0,605.0,38.4,31.5,19.0
2024-10-18 13:00:00,17.0,84,14.3,1.0,23.6,23,35.6,1013.7,49.0,33.5,511.0,32.9,22.5,22.0
2024-10-18 14:00:00,15.5,82,12.4,1.8,22.3,23,40.0,1014.6,31.1,21.4,444.0,30.5,16.2,21.0
2024-10-18 15:00:00,14.8,79,11.1,1.2,21.7,27,34.9,1015.7,24.0,16.5,401.0,34.5,14.3,16.0
2024-10-18 16:00:00,15.4,59,7.5,0.1,21.8,43,35.3,1016.4,26.2,17.9,386.0,41.6,15.1,7.0
2024-10-18 17:00:00,15.4,47,4.2,0.0,23.0,53,35.6,1017.1,34.9,24.0,426.0,47.3,18.7,2.0
2024-10-18 18:00:00,14.6,42,1.8,0.0,21.2,53,35.6,1018.3,51.7,35.9,594.0,50.7,28.3,0.0
2024-10-18 19:00:00,13.4,43,1.0,0.0,17.8,48,32.4,1020.3,74.3,51.7,817.0,52.7,40.6,1.0
2024-10-18 20:00:00,13.4,29,-4.5,0.0,28.4,20,41.4,1022.3,43.7,30.4,494.0,39.4,23.3,21.0
2024-10-18 21:00:00,13.7,34,-1.7,0.0,20.9,19,30.2,1022.4,23.6,16.5,411.0,32.5,18.4,32.0
2024-10-18 22:00:00,12.1,27,-6.2,0.0,25.8,5,40.0,1023.9,12.3,8.6,296.0,22.9,11.7,47.0
2024-10-18 23:00:00,10.9,23,-9.6,0.0,26.4,11,42.1,1025.4,8.2,5.8,209.0,15.3,6.7,58.0
2024-10-19 00:00:00,9.8,22,-10.8,0.0,25.5,16,41.4,1026.9,6.2,4.4,177.0,11.7,5.1,61.0
2024-10-19 01:00:00,8.9,22,-11.9,0.0,26.3,23,42.1,1028.0,5.3,3.7,174.0,10.1,5.2,61.0
2024-10-19 02:00:00,7.9,21,-13.4,0.0,25.4,29,41.0,1028.6,5.1,3.6,175.0,9.5,5.6,59.0
2024-10-19 03:00:00,7.1,20,-14.7,0.0,23.1,32,39.6,1029.2,5.1,3.6,164.0,9.0,5.6,58.0
2024-10-19 04:00:00,6.2,19,-15.8,0.0,21.6,34,36.0,1030.3,5.4,3.8,159.0,9.5,6.0,55.0
2024-10-19 05:00:00,5.5,19,-16.6,0.0,20.6,36,33.8,1030.9,6.3,4.4,187.0,13.0,7.7,49.0
2024-10-19 06:00:00,5.1,18,-17.5,0.0,19.9,37,32.4,1031.6,8.9,6.2,292.0,23.3,12.4,35.0
2024-10-19 07:00:00,4.9,19,-16.8,0.0,18.8,41,31.0,1032.6,20.4,14.3,430.0,36.5,18.4,18.0
2024-10-19 08:00:00,5.8,24,-13.4,0.0,18.0,47,29.9,1033.8,26.8,18.7,382.0,37.5,17.3,18.0
2024-10-19 09:00:00,7.0,18,-15.6,0.0,23.8,30,39.2,1034.9,12.7,8.9,327.0,29.6,14.5,28.0
2024-10-19 10:00:00,7.8,18,-14.9,0.0,22.5,28,40.7,1034.8,9.5,6.7,251.0,18.8,10.6,43.0
2024-10-19 11:00:00,8.8,21,-12.6,0.0,18.0,27,38.5,1034.1,8.5,6.0,197.0,11.2,8.1,53.0
2024-10-19 12:00:00,9.8,22,-11.1,0.0,13.2,35,32.4,1033.5,8.5,5.9,179.0,8.7,7.7,58.0
2024-10-19 13:00:00,10.3,22,-10.4,0.0,11.1,48,26.3,1032.5,9.1,6.4,182.0,9.6,8.5,58.0
2024-10-19 14:00:00,10.8,23,-9.9,0.0,10.0,57,23.4,1032.0,10.6,7.4,210.0,14.3,10.5,54.0
2024-10-19 15:00:00,10.9,23,-9.4,0.0,8.1,62,21.2,1031.7,12.5,8.8,247.0,25.8,12.7,41.0
2024-10-19 16:00:00,10.6,24,-9.4,0.0,6.5,92,17.6,1031.2,15.3,10.7,309.0,41.2,15.9,23.0
2024-10-19 17:00:00,8.9,38,-4.8,0.0,5.1,144,12.6,1031.3,33.2,23.2,439.0,52.7,23.0,9.0
2024-10-19 18:00:00,6.8,40,-5.8,0.0,7.2,166,10.4,1031.6,78.2,54.7,698.0,56.7,36.9,3.0
2024-10-19 19:00:00,5.8,42,-6.1,0.0,7.1,189,11.2,1032.2,102.4,71.7,1026.0,56.7,54.5,1.0
2024-10-19 20:00:00,4.7,49,-5.2,0.0,10.2,197,11.9,1032.4,126.7,88.7,1441.0,55.4,79.7,0.0
2024-10-19 21:00:00,4.3,52,-4.7,0.0,10.3,192,11.9,1031.7,142.5,99.9,1537.0,54.4,87.8,0.0
2024-10-19 22:00:00,4.0,51,-5.2,0.0,9.0,182,12.2,1031.8,156.9,109.9,1665.0,52.9,98.7,0.0
2024-10-19 23:00:00,3.3,56,-4.6,0.0,8.7,166,11.5,1031.6,163.9,114.8,1732.0,51.5,104.5,0.0
2024-10-20 00:00:00,2.4,65,-3.6,0.0,8.5,125,10.8,1031.6,160.2,112.0,1687.0,50.2,100.7,0.0
2024-10-20 01:00:00,2.6,62,-4.1,0.0,7.6,144,9.7,1031.6,150.4,105.5,1581.0,48.9,91.9,0.0
2024-10-20 02:00:00,2.5,60,-4.5,0.0,7.5,172,8.6,1031.2,138.3,96.6,1469.0,47.8,84.0,0.0
2024-10-20 03:00:00,1.6,64,-4.4,0.0,9.0,175,10.1,1030.6,123.9,86.6,1341.0,47.1,78.1,0.0
2024-10-20 04:00:00,1.5,64,-4.6,0.0,8.1,167,10.4,1030.1,111.1,77.8,1207.0,46.7,73.1,0.0
2024-10-20 05:00:00,2.2,58,-5.2,0.0,6.5,174,9.0,1029.9,104.5,73.1,1159.0,46.3,72.1,0.0
2024-10-20 06:00:00,2.5,55,-5.6,0.0,4.4,125,7.2,1029.2,106.6,74.7,1313.0,46.0,80.1,0.0
2024-10-20 07:00:00,2.2,57,-5.5,0.0,4.2,133,5.0,1028.8,140.2,98.0,1552.0,45.6,92.1,0.0
2024-10-20 08:00:00,3.0,58,-4.5,0.0,2.9,137,7.9,1028.9,137.4,95.9,1525.0,45.8,88.7,2.0
2024-10-20 09:00:00,5.5,43,-6.1,0.0,4.0,144,11.9,1028.8,72.4,50.4,1224.0,42.9,76.2,10.0
2024-10-20 10:00:00,7.2,38,-6.3,0.0,6.9,171,16.9,1028.0,48.0,33.1,809.0,38.9,58.9,21.0
2024-10-20 11:00:00,8.8,33,-6.8,0.0,10.2,171,21.6,1026.9,35.5,24.4,500.0,36.7,45.2,28.0
2024-10-20 12:00:00,9.6,31,-6.7,0.0,12.8,175,25.2,1025.6,30.6,21.2,399.0,37.4,38.8,30.0
2024-10-20 13:00:00,10.4,30,-6.7,0.0,14.5,186,27.4,1024.4,27.6,19.2,404.0,39.9,36.1,28.0
2024-10-20 14:00:00,10.2,29,-7.1,0.0,15.5,189,27.4,1023.3,27.2,18.9,427.0,43.4,34.7,24.0
2024-10-20 15:00:00,9.8,30,-7.1,0.0,15.2,187,27.4,1022.5,27.7,19.3,446.0,48.7,34.1,18.0
2024-10-20 16:00:00,9.5,33,-5.9,0.0,14.2,187,24.8,1022.4,30.4,21.1,482.0,55.1,34.9,9.0
2024-10-20 17:00:00,8.8,37,-5.1,0.1,13.3,189,22.3,1021.6,36.6,25.4,518.0,59.5,36.3,3.0
2024-10-20 18:00:00,8.1,41,-4.4,0.0,11.6,186,20.9,1021.2,42.6,29.7,535.0,60.6,37.7,1.0
2024-10-20 19:00:00,8.1,41,-4.2,0.0,10.3,186,18.0,1021.0,46.2,32.1,551.0,59.7,39.7,1.0
2024-10-20 20:00:00,7.8,43,-3.9,0.0,12.1,183,18.4,1020.7,44.6,31.1,552.0,56.5,40.9,1.0
2024-10-20 21:00:00,5.8,69,0.6,0.0,10.6,199,19.8,1021.6,49.6,34.7,657.0,55.0,48.2,1.0
2024-10-20 22:00:00,4.6,77,0.9,0.0,10.0,187,16.9,1021.2,69.8,48.8,801.0,52.9,58.2,0.0
2024-10-20 23:00:00,4.1,82,1.2,0.0,9.3,198,15.8,1020.6,89.4,62.6,903.0,50.9,65.5,0.0
2024-10-21 00:00:00,3.5,86,1.5,0.0,9.1,207,14.8,1019.8,93.6,65.4,917.0,49.5,67.3,0.0
2024-10-21 01:00:00,2.9,91,1.5,0.0,6.9,210,14.4,1019.4,92.4,64.5,888.0,48.2,66.3,0.0
2024-10-21 02:00:00,1.9,94,1.0,0.0,8.3,228,10.4,1018.9,91.0,63.6,870.0,46.8,65.3,0.0
2024-10-21 03:00:00,2.0,93,0.9,0.0,6.3,243,10.1,1018.1,92.4,64.7,859.0,45.1,64.7,0.0
2024-10-21 04:00:00,2.0,92,0.9,0.0,5.3,246,7.6,1017.5,94.3,65.9,858.0,43.2,64.1,0.0
2024-10-21 05:00:00,1.8,92,0.6,0.0,4.8,299,7.9,1017.3,97.3,68.0,930.0,41.3,65.1,0.0
2024-10-21 06:00:00,2.5,90,1.0,0.0,3.9,344,6.1,1017.3,106.9,74.7,1181.0,38.9,69.4,0.0
2024-10-21 07:00:00,1.1,96,0.6,0.0,6.1,346,8.3,1017.7,146.7,102.7,1505.0,36.5,75.4,0.0
2024-10-21 08:00:00,3.2,87,1.3,0.0,4.4,353,9.7,1018.6,172.3,120.1,1557.0,26.6,82.4,2.0
2024-10-21 09:00:00,5.1,79,1.6,0.0,4.9,17,13.3,1019.2,117.3,82.0,1333.0,28.1,81.4,5.0
2024-10-21 10:00:00,6.6,73,2.0,0.0,3.3,41,14.8,1019.1,102.7,71.2,1025.0,30.4,79.9,9.0
2024-10-21 11:00:00,8.1,68,2.4,0.0,4.1,142,14.8,1018.4,96.4,66.8,800.0,33.5,78.8,13.0
2024-10-21 12:00:00,9.5,62,2.5,0.0,5.8,173,16.9,1017.4,95.2,65.7,728.0,38.0,78.2,16.0
2024-10-21 13:00:00,10.8,59,3.1,0.0,7.1,201,18.7,1016.6,94.5,65.2,738.0,43.4,78.0,17.0
2024-10-21 14:00:00,11.7,57,3.5,0.0,6.4,196,18.7,1015.7,95.9,66.1,789.0,48.4,78.3,17.0
2024-10-21 15:00:00,12.1,57,3.9,0.0,5.8,200,16.9,1014.8,97.3,67.1,871.0,53.2,78.5,13.0
2024-10-21 16:00:00,12.0,58,3.9,0.0,6.8,217,14.8,1015.0,100.1,69.2,994.0,57.6,79.2,6.0
2024-10-21 17:00:00,10.7,66,4.5,0.0,6.6,223,13.7,1015.5,122.5,85.0,1143.0,60.0,82.2,1.0
2024-10-21 18:00:00,9.2,71,4.3,0.0,8.9,209,13.3,1016.3,149.0,103.8,1327.0,59.1,89.4,0.0
2024-10-21 19:00:00,9.1,71,4.2,0.0,9.8,203,15.8,1016.6,159.3,111.1,1538.0,56.1,98.9,0.0
2024-10-21 20:00:00,8.7,75,4.5,0.0,6.1,236,15.1,1016.9,126.7,88.5,1400.0,52.8,90.3,0.0
2024-10-21 21:00:00,9.4,71,4.3,0.0,3.4,288,11.2,1017.8,148.1,103.4,1605.0,50.1,94.8,0.0
2024-10-21 22:00:00,7.2,85,4.8,0.0,7.0,347,9.7,1018.3,181.6,126.7,1871.0,46.5,100.1,0.0
2024-10-21 23:00:00,7.3,84,4.8,0.0,11.3,359,16.9,1018.0,186.7,129.9,1953.0,44.9,97.7,0.0
2024-10-22 00:00:00,7.3,84,4.8,0.0,10.5,7,18.4,1018.0,149.5,103.6,1692.0,48.7,80.8,0.0
2024-10-22 01:00:00,7.5,81,4.4,0.0,12.4,21,18.7,1017.9,115.0,78.7,1248.0,54.3,56.2,0.0
2024-10-22 02:00:00,8.9,68,3.3,0.0,13.9,25,21.2,1018.0,75.9,50.4,852.0,54.5,35.4,0.0
2024-10-22 03:00:00,9.7,56,1.4,0.0,15.2,19,23.0,1017.8,41.7,24.9,569.0,42.5,22.2,14.0
2024-10-22 04:00:00,10.3,45,-1.0,0.0,18.4,4,27.7,1017.8,28.3,13.6,334.0,25.0,12.7,33.0
2024-10-22 05:00:00,10.4,43,-1.8,0.2,23.3,351,36.0,1018.6,30.0,11.5,186.0,14.2,7.0,45.0
2024-10-22 06:00:00,8.9,63,2.2,0.6,21.4,348,36.7,1019.5,43.0,15.6,172.0,18.0,6.8,42.0
2024-10-22 07:00:00,8.1,73,3.5,1.1,19.6,346,33.5,1020.2,40.7,14.4,244.0,28.5,10.3,31.0
2024-10-22 08:00:00,7.6,79,4.1,1.2,19.4,350,31.0,1020.7,51.0,17.7,293.0,35.5,13.0,25.0
2024-10-22 09:00:00,8.7,77,4.8,0.3,17.5,346,29.2,1021.1,54.2,18.8,270.0,29.6,12.0,32.0
2024-10-22 10:00:00,9.6,74,5.2,0.1,14.0,1,28.1,1021.0,54.7,15.1,237.0,21.6,10.5,42.0
2024-10-22 11:00:00,11.6,60,4.1,0.0,13.2,7,25.2,1020.4,48.2,13.0,211.0,15.5,9.2,50.0
2024-10-22 12:00:00,13.1,51,3.2,0.0,13.3,358,26.3,1019.7,40.3,11.8,175.0,11.8,7.3,57.0
2024-10-22 13:00:00,14.3,44,2.3,0.0,11.7,351,26.3,1018.4,32.2,9.7,146.0,10.2,5.5,62.0
2024-10-22 14:00:00,15.7,33,-0.6,0.0,14.6,327,25.9,1017.2,24.3,7.9,185.0,13.8,6.5,60.0
2024-10-22 15:00:00,15.9,30,-1.7,0.0,19.6,297,31.7,1016.6,21.1,7.5,336.0,27.3,11.3,45.0
2024-10-22 16:00:00,16.0,32,-0.8,0.0,13.5,274,32.8,1015.9,24.6,11.4,555.0,46.0,18.9,24.0
2024-10-22 17:00:00,13.2,47,2.2,0.0,13.3,212,20.9,1016.3,73.6,47.1,776.0,59.7,28.3,7.0
2024-10-22 18:00:00,10.4,64,3.9,0.0,18.0,213,29.2,1016.3,118.3,78.5,999.0,63.3,41.1,1.0
2024-10-22 19:00:00,9.7,70,4.6,0.0,13.0,215,27.7,1016.6,127.6,85.4,1223.0,61.9,55.8,0.0
2024-10-22 20:00:00,8.8,73,4.2,0.0,9.4,222,20.2,1016.9,188.6,130.4,2030.0,59.5,91.1,0.0
2024-10-22 21:00:00,8.4,81,5.2,0.0,8.6,244,23.0,1017.3,182.5,126.7,2009.0,56.7,89.6,0.0
2024-10-22 22:00:00,5.9,86,3.8,0.0,7.8,310,12.6,1017.4,177.9,123.4,1974.0,52.7,87.2,0.0
2024-10-22 23:00:00,5.2,88,3.5,0.0,7.3,335,9.0,1017.2,175.6,122.0,1904.0,49.1,83.2,0.0
2024-10-23 00:00:00,4.9,90,3.4,0.0,5.6,327,9.0,1016.9,168.1,116.9,1776.0,46.3,76.3,0.0
2024-10-23 01:00:00,4.4,92,3.2,0.0,5.7,336,8.3,1016.7,159.3,110.4,1613.0,43.8,67.8,0.0
2024-10-23 02:00:00,3.8,93,2.8,0.0,6.6,349,9.0,1016.4,150.4,104.3,1467.0,41.6,61.2,0.0
2024-10-23 03:00:00,3.8,93,2.7,0.0,6.0,353,9.0,1015.7,143.9,99.7,1318.0,39.8,57.1,0.0
2024-10-23 04:00:00,3.2,94,2.3,0.0,8.0,9,9.4,1015.4,137.8,95.2,1186.0,38.2,54.8,0.0
2024-10-23 05:00:00,3.1,94,2.2,0.0,6.6,349,9.7,1015.4,133.6,92.0,1182.0,36.4,55.7,0.0
2024-10-23 06:00:00,2.7,93,1.6,0.0,7.9,336,9.4,1015.5,135.5,93.1,1452.0,33.1,62.3,0.0
2024-10-23 07:00:00,3.0,91,1.6,0.0,5.4,323,9.0,1015.7,165.8,114.1,1849.0,29.5,72.2,1.0
2024-10-23 08:00:00,5.6,81,2.5,0.0,2.6,321,7.6,1015.9,189.5,131.3,1941.0,29.7,67.1,3.0
2024-10-23 09:00:00,8.0,81,4.8,0.0,1.5,76,11.5,1016.4,153.2,103.1,1715.0,35.3,71.7,7.0
2024-10-23 10:00:00,9.9,78,6.2,0.0,2.3,129,11.5,1016.0,131.3,82.2,1400.0,43.3,78.0,12.0
2024-10-23 11:00:00,11.8,70,6.6,0.0,3.4,155,13.3,1015.1,129.5,80.1,1145.0,51.2,81.9,16.0
2024-10-23 12:00:00,13.6,64,6.8,0.0,6.1,177,16.9,1013.7,126.7,78.7,1012.0,58.8,81.8,19.0
2024-10-23 13:00:00,14.9,59,7.0,0.0,7.9,191,18.7,1012.4,117.6,72.4,940.0,66.3,79.4,22.0
2024-10-23 14:00:00,15.6,55,6.7,0.0,10.0,198,20.5,1011.7,104.8,64.0,889.0,71.6,75.6,22.0
2024-10-23 15:00:00,15.9,52,6.1,0.0,11.4,208,21.6,1011.3,91.5,56.2,824.0,73.7,68.3,17.0
2024-10-23 16:00:00,15.4,53,5.8,0.0,10.8,218,21.2,1011.5,82.4,51.9,781.0,73.6,59.6,10.0
2024-10-23 17:00:00,13.0,66,6.8,0.0,6.9,225,17.3,1011.3,87.3,57.7,827.0,72.7,57.0,4.0
2024-10-23 18:00:00,10.6,75,6.4,0.0,11.1,230,12.6,1011.6,108.7,73.8,1022.0,71.4,65.6,1.0
2024-10-23 19:00:00,12.9,63,5.9,0.0,5.6,277,12.6,1012.1,131.8,90.3,1306.0,69.4,80.3,1.0
2024-10-23 20:00:00,12.1,66,5.9,0.0,2.8,310,6.1,1012.3,151.3,105.9,1686.0,66.5,97.4,0.0
2024-10-23 21:00:00,12.1,64,5.4,0.0,4.1,299,4.7,1012.8,168.1,116.9,1797.0,64.6,102.7,0.0
2024-10-23 22:00:00,8.1,84,5.6,0.0,7.3,343,9.0,1013.2,181.6,126.7,1946.0,61.7,109.6,0.0
2024-10-23 23:00:00,7.8,87,5.8,0.0,6.3,357,9.4,1013.5,191.9,133.6,2029.0,58.7,111.2,0.0
2024-10-24 00:00:00,6.9,91,5.7,0.0,7.6,360,11.2,1013.7,188.6,131.8,2002.0,55.4,103.4,0.0
2024-10-24 01:00:00,6.8,91,5.4,0.0,7.6,5,11.9,1014.0,178.3,124.8,1909.0,52.0,90.3,0.0
2024-10-24 02:00:00,6.8,90,5.2,0.0,8.0,8,11.9,1014.3,163.0,113.9,1773.0,48.9,77.6,0.0
2024-10-24 03:00:00,6.8,89,5.2,0.0,8.8,4,13.7,1014.3,142.0,99.2,1556.0,46.8,65.9,0.0
2024-10-24 04:00:00,6.7,89,4.9,0.0,9.2,360,13.7,1014.2,118.0,82.2,1297.0,45.0,54.5,0.0
2024-10-24 05:00:00,6.4,88,4.7,0.0,10.1,6,15.8,1014.6,99.7,69.4,1138.0,42.7,46.9,0.0
2024-10-24 06:00:00,5.8,89,4.2,0.0,7.1,345,15.5,1015.0,92.0,64.0,1194.0,38.4,45.6,0.0
2024-10-24 07:00:00,5.7,90,4.1,0.0,4.6,296,10.1,1015.4,106.9,74.3,1350.0,33.5,48.1,1.0
2024-10-24 08:00:00,8.4,78,4.8,0.0,8.5,354,13.0,1016.5,127.1,86.6,1231.0,36.6,45.3,4.0
2024-10-24 09:00:00,11.1,69,5.7,0.0,8.5,18,16.9,1017.7,116.9,78.9,1073.0,37.0,45.1,10.0
2024-10-24 10:00:00,13.6,59,5.8,0.0,9.0,3,19.1,1017.9,105.9,65.4,855.0,37.7,45.0,18.0
2024-10-24 11:00:00,15.4,52,5.7,0.0,9.1,9,20.2,1017.6,99.9,56.8,692.0,40.1,45.9,24.0
2024-10-24 12:00:00,16.9,49,5.9,0.0,8.3,18,20.2,1016.9,107.3,58.0,618.0,45.2,47.9,28.0
2024-10-24 13:00:00,17.9,47,6.3,0.0,6.7,24,19.1,1015.8,112.5,58.7,600.0,51.9,50.9,30.0
2024-10-24 14:00:00,18.6,47,6.9,0.0,4.8,42,16.9,1015.1,111.1,56.2,651.0,58.6,55.3,29.0
2024-10-24 15:00:00,18.8,47,7.4,0.0,4.1,88,13.7,1014.7,113.4,58.9,777.0,65.6,60.2,21.0
2024-10-24 16:00:00,18.4,53,8.8,0.0,4.4,142,10.8,1014.8,121.5,70.5,972.0,72.6,66.4,10.0
2024-10-24 17:00:00,15.2,69,9.6,0.0,8.7,172,9.4,1014.9,151.8,96.6,1236.0,76.9,77.4,1.0
2024-10-24 18:00:00,12.7,78,8.9,0.0,10.3,176,11.2,1015.3,202.1,133.6,1627.0,76.6,97.0,0.0
2024-10-24 19:00:00,11.6,82,8.6,0.0,10.0,187,11.9,1015.9,239.3,160.2,2086.0,73.7,121.2,0.0
2024-10-24 20:00:00,11.4,80,8.2,0.0,8.2,220,11.2,1016.3,248.7,168.6,2364.0,62.1,135.6,0.0
2024-10-24 21:00:00,11.4,80,8.2,0.0,8.3,224,10.8,1016.3,259.8,177.0,2420.0,61.0,140.2,0.0
2024-10-24 22:00:00,12.6,73,8.0,0.0,5.8,256,9.4,1017.2,271.0,184.9,2493.0,59.4,146.4,0.0
2024-10-24 23:00:00,12.5,73,7.8,0.0,1.9,73,6.5,1017.7,279.4,190.9,2519.0,58.0,149.0,0.0
2024-10-25 00:00:00,11.2,81,8.1,0.0,2.8,75,3.2,1017.7,274.7,187.7,2469.0,57.0,145.9,0.0
2024-10-25 01:00:00,8.6,93,7.4,0.0,4.3,33,4.7,1017.8,269.2,184.4,2372.0,56.1,139.2,0.0
2024-10-25 02:00:00,7.8,97,7.3,0.0,5.0,15,7.9,1017.9,258.9,177.9,2255.0,55.0,131.1,0.0
2024-10-25 03:00:00,7.4,98,7.2,0.0,6.0,3,9.4,1017.5,242.1,166.7,2086.0,53.7,120.5,0.0
2024-10-25 04:00:00,7.2,100,7.2,0.0,6.9,355,10.8,1017.5,224.0,154.1,1896.0,52.1,108.3,0.0
2024-10-25 05:00:00,7.1,100,7.1,0.0,7.0,360,11.5,1017.7,206.8,142.5,1812.0,50.2,99.4,0.0
2024-10-25 06:00:00,6.9,100,6.9,0.0,7.1,6,11.2,1017.9,194.2,133.6,1965.0,46.6,96.7,0.0
2024-10-25 07:00:00,7.1,99,7.0,0.0,7.4,1,11.5,1018.3,204.0,141.1,2223.0,42.7,97.2,0.0
2024-10-25 08:00:00,8.4,98,8.1,0.0,7.7,11,14.8,1018.9,233.8,162.1,2395.0,47.7,98.2,1.0
2024-10-25 09:00:00,9.9,98,9.6,0.0,7.5,21,16.2,1019.8,214.2,146.2,2076.0,51.6,95.9,4.0
2024-10-25 10:00:00,11.9,90,10.2,0.0,7.7,28,17.6,1019.8,186.7,126.2,1636.0,57.4,92.8,9.0
2024-10-25 11:00:00,14.1,82,11.1,0.0,6.4,47,18.4,1019.7,182.5,125.3,1298.0,64.5,90.3,14.0
2024-10-25 12:00:00,16.0,76,11.7,0.0,5.7,62,17.3,1018.9,183.0,126.7,1155.0,73.7,89.2,19.0
2024-10-25 13:00:00,17.4,71,11.9,0.0,5.1,80,16.6,1017.7,178.8,124.3,1115.0,84.3,88.8,25.0
2024-10-25 14:00:00,18.4,67,12.1,0.0,5.6,117,15.5,1017.0,173.2,120.6,1124.0,93.8,88.0,26.0
2024-10-25 15:00:00,19.0,65,12.1,0.0,6.6,143,15.1,1016.8,166.7,116.4,1150.0,102.0,84.1,20.0
2024-10-25 16:00:00,19.1,62,11.6,0.0,9.2,183,15.8,1016.9,164.4,115.0,1226.0,109.0,79.9,10.0
2024-10-25 17:00:00,16.7,78,12.8,0.0,7.6,181,14.8,1017.0,185.8,129.9,1398.0,113.1,82.9,2.0
2024-10-25 18:00:00,17.2,72,12.1,0.0,5.2,160,9.4,1017.3,229.6,160.7,1749.0,112.7,99.7,0.0
2024-10-25 19:00:00,16.5,75,12.1,0.0,3.7,104,5.8,1017.7,267.3,187.2,2196.0,109.4,123.7,0.0
2024-10-25 20:00:00,15.4,80,12.1,0.0,3.8,115,4.7,1018.1,281.3,196.5,2460.0,98.3,137.1,0.0
2024-10-25 21:00:00,14.5,82,11.4,0.0,2.9,169,6.1,1018.7,299.0,209.1,2545.0,95.6,142.6,0.0
2024-10-25 22:00:00,13.0,88,11.1,0.0,2.2,5,3.2,1018.9,312.0,217.9,2656.0,91.8,149.6,0.0
2024-10-25 23:00:00,10.8,95,10.1,0.0,5.2,12,6.8,1018.7,317.6,222.1,2685.0,87.9,150.5,0.0
2024-10-26 00:00:00,9.9,98,9.6,0.0,5.3,38,6.8,1018.5,308.3,215.1,2570.0,84.2,140.5,0.0
2024-10-26 01:00:00,9.7,100,9.6,0.0,2.9,22,6.8,1018.1,294.3,205.4,2374.0,80.4,124.5,0.0
2024-10-26 02:00:00,8.9,100,8.9,0.0,4.4,7,6.5,1017.9,275.7,192.8,2179.0,76.4,109.7,0.0
2024-10-26 03:00:00,8.8,100,8.8,0.0,5.3,18,8.3,1017.5,255.2,178.3,1964.0,72.0,96.7,0.0
2024-10-26 04:00:00,8.6,100,8.6,0.0,4.3,24,8.6,1017.1,233.8,163.4,1750.0,67.4,85.0,0.0
2024-10-26 05:00:00,8.9,100,8.9,0.0,4.6,9,7.2,1017.4,214.7,149.9,1681.0,62.9,79.8,0.0
2024-10-26 06:00:00,9.1,100,9.1,0.0,6.7,360,10.4,1017.4,207.7,145.3,1929.0,58.0,87.1,0.0
2024-10-26 07:00:00,8.9,100,8.9,0.0,7.9,12,12.2,1017.3,237.0,165.8,2323.0,53.2,101.1,0.0
2024-10-26 08:00:00,10.0,97,9.6,0.0,8.3,22,13.7,1017.5,272.9,190.9,1930.0,50.6,100.2,1.0
2024-10-26 09:00:00,11.2,92,9.9,0.0,6.6,29,14.4,1018.0,258.0,179.7,1845.0,52.4,94.9,5.0
2024-10-26 10:00:00,11.9,89,10.2,0.0,6.8,360,13.7,1017.6,217.5,150.4,1722.0,55.1,87.6,10.0
2024-10-26 11:00:00,13.2,84,10.6,0.0,7.3,7,15.5,1017.4,202.1,137.4,1588.0,57.9,81.8,15.0
2024-10-26 12:00:00,14.4,79,10.9,0.0,8.6,360,18.0,1017.0,197.0,132.7,1396.0,60.4,78.7,20.0
2024-10-26 13:00:00,15.4,75,11.1,0.0,7.7,11,18.4,1016.1,191.9,128.1,1192.0,63.0,77.0,24.0
2024-10-26 14:00:00,16.4,71,11.1,0.0,7.6,18,19.1,1015.4,184.4,122.5,1146.0,66.4,77.1,24.0
2024-10-26 15:00:00,16.6,70,11.2,0.0,6.3,37,17.3,1014.9,185.3,123.4,1259.0,71.9,76.6,18.0
2024-10-26 16:00:00,16.6,70,11.2,0.0,8.7,14,15.1,1014.9,192.8,129.0,1530.0,78.3,77.8,8.0
2024-10-26 17:00:00,15.0,81,11.7,0.0,5.1,32,15.8,1015.2,238.4,161.6,2120.0,82.2,87.6,1.0
2024-10-26 18:00:00,13.6,86,11.2,0.0,5.6,151,7.9,1015.2,303.6,206.8,3453.0,82.3,115.8,0.0
2024-10-26 19:00:00,12.7,87,10.6,0.0,4.2,263,6.5,1015.7,352.0,240.3,5105.0,80.1,152.7,0.0
2024-10-26 20:00:00,11.5,93,10.4,0.0,4.4,308,7.2,1016.2,367.9,252.4,5966.0,71.0,156.3,0.0
2024-10-26 21:00:00,10.4,97,9.9,0.0,5.4,334,8.3,1016.7,353.9,244.0,5369.0,65.4,147.5,0.0
2024-10-26 22:00:00,10.6,96,9.9,0.0,7.5,339,11.5,1016.9,322.2,223.1,3982.0,57.7,134.2,0.0
2024-10-26 23:00:00,10.6,92,9.4,0.0,11.1,343,15.5,1016.7,272.9,189.5,2699.0,51.1,114.7,0.0
2024-10-27 00:00:00,11.8,64,5.2,0.0,16.5,349,24.8,1017.4,185.3,129.0,1769.0,47.2,83.2,1.0
2024-10-27 01:00:00,11.4,58,3.3,0.0,16.2,356,25.9,1017.7,98.5,68.2,943.0,44.5,45.7,2.0
2024-10-27 02:00:00,10.8,56,2.4,0.0,15.3,3,24.8,1017.8,44.4,29.3,367.0,41.8,18.3,3.0
2024-10-27 03:00:00,10.5,52,1.0,0.0,16.2,8,24.5,1017.4,26.8,16.3,153.0,38.5,9.0,5.0
2024-10-27 04:00:00,11.0,46,-0.2,0.0,18.1,5,27.7,1017.6,22.8,13.4,191.0,35.3,9.8,6.0
2024-10-27 05:00:00,10.9,44,-0.8,0.0,19.8,1,30.6,1017.8,22.6,13.5,292.0,33.1,13.4,7.0
2024-10-27 06:00:00,10.4,44,-1.3,0.0,18.2,3,30.6,1018.0,25.3,15.9,446.0,32.8,19.3,5.0
2024-10-27 07:00:00,9.6,46,-1.5,0.0,15.5,10,28.1,1018.5,39.3,26.2,665.0,33.4,28.0,2.0
2024-10-27 08:00:00,10.4,46,-0.8,0.0,15.6,15,24.1,1019.2,55.6,36.1,796.0,34.9,28.2,3.0
2024-10-27 09:00:00,12.1,44,0.2,0.0,15.0,13,28.4,1019.5,58.8,39.1,754.0,31.5,25.2,11.0
2024-10-27 10:00:00,13.4,41,0.3,0.0,16.0,23,27.4,1019.4,46.2,29.4,625.0,26.9,21.0,22.0
2024-10-27 11:00:00,14.9,38,0.9,0.0,15.3,20,28.1,1019.3,33.8,19.8,510.0,23.3,17.6,32.0
2024-10-27 12:00:00,16.1,35,0.6,0.0,14.1,13,27.7,1018.4,28.6,16.8,405.0,20.5,15.0,41.0
2024-10-27 13:00:00,17.0,31,-0.1,0.0,12.1,17,25.9,1017.3,25.7,15.4,315.0,18.7,13.3,48.0
2024-10-27 14:00:00,17.4,31,0.2,0.0,9.5,36,23.0,1016.4,24.7,15.0,359.0,21.4,14.6,48.0
2024-10-27 15:00:00,17.1,33,0.6,0.0,8.7,72,19.1,1016.0,25.2,15.6,635.0,32.5,20.1,36.0
2024-10-27 16:00:00,16.3,38,2.1,0.0,8.7,104,16.6,1016.0,29.3,18.7,1044.0,48.0,28.6,16.0
2024-10-27 17:00:00,13.1,50,3.0,0.0,7.0,168,13.7,1015.9,74.7,51.3,1415.0,59.4,38.9,2.0
2024-10-27 18:00:00,11.1,57,2.8,0.0,8.9,223,13.3,1016.1,116.6,81.0,1729.0,62.5,52.9,0.0
2024-10-27 19:00:00,10.1,61,2.8,0.0,8.3,228,13.3,1016.2,123.4,85.7,2005.0,61.5,68.8,0.0
2024-10-27 20:00:00,9.9,59,2.2,0.0,10.2,222,14.8,1016.2,150.4,105.2,2122.0,57.0,88.3,0.0
2024-10-27 21:00:00,9.8,58,2.0,0.0,9.4,220,14.0,1016.0,133.2,92.7,1942.0,56.5,84.5,0.0
2024-10-27 22:00:00,9.2,60,1.9,0.0,9.2,219,14.8,1015.9,121.5,84.5,1603.0,55.5,78.9,0.0
2024-10-27 23:00:00,7.9,67,2.1,0.0,8.0,226,13.7,1015.6,113.6,79.2,1402.0,53.6,72.0,0.0
2024-10-28 00:00:00,6.5,76,2.5,0.0,9.0,241,11.2,1015.5,104.3,72.4,1507.0,49.9,62.4,0.0
2024-10-28 01:00:00,6.3,76,2.5,0.0,6.0,267,10.4,1015.3,99.0,68.9,1750.0,45.2,51.5,0.0
2024-10-28 02:00:00,6.4,76,2.4,0.0,4.0,306,6.8,1015.1,95.0,66.1,1920.0,41.1,43.7,0.0
2024-10-28 03:00:00,5.3,80,2.2,0.0,7.3,337,8.3,1014.4,91.3,63.6,1877.0,38.4,40.4,0.0
2024-10-28 04:00:00,4.8,84,2.3,0.0,7.4,356,9.7,1014.0,88.5,61.5,1761.0,36.2,40.2,0.0
2024-10-28 05:00:00,4.1,88,2.2,0.0,7.8,351,9.7,1014.1,87.8,61.0,1778.0,34.4,43.9,0.0
2024-10-28 06:00:00,3.8,88,2.0,0.0,7.3,344,9.7,1014.0,94.3,65.7,2140.0,31.9,54.6,0.0
2024-10-28 07:00:00,4.3,82,1.5,0.0,6.2,350,9.4,1013.9,131.8,92.0,2635.0,29.7,69.2,0.0
2024-10-28 08:00:00,6.7,71,1.9,0.0,8.8,351,13.7,1014.6,163.0,114.1,2829.0,26.9,73.2,2.0
2024-10-28 09:00:00,9.0,66,3.0,0.0,5.4,340,14.0,1015.2,115.0,80.1,2417.0,31.5,69.7,7.0
2024-10-28 10:00:00,11.5,58,3.6,0.0,4.0,355,13.0,1015.2,71.2,49.2,1704.0,37.9,65.0,14.0
2024-10-28 11:00:00,13.4,53,4.0,0.0,2.7,23,13.0,1014.6,64.0,43.9,1175.0,43.8,62.0,20.0
2024-10-28 12:00:00,14.8,48,3.9,0.0,2.5,98,12.6,1013.7,65.0,44.4,1017.0,48.0,62.4,24.0
2024-10-28 13:00:00,15.9,44,3.7,0.0,5.2,153,14.8,1012.5,66.4,45.2,1044.0,51.6,64.5,26.0
2024-10-28 14:00:00,16.5,45,4.6,0.0,7.7,181,17.3,1011.5,68.9,46.6,1181.0,55.3,65.8,25.0
2024-10-28 15:00:00,16.6,47,5.2,0.0,10.0,200,18.7,1011.2,72.4,48.9,1448.0,60.0,63.9,19.0
2024-10-28 16:00:00,15.9,50,5.4,0.0,10.1,207,19.1,1010.7,75.2,50.8,1826.0,64.9,61.2,10.0
2024-10-28 17:00:00,12.6,67,6.6,0.0,9.0,217,15.5,1010.7,90.6,61.7,2183.0,67.6,62.1,3.0
2024-10-28 18:00:00,10.5,75,6.2,0.0,11.2,208,12.6,1010.9,122.5,84.3,2563.0,66.7,70.4,0.0
2024-10-28 19:00:00,9.9,78,6.2,0.0,9.5,194,12.6,1011.2,139.7,96.4,2923.0,63.8,82.3,0.0
2024-10-28 20:00:00,9.2,82,6.2,0.0,8.8,197,11.9,1011.5,132.7,92.2,2997.0,61.1,95.2,0.0
2024-10-28 21:00:00,9.9,75,5.7,0.0,9.3,204,13.7,1011.3,139.7,96.9,2552.0,59.6,94.8,0.0
2024-10-28 22:00:00,9.7,76,5.7,0.0,9.7,202,14.8,1011.7,137.4,95.0,1821.0,57.5,93.8,0.0
2024-10-28 23:00:00,9.4,79,6.0,0.0,9.2,197,14.8,1011.5,134.1,92.9,1245.0,55.4,90.9,0.0
2024-10-29 00:00:00,9.2,82,6.3,0.0,8.7,201,13.7,1011.3,122.0,84.3,950.0,53.7,84.1,0.0
2024-10-29 01:00:00,8.7,86,6.6,0.0,7.5,207,13.0,1011.1,111.8,77.3,809.0,52.0,75.2,0.0
2024-10-29 02:00:00,7.7,90,6.2,0.0,9.6,221,10.8,1011.0,105.0,72.6,878.0,50.1,68.5,0.0
2024-10-29 03:00:00,7.8,88,5.8,0.0,6.9,253,11.9,1010.8,101.0,69.6,1262.0,47.9,63.8,0.0
2024-10-29 04:00:00,6.4,92,5.2,0.0,5.7,323,7.9,1010.7,98.5,68.0,1857.0,45.6,61.2,0.0
2024-10-29 05:00:00,5.8,93,4.8,0.0,4.4,341,7.2,1010.9,102.2,70.5,2399.0,43.1,65.0,0.0
2024-10-29 06:00:00,5.7,95,4.9,0.0,4.5,337,6.8,1011.2,114.3,79.2,2892.0,39.5,81.6,0.0
2024-10-29 07:00:00,5.4,96,4.8,0.0,4.6,334,7.2,1011.7,156.5,109.0,3333.0,35.7,104.6,0.0
2024-10-29 08:00:00,7.3,89,5.7,0.0,6.5,352,11.9,1012.3,266.4,185.3,3453.0,29.4,128.0,1.0
2024-10-29 09:00:00,9.6,86,7.5,0.0,4.1,15,12.6,1012.9,203.0,140.2,2983.0,34.0,120.9,4.0
2024-10-29 10:00:00,11.8,78,8.1,0.0,4.7,16,13.7,1012.9,165.8,113.4,2192.0,40.5,111.0,8.0
2024-10-29 11:00:00,13.6,70,8.4,0.0,3.8,25,14.4,1012.7,160.7,109.4,1612.0,47.2,103.2,11.0
2024-10-29 12:00:00,15.2,65,8.7,0.0,0.7,76,14.0,1012.3,157.9,107.1,1475.0,54.0,99.1,14.0
2024-10-29 13:00:00,16.6,61,8.9,0.0,3.1,187,12.6,1011.5,157.4,105.9,1549.0,61.1,97.0,18.0
2024-10-29 14:00:00,17.8,57,9.1,0.0,4.8,202,14.0,1010.7,155.1,103.6,1673.0,66.7,96.5,18.0
2024-10-29 15:00:00,18.4,54,8.9,0.0,7.1,201,15.1,1010.7,152.3,101.3,1773.0,70.8,97.5,14.0
2024-10-29 16:00:00,17.6,58,9.3,0.0,9.6,220,16.2,1011.1,157.9,105.9,1922.0,73.5,100.2,6.0
2024-10-29 17:00:00,14.7,72,9.6,0.0,9.1,234,15.1,1011.5,197.0,134.1,2181.0,73.6,104.6,1.0
2024-10-29 18:00:00,12.9,80,9.4,0.0,10.2,231,16.6,1012.0,245.9,168.1,2705.0,69.9,113.8,0.0
2024-10-29 19:00:00,11.9,84,9.4,0.0,8.0,239,15.8,1012.9,269.2,184.9,3338.0,63.6,124.7,0.0
2024-10-29 20:00:00,10.6,86,8.4,0.0,6.9,264,12.2,1013.9,251.5,174.2,3672.0,57.0,139.2,0.0
2024-10-29 21:00:00,10.2,87,8.1,0.0,6.7,286,15.8,1014.9,247.7,171.8,3477.0,52.8,128.7,0.0
2024-10-29 22:00:00,9.3,86,7.1,0.0,6.4,342,9.4,1015.6,237.0,164.8,2983.0,47.1,113.3,0.0
2024-10-29 23:00:00,8.9,91,7.4,0.0,7.1,354,11.5,1016.3,209.1,145.8,2470.0,42.7,95.9,0.0
2024-10-30 00:00:00,8.6,91,7.3,0.0,8.1,5,12.6,1016.7,163.0,113.6,1985.0,41.1,74.8,1.0
2024-10-30 01:00:00,8.6,87,6.5,0.0,9.8,353,14.4,1017.1,120.1,83.8,1481.0,40.8,51.6,1.0
2024-10-30 02:00:00,8.6,78,5.0,0.0,9.2,348,15.5,1017.8,75.9,53.0,1092.0,40.4,34.0,2.0
2024-10-30 03:00:00,8.9,72,4.2,0.0,10.6,4,16.2,1017.9,55.1,38.4,838.0,39.2,24.8,2.0
2024-10-30 04:00:00,8.9,69,3.5,0.0,10.6,358,17.3,1018.1,45.2,31.3,698.0,37.8,21.2,2.0
2024-10-30 05:00:00,7.6,74,3.3,0.0,7.4,1,16.2,1018.8,39.0,26.8,746.0,36.4,22.2,2.0
2024-10-30 06:00:00,7.8,74,3.3,0.0,7.4,6,11.2,1018.9,41.4,28.5,1165.0,34.9,30.3,1.0
2024-10-30 07:00:00,7.4,76,3.5,0.0,6.9,20,11.2,1019.5,69.8,48.2,1771.0,33.4,42.9,0.0
2024-10-30 08:00:00,9.4,69,4.1,0.0,11.3,10,16.9,1020.0,112.7,77.8,2089.0,33.9,52.0,1.0
2024-10-30 09:00:00,11.5,67,5.6,0.0,8.9,19,16.6,1021.0,118.5,81.5,1816.0,33.8,50.6,6.0
2024-10-30 10:00:00,13.1,62,5.9,0.0,7.0,29,17.3,1021.2,81.5,53.7,1255.0,33.9,48.7,13.0
2024-10-30 11:00:00,14.4,60,6.8,0.0,6.7,34,16.9,1020.8,72.4,45.9,839.0,35.0,47.4,18.0
2024-10-30 12:00:00,15.1,59,7.2,0.0,4.2,40,16.9,1020.3,73.3,46.7,700.0,38.2,45.4,18.0
2024-10-30 13:00:00,15.3,59,7.3,0.0,3.1,40,13.0,1019.5,76.8,49.2,706.0,42.5,44.0,16.0
2024-10-30 14:00:00,15.4,59,7.4,0.0,4.0,18,10.1,1019.0,81.5,52.7,899.0,46.0,47.7,13.0
2024-10-30 15:00:00,15.1,61,7.6,0.0,6.3,5,10.4,1018.6,90.8,58.8,1258.0,48.2,57.8,9.0
2024-10-30 16:00:00,14.9,63,7.8,0.0,6.3,357,11.5,1018.4,123.9,82.2,1804.0,49.6,73.1,4.0
2024-10-30 17:00:00,14.1,68,8.2,0.0,4.7,353,9.7,1018.2,185.3,125.7,2637.0,50.2,93.8,0.0
2024-10-30 18:00:00,12.4,76,8.4,0.0,5.0,330,8.3,1018.3,254.3,175.1,4012.0,49.5,125.9,0.0
2024-10-30 19:00:00,12.8,77,8.9,0.1,4.1,315,8.6,1018.5,306.4,211.4,5674.0,48.0,163.6,0.0
2024-10-30 20:00:00,12.0,86,9.7,0.2,3.7,305,6.5,1018.5,315.7,217.0,6965.0,47.0,179.3,0.0
2024-10-30 21:00:00,12.2,88,10.2,0.0,3.4,264,6.1,1018.3,347.4,239.3,7774.0,46.4,194.3,0.0
2024-10-30 22:00:00,11.8,89,10.0,0.0,5.2,236,7.2,1018.2,368.8,254.3,8212.0,45.4,213.6,0.0
2024-10-30 23:00:00,11.9,87,9.9,0.0,1.3,360,5.8,1018.2,388.4,266.4,7949.0,43.9,218.3,0.0
2024-10-31 00:00:00,9.9,93,8.7,0.0,4.2,353,4.7,1017.8,364.1,249.6,6494.0,41.8,194.6,0.0
2024-10-31 01:00:00,10.1,90,8.6,0.0,2.1,308,5.0,1017.6,331.6,227.7,4339.0,39.2,156.3,0.0
2024-10-31 02:00:00,8.6,94,7.7,0.0,4.6,339,6.5,1017.7,295.2,203.0,2627.0,36.6,125.6,0.0
2024-10-31 03:00:00,9.6,92,8.3,0.0,2.4,351,6.5,1017.5,260.8,180.2,1785.0,34.3,110.9,0.0
2024-10-31 04:00:00,9.8,92,8.5,0.0,4.4,341,6.8,1017.4,240.3,166.2,1387.0,32.1,103.8,0.0
2024-10-31 05:00:00,9.6,93,8.6,0.0,3.5,351,7.2,1017.3,230.0,159.3,1301.0,29.8,101.2,0.0
2024-10-31 06:00:00,9.3,95,8.6,0.0,4.7,7,7.2,1017.3,228.2,157.9,1701.0,25.9,103.7,0.0
2024-10-31 07:00:00,9.0,97,8.6,0.0,7.1,9,11.2,1017.5,256.1,177.4,2413.0,21.8,110.6,0.0
2024-10-31 08:00:00,10.1,94,9.3,0.0,7.3,11,13.7,1018.1,325.0,225.4,2782.0,21.1,133.3,0.0
2024-10-31 09:00:00,11.7,95,10.9,0.1,7.2,25,13.0,1018.5,284.1,194.6,2419.0,26.9,129.6,1.0
2024-10-31 10:00:00,12.2,92,11.1,0.0,5.7,18,13.0,1018.6,241.2,162.5,1713.0,35.2,124.7,3.0
2024-10-31 11:00:00,12.4,93,11.2,0.2,6.4,8,11.5,1018.4,205.4,136.9,1183.0,42.7,122.7,4.0
2024-10-31 12:00:00,13.0,90,11.4,0.1,7.6,360,14.8,1018.0,190.9,126.7,1009.0,49.1,125.8,4.0
2024-10-31 13:00:00,13.5,88,11.5,0.1,5.5,17,14.8,1017.0,188.1,124.3,1011.0,54.8,131.8,3.0
2024-10-31 14:00:00,14.1,87,11.9,0.0,3.1,36,11.9,1016.4,192.3,127.1,1165.0,58.1,138.4,2.0
2024-10-31 15:00:00,14.4,86,12.0,0.1,2.4,117,9.4,1016.9,199.3,132.2,1473.0,57.6,144.5,1.0
2024-10-31 16:00:00,14.4,85,11.9,0.1,4.1,180,9.7,1017.2,229.1,154.6,1933.0,54.6,151.2,1.0
2024-10-31 17:00:00,13.2,92,12.1,0.0,4.2,216,8.6,1017.5,285.0,194.2,2515.0,51.9,159.6,0.0
2024-10-31 18:00:00,12.4,95,11.6,0.0,5.9,230,7.2,1017.6,337.1,231.0,3244.0,50.4,172.1,0.0
2024-10-31 19:00:00,11.9,94,11.1,0.0,6.7,236,8.6,1017.9,366.0,251.5,4095.0,49.1,186.4,0.0
2024-10-31 20:00:00,12.8,90,11.2,0.0,4.5,275,7.6,1018.1,334.3,232.8,4967.0,25.2,195.7,0.0
2024-10-31 21:00:00,12.6,94,11.7,0.0,5.9,211,10.4,1018.6,326.9,227.2,6075.0,25.3,192.3,0.0
2024-10-31 22:00:00,12.1,95,11.4,0.0,6.1,225,9.4,1018.9,326.0,227.7,7203.0,25.3,186.7,0.0
2024-10-31 23:00:00,11.7,95,11.0,0.0,6.6,254,10.1,1019.2,327.8,228.6,7609.0,25.0,176.8,0.0
2024-11-01 00:00:00,11.6,97,11.1,0.0,4.9,287,7.2,1018.8,312.0,217.9,6739.0,24.1,159.5,0.0
2024-11-01 01:00:00,9.4,100,9.4,0.0,6.4,322,7.2,1018.8,290.6,203.5,5147.0,22.9,137.9,0.0
2024-11-01 02:00:00,8.7,99,8.6,0.0,6.9,340,9.4,1018.9,266.4,186.3,3745.0,21.9,118.3,0.0
2024-11-01 03:00:00,9.3,99,9.2,0.0,6.2,343,9.4,1018.6,237.5,166.2,2774.0,21.3,102.7,0.0
2024-11-01 04:00:00,9.3,100,9.2,0.0,7.0,342,10.8,1018.6,213.7,149.5,1992.0,21.0,89.1,0.0
2024-11-01 05:00:00,9.4,99,9.2,0.0,6.0,344,11.5,1019.2,178.8,124.8,1594.0,21.3,78.3,0.0
2024-11-01 06:00:00,9.5,99,9.4,0.0,8.6,1,12.6,1018.8,155.1,108.0,1887.0,22.1,71.2,0.0
2024-11-01 07:00:00,9.7,99,9.6,0.0,9.8,353,15.1,1018.8,150.9,105.0,2562.0,23.5,66.9,0.0
2024-11-01 08:00:00,10.4,97,9.9,0.0,10.3,354,16.9,1019.1,150.4,104.5,2887.0,23.1,60.7,2.0
2024-11-01 09:00:00,11.6,95,10.8,0.0,8.4,345,16.9,1020.2,134.6,92.4,2450.0,25.4,57.6,7.0
2024-11-01 10:00:00,13.6,84,10.9,0.0,5.0,360,16.6,1020.2,124.3,83.8,1663.0,29.0,53.6,14.0
2024-11-01 11:00:00,15.4,73,10.5,0.0,3.3,6,14.0,1019.8,109.9,71.7,1031.0,34.7,52.2,19.0
2024-11-01 12:00:00,17.0,65,10.3,0.0,1.7,347,13.0,1018.7,106.2,67.3,719.0,43.8,54.3,22.0
2024-11-01 13:00:00,18.2,61,10.5,0.0,4.8,214,13.7,1017.9,109.4,68.5,562.0,55.0,59.0,23.0
2024-11-01 14:00:00,18.8,61,11.1,0.0,6.6,202,15.5,1017.0,115.3,72.2,575.0,64.9,66.8,22.0
2024-11-01 15:00:00,18.8,62,11.4,0.0,12.3,203,21.6,1017.1,126.2,80.6,873.0,72.9,77.2,16.0
2024-11-01 16:00:00,17.7,71,12.3,0.0,12.0,213,22.0,1017.2,148.1,98.0,1342.0,79.6,90.7,7.0
2024-11-01 17:00:00,16.0,82,12.9,0.0,8.9,214,18.4,1017.2,192.8,130.4,1647.0,83.5,109.3,0.0
2024-11-01 18:00:00,14.2,90,12.7,0.0,8.4,214,13.7,1017.5,247.7,169.5,1597.0,83.4,137.9,0.0
2024-11-01 19:00:00,12.8,94,11.8,0.0,6.8,212,12.6,1017.8,296.2,204.0,1384.0,80.6,171.5,0.0
2024-11-01 20:00:00,11.2,97,10.7,0.0,9.5,216,11.2,1017.8,311.1,213.3,1254.0,73.2,178.7,0.0
2024-11-01 21:00:00,11.8,95,11.0,0.0,6.3,246,10.8,1018.0,339.0,232.8,1347.0,70.8,191.3,0.0
2024-11-01 22:00:00,12.5,95,11.7,0.0,3.2,273,7.2,1017.8,363.2,250.5,1523.0,67.2,207.3,0.0
2024-11-01 23:00:00,10.1,99,9.9,0.0,6.7,336,7.2,1017.7,373.5,258.0,1601.0,63.2,210.2,0.0
2024-11-02 00:00:00,9.7,99,9.6,0.0,6.7,357,9.7,1017.4,346.5,239.3,1468.0,58.8,187.8,0.0
2024-11-02 01:00:00,9.8,100,9.8,0.0,6.7,2,10.4,1017.1,302.7,209.1,1237.0,53.9,152.2,0.0
2024-11-02 02:00:00,9.7,100,9.7,0.0,5.6,2,10.4,1016.9,255.2,177.4,1068.0,49.2,122.7,0.0
2024-11-02 03:00:00,9.6,100,9.6,0.0,3.8,343,8.6,1016.7,223.5,155.1,988.0,44.8,104.8,0.0
2024-11-02 04:00:00,9.7,100,9.6,0.0,2.7,307,5.8,1016.9,203.5,141.1,970.0,40.7,92.9,0.0
2024-11-02 05:00:00,9.4,99,9.2,0.0,2.7,238,5.0,1017.1,187.2,129.9,1087.0,37.0,89.7,0.0
2024-11-02 06:00:00,9.5,97,9.0,0.0,4.8,225,8.6,1017.4,179.3,124.3,1487.0,32.0,100.3,0.0
2024-11-02 07:00:00,9.6,95,8.8,0.0,3.1,225,9.0,1017.7,213.3,148.1,2023.0,27.5,119.5,0.0
2024-11-02 08:00:00,10.4,92,9.1,0.0,2.8,140,7.6,1018.1,258.0,179.3,2327.0,29.3,117.1,1.0
2024-11-02 09:00:00,10.6,93,9.5,0.0,3.9,133,11.2,1019.2,244.9,169.0,2193.0,38.6,120.5,3.0
2024-11-02 10:00:00,11.8,92,10.6,0.0,3.6,143,12.6,1018.5,200.2,135.5,1828.0,52.0,125.2,7.0
2024-11-02 11:00:00,13.7,85,11.2,0.0,1.5,135,12.6,1018.3,204.0,136.4,1487.0,67.0,129.5,10.0
2024-11-02 12:00:00,15.2,79,11.6,0.0,2.8,135,12.2,1017.4,215.1,143.0,1180.0,84.9,134.2,13.0
2024-11-02 13:00:00,16.6,71,11.3,0.0,5.5,171,15.1,1016.3,214.7,141.6,898.0,104.4,138.4,16.0
2024-11-02 14:00:00,17.4,69,11.6,0.0,6.3,167,15.8,1015.5,206.3,134.6,863.0,118.5,138.0,17.0
2024-11-02 15:00:00,17.8,67,11.6,0.0,8.2,170,16.9,1015.0,196.0,127.6,1136.0,123.7,128.1,13.0
2024-11-02 16:00:00,17.5,69,11.8,0.0,9.2,180,16.9,1015.0,183.9,121.1,1656.0,123.4,113.6,7.0
2024-11-02 17:00:00,14.6,85,12.1,0.0,8.1,201,14.8,1014.9,187.2,124.8,2468.0,121.4,104.4,2.0
2024-11-02 18:00:00,13.1,89,11.2,0.0,8.4,223,10.4,1015.1,202.1,136.0,3907.0,118.2,106.4,0.0
2024-11-02 19:00:00,12.7,89,11.0,0.0,7.1,246,9.4,1015.4,208.6,141.1,5637.0,113.2,113.8,0.0
2024-11-02 20:00:00,13.4,88,11.4,0.0,5.9,239,7.9,1015.5,216.5,148.1,6701.0,104.3,129.7,0.0
2024-11-02 21:00:00,10.8,95,10.0,0.0,8.3,219,11.5,1015.7,221.2,151.3,6613.0,101.7,130.7,0.0
2024-11-02 22:00:00,11.2,96,10.7,0.0,5.8,231,9.4,1015.5,218.9,149.9,5859.0,97.9,131.6,0.0
2024-11-02 23:00:00,10.9,99,10.6,0.0,4.3,268,6.5,1015.4,214.7,147.6,4931.0,93.6,129.6,0.0
2024-11-03 00:00:00,9.3,100,9.2,0.0,2.6,321,5.0,1014.8,199.3,137.8,3802.0,88.8,121.7,0.0
2024-11-03 01:00:00,8.4,99,8.3,0.0,3.0,343,3.6,1014.3,193.7,134.1,2500.0,83.5,110.8,0.0
2024-11-03 02:00:00,7.8,99,7.8,0.0,3.2,357,4.7,1013.6,195.1,135.5,1604.0,78.7,102.9,0.0
2024-11-03 03:00:00,8.4,100,8.4,0.0,3.8,3,6.1,1012.9,192.8,134.1,1442.0,74.7,100.5,0.0
2024-11-03 04:00:00,8.4,100,8.4,0.0,7.7,357,13.0,1012.4,189.5,131.8,1686.0,71.2,101.1,0.0
2024-11-03 05:00:00,8.6,100,8.6,0.0,9.2,3,14.4,1012.7,182.1,126.7,1932.0,68.4,103.2,0.0
2024-11-03 06:00:00,9.0,99,8.9,0.0,7.1,9,16.2,1012.9,183.0,127.6,2111.0,66.0,108.5,0.0
2024-11-03 07:00:00,9.1,98,8.8,0.0,4.8,22,11.5,1013.0,223.1,155.5,2292.0,64.3,115.3,0.0
2024-11-03 08:00:00,9.9,97,9.5,0.0,5.4,21,10.8,1013.7,191.4,133.6,2280.0,84.9,102.2,3.0
2024-11-03 09:00:00,11.4,96,10.9,0.0,5.9,337,13.3,1015.0,189.5,131.8,1918.0,85.0,97.1,8.0
2024-11-03 10:00:00,14.1,84,11.4,0.0,5.2,314,14.0,1014.9,171.4,118.7,1363.0,84.3,89.0,14.0
2024-11-03 11:00:00,18.8,44,6.3,0.0,20.8,317,31.3,1015.0,132.2,89.4,892.0,76.9,76.0,25.0
2024-11-03 12:00:00,19.1,27,-0.4,0.0,29.2,321,49.3,1014.6,46.4,27.4,596.0,54.9,52.7,44.0
2024-11-03 13:00:00,19.1,24,-2.0,0.0,30.2,318,49.7,1014.3,17.6,9.7,384.0,26.2,24.4,68.0
2024-11-03 14:00:00,19.1,21,-3.7,0.0,29.3,318,49.3,1014.2,13.1,7.2,260.0,9.4,5.1,79.0
2024-11-03 15:00:00,18.6,19,-5.3,0.0,29.4,319,48.2,1014.5,13.2,7.3,260.0,16.5,2.9,68.0
2024-11-03 16:00:00,17.5,21,-4.8,0.0,25.3,317,46.8,1015.2,17.9,11.1,348.0,35.4,9.7,45.0
2024-11-03 17:00:00,15.9,21,-6.6,0.0,26.0,320,40.3,1016.3,25.8,16.9,421.0,48.3,15.3,29.0
2024-11-03 18:00:00,14.8,21,-7.3,0.0,25.6,323,41.8,1017.5,29.6,19.9,441.0,47.1,15.8,29.0
2024-11-03 19:00:00,13.6,22,-7.8,0.0,23.8,323,40.3,1019.1,25.7,17.3,446.0,39.9,14.9,37.0
2024-11-03 20:00:00,12.6,20,-9.6,0.0,29.7,321,46.4,1020.9,18.3,12.3,446.0,33.4,13.1,43.0
2024-11-03 21:00:00,13.6,19,-9.6,0.0,29.0,317,51.5,1021.7,17.5,10.3,447.0,28.2,11.7,47.0
2024-11-03 22:00:00,12.1,19,-10.6,0.0,28.2,319,45.7,1022.8,24.0,11.1,443.0,21.1,9.7,53.0
2024-11-03 23:00:00,10.4,20,-11.6,0.0,24.9,321,44.6,1023.9,32.8,12.6,428.0,15.4,8.2,57.0
2024-11-04 00:00:00,8.4,23,-11.4,0.0,19.1,337,39.2,1024.4,36.0,13.3,395.0,12.4,7.5,57.0
2024-11-04 01:00:00,6.8,23,-12.9,0.0,21.6,357,33.5,1025.4,38.9,13.7,352.0,10.9,7.2,54.0
2024-11-04 02:00:00,5.9,23,-13.9,0.0,21.3,352,34.2,1026.4,34.7,13.9,314.0,10.5,7.4,51.0
2024-11-04 03:00:00,5.2,24,-13.8,0.0,21.3,335,33.8,1026.4,29.7,14.0,272.0,10.7,7.9,48.0
2024-11-04 04:00:00,5.0,24,-14.1,0.0,23.1,327,36.0,1026.5,25.9,13.5,235.0,12.0,8.8,44.0
2024-11-04 05:00:00,4.7,25,-13.8,0.0,23.7,336,36.7,1026.6,23.1,12.9,250.0,15.1,10.5,39.0
2024-11-04 06:00:00,4.4,26,-13.4,0.0,25.6,340,40.0,1026.7,22.1,13.1,375.0,22.5,14.0,30.0
2024-11-04 07:00:00,4.2,28,-12.9,0.0,24.7,343,40.0,1027.4,28.5,18.3,552.0,31.6,18.2,21.0
2024-11-04 08:00:00,4.8,30,-11.4,0.0,23.3,348,38.9,1028.1,28.2,18.4,648.0,30.7,16.6,23.0
2024-11-04 09:00:00,6.2,30,-9.9,0.0,20.9,357,38.5,1029.2,24.9,15.4,579.0,25.2,14.6,30.0
2024-11-04 10:00:00,7.8,29,-9.0,0.0,20.5,358,35.3,1029.3,18.3,11.4,429.0,17.5,11.9,40.0
2024-11-04 11:00:00,9.2,27,-9.0,0.0,20.9,356,36.7,1028.8,15.1,9.7,316.0,12.2,9.9,48.0
2024-11-04 12:00:00,10.3,25,-9.1,0.0,18.6,357,36.7,1027.9,13.9,9.2,217.0,9.7,8.2,53.0
2024-11-04 13:00:00,10.9,24,-8.9,0.0,13.6,355,33.5,1027.1,13.6,9.1,155.0,9.5,7.2,56.0
2024-11-04 14:00:00,11.3,23,-9.0,0.0,7.9,356,26.3,1026.4,14.3,9.7,319.0,14.0,10.0,53.0
2024-11-04 15:00:00,11.2,23,-9.4,0.0,4.0,32,18.0,1025.8,15.9,10.8,949.0,27.1,18.5,38.0
2024-11-04 16:00:00,10.8,25,-8.8,0.0,4.4,99,11.5,1025.2,19.6,13.4,1805.0,44.9,30.8,17.0
2024-11-04 17:00:00,7.3,41,-4.9,0.0,7.5,191,8.3,1025.1,80.8,56.5,2355.0,57.7,43.6,2.0
2024-11-04 18:00:00,6.8,41,-5.6,0.0,9.6,236,14.4,1025.2,134.1,94.1,2309.0,60.8,58.2,0.0
2024-11-04 19:00:00,6.1,43,-5.4,0.0,7.9,235,14.8,1025.4,133.2,93.4,1958.0,58.9,73.5,0.0
2024-11-04 20:00:00,5.8,46,-4.8,0.0,8.6,217,12.6,1025.4,196.0,137.4,1638.0,52.9,112.5,0.0
2024-11-04 21:00:00,4.6,53,-4.2,0.0,7.8,224,11.5,1025.7,167.2,116.9,1436.0,52.3,101.7,0.0
2024-11-04 22:00:00,3.2,60,-3.8,0.0,7.9,253,11.2,1025.6,139.7,97.8,1267.0,51.5,86.3,0.0
2024-11-04 23:00:00,2.5,66,-3.1,0.0,5.8,272,10.1,1025.5,116.2,81.3,1207.0,50.3,71.4,0.0
2024-11-05 00:00:00,2.0,69,-3.1,0.0,4.6,279,6.8,1025.2,93.4,65.4,1344.0,48.6,57.8,0.0
2024-11-05 01:00:00,1.8,69,-3.2,0.0,4.3,272,5.8,1024.7,77.5,54.2,1591.0,46.6,44.7,0.0
2024-11-05 02:00:00,2.2,65,-3.7,0.0,3.5,282,5.4,1024.4,67.3,47.1,1769.0,44.6,35.0,0.0
2024-11-05 03:00:00,2.7,61,-4.2,0.0,2.7,290,4.3,1024.0,60.1,42.0,1712.0,42.8,29.3,0.0
2024-11-05 04:00:00,2.7,58,-4.8,0.0,2.9,281,3.6,1023.5,54.1,37.8,1585.0,41.1,27.1,1.0
2024-11-05 05:00:00,2.8,56,-5.1,0.0,1.5,291,3.6,1023.2,52.6,36.8,1706.0,39.4,29.5,1.0
2024-11-05 06:00:00,2.6,57,-5.1,0.0,1.3,286,1.8,1023.0,58.7,41.0,2421.0,37.5,40.2,1.0
2024-11-05 07:00:00,2.2,59,-5.1,0.0,1.8,307,2.2,1023.1,92.9,65.0,3384.0,35.7,55.6,0.0
2024-11-05 08:00:00,2.2,61,-4.6,0.0,3.5,336,6.1,1023.8,115.5,80.8,3876.0,39.3,65.2,3.0
2024-11-05 09:00:00,4.8,51,-4.6,0.0,2.9,360,10.1,1024.0,109.9,76.8,3471.0,39.1,62.1,7.0
2024-11-05 10:00:00,6.9,42,-5.2,0.0,2.6,348,11.5,1023.9,74.5,51.9,2596.0,38.6,57.4,13.0
2024-11-05 11:00:00,9.1,36,-5.1,0.0,1.2,117,11.5,1023.4,58.8,39.5,1811.0,37.3,51.2,20.0
2024-11-05 12:00:00,10.9,33,-4.6,0.0,3.4,180,13.0,1022.7,62.2,36.7,1262.0,33.2,41.3,29.0
2024-11-05 13:00:00,12.2,33,-3.6,0.0,7.2,193,17.6,1021.4,55.4,26.1,804.0,28.2,30.0,38.0
2024-11-05 14:00:00,13.1,32,-3.1,0.0,8.9,194,19.1,1020.9,46.7,20.9,558.0,28.0,24.0,40.0
2024-11-05 15:00:00,13.4,32,-2.8,0.0,9.7,199,19.1,1020.6,37.4,18.1,631.0,37.5,26.7,30.0
2024-11-05 16:00:00,12.6,37,-1.6,0.0,11.1,200,18.4,1020.6,39.0,22.8,918.0,51.7,34.7,14.0
2024-11-05 17:00:00,9.9,46,-1.1,0.0,12.7,213,19.8,1020.8,92.2,62.2,1222.0,61.3,45.0,2.0
2024-11-05 18:00:00,8.6,51,-0.9,0.0,12.5,224,19.8,1021.2,154.6,106.6,1460.0,61.5,59.3,0.0
2024-11-05 19:00:00,7.4,57,-0.6,0.0,9.3,236,19.1,1021.4,160.7,111.1,1715.0,57.1,76.0,0.0
2024-11-05 20:00:00,5.1,68,-0.3,0.0,7.0,269,14.0,1022.1,195.6,136.9,2047.0,52.4,105.0,0.0
2024-11-05 21:00:00,5.7,63,-0.8,0.0,7.9,286,13.7,1022.5,189.1,132.2,2636.0,51.3,98.5,0.0
2024-11-05 22:00:00,4.8,66,-1.0,0.0,6.3,333,10.1,1023.0,177.4,123.9,3302.0,49.8,89.1,0.0
2024-11-05 23:00:00,4.3,68,-1.0,0.0,9.2,358,14.0,1023.7,165.8,116.2,3559.0,48.1,78.3,0.0
2024-11-06 00:00:00,4.4,66,-1.3,0.0,9.5,1,14.4,1023.7,146.2,102.4,3050.0,46.4,65.1,0.0
2024-11-06 01:00:00,3.8,65,-2.2,0.0,9.1,353,14.8,1023.6,130.9,91.5,2133.0,44.6,50.5,1.0
2024-11-06 02:00:00,3.4,61,-3.5,0.0,10.0,347,15.1,1023.7,116.4,81.7,1397.0,43.0,39.4,1.0
2024-11-06 03:00:00,3.2,57,-4.6,0.0,10.6,356,16.2,1023.5,102.0,71.5,1033.0,41.8,32.6,1.0
2024-11-06 04:00:00,2.8,56,-5.0,0.0,10.4,360,16.6,1023.4,87.8,61.7,850.0,40.9,29.2,2.0
2024-11-06 05:00:00,2.0,60,-4.9,0.0,9.5,2,16.2,1023.9,77.5,54.4,866.0,40.0,31.4,2.0
2024-11-06 06:00:00,1.7,62,-4.9,0.0,10.3,13,15.8,1024.3,75.7,53.0,1240.0,38.8,43.9,2.0
2024-11-06 07:00:00,1.4,65,-4.6,0.0,9.3,19,15.8,1024.9,107.6,75.2,1813.0,37.6,62.0,2.0
2024-11-06 08:00:00,2.8,60,-4.1,0.0,11.3,13,16.9,1025.5,141.6,99.0,2126.0,42.1,67.2,3.0
2024-11-06 09:00:00,5.1,56,-2.8,0.0,8.4,20,18.4,1026.3,116.2,81.3,1907.0,41.3,62.4,8.0
2024-11-06 10:00:00,7.2,51,-2.5,0.0,6.8,27,16.9,1026.2,78.0,53.7,1428.0,40.2,55.7,16.0
2024-11-06 11:00:00,8.9,48,-1.5,0.0,6.3,35,16.9,1025.8,66.1,44.4,1049.0,40.4,51.3,21.0
2024-11-06 12:00:00,10.4,46,-0.8,0.0,6.2,46,16.9,1025.0,63.8,42.4,855.0,42.3,50.0,23.0
2024-11-06 13:00:00,11.6,44,-0.2,0.0,5.4,60,16.9,1023.9,62.4,41.2,761.0,45.4,50.9,24.0
2024-11-06 14:00:00,12.4,43,0.2,0.0,4.5,90,15.8,1023.1,63.3,41.8,871.0,49.4,54.9,22.0
2024-11-06 15:00:00,12.8,43,0.5,0.0,5.0,139,13.7,1022.7,69.2,45.8,1189.0,55.3,61.0,16.0
2024-11-06 16:00:00,12.4,47,1.5,0.0,4.7,162,12.2,1022.5,80.3,53.9,1712.0,62.0,70.1,7.0
2024-11-06 17:00:00,9.4,60,2.0,0.0,8.5,175,9.7,1022.4,124.8,85.4,2533.0,66.4,85.9,1.0
2024-11-06 18:00:00,7.9,68,2.4,0.0,8.3,191,9.7,1022.2,189.5,130.9,3904.0,66.4,114.2,0.0
2024-11-06 19:00:00,7.2,72,2.5,0.0,7.6,227,9.4,1022.2,241.2,167.2,5574.0,64.1,149.1,0.0
2024-11-06 20:00:00,6.3,74,2.0,0.0,6.2,277,8.6,1022.3,262.6,182.5,6885.0,50.2,174.7,0.0
2024-11-06 21:00:00,8.1,64,1.5,0.0,6.9,245,9.0,1022.2,290.6,202.1,7769.0,49.3,186.6,0.0
2024-11-06 22:00:00,8.1,62,1.3,0.0,4.5,270,7.9,1022.4,313.9,218.9,8293.0,47.9,202.1,0.0
2024-11-06 23:00:00,7.7,63,1.2,0.0,2.2,5,5.0,1022.3,323.2,225.4,8002.0,46.6,206.6,0.0
2024-11-07 00:00:00,4.2,82,1.4,0.0,6.2,12,7.9,1022.0,302.7,211.4,6251.0,45.2,190.6,0.0
2024-11-07 01:00:00,3.9,84,1.5,0.0,6.2,7,9.4,1021.8,272.9,190.5,3684.0,43.9,163.7,0.0
2024-11-07 02:00:00,3.2,87,1.3,0.0,7.0,357,11.2,1021.7,247.7,172.8,1775.0,42.8,139.3,0.0
2024-11-07 03:00:00,2.8,89,1.1,0.0,7.6,356,11.5,1021.4,221.7,154.6,1168.0,42.3,120.7,0.0
2024-11-07 04:00:00,2.8,88,1.0,0.0,7.4,359,11.9,1021.2,196.5,136.9,1218.0,42.2,104.8,0.0
2024-11-07 05:00:00,2.9,86,0.8,0.0,7.0,3,11.2,1021.2,176.0,122.5,1465.0,42.0,95.6,0.0
2024-11-07 06:00:00,3.1,84,0.6,0.0,7.4,6,11.2,1021.4,163.9,114.3,1931.0,41.0,97.9,0.0
2024-11-07 07:00:00,3.0,84,0.6,0.0,7.6,8,11.5,1021.7,188.6,131.3,2593.0,39.9,107.0,0.0
2024-11-07 08:00:00,4.4,77,0.8,0.0,10.1,12,15.8,1022.2,217.9,152.3,2931.0,50.6,107.3,1.0
2024-11-07 09:00:00,6.2,72,1.6,0.0,7.6,25,15.8,1023.0,199.3,138.8,2614.0,54.7,101.9,5.0
2024-11-07 10:00:00,8.6,64,2.2,0.0,8.2,29,18.0,1022.7,148.5,102.7,1972.0,60.6,94.7,11.0
2024-11-07 11:00:00,10.4,58,2.5,0.0,8.6,31,19.8,1022.2,125.3,85.4,1470.0,66.7,90.5,15.0
2024-11-07 12:00:00,11.9,53,2.7,0.0,7.7,41,19.8,1021.6,116.9,79.2,1232.0,73.1,91.2,16.0
2024-11-07 13:00:00,12.9,51,2.8,0.0,5.6,59,18.7,1020.7,121.1,82.0,1133.0,79.6,95.0,16.0
2024-11-07 14:00:00,13.4,50,3.0,0.0,4.1,90,15.8,1020.1,129.0,87.5,1269.0,84.2,101.1,14.0
2024-11-07 15:00:00,13.6,49,3.2,0.0,3.6,120,13.3,1019.9,137.4,93.6,1647.0,85.8,107.3,10.0
2024-11-07 16:00:00,13.3,52,3.8,0.0,3.2,146,10.4,1019.9,158.3,108.7,2259.0,85.4,115.7,4.0
2024-11-07 17:00:00,11.6,59,3.9,0.0,6.0,170,6.8,1019.9,221.2,152.7,3178.0,84.0,132.5,0.0
2024-11-07 18:00:00,11.6,59,4.0,0.0,6.0,173,7.2,1020.3,290.6,201.6,4713.0,81.5,166.7,0.0
2024-11-07 19:00:00,10.8,64,4.2,0.0,3.3,257,6.8,1020.8,350.2,243.1,6554.0,77.9,209.2,0.0
2024-11-07 20:00:00,7.6,77,3.9,0.0,4.9,327,5.4,1021.0,404.2,281.3,7848.0,48.8,228.2,0.0
2024-11-07 21:00:00,6.8,81,3.8,0.0,5.4,346,6.1,1021.4,418.2,290.6,8303.0,47.9,228.9,0.0
2024-11-07 22:00:00,6.3,83,3.8,0.0,6.3,5,8.6,1021.4,416.3,289.6,8211.0,46.5,228.7,0.0
2024-11-07 23:00:00,5.7,88,3.8,0.0,5.8,4,8.6,1021.7,389.3,271.0,7589.0,45.3,219.7,0.0
2024-11-08 00:00:00,5.1,90,3.5,0.0,5.4,360,8.6,1021.4,339.0,235.6,6109.0,44.3,194.8,0.0
2024-11-08 01:00:00,4.8,90,3.4,0.0,6.3,358,9.7,1021.1,292.4,203.5,4099.0,43.5,161.1,0.0
2024-11-08 02:00:00,4.8,91,3.3,0.0,7.4,4,11.2,1020.9,252.4,175.6,2563.0,42.9,132.0,0.0
2024-11-08 03:00:00,4.8,90,3.3,0.0,7.1,354,11.5,1020.4,213.7,149.0,1911.0,42.7,110.9,0.0
2024-11-08 04:00:00,4.9,88,3.2,0.0,7.6,357,11.9,1020.4,184.4,128.5,1733.0,42.7,94.5,0.0
2024-11-08 05:00:00,4.8,88,3.0,0.0,7.3,7,11.9,1020.4,165.3,115.0,1800.0,42.7,86.0,0.0
2024-11-08 06:00:00,4.6,89,3.0,0.0,6.5,8,11.2,1020.4,158.3,110.1,2240.0,42.2,90.6,0.0
2024-11-08 07:00:00,4.6,89,2.8,0.0,7.1,7,10.8,1020.4,187.7,130.9,2926.0,41.6,103.2,0.0
2024-11-08 08:00:00,5.9,82,3.0,0.0,10.0,8,15.5,1020.9,234.7,163.9,3246.0,53.3,111.0,1.0
2024-11-08 09:00:00,7.7,76,3.8,0.0,6.8,22,14.4,1021.8,228.6,159.3,2810.0,56.6,109.1,4.0
2024-11-08 10:00:00,9.3,72,4.6,0.0,7.7,24,16.6,1021.7,200.7,138.8,2009.0,61.1,106.3,7.0
2024-11-08 11:00:00,10.9,67,5.2,0.0,7.2,35,17.6,1021.4,178.3,122.0,1406.0,64.8,103.7,10.0
2024-11-08 12:00:00,12.4,63,5.6,0.0,5.9,63,17.6,1020.5,167.2,113.6,1232.0,66.7,100.5,12.0
2024-11-08 13:00:00,13.4,60,5.8,0.0,5.2,104,16.6,1019.5,161.1,109.4,1256.0,67.8,97.5,13.0
2024-11-08 14:00:00,14.2,57,5.9,0.0,5.2,136,15.5,1018.8,157.9,107.1,1354.0,68.9,97.4,13.0
2024-11-08 15:00:00,14.5,57,6.0,0.0,6.1,146,14.4,1018.4,156.5,106.4,1370.0,70.6,99.3,9.0
2024-11-08 16:00:00,14.2,59,6.2,0.0,6.4,153,13.7,1018.4,165.3,112.7,1458.0,72.2,104.1,4.0
2024-11-08 17:00:00,11.3,73,6.7,0.0,8.6,154,10.1,1018.6,213.7,146.7,1959.0,72.9,118.1,0.0
2024-11-08 18:00:00,10.4,78,6.7,0.0,7.9,167,9.7,1019.2,271.9,187.7,3192.0,72.0,149.6,0.0
2024-11-08 19:00:00,11.3,74,6.8,0.0,4.6,231,9.0,1019.5,324.1,224.0,4837.0,70.1,190.2,0.0
2024-11-08 20:00:00,8.8,85,6.3,0.0,4.8,304,5.8,1019.7,359.5,248.7,6273.0,58.6,202.6,0.0
2024-11-08 21:00:00,8.8,81,5.7,0.0,4.0,291,5.8,1019.9,390.2,270.1,7425.0,57.6,216.7,0.0
2024-11-08 22:00:00,8.4,81,5.3,0.0,3.1,329,4.7,1020.0,409.8,284.1,8368.0,56.2,234.9,0.0
2024-11-08 23:00:00,6.9,88,5.0,0.0,4.5,23,5.4,1019.6,408.9,283.1,8699.0,54.5,238.8,0.0
2024-11-09 00:00:00,6.1,93,5.1,0.0,4.5,37,7.2,1019.5,373.5,258.9,7983.0,52.5,216.3,0.0
2024-11-09 01:00:00,5.6,96,5.1,0.0,5.4,8,8.6,1019.2,328.8,227.7,6655.0,50.2,179.6,0.0
2024-11-09 02:00:00,5.2,98,4.9,0.0,7.7,359,12.2,1019.0,285.9,197.9,5622.0,48.4,147.0,0.0
2024-11-09 03:00:00,4.8,99,4.8,0.0,8.0,5,12.6,1018.6,247.7,172.3,5280.0,47.3,122.8,0.0
2024-11-09 04:00:00,4.8,99,4.7,0.0,7.7,359,12.6,1018.6,217.0,151.3,5232.0,46.6,102.8,0.0
2024-11-09 05:00:00,4.8,99,4.6,0.0,6.1,355,12.2,1018.6,193.2,134.6,5197.0,46.6,92.8,0.0
2024-11-09 06:00:00,4.7,98,4.4,0.0,5.9,360,9.7,1018.6,183.0,127.6,5152.0,47.3,100.3,0.0
2024-11-09 07:00:00,4.7,99,4.4,0.0,6.0,3,9.4,1018.9,210.5,146.7,5120.0,48.7,117.8,0.0
2024-11-09 08:00:00,6.0,96,5.4,0.0,8.3,11,13.0,1019.5,281.3,196.5,4880.0,34.6,146.3,1.0
2024-11-09 09:00:00,7.7,92,6.4,0.0,5.0,21,13.0,1020.1,236.6,164.4,4280.0,37.1,137.7,4.0
2024-11-09 10:00:00,10.1,82,7.1,0.0,3.9,34,12.6,1019.9,223.1,153.7,3473.0,41.1,125.9,7.0
2024-11-09 11:00:00,12.2,72,7.3,0.0,3.1,62,13.3,1019.4,206.3,140.2,2698.0,47.4,117.6,10.0
2024-11-09 12:00:00,14.1,64,7.4,0.0,4.8,149,14.4,1018.5,200.7,136.0,1949.0,58.1,116.4,12.0
2024-11-09 13:00:00,15.4,59,7.4,0.0,9.4,179,19.8,1017.5,191.4,129.5,1233.0,71.2,118.8,13.0
2024-11-09 14:00:00,16.3,55,7.2,0.0,12.6,191,23.8,1016.5,179.7,121.5,801.0,81.1,120.6,12.0
2024-11-09 15:00:00,16.1,55,7.2,0.0,14.0,187,25.2,1015.7,168.6,114.1,817.0,85.6,117.5,9.0
2024-11-09 16:00:00,15.4,59,7.4,0.0,12.1,185,24.5,1015.5,166.2,112.7,1118.0,87.0,113.9,4.0
2024-11-09 17:00:00,13.0,70,7.7,0.0,7.4,183,18.7,1015.7,200.7,137.4,1472.0,86.4,118.7,1.0
2024-11-09 18:00:00,11.4,79,7.8,0.0,7.6,188,11.2,1016.0,255.2,175.1,1857.0,83.6,139.7,0.0
2024-11-09 19:00:00,10.4,84,7.8,0.0,7.6,192,11.2,1016.1,292.4,201.6,2296.0,78.8,169.1,0.0
2024-11-09 20:00:00,9.6,88,7.7,0.0,7.4,202,11.2,1016.3,299.0,205.8,2617.0,64.5,181.1,0.0
2024-11-09 21:00:00,9.4,89,7.7,0.0,7.6,202,11.2,1016.8,307.3,211.9,2711.0,62.7,190.3,0.0
2024-11-09 22:00:00,8.9,91,7.5,0.0,7.1,204,11.9,1016.5,320.4,221.2,2688.0,60.2,202.0,0.0
2024-11-09 23:00:00,8.4,91,6.9,0.0,8.3,210,11.2,1016.4,335.3,231.4,2711.0,57.3,204.1,0.0
2024-11-10 00:00:00,8.7,89,7.1,0.0,4.1,293,9.0,1016.0,322.2,223.1,2884.0,54.0,189.3,0.0
2024-11-10 01:00:00,7.7,92,6.5,0.0,4.0,324,5.0,1015.7,300.8,208.6,3102.0,50.4,164.9,0.0
2024-11-10 02:00:00,7.4,94,6.6,0.0,9.1,342,13.7,1015.8,280.3,194.6,3216.0,47.4,141.0,0.0
2024-11-10 03:00:00,6.8,96,6.3,0.0,6.0,5,14.0,1015.6,257.0,179.3,3109.0,45.6,118.5,0.0
2024-11-10 04:00:00,7.4,95,6.7,0.0,7.8,356,13.0,1016.0,228.2,159.3,2898.0,44.6,96.4,0.0
2024-11-10 05:00:00,8.1,92,6.9,0.0,5.1,354,11.9,1016.1,201.2,139.7,2782.0,43.5,81.9,0.0
2024-11-10 06:00:00,8.4,90,6.9,0.0,8.1,355,11.9,1016.3,183.9,127.6,2945.0,41.9,81.3,0.0
2024-11-10 07:00:00,8.3,90,6.8,0.0,9.2,353,14.4,1016.9,189.1,131.3,3203.0,40.3,88.4,0.0
2024-11-10 08:00:00,9.1,86,6.8,0.0,10.9,348,16.2,1017.7,201.2,140.2,3202.0,40.9,92.1,1.0
2024-11-10 09:00:00,11.6,82,8.6,0.0,9.4,343,16.9,1019.0,196.0,136.4,2696.0,44.4,86.9,5.0
2024-11-10 10:00:00,12.6,78,8.8,0.0,6.7,355,16.2,1019.0,165.3,114.3,1931.0,48.8,79.0,10.0
2024-11-10 11:00:00,14.4,70,9.1,0.0,5.9,14,14.4,1019.1,136.9,93.1,1295.0,49.6,68.1,18.0
2024-11-10 12:00:00,16.6,59,8.6,0.0,7.1,24,16.9,1018.3,96.9,65.2,857.0,41.6,49.5,32.0
2024-11-10 13:00:00,17.9,50,7.4,0.0,8.0,20,18.0,1017.6,48.8,32.8,549.0,29.9,27.8,49.0
2024-11-10 14:00:00,18.5,43,5.6,0.0,11.3,48,20.9,1017.2,33.6,23.1,549.0,25.4,16.9,55.0
2024-11-10 15:00:00,18.3,40,4.4,0.0,12.6,65,23.0,1017.5,30.6,21.1,1024.0,35.6,23.3,42.0
2024-11-10 16:00:00,17.0,48,6.0,0.0,5.8,94,21.2,1018.0,53.0,36.8,1808.0,52.9,40.5,18.0
2024-11-10 17:00:00,13.6,63,6.6,0.0,8.7,132,11.5,1018.6,116.6,81.3,2584.0,65.7,62.6,1.0
2024-11-10 18:00:00,11.1,75,6.8,0.0,11.2,135,12.6,1019.1,173.7,120.6,3312.0,68.5,91.4,0.0
2024-11-10 19:00:00,13.1,65,6.7,0.0,6.4,144,12.2,1019.7,212.8,147.6,4032.0,66.7,125.1,0.0
2024-11-10 20:00:00,12.6,68,6.8,0.0,6.0,190,6.8,1020.3,239.3,165.8,4552.0,60.8,147.9,0.0
2024-11-10 21:00:00,8.8,88,6.9,0.0,10.7,168,13.0,1020.3,252.4,174.6,4858.0,59.8,159.1,0.0
2024-11-10 22:00:00,9.1,87,7.2,0.0,8.5,181,11.9,1020.5,269.2,185.8,4962.0,58.3,173.9,0.0
2024-11-10 23:00:00,10.1,85,7.7,0.0,5.9,130,9.4,1020.4,278.5,192.3,4712.0,56.7,181.1,0.0
2024-11-11 00:00:00,6.9,95,6.2,0.0,7.3,79,8.3,1020.3,270.1,186.3,3839.0,55.0,173.4,0.0
2024-11-11 01:00:00,6.5,98,6.2,0.0,6.3,55,9.0,1020.5,257.0,177.0,2612.0,53.2,158.0,0.0
2024-11-11 02:00:00,5.7,99,5.4,0.0,8.9,48,10.1,1020.2,244.9,168.1,1676.0,51.6,145.0,0.0
2024-11-11 03:00:00,6.4,97,5.9,0.0,5.9,31,10.4,1019.8,233.8,160.7,1266.0,50.4,136.4,0.0
2024-11-11 04:00:00,5.4,98,5.1,0.0,4.9,4,6.8,1019.7,222.6,152.7,1148.0,49.5,130.1,0.0
2024-11-11 05:00:00,6.0,97,5.6,0.2,3.6,6,6.1,1019.6,211.9,145.8,1268.0,48.4,130.5,0.0
2024-11-11 06:00:00,6.5,97,6.0,0.1,2.9,7,6.5,1019.0,210.5,144.4,1794.0,46.8,145.0,0.0
2024-11-11 07:00:00,7.4,94,6.5,0.0,3.8,357,7.9,1018.9,243.1,167.6,2558.0,45.1,166.1,0.0
2024-11-11 08:00:00,8.0,90,6.5,0.0,5.5,17,9.7,1018.8,247.7,170.0,3007.0,47.9,144.4,0.0
2024-11-11 09:00:00,9.1,89,7.4,0.1,4.8,349,10.8,1019.3,234.7,160.2,2812.0,45.2,130.8,1.0
2024-11-11 10:00:00,9.8,86,7.5,0.0,2.3,67,10.8,1018.7,177.9,119.2,2303.0,41.5,112.2,1.0
2024-11-11 11:00:00,10.9,82,8.0,0.0,0.8,27,10.1,1017.9,153.2,101.0,1913.0,39.1,98.5,2.0
2024-11-11 12:00:00,11.9,79,8.4,0.0,1.9,214,9.7,1016.9,146.2,94.8,1771.0,39.0,93.7,3.0
2024-11-11 13:00:00,12.9,76,8.9,0.0,2.7,250,11.2,1015.6,138.8,89.4,1749.0,40.1,93.9,3.0
2024-11-11 14:00:00,13.3,76,9.2,0.0,1.7,122,10.8,1014.5,133.6,85.7,1896.0,41.6,97.8,3.0
2024-11-11 15:00:00,13.9,75,9.6,0.0,3.7,223,10.4,1013.9,133.6,86.1,2200.0,43.7,102.4,2.0
2024-11-11 16:00:00,13.6,77,9.7,0.0,5.1,266,10.4,1013.7,139.2,90.3,2673.0,46.1,110.7,1.0
2024-11-11 17:00:00,12.7,82,9.7,0.0,3.2,326,9.7,1013.5,196.0,130.9,3400.0,47.6,130.1,0.0
2024-11-11 18:00:00,10.4,92,9.1,0.0,4.5,23,6.5,1013.8,274.7,186.3,4763.0,47.3,172.5,0.0
2024-11-11 19:00:00,9.1,96,8.5,0.0,5.7,18,8.3,1014.2,341.8,233.3,6380.0,46.1,226.0,0.0
2024-11-11 20:00:00,8.6,97,8.1,0.0,6.9,354,10.1,1014.6,401.4,275.7,7187.0,19.0,247.3,0.0
2024-11-11 21:00:00,7.6,100,7.5,0.0,5.9,358,9.7,1015.1,421.9,291.5,6491.0,18.9,255.7,0.0
2024-11-11 22:00:00,7.2,100,7.1,0.0,6.9,6,10.8,1015.9,446.1,309.2,4984.0,18.8,265.9,0.0
2024-11-11 23:00:00,6.8,100,6.8,0.0,6.6,13,10.4,1016.1,434.0,301.7,3684.0,19.1,262.6,0.0
2024-11-12 00:00:00,7.1,100,7.1,0.0,7.8,9,11.9,1016.4,373.5,259.8,2965.0,20.1,234.3,0.0
2024-11-12 01:00:00,7.1,100,7.1,0.0,7.6,8,11.9,1016.4,313.9,217.9,2453.0,21.5,192.6,0.0
2024-11-12 02:00:00,7.3,100,7.3,0.0,7.7,357,12.2,1016.7,276.6,191.9,2036.0,23.1,157.1,0.0
2024-11-12 03:00:00,7.2,100,7.2,0.0,7.2,347,11.9,1016.6,246.8,171.4,1655.0,25.1,133.9,0.0
2024-11-12 04:00:00,6.8,100,6.8,0.0,6.9,346,11.2,1016.8,217.9,151.3,1369.0,27.2,116.9,0.0
2024-11-12 05:00:00,6.6,99,6.5,0.0,7.1,354,10.8,1016.9,191.9,133.2,1248.0,29.0,107.8,0.0
2024-11-12 06:00:00,6.6,99,6.4,0.0,7.4,4,11.9,1017.0,178.3,123.4,1409.0,29.7,112.7,0.0
2024-11-12 07:00:00,6.5,99,6.3,0.0,7.1,15,11.9,1017.6,202.1,139.7,1735.0,30.1,125.5,0.0
2024-11-12 08:00:00,6.7,98,6.3,0.0,9.8,20,15.1,1018.4,230.5,160.2,1944.0,29.6,116.1,2.0
2024-11-12 09:00:00,7.9,90,6.4,0.0,8.5,17,17.3,1019.3,197.9,134.6,1902.0,32.5,100.7,7.0
2024-11-12 10:00:00,10.2,73,5.7,0.0,8.6,16,18.4,1019.4,164.4,104.5,1742.0,36.5,79.4,14.0
2024-11-12 11:00:00,12.5,59,4.8,0.0,9.3,18,20.2,1019.1,148.5,86.1,1583.0,40.2,63.8,19.0
2024-11-12 12:00:00,14.3,54,5.0,0.0,8.1,32,20.5,1018.1,131.8,73.6,1397.0,42.7,58.7,20.0
2024-11-12 13:00:00,15.4,55,6.2,0.0,6.4,80,18.7,1017.1,117.3,66.8,1211.0,44.8,59.2,19.0
2024-11-12 14:00:00,15.9,53,6.2,0.0,6.1,113,16.2,1016.3,111.3,66.6,1229.0,47.1,62.5,17.0
2024-11-12 15:00:00,15.9,53,6.2,0.0,6.4,137,15.1,1015.8,100.4,62.6,1536.0,50.3,65.9,12.0
2024-11-12 16:00:00,15.1,57,6.8,0.0,5.7,145,13.3,1015.7,105.7,69.6,2046.0,53.7,72.2,5.0
2024-11-12 17:00:00,11.6,73,6.9,0.0,9.4,154,10.4,1016.0,147.6,100.1,2708.0,55.6,86.2,0.0
2024-11-12 18:00:00,10.5,80,7.2,0.0,8.3,186,10.8,1016.1,205.8,141.6,3566.0,54.7,115.2,0.0
2024-11-12 19:00:00,9.6,87,7.4,0.0,8.7,225,10.4,1016.6,250.5,172.3,4576.0,52.3,152.0,0.0
2024-11-12 20:00:00,9.5,87,7.4,0.0,6.8,248,10.4,1016.7,281.3,257.0,5550.0,63.5,191.0,0.0
2024-11-12 21:00:00,12.2,76,8.1,0.0,4.5,217,9.4,1016.9,283.1,259.8,6667.0,63.0,201.5,0.0
2024-11-12 22:00:00,11.6,82,8.7,0.0,2.3,184,7.9,1016.7,290.6,270.1,7748.0,62.2,214.7,0.0
2024-11-12 23:00:00,11.6,81,8.5,0.0,2.8,130,4.0,1016.6,280.3,261.7,8065.0,61.4,215.8,0.0
2024-11-13 00:00:00,11.1,86,8.9,0.0,2.5,86,6.5,1016.0,244.0,228.6,7033.0,60.6,193.9,0.0
2024-11-13 01:00:00,10.6,89,8.8,0.0,3.1,28,4.7,1015.7,217.9,205.8,5236.0,59.8,159.8,0.0
2024-11-13 02:00:00,10.4,88,8.6,0.0,4.0,355,7.6,1015.6,204.9,195.1,3699.0,58.9,131.1,0.0
2024-11-13 03:00:00,10.1,89,8.4,0.0,3.8,343,10.4,1015.3,191.9,183.9,2749.0,57.7,113.7,0.0
2024-11-13 04:00:00,9.5,92,8.2,1.0,2.8,342,8.6,1015.2,180.2,173.2,2059.0,56.5,101.8,0.0
2024-11-13 05:00:00,9.2,94,8.2,0.3,5.6,345,12.2,1015.3,168.6,161.1,1670.0,55.6,95.3,0.0
2024-11-13 06:00:00,9.1,96,8.6,0.5,4.9,6,13.0,1015.2,165.3,156.9,1718.0,55.2,96.2,0.0
2024-11-13 07:00:00,9.2,97,8.7,0.3,4.8,11,10.4,1015.3,165.8,156.5,2067.0,55.2,102.5,0.0
2024-11-13 08:00:00,9.4,95,8.6,0.2,6.0,5,12.6,1015.8,178.3,169.5,2348.0,66.4,108.6,0.0
2024-11-13 09:00:00,9.6,95,8.8,0.7,5.2,360,11.9,1016.5,201.2,192.3,2426.0,65.8,112.1,0.0
2024-11-13 10:00:00,9.5,94,8.6,1.1,6.2,21,13.7,1016.6,195.1,185.8,2437.0,65.1,116.8,0.0
2024-11-13 11:00:00,9.8,93,8.6,0.4,5.4,21,14.0,1016.3,183.0,172.8,2418.0,65.2,119.5,0.0
2024-11-13 12:00:00,9.9,91,8.6,0.2,6.7,6,16.2,1015.8,177.0,166.2,2318.0,66.8,117.7,1.0
2024-11-13 13:00:00,9.9,92,8.6,0.4,5.3,10,16.2,1014.6,169.0,157.9,2188.0,69.2,113.9,2.0
2024-11-13 14:00:00,10.2,91,8.8,0.2,4.3,22,13.0,1014.1,149.9,140.2,2224.0,70.8,112.2,2.0
2024-11-13 15:00:00,10.2,92,9.0,0.0,3.2,27,11.2,1013.6,133.6,125.3,2569.0,71.0,113.4,2.0
2024-11-13 16:00:00,10.3,93,9.2,0.2,4.4,341,10.1,1013.6,133.6,125.7,3080.0,70.4,116.8,1.0
2024-11-13 17:00:00,10.2,94,9.2,0.3,4.0,352,10.4,1013.4,168.1,160.2,3521.0,69.6,124.2,0.0
2024-11-13 18:00:00,10.1,94,9.2,0.1,3.8,349,8.6,1013.5,203.5,194.6,3831.0,68.8,138.3,0.0
2024-11-13 19:00:00,10.1,95,9.2,0.0,3.7,346,7.9,1013.6,227.7,219.8,4072.0,67.7,156.5,0.0
2024-11-13 20:00:00,10.1,95,9.2,0.0,3.8,341,7.6,1013.6,282.2,274.7,4195.0,65.9,205.2,0.0
2024-11-13 21:00:00,9.8,97,9.4,0.9,4.0,357,7.6,1013.8,306.4,299.9,4160.0,65.4,216.1,0.0
2024-11-13 22:00:00,9.9,97,9.4,0.4,4.7,356,9.0,1013.8,308.3,302.7,4008.0,64.5,230.2,0.0
2024-11-13 23:00:00,9.9,96,9.3,1.1,2.9,7,10.1,1013.5,304.5,299.0,3808.0,63.4,234.0,0.0
2024-11-14 00:00:00,9.9,96,9.2,1.5,1.0,338,4.7,1013.2,295.2,289.6,3564.0,61.8,220.0,0.0
2024-11-14 01:00:00,9.9,96,9.3,1.7,3.9,332,7.9,1012.5,275.7,270.1,3272.0,59.8,195.7,0.0
2024-11-14 02:00:00,9.9,96,9.4,0.5,2.7,356,7.6,1012.1,246.8,241.2,2995.0,58.0,170.4,0.0
2024-11-14 03:00:00,9.4,97,8.9,0.0,3.4,6,5.4,1011.8,217.5,212.8,2609.0,56.4,142.8,0.0
2024-11-14 04:00:00,9.4,97,8.9,0.0,3.2,16,8.3,1011.2,196.5,192.3,2238.0,54.8,114.2,0.0
2024-11-14 05:00:00,9.2,97,8.8,0.0,3.1,3,5.8,1011.1,171.4,167.2,2318.0,53.4,98.0,0.0
2024-11-14 06:00:00,8.6,97,8.1,0.0,3.3,347,4.7,1010.8,157.9,154.1,3387.0,51.7,105.6,0.0
2024-11-14 07:00:00,7.8,98,7.5,0.0,3.2,333,5.4,1011.3,194.6,190.9,4908.0,50.1,125.7,0.0
2024-11-14 08:00:00,9.1,96,8.5,0.0,5.8,321,9.7,1011.7,257.0,252.4,5704.0,44.1,143.8,0.0
2024-11-14 09:00:00,10.9,93,9.8,0.0,5.9,346,14.0,1012.5,240.3,236.6,5057.0,48.4,135.6,2.0
2024-11-14 10:00:00,12.1,90,10.4,0.0,3.3,354,14.8,1012.6,216.5,213.3,3686.0,54.2,123.8,6.0
2024-11-14 11:00:00,13.6,81,10.4,0.0,3.1,3,11.5,1012.6,137.8,131.3,2567.0,58.1,110.5,11.0
2024-11-14 12:00:00,14.9,73,10.1,0.0,3.0,14,11.9,1011.9,104.1,98.3,1962.0,56.8,92.4,20.0
2024-11-14 13:00:00,15.9,68,10.0,0.0,2.6,25,11.5,1011.1,88.9,82.9,1611.0,53.6,73.0,30.0
2024-11-14 14:00:00,16.6,66,10.2,0.0,2.2,42,10.1,1010.6,80.8,75.2,1708.0,54.1,64.3,34.0
2024-11-14 15:00:00,16.9,66,10.4,0.0,2.2,85,9.0,1010.3,79.9,74.5,2601.0,62.8,74.0,26.0
2024-11-14 16:00:00,16.3,75,11.9,0.0,1.8,174,6.8,1010.4,118.5,114.1,3944.0,75.4,94.6,11.0
2024-11-14 17:00:00,15.1,76,10.9,0.0,3.5,215,4.7,1010.7,181.6,177.4,4888.0,84.1,115.6,0.0
2024-11-14 18:00:00,14.4,77,10.4,0.0,4.6,216,8.6,1011.1,238.0,232.8,4939.0,85.4,136.3,0.0
2024-11-14 19:00:00,13.6,79,10.0,0.0,5.0,221,9.0,1011.4,245.9,241.2,4591.0,82.8,157.5,0.0
2024-11-14 20:00:00,13.0,80,9.6,0.0,5.5,212,9.0,1011.4,204.4,200.7,4486.0,74.8,156.7,0.0
2024-11-14 21:00:00,11.6,88,9.7,0.0,3.4,238,8.3,1012.2,184.9,181.1,5059.0,72.4,152.6,0.0
2024-11-14 22:00:00,11.0,90,9.4,0.0,2.9,240,4.7,1012.4,189.1,186.7,5875.0,69.0,146.5,0.0
2024-11-14 23:00:00,10.2,92,9.0,0.0,3.1,242,4.7,1012.8,197.4,195.6,6266.0,65.3,138.7,0.0
2024-11-15 00:00:00,9.8,93,8.7,0.0,0.9,307,4.0,1013.1,188.1,186.7,5889.0,61.3,128.3,0.0
2024-11-15 01:00:00,9.8,93,8.6,0.0,5.2,12,9.0,1013.2,172.3,171.4,5087.0,57.0,116.3,0.0
2024-11-15 02:00:00,9.1,93,7.9,0.0,6.0,7,11.9,1013.1,162.1,161.1,4222.0,53.4,105.5,0.0
2024-11-15 03:00:00,8.4,92,7.2,0.0,6.1,358,12.6,1012.7,150.4,149.0,3196.0,50.8,94.0,0.0
2024-11-15 04:00:00,7.6,93,6.6,0.0,6.5,6,13.3,1012.6,133.2,132.2,2107.0,48.8,83.8,0.0
2024-11-15 05:00:00,7.0,96,6.4,0.0,5.8,2,13.0,1012.7,118.7,117.8,1607.0,47.0,83.7,0.0
2024-11-15 06:00:00,6.8,97,6.3,0.0,5.1,10,12.2,1012.8,118.5,117.8,2276.0,44.9,103.7,0.0
2024-11-15 07:00:00,6.6,98,6.2,0.0,3.6,27,10.8,1013.4,162.5,161.6,3533.0,43.0,133.8,0.0
2024-11-15 08:00:00,6.7,99,6.6,0.0,2.4,13,6.8,1013.8,177.0,176.0,4296.0,29.6,122.2,1.0
2024-11-15 09:00:00,7.8,97,7.3,0.0,2.8,27,9.7,1014.6,172.8,171.8,3972.0,33.5,116.9,6.0
2024-11-15 10:00:00,9.2,94,8.3,0.0,2.9,22,10.8,1014.5,130.4,129.5,3153.0,39.3,110.2,14.0
2024-11-15 11:00:00,10.6,91,9.3,0.0,4.0,36,14.0,1014.2,100.4,99.4,2528.0,46.3,108.8,18.0
2024-11-15 12:00:00,11.9,89,10.1,0.0,3.3,61,13.7,1013.3,98.7,97.6,2365.0,55.4,117.8,17.0
2024-11-15 13:00:00,12.8,87,10.7,0.0,3.1,140,12.2,1012.2,101.5,99.7,2396.0,65.8,132.1,13.0
2024-11-15 14:00:00,13.6,84,10.9,0.0,5.2,182,15.1,1011.3,98.5,97.3,2511.0,74.1,143.6,9.0
2024-11-15 15:00:00,14.2,81,10.9,0.0,5.6,184,15.1,1010.8,97.6,96.9,2705.0,79.0,143.1,6.0
2024-11-15 16:00:00,14.4,79,10.8,0.0,3.5,66,14.4,1010.3,108.3,107.3,2983.0,82.0,139.7,2.0
2024-11-15 17:00:00,13.2,86,10.9,0.0,2.7,70,9.0,1010.7,155.5,153.7,3242.0,83.6,152.6,0.0
2024-11-15 18:00:00,12.6,88,10.6,0.0,2.2,85,3.6,1011.3,230.5,227.7,3412.0,84.0,201.3,0.0
2024-11-15 19:00:00,12.6,87,10.4,0.0,4.6,154,6.8,1012.1,301.7,298.0,3565.0,83.0,266.3,0.0
2024-11-15 20:00:00,11.9,90,10.4,0.0,3.3,186,9.0,1012.3,250.5,246.8,3809.0,67.1,209.6,0.0
2024-11-15 21:00:00,11.6,91,10.2,0.0,4.4,199,8.3,1012.6,234.7,231.9,4357.0,67.1,200.1,0.0
2024-11-15 22:00:00,11.6,91,10.3,0.0,0.7,360,7.9,1013.0,216.1,213.3,4997.0,67.1,185.9,0.0
2024-11-15 23:00:00,11.5,92,10.3,0.0,3.6,351,8.3,1013.2,198.4,196.0,5204.0,66.5,166.8,0.0
2024-11-16 00:00:00,11.3,93,10.2,0.0,6.7,351,15.8,1013.4,177.4,175.6,4655.0,65.9,140.6,0.0
2024-11-16 01:00:00,10.8,95,10.1,0.0,6.3,345,16.2,1013.6,151.8,147.1,3673.0,64.6,109.5,0.0
2024-11-16 02:00:00,11.1,81,8.1,0.0,10.5,354,20.9,1014.1,123.9,103.1,2697.0,60.6,80.6,1.0
2024-11-16 03:00:00,11.6,54,2.7,0.0,12.3,8,25.2,1014.4,131.8,61.9,1768.0,50.3,53.8,13.0
2024-11-16 04:00:00,11.0,41,-1.6,0.0,14.7,6,32.4,1015.2,155.1,43.2,845.0,37.3,29.1,30.0
2024-11-16 05:00:00,10.1,40,-2.7,0.0,15.1,9,32.8,1015.6,158.8,36.8,242.0,29.6,13.4,40.0
2024-11-16 06:00:00,9.6,39,-3.8,0.0,16.3,7,36.4,1015.8,143.0,34.0,190.0,33.6,13.0,37.0
2024-11-16 07:00:00,9.1,38,-4.3,0.0,15.9,3,36.4,1016.6,124.8,38.3,459.0,43.0,21.6,27.0
2024-11-16 08:00:00,8.7,39,-4.6,0.0,14.1,7,35.6,1018.0,155.5,63.8,668.0,52.9,36.3,14.0
2024-11-16 09:00:00,10.3,41,-2.5,0.0,11.2,360,29.9,1018.9,131.8,52.0,671.0,41.7,29.7,29.0
2024-11-16 10:00:00,11.1,41,-1.5,0.0,9.4,4,25.9,1019.3,89.2,32.7,614.0,26.3,20.7,49.0
2024-11-16 11:00:00,12.0,35,-3.0,0.0,8.4,353,23.0,1019.2,50.9,21.5,561.0,15.0,13.8,65.0
2024-11-16 12:00:00,12.7,29,-4.8,0.0,9.4,349,23.4,1018.8,34.5,17.1,505.0,9.7,10.3,73.0
2024-11-16 13:00:00,13.3,26,-5.8,0.0,10.4,337,25.6,1018.5,25.2,14.6,453.0,8.4,9.0,77.0
2024-11-16 14:00:00,13.6,24,-6.5,0.0,9.7,332,25.9,1018.2,19.9,13.4,487.0,13.5,10.7,72.0
2024-11-16 15:00:00,13.2,28,-5.1,0.0,9.8,334,23.4,1018.5,17.8,13.4,583.0,29.9,16.6,54.0
2024-11-16 16:00:00,12.3,31,-4.2,0.0,11.9,349,26.3,1018.6,24.4,21.2,766.0,52.6,25.4,28.0
2024-11-16 17:00:00,11.2,34,-4.0,0.0,12.8,355,28.1,1019.0,54.7,52.3,1189.0,69.6,34.8,8.0
2024-11-16 18:00:00,10.1,40,-2.8,0.0,10.4,8,27.4,1019.9,84.8,82.9,2052.0,75.1,45.2,1.0
2024-11-16 19:00:00,9.0,40,-4.0,0.0,11.5,17,22.7,1020.7,94.5,93.1,3156.0,74.8,56.0,0.0
2024-11-16 20:00:00,8.1,39,-5.1,0.0,9.5,21,23.0,1022.0,80.8,78.2,4061.0,74.0,56.5,0.0
2024-11-16 21:00:00,8.6,43,-3.2,0.0,6.5,19,11.9,1022.2,88.9,86.6,4710.0,72.1,59.6,0.0
2024-11-16 22:00:00,7.2,51,-2.3,0.0,5.0,30,12.2,1022.9,100.6,98.3,5159.0,69.3,63.5,0.0
2024-11-16 23:00:00,6.5,53,-2.3,0.0,0.2,270,8.3,1024.0,92.7,89.6,5136.0,66.0,63.2,1.0
2024-11-17 00:00:00,5.9,54,-2.8,0.0,5.8,219,7.9,1024.8,79.2,74.5,4334.0,62.2,55.0,3.0
2024-11-17 01:00:00,4.8,65,-1.1,0.0,1.5,256,10.4,1025.3,69.4,61.5,3060.0,57.9,42.7,5.0
2024-11-17 02:00:00,4.0,68,-1.5,0.0,4.6,342,9.7,1025.5,63.1,49.6,1959.0,53.3,32.5,8.0
2024-11-17 03:00:00,3.4,62,-3.2,0.0,9.7,1,18.0,1025.5,61.2,39.2,1173.0,47.3,25.2,13.0
2024-11-17 04:00:00,3.8,43,-7.7,0.0,11.8,7,23.8,1025.6,63.3,32.1,561.0,40.9,20.1,19.0
2024-11-17 05:00:00,3.7,37,-9.7,0.0,11.6,8,24.5,1025.8,66.1,29.9,340.0,38.1,20.6,21.0
2024-11-17 06:00:00,3.2,37,-10.1,0.0,10.4,14,23.4,1026.5,70.1,33.8,840.0,42.9,32.6,15.0
2024-11-17 07:00:00,2.8,39,-9.9,0.0,9.1,21,20.5,1027.3,92.0,58.6,1732.0,51.2,50.4,6.0
2024-11-17 08:00:00,2.9,41,-9.2,0.0,7.9,27,17.3,1028.4,100.8,72.6,2249.0,52.7,49.4,6.0
2024-11-17 09:00:00,4.7,45,-6.2,0.0,8.1,53,16.2,1029.4,109.7,86.6,1968.0,43.3,41.1,20.0
2024-11-17 10:00:00,5.8,37,-7.8,0.0,7.8,50,19.4,1029.5,69.2,37.6,1312.0,30.3,29.5,39.0
2024-11-17 11:00:00,7.2,34,-7.8,0.0,7.3,38,20.9,1029.0,46.1,22.6,781.0,20.6,20.8,53.0
2024-11-17 12:00:00,8.5,24,-10.7,0.0,9.6,3,24.5,1028.2,36.1,18.9,528.0,15.5,16.2,61.0
2024-11-17 13:00:00,9.1,23,-11.1,0.0,9.5,358,26.6,1027.4,29.7,17.2,400.0,13.6,14.3,64.0
2024-11-17 14:00:00,9.6,23,-10.7,0.0,7.4,3,24.5,1027.3,25.4,16.7,443.0,18.0,17.1,60.0
2024-11-17 15:00:00,9.8,24,-10.0,0.0,6.8,18,19.4,1027.2,23.3,17.3,771.0,33.9,26.7,43.0
2024-11-17 16:00:00,8.7,34,-6.4,0.0,7.4,41,16.2,1027.1,30.0,25.6,1270.0,56.0,41.0,19.0
2024-11-17 17:00:00,7.3,46,-3.4,0.0,3.8,355,14.8,1027.5,92.0,88.0,1639.0,71.9,55.8,1.0
2024-11-17 18:00:00,6.7,44,-4.8,0.0,7.7,208,13.0,1028.4,117.6,112.7,1738.0,75.4,71.2,0.0
2024-11-17 19:00:00,5.1,50,-4.6,0.0,8.5,184,17.6,1029.1,132.2,127.1,1706.0,72.7,87.0,0.0
2024-11-17 20:00:00,4.4,49,-5.4,0.0,9.9,179,19.1,1029.8,165.3,161.1,1667.0,67.1,119.6,0.0
2024-11-17 21:00:00,4.4,46,-6.2,0.0,9.8,193,22.0,1030.0,147.6,143.0,1616.0,65.7,114.3,0.0
2024-11-17 22:00:00,4.2,48,-5.9,0.0,10.1,200,20.2,1030.7,145.3,140.6,1557.0,63.8,106.9,0.0
2024-11-17 23:00:00,3.5,60,-3.5,0.0,3.3,202,20.2,1031.0,146.7,142.0,1622.0,61.8,100.6,0.0
2024-11-18 00:00:00,3.0,62,-3.6,0.0,1.3,56,5.0,1031.3,140.2,135.0,1960.0,59.7,97.0,0.0
2024-11-18 01:00:00,2.2,66,-3.5,0.0,1.2,39,3.6,1031.6,145.3,140.2,2423.0,57.6,94.4,0.0
2024-11-18 02:00:00,1.5,70,-3.5,0.0,3.5,348,5.0,1031.9,144.4,139.2,2694.0,56.2,91.2,0.0
2024-11-18 03:00:00,1.2,67,-4.2,0.0,5.8,353,10.4,1031.9,124.3,120.6,2544.0,56.0,83.6,0.0
2024-11-18 04:00:00,0.6,68,-4.6,0.0,6.7,355,12.6,1031.8,105.2,102.0,2203.0,56.4,75.2,0.0
2024-11-18 05:00:00,0.3,67,-5.1,0.0,6.5,360,12.6,1032.1,99.9,96.6,2043.0,56.5,75.6,0.0
2024-11-18 06:00:00,0.2,68,-5.1,0.0,4.8,11,12.2,1032.8,104.8,102.0,2351.0,56.0,95.7,0.0
2024-11-18 07:00:00,0.1,69,-4.8,0.0,4.9,28,9.0,1033.5,144.4,142.0,2839.0,55.2,124.5,0.0
2024-11-18 08:00:00,0.5,66,-5.2,0.0,5.6,59,10.8,1034.3,176.0,173.7,3017.0,45.4,139.1,1.0
2024-11-18 09:00:00,1.5,61,-5.2,0.0,5.2,44,13.3,1035.1,134.6,132.7,2566.0,44.3,117.8,6.0
2024-11-18 10:00:00,2.2,55,-5.8,0.0,3.6,33,13.7,1035.1,81.3,78.2,1805.0,42.9,88.3,13.0
2024-11-18 11:00:00,3.2,53,-5.3,0.0,2.9,30,13.0,1035.1,61.7,58.7,1202.0,41.7,65.4,18.0
2024-11-18 12:00:00,4.2,52,-4.8,0.0,3.5,51,13.7,1033.9,53.6,50.5,908.0,40.4,54.8,22.0
2024-11-18 13:00:00,5.1,51,-4.3,0.0,3.2,74,13.7,1032.9,49.2,45.8,772.0,39.4,50.9,24.0
2024-11-18 14:00:00,5.8,49,-4.1,0.0,3.8,87,13.3,1031.7,47.6,43.9,810.0,40.7,51.3,23.0
2024-11-18 15:00:00,6.4,48,-3.8,0.0,3.8,107,13.0,1030.9,47.4,43.8,1042.0,46.5,54.6,17.0
2024-11-18 16:00:00,6.5,52,-2.6,0.0,3.0,104,11.2,1030.6,52.3,48.9,1447.0,54.7,62.3,8.0
2024-11-18 17:00:00,5.6,63,-1.0,0.0,1.0,45,5.0,1030.4,101.5,98.5,1977.0,60.3,76.7,1.0
2024-11-18 18:00:00,5.0,65,-0.9,0.0,1.5,21,2.5,1030.6,167.2,163.9,2811.0,61.0,104.9,0.0
2024-11-18 19:00:00,4.8,61,-2.0,0.0,3.7,23,4.3,1030.7,196.5,193.2,3770.0,59.2,139.8,0.0
2024-11-18 20:00:00,4.0,69,-1.2,0.0,4.6,36,7.9,1030.6,175.6,174.2,4269.0,51.7,151.8,0.0
2024-11-18 21:00:00,3.5,76,-0.3,0.0,3.9,43,7.9,1030.6,167.2,165.3,3933.0,51.6,149.7,0.0
2024-11-18 22:00:00,3.0,79,-0.3,0.0,4.5,40,9.0,1030.5,165.3,163.4,3136.0,51.3,146.4,0.0
2024-11-18 23:00:00,2.5,81,-0.3,0.0,4.8,25,9.7,1030.3,166.2,164.4,2422.0,50.9,140.6,0.0
2024-11-19 00:00:00,2.0,83,-0.6,0.0,5.6,21,11.5,1030.1,154.1,152.3,1955.0,50.1,130.5,0.0
2024-11-19 01:00:00,1.4,84,-0.9,0.0,5.7,24,13.0,1029.3,148.5,146.7,1570.0,49.2,117.9,0.0
2024-11-19 02:00:00,1.0,84,-1.4,0.0,5.2,6,12.6,1028.7,141.1,139.7,1311.0,48.2,107.7,0.0
2024-11-19 03:00:00,0.8,84,-1.7,0.0,5.2,360,12.6,1028.0,132.2,130.9,1149.0,47.4,97.5,0.0
2024-11-19 04:00:00,0.3,85,-1.9,0.0,5.3,8,12.6,1027.3,124.8,123.9,1113.0,46.6,89.7,0.0
2024-11-19 05:00:00,-0.1,87,-2.0,0.0,5.4,6,10.8,1026.6,123.4,122.5,1340.0,45.6,95.9,0.0
2024-11-19 06:00:00,-0.4,88,-2.2,0.0,5.2,360,10.4,1026.1,137.4,136.0,2105.0,43.6,131.2,0.0
2024-11-19 07:00:00,-0.4,87,-2.3,0.0,4.5,14,9.7,1025.7,197.4,196.5,3133.0,41.3,180.6,0.0
2024-11-19 08:00:00,-0.2,86,-2.2,0.0,4.7,18,9.0,1025.8,260.8,260.8,3737.0,49.9,170.7,0.0
2024-11-19 09:00:00,0.9,86,-1.2,0.0,3.3,13,9.7,1026.4,230.0,229.1,3512.0,52.6,162.5,3.0
2024-11-19 10:00:00,2.0,82,-0.8,0.0,2.3,32,9.0,1025.9,165.8,163.0,2863.0,56.5,151.0,6.0
2024-11-19 11:00:00,3.6,76,-0.2,0.0,2.0,100,10.1,1025.5,136.4,132.7,2317.0,60.5,141.2,9.0
2024-11-19 12:00:00,5.2,68,-0.3,0.0,2.8,140,11.9,1024.3,119.7,115.0,2031.0,64.4,133.9,10.0
2024-11-19 13:00:00,6.4,63,-0.2,0.0,3.5,165,13.0,1022.9,110.4,105.2,1848.0,68.3,128.3,10.0
2024-11-19 14:00:00,7.3,60,-0.1,0.0,5.4,178,15.8,1021.9,104.1,98.5,1823.0,71.6,126.8,9.0
2024-11-19 15:00:00,7.8,58,-0.1,0.0,5.9,180,16.9,1021.0,102.2,96.9,2071.0,74.1,131.2,6.0
2024-11-19 16:00:00,7.7,61,0.6,0.0,4.9,188,15.5,1020.8,120.1,115.3,2478.0,75.9,139.7,3.0
2024-11-19 17:00:00,7.0,63,0.4,0.0,6.7,207,12.6,1020.6,173.2,168.1,2751.0,76.7,148.8,0.0
2024-11-19 18:00:00,6.6,64,0.2,0.0,7.5,215,14.0,1020.4,204.4,199.8,2625.0,76.2,159.8,0.0
2024-11-19 19:00:00,6.2,65,0.2,0.0,8.4,225,15.8,1020.8,217.9,213.3,2365.0,74.6,171.5,0.0
2024-11-19 20:00:00,5.8,67,0.2,0.0,6.8,230,16.2,1020.9,236.1,230.5,2479.0,57.9,203.0,0.0
2024-11-19 21:00:00,5.7,68,0.2,0.0,7.5,228,19.4,1021.2,204.4,199.8,3449.0,57.9,180.2,0.0
2024-11-19 22:00:00,4.4,76,0.6,0.0,2.9,259,14.4,1021.4,180.2,176.0,4792.0,57.9,148.2,0.0
2024-11-19 23:00:00,3.8,79,0.5,0.0,2.3,274,4.0,1021.4,160.2,156.9,5572.0,57.5,119.4,0.0
2024-11-20 00:00:00,3.0,84,0.5,0.0,1.4,293,3.2,1021.3,136.0,133.2,5277.0,56.5,97.9,0.0
2024-11-20 01:00:00,2.4,86,0.3,0.0,3.4,354,4.7,1021.2,119.2,116.9,4418.0,55.2,79.5,0.0
2024-11-20 02:00:00,1.6,89,0.1,0.0,6.3,7,11.5,1020.7,106.6,105.2,3593.0,53.2,64.9,0.0
2024-11-20 03:00:00,1.4,89,-0.2,0.0,5.8,7,11.5,1020.5,95.5,94.3,2919.0,50.4,53.3,0.0
2024-11-20 04:00:00,1.4,87,-0.6,0.0,4.4,9,10.8,1020.1,84.5,83.8,2280.0,47.0,45.3,1.0
2024-11-20 05:00:00,1.4,86,-0.8,0.0,5.8,5,10.4,1019.8,75.9,75.4,1920.0,43.8,43.4,1.0
2024-11-20 06:00:00,1.5,83,-1.1,0.0,6.5,360,11.5,1019.7,74.0,73.6,2039.0,40.8,51.5,1.0
2024-11-20 07:00:00,1.8,79,-1.5,0.0,7.4,359,13.3,1019.7,95.2,94.8,2438.0,37.9,65.7,1.0
2024-11-20 08:00:00,2.3,77,-1.3,0.0,7.0,357,13.7,1020.2,128.5,127.1,2763.0,35.2,72.6,2.0
2024-11-20 09:00:00,3.8,76,-0.1,0.0,6.0,350,13.7,1020.8,136.0,135.0,2920.0,34.3,75.6,4.0
2024-11-20 10:00:00,5.8,74,1.6,0.0,4.4,7,12.6,1020.4,129.5,127.6,3003.0,33.1,79.2,8.0
2024-11-20 11:00:00,7.9,69,2.5,0.0,1.8,53,9.4,1020.3,107.1,104.1,2943.0,32.4,79.3,12.0
2024-11-20 12:00:00,9.6,63,2.8,0.0,0.7,104,7.9,1019.0,99.2,82.9,2606.0,31.6,70.9,20.0
2024-11-20 13:00:00,10.8,58,2.8,0.0,1.8,180,8.6,1018.1,107.6,63.8,2125.0,31.3,58.8,29.0
2024-11-20 14:00:00,11.4,56,2.9,0.0,5.1,190,14.4,1017.3,114.3,53.4,1830.0,34.4,53.2,32.0
2024-11-20 15:00:00,11.4,52,1.9,0.0,6.9,203,16.9,1017.0,109.9,49.4,1936.0,44.1,60.8,24.0
2024-11-20 16:00:00,10.6,54,1.8,0.0,8.7,236,17.6,1017.0,122.9,78.0,2228.0,57.2,75.0,11.0
2024-11-20 17:00:00,9.8,58,1.9,0.0,10.0,237,21.2,1017.2,158.8,124.8,2396.0,66.7,85.8,1.0
2024-11-20 18:00:00,9.2,60,2.0,0.0,8.9,232,20.2,1017.3,158.3,135.0,2247.0,69.2,89.6,0.0
2024-11-20 19:00:00,8.8,61,1.8,0.0,9.8,226,19.4,1017.3,147.6,133.2,1974.0,68.1,90.1,0.0
2024-11-20 20:00:00,8.4,62,1.6,0.0,10.8,223,22.0,1017.4,126.7,119.2,1846.0,67.1,88.6,0.0
2024-11-20 21:00:00,8.9,59,1.5,0.0,10.3,223,23.0,1017.6,114.8,108.7,2086.0,65.6,85.6,0.0
2024-11-20 22:00:00,8.4,61,1.4,0.0,8.7,240,20.5,1017.5,109.9,105.5,2471.0,63.4,81.0,0.0
2024-11-20 23:00:00,7.3,64,0.9,0.0,5.8,274,16.9,1017.6,104.5,101.5,2596.0,61.2,74.3,0.0
2024-11-21 00:00:00,5.9,67,0.2,0.0,6.4,302,11.5,1017.8,86.4,84.5,2196.0,59.2,63.7,0.0
2024-11-21 01:00:00,6.2,56,-2.0,0.0,8.7,304,15.8,1017.3,71.5,70.3,1536.0,57.1,50.9,0.0
2024-11-21 02:00:00,6.7,47,-3.9,0.0,7.5,312,15.8,1017.5,60.1,58.7,1005.0,54.5,40.8,1.0
2024-11-21 03:00:00,6.2,45,-4.8,0.0,7.1,322,13.3,1017.6,53.1,50.2,703.0,50.5,34.1,4.0
2024-11-21 04:00:00,6.1,42,-5.9,0.0,8.8,332,15.5,1017.6,50.3,45.4,530.0,46.1,30.0,8.0
2024-11-21 05:00:00,5.9,41,-6.4,0.0,9.6,337,18.0,1017.6,50.9,43.4,582.0,43.8,31.3,10.0
2024-11-21 06:00:00,5.4,42,-6.5,0.0,8.1,343,17.6,1017.8,56.6,46.9,1058.0,45.6,42.4,8.0
2024-11-21 07:00:00,4.6,45,-6.2,0.0,7.2,359,14.4,1018.4,82.2,71.7,1758.0,49.6,59.0,5.0
2024-11-21 08:00:00,4.1,49,-5.7,0.0,7.7,11,14.0,1019.3,103.1,96.2,2176.0,45.5,71.0,3.0
2024-11-21 09:00:00,7.4,41,-5.1,0.0,8.3,355,16.6,1019.9,104.5,94.5,2038.0,44.8,68.2,8.0
2024-11-21 10:00:00,9.1,42,-3.0,0.0,9.5,25,19.4,1020.1,108.0,96.9,1617.0,43.5,63.9,15.0
2024-11-21 11:00:00,10.7,37,-3.5,0.0,7.8,13,19.1,1019.9,81.0,63.3,1225.0,40.3,56.7,24.0
2024-11-21 12:00:00,12.2,31,-4.4,0.0,8.2,352,20.9,1019.1,44.9,30.2,921.0,31.5,42.3,38.0
2024-11-21 13:00:00,13.4,26,-5.8,0.0,7.3,344,21.2,1018.5,32.6,22.9,645.0,20.8,25.1,54.0
2024-11-21 14:00:00,14.1,23,-6.6,0.0,7.3,337,18.7,1018.1,25.0,18.6,534.0,18.4,16.6,60.0
2024-11-21 15:00:00,14.0,25,-6.0,0.0,7.7,336,19.4,1018.0,21.2,17.1,688.0,32.3,23.3,47.0
2024-11-21 16:00:00,12.9,30,-4.3,0.0,5.4,307,18.0,1018.3,29.6,27.0,1007.0,54.5,38.7,23.0
2024-11-21 17:00:00,11.6,31,-5.0,0.0,6.4,280,10.4,1018.8,85.4,83.4,1322.0,70.7,54.7,5.0
2024-11-21 18:00:00,10.8,33,-5.0,0.0,6.4,308,11.9,1019.6,140.2,138.8,1627.0,74.4,71.1,0.0
2024-11-21 19:00:00,9.9,35,-4.9,0.0,6.8,342,11.9,1020.4,149.9,149.0,1929.0,72.2,88.2,0.0
2024-11-21 20:00:00,9.8,33,-5.6,0.0,12.1,359,24.5,1021.4,128.1,128.1,2073.0,69.4,102.2,0.0
2024-11-21 21:00:00,9.7,33,-5.9,0.0,11.0,360,24.1,1022.2,95.7,95.7,1931.0,68.7,90.6,0.0
2024-11-21 22:00:00,8.8,36,-5.6,0.0,9.0,10,22.7,1022.9,85.9,85.7,1632.0,67.6,74.3,0.0
2024-11-21 23:00:00,8.0,39,-5.1,0.0,7.6,15,17.6,1023.0,84.5,84.3,1411.0,66.2,60.6,0.0
2024-11-22 00:00:00,7.6,41,-4.8,0.0,5.7,11,14.8,1023.4,77.3,77.1,1381.0,64.5,51.3,0.0
2024-11-22 01:00:00,6.2,51,-3.0,0.0,4.7,18,9.7,1023.4,73.8,73.6,1428.0,62.5,44.5,0.0
2024-11-22 02:00:00,5.8,50,-3.9,0.0,6.9,33,12.2,1023.9,71.7,71.2,1450.0,60.4,41.7,0.0
2024-11-22 03:00:00,4.5,56,-3.5,0.0,6.4,11,13.3,1024.0,72.4,71.9,1341.0,58.4,42.7,0.0
2024-11-22 04:00:00,3.5,60,-3.4,0.0,5.2,25,12.2,1024.1,78.0,77.5,1206.0,56.3,47.7,1.0
2024-11-22 05:00:00,2.8,63,-3.5,0.0,5.1,18,10.4,1024.4,87.3,86.8,1261.0,54.3,59.3,1.0
2024-11-22 06:00:00,2.2,66,-3.5,0.0,4.7,351,10.1,1024.5,103.4,102.7,1714.0,52.2,84.9,0.0
2024-11-22 07:00:00,1.9,67,-3.7,0.0,5.4,358,10.1,1025.1,141.1,140.6,2356.0,50.2,117.1,0.0
2024-11-22 08:00:00,1.8,66,-3.8,0.0,5.2,2,11.9,1025.8,184.4,183.9,2778.0,39.1,175.8,1.0
2024-11-22 09:00:00,3.2,64,-2.8,0.0,4.1,29,10.1,1025.9,169.5,169.5,2796.0,41.4,155.5,5.0
2024-11-22 10:00:00,5.2,59,-2.1,0.0,3.8,49,11.5,1025.9,107.3,106.9,2594.0,44.6,127.0,12.0
2024-11-22 11:00:00,7.2,48,-3.0,0.0,3.0,52,11.5,1025.7,72.2,70.8,2318.0,47.1,102.1,17.0
2024-11-22 12:00:00,8.8,41,-3.7,0.0,2.4,77,11.2,1024.9,61.0,58.8,1923.0,47.2,83.9,22.0
2024-11-22 13:00:00,9.9,38,-3.8,0.0,2.7,113,11.2,1024.3,52.5,50.4,1454.0,46.6,69.3,27.0
2024-11-22 14:00:00,10.6,36,-3.8,0.0,3.9,124,12.6,1023.8,47.8,46.6,1193.0,48.5,61.0,27.0
2024-11-22 15:00:00,11.0,37,-3.2,0.0,5.0,136,13.3,1023.4,46.2,44.9,1315.0,55.7,61.3,20.0
2024-11-22 16:00:00,10.8,41,-2.0,0.0,4.5,137,13.0,1023.6,53.4,52.2,1646.0,65.4,67.8,9.0
2024-11-22 17:00:00,9.9,44,-1.9,0.0,5.7,118,9.0,1023.8,98.3,96.2,1946.0,72.1,75.9,1.0
2024-11-22 18:00:00,8.4,57,0.2,0.0,3.4,87,10.1,1024.1,141.1,138.3,2164.0,73.0,86.2,0.0
2024-11-22 19:00:00,8.1,51,-1.5,0.0,4.8,70,6.8,1024.4,149.9,147.6,2351.0,70.9,98.1,0.0
2024-11-22 20:00:00,7.2,56,-1.0,0.0,4.5,97,11.2,1025.0,166.7,165.3,2420.0,69.9,134.1,0.0
2024-11-22 21:00:00,7.5,60,0.3,0.0,6.8,158,14.8,1025.2,142.0,140.6,2325.0,69.6,121.8,0.0
2024-11-22 22:00:00,6.5,67,0.9,0.0,2.8,135,12.6,1025.6,123.4,121.5,2111.0,69.2,104.4,0.0
2024-11-22 23:00:00,6.3,67,0.6,0.0,3.0,57,4.3,1025.9,109.7,108.0,1834.0,68.5,89.1,0.0
2024-11-23 00:00:00,5.7,69,0.4,0.0,5.6,63,11.2,1026.2,94.1,92.2,1439.0,67.6,78.0,0.0
2024-11-23 01:00:00,4.8,72,0.2,0.0,6.0,61,12.6,1026.3,87.3,85.4,980.0,66.5,69.0,0.0
2024-11-23 02:00:00,4.4,73,0.1,0.0,5.6,69,12.6,1026.4,85.7,83.8,670.0,65.1,62.5,0.0
2024-11-23 03:00:00,4.0,75,-0.2,0.0,5.2,59,12.2,1026.3,82.9,81.3,501.0,63.3,56.9,0.0
2024-11-23 04:00:00,3.3,77,-0.3,0.0,4.7,43,11.2,1026.0,78.9,77.3,482.0,61.3,53.9,0.0
2024-11-23 05:00:00,3.0,78,-0.5,0.0,3.9,22,9.4,1025.9,79.2,77.3,852.0,59.1,59.3,0.0
2024-11-23 06:00:00,2.5,80,-0.6,0.0,4.2,7,9.0,1026.1,89.6,87.5,2061.0,56.8,82.2,0.0
2024-11-23 07:00:00,2.1,82,-0.6,0.0,4.7,360,9.7,1026.3,136.4,133.6,3660.0,54.3,113.4,0.0
2024-11-23 08:00:00,2.0,83,-0.6,0.0,5.2,4,10.8,1026.8,203.5,199.3,4536.0,39.0,134.9,0.0
2024-11-23 09:00:00,3.5,71,-1.4,0.0,4.0,27,12.2,1027.0,181.1,177.4,4004.0,40.0,120.8,4.0
2024-11-23 10:00:00,4.4,64,-1.8,0.0,3.4,18,13.0,1026.7,115.5,111.1,2751.0,41.6,101.1,10.0
2024-11-23 11:00:00,5.7,59,-1.8,0.0,2.7,32,13.0,1026.3,88.2,83.8,1723.0,43.5,85.0,15.0
2024-11-23 12:00:00,6.9,55,-1.6,0.0,2.1,70,12.2,1025.1,71.2,67.1,1251.0,45.6,74.9,19.0
2024-11-23 13:00:00,8.1,52,-1.3,0.0,2.7,118,12.2,1023.9,66.1,61.5,1005.0,48.1,68.4,21.0
2024-11-23 14:00:00,8.9,50,-0.9,0.0,2.7,127,12.2,1023.0,65.2,60.1,943.0,51.7,67.1,21.0
2024-11-23 15:00:00,9.6,50,-0.3,0.0,3.9,133,13.0,1022.4,65.2,60.1,987.0,57.9,69.3,16.0
2024-11-23 16:00:00,9.6,51,-0.1,0.0,3.9,143,12.6,1022.3,67.8,63.1,1214.0,65.3,76.8,7.0
2024-11-23 17:00:00,9.2,53,0.2,0.0,3.3,144,8.6,1022.2,116.6,112.2,1817.0,70.1,95.6,1.0
2024-11-23 18:00:00,8.4,58,0.7,0.0,0.9,191,5.8,1022.5,200.7,196.5,3184.0,70.2,137.0,0.0
2024-11-23 19:00:00,7.4,61,0.4,0.0,2.2,312,2.9,1022.6,260.8,256.1,4925.0,67.7,189.9,0.0
2024-11-23 20:00:00,6.8,61,-0.2,0.0,5.8,340,10.4,1022.9,281.3,276.6,6067.0,65.1,247.2,0.0
2024-11-23 21:00:00,5.5,66,-0.3,0.0,6.7,344,13.0,1023.2,266.4,262.6,6138.0,64.0,238.7,0.0
2024-11-23 22:00:00,4.8,70,-0.3,0.0,6.7,2,13.7,1023.4,266.4,262.6,5608.0,62.4,226.0,0.0
2024-11-23 23:00:00,4.2,74,-0.2,0.0,6.3,13,13.0,1023.5,253.3,250.5,4915.0,61.0,208.1,0.0
2024-11-24 00:00:00,3.8,77,0.2,0.0,5.6,7,13.3,1023.5,224.9,222.1,4071.0,60.0,181.5,0.0
2024-11-24 01:00:00,3.6,79,0.3,0.0,5.2,2,13.3,1023.2,206.3,203.5,3064.0,59.3,149.8,0.0
2024-11-24 02:00:00,3.3,81,0.4,0.0,5.6,2,13.0,1023.0,191.9,189.1,2292.0,58.6,123.5,0.0
2024-11-24 03:00:00,3.0,82,0.3,0.0,5.8,5,13.0,1022.8,176.5,174.6,1879.0,58.1,104.0,0.0
2024-11-24 04:00:00,2.8,84,0.3,0.0,6.5,6,14.0,1022.3,161.6,159.7,1702.0,57.6,89.9,0.0
2024-11-24 05:00:00,2.5,85,0.2,0.0,5.9,360,14.4,1022.1,150.4,148.5,1791.0,56.9,86.8,0.0
2024-11-24 06:00:00,2.3,85,0.1,0.0,5.1,354,12.6,1022.2,150.4,149.0,2375.0,55.1,103.6,0.0
2024-11-24 07:00:00,2.2,85,-0.1,0.0,5.1,352,10.4,1022.6,193.2,191.9,3225.0,53.0,131.4,0.0
2024-11-24 08:00:00,2.3,83,-0.2,0.0,6.1,358,12.6,1023.1,269.2,266.4,3690.0,49.7,153.9,0.0
2024-11-24 09:00:00,4.4,73,-0.1,0.0,5.2,6,13.3,1023.1,246.8,244.9,3369.0,51.5,147.1,3.0
2024-11-24 10:00:00,5.8,67,0.2,0.0,5.5,11,15.8,1023.0,184.4,181.6,2663.0,54.1,137.8,7.0
2024-11-24 11:00:00,7.2,64,0.7,0.0,3.4,18,16.2,1022.8,140.2,136.4,2123.0,56.9,131.2,9.0
2024-11-24 12:00:00,8.4,60,1.0,0.0,1.4,40,12.2,1022.2,126.2,121.5,1958.0,59.8,129.6,9.0
2024-11-24 13:00:00,9.1,58,1.1,0.0,2.2,90,10.4,1021.4,121.5,116.2,1958.0,62.9,130.8,7.0
2024-11-24 14:00:00,9.5,57,1.4,0.0,4.0,100,13.7,1020.4,118.3,112.7,2047.0,65.6,132.9,5.0
2024-11-24 15:00:00,9.4,59,1.8,0.0,4.7,133,13.7,1020.3,116.2,110.8,2266.0,67.9,132.5,3.0
2024-11-24 16:00:00,9.6,61,2.5,0.0,3.6,162,13.0,1020.3,121.5,116.6,2573.0,69.8,133.1,1.0
2024-11-24 17:00:00,9.1,66,3.1,0.0,4.1,167,9.0,1020.4,169.0,164.8,2766.0,70.7,143.3,0.0
2024-11-24 18:00:00,8.9,70,3.7,0.0,6.0,189,12.2,1020.7,226.3,221.7,2727.0,70.1,171.9,0.0
2024-11-24 19:00:00,8.7,71,3.8,0.0,6.4,191,14.4,1020.8,271.9,267.3,2573.0,68.5,210.2,0.0
2024-11-24 20:00:00,8.4,74,4.0,0.0,4.2,192,13.7,1020.6,306.4,301.7,2460.0,67.7,233.2,0.0
2024-11-24 21:00:00,7.9,76,3.8,0.0,3.1,173,6.5,1020.7,314.8,309.2,2463.0,66.7,248.7,0.0
2024-11-24 22:00:00,7.6,79,4.1,0.0,4.0,177,7.2,1020.2,328.8,323.2,2507.0,65.3,269.6,0.0
2024-11-24 23:00:00,7.3,81,4.2,0.0,4.5,194,9.7,1019.9,344.6,339.0,2515.0,63.9,281.5,0.0
2024-11-25 00:00:00,7.2,82,4.3,0.0,3.3,202,8.6,1019.6,331.6,326.0,2410.0,62.7,279.4,0.0
2024-11-25 01:00:00,6.9,84,4.3,0.1,3.1,230,6.8,1019.3,314.8,309.2,2269.0,61.6,268.2,0.0
2024-11-25 02:00:00,6.4,86,4.3,0.4,2.1,290,7.2,1019.6,299.9,294.3,2252.0,60.7,248.7,0.0
2024-11-25 03:00:00,6.4,90,4.8,1.1,1.1,288,7.2,1019.1,272.9,267.3,2525.0,59.9,216.3,0.0
2024-11-25 04:00:00,6.1,89,4.4,0.3,3.8,329,6.8,1018.5,204.9,201.6,2921.0,59.4,175.4,0.0
2024-11-25 05:00:00,5.6,95,4.8,0.3,3.1,315,10.1,1018.3,159.3,157.4,3105.0,59.7,140.4,0.0
2024-11-25 06:00:00,5.6,94,4.7,0.4,2.8,285,5.4,1018.3,151.8,149.9,2901.0,62.7,118.1,0.0
2024-11-25 07:00:00,5.6,89,3.8,0.3,5.1,312,8.3,1019.1,166.7,164.4,2484.0,66.5,101.5,0.0
2024-11-25 08:00:00,5.4,80,2.2,0.3,8.1,342,14.4,1019.2,78.2,69.4,2040.0,69.3,68.7,4.0
2024-11-25 09:00:00,5.8,65,-0.2,0.2,11.8,326,25.2,1019.9,51.8,38.3,1589.0,57.4,54.8,13.0
2024-11-25 10:00:00,6.1,56,-2.1,0.3,13.1,330,32.0,1019.9,52.6,29.0,1112.0,40.8,35.6,25.0
2024-11-25 11:00:00,6.2,53,-2.8,0.2,10.5,348,30.6,1019.6,60.8,26.5,738.0,27.4,20.9,35.0
2024-11-25 12:00:00,6.3,41,-6.1,0.1,13.1,331,29.2,1018.6,55.9,22.9,525.0,19.6,15.2,43.0
2024-11-25 13:00:00,6.5,25,-11.9,0.0,18.5,318,42.8,1017.7,37.6,18.1,414.0,15.0,14.0,49.0
2024-11-25 14:00:00,6.1,26,-12.0,0.0,18.1,313,44.3,1017.5,20.7,14.8,360.0,14.0,13.9,51.0
2024-11-25 15:00:00,5.7,26,-12.2,0.0,17.6,313,42.8,1017.6,14.1,13.2,373.0,18.8,14.0,46.0
2024-11-25 16:00:00,5.4,26,-12.8,0.0,16.8,317,41.4,1017.8,15.5,15.3,443.0,27.1,15.1,37.0
2024-11-25 17:00:00,4.7,26,-13.2,0.0,16.2,315,39.6,1018.0,18.4,17.9,496.0,32.5,16.2,32.0
2024-11-25 18:00:00,4.1,25,-14.1,0.0,16.8,314,40.0,1018.4,19.8,19.2,506.0,32.1,17.1,34.0
2024-11-25 19:00:00,3.4,23,-15.7,0.0,17.4,309,40.7,1018.9,22.6,19.3,500.0,28.8,17.9,40.0
2024-11-25 20:00:00,2.5,20,-18.1,0.0,16.2,308,41.4,1019.0,37.5,23.1,483.0,25.1,18.1,46.0
2024-11-25 21:00:00,0.8,23,-18.1,0.0,13.4,307,39.2,1020.3,57.4,22.8,454.0,22.6,17.1,51.0
2024-11-25 22:00:00,-0.2,22,-19.3,0.0,15.8,325,36.4,1020.3,86.4,25.1,413.0,19.1,15.7,58.0
2024-11-25 23:00:00,-1.0,23,-19.6,0.0,15.5,325,39.2,1020.2,104.3,26.1,370.0,15.7,14.2,64.0
2024-11-26 00:00:00,-1.5,24,-19.8,0.0,14.7,320,36.7,1019.6,104.1,23.1,318.0,12.7,12.5,67.0
2024-11-26 01:00:00,-2.0,23,-20.5,0.0,15.0,312,34.2,1019.3,92.4,20.5,263.0,9.8,10.8,70.0
2024-11-26 02:00:00,-2.2,22,-21.2,0.0,14.7,309,36.7,1018.9,73.3,17.7,229.0,7.9,9.7,71.0
2024-11-26 03:00:00,-2.4,22,-21.2,0.0,12.1,312,32.8,1018.6,52.5,15.1,219.0,6.5,9.2,73.0
2024-11-26 04:00:00,-2.5,22,-21.1,0.0,11.9,308,27.4,1018.0,36.4,13.2,231.0,6.0,9.3,74.0
2024-11-26 05:00:00,-2.5,22,-21.2,0.0,8.9,313,26.3,1017.9,27.8,12.5,281.0,8.7,11.2,71.0
2024-11-26 06:00:00,-2.5,22,-21.4,0.0,9.2,327,20.5,1017.7,24.8,13.7,408.0,18.6,16.8,60.0
2024-11-26 07:00:00,-2.5,22,-21.3,0.0,11.9,326,26.3,1017.4,31.8,22.3,573.0,31.7,24.2,46.0
2024-11-26 08:00:00,-2.2,22,-21.3,0.0,12.1,308,27.0,1017.9,43.4,31.7,674.0,36.4,27.1,40.0
2024-11-26 09:00:00,-1.0,21,-20.7,0.0,7.9,321,25.2,1018.1,41.8,31.1,658.0,29.3,24.0,47.0
2024-11-26 10:00:00,0.3,19,-20.9,0.0,13.9,300,32.8,1017.5,30.4,21.1,579.0,19.5,19.6,57.0
2024-11-26 11:00:00,1.5,18,-20.5,0.0,18.3,285,43.2,1016.4,23.4,16.4,498.0,12.2,15.8,65.0
2024-11-26 12:00:00,2.2,19,-19.4,0.0,17.5,304,44.3,1014.9,17.6,12.2,422.0,8.9,12.9,69.0
2024-11-26 13:00:00,2.5,19,-18.9,0.0,21.0,312,49.7,1013.5,15.9,10.9,343.0,8.0,10.5,70.0
2024-11-26 14:00:00,2.5,20,-18.3,0.0,20.5,309,50.4,1013.1,16.1,10.8,306.0,10.1,9.7,67.0
2024-11-26 15:00:00,2.2,19,-19.2,0.0,18.8,309,49.0,1012.7,16.0,11.1,332.0,17.1,11.0,58.0
2024-11-26 16:00:00,1.4,18,-20.2,0.0,18.8,317,44.3,1012.8,14.0,11.7,399.0,27.0,13.8,46.0
2024-11-26 17:00:00,0.6,20,-19.6,0.0,12.3,321,42.5,1012.9,20.7,19.6,481.0,34.8,17.0,36.0
2024-11-26 18:00:00,-0.2,23,-18.8,0.0,8.4,318,28.1,1012.9,24.7,23.5,598.0,38.8,21.1,31.0
2024-11-26 19:00:00,-0.8,27,-17.6,0.0,6.5,314,18.0,1013.0,27.1,25.8,731.0,40.6,25.6,29.0
2024-11-26 20:00:00,-0.9,27,-17.8,0.0,7.9,309,16.6,1013.2,115.9,112.9,797.0,67.8,84.1,1.0
2024-11-26 21:00:00,-0.9,39,-13.1,0.2,9.1,304,24.8,1013.6,84.3,82.2,747.0,55.6,65.3,14.0
2024-11-26 22:00:00,-1.2,31,-16.1,0.0,12.1,322,27.7,1014.0,47.8,46.4,631.0,38.6,39.2,31.0
2024-11-26 23:00:00,-1.6,30,-16.8,0.0,11.5,319,27.4,1014.4,22.1,21.0,517.0,24.4,19.1,46.0
2024-11-27 00:00:00,-2.5,26,-19.5,0.0,17.7,313,41.8,1014.8,12.2,11.7,421.0,16.0,10.9,55.0
2024-11-27 01:00:00,-3.3,25,-20.5,0.0,15.8,316,42.1,1014.8,10.1,9.7,327.0,10.5,8.8,61.0
2024-11-27 02:00:00,-3.8,25,-20.9,0.0,13.9,321,37.1,1014.6,9.6,9.2,260.0,6.9,7.9,65.0
2024-11-27 03:00:00,-4.1,25,-21.3,0.0,14.6,326,35.3,1014.8,9.6,9.2,226.0,4.8,6.8,68.0
2024-11-27 04:00:00,-4.2,25,-21.5,0.0,16.3,337,39.2,1014.6,9.8,9.4,219.0,4.7,7.0,70.0
2024-11-27 05:00:00,-4.3,25,-21.5,0.0,20.0,331,47.2,1014.2,10.2,9.8,244.0,6.9,8.4,69.0
2024-11-27 06:00:00,-4.4,24,-22.0,0.0,16.1,324,48.2,1014.2,11.6,11.2,322.0,13.5,11.8,62.0
2024-11-27 07:00:00,-4.4,23,-22.7,0.0,12.9,305,37.4,1014.4,17.3,16.7,432.0,22.3,16.4,52.0
2024-11-27 08:00:00,-4.2,22,-22.8,0.0,11.7,306,31.3,1014.2,22.6,22.2,514.0,30.8,22.7,41.0
2024-11-27 09:00:00,-2.9,21,-22.4,0.0,7.3,287,36.0,1014.6,20.8,20.4,544.0,25.6,20.8,47.0
2024-11-27 10:00:00,-2.5,21,-21.6,0.0,7.0,228,19.4,1013.9,16.6,16.1,547.0,18.3,18.2,56.0
2024-11-27 11:00:00,-0.9,20,-21.2,0.0,11.3,243,31.0,1012.6,14.0,13.6,531.0,12.9,16.0,62.0
2024-11-27 12:00:00,1.5,18,-20.4,0.0,11.6,302,30.2,1010.9,12.5,12.0,353.0,9.9,14.2,64.0
2024-11-27 13:00:00,3.0,18,-18.9,0.0,13.4,307,33.5,1009.4,11.5,11.1,157.0,8.8,12.8,64.0
2024-11-27 14:00:00,3.8,23,-15.6,0.0,13.4,311,34.2,1008.5,11.0,10.7,386.0,11.1,12.6,60.0
2024-11-27 15:00:00,4.1,26,-13.9,0.0,9.1,302,32.0,1008.5,10.9,10.7,1538.0,19.2,13.3,51.0
2024-11-27 16:00:00,2.8,45,-8.1,0.0,1.3,214,20.2,1008.9,14.7,14.5,3116.0,30.9,15.1,40.0
2024-11-27 17:00:00,1.1,46,-9.2,0.0,0.8,225,2.9,1009.3,21.7,21.5,4068.0,40.7,20.1,30.0
2024-11-27 18:00:00,1.5,33,-12.9,0.0,10.1,303,17.3,1009.0,31.3,31.1,3828.0,48.1,32.6,22.0
2024-11-27 19:00:00,2.0,33,-12.8,0.0,6.2,296,24.8,1009.0,56.9,56.7,2963.0,53.7,48.2,17.0
2024-11-27 20:00:00,1.0,34,-13.2,0.0,7.4,241,13.3,1010.0,87.8,87.3,2120.0,55.9,69.8,14.0
2024-11-27 21:00:00,0.9,37,-12.2,0.0,8.8,253,16.6,1011.0,58.1,57.7,1461.0,45.8,54.3,25.0
2024-11-27 22:00:00,2.7,31,-12.6,0.0,16.3,313,36.0,1011.3,27.8,27.5,824.0,31.7,32.8,41.0
2024-11-27 23:00:00,1.7,30,-13.9,0.0,20.1,323,47.2,1011.7,17.3,17.1,374.0,20.3,16.4,54.0
2024-11-28 00:00:00,1.0,30,-14.6,0.0,19.2,324,47.9,1011.4,10.8,10.6,225.0,14.1,10.2,61.0
2024-11-28 01:00:00,0.5,31,-14.9,0.0,14.5,330,43.9,1011.2,9.3,9.2,263.0,10.4,9.1,64.0
2024-11-28 02:00:00,0.4,30,-15.0,0.0,11.7,329,31.7,1011.4,8.9,8.7,308.0,8.2,9.0,66.0
2024-11-28 03:00:00,0.3,30,-15.2,0.0,9.6,317,24.1,1011.6,9.0,8.8,294.0,6.5,8.4,67.0
2024-11-28 04:00:00,0.4,30,-15.2,0.0,8.9,304,19.1,1011.5,8.8,8.7,288.0,6.2,8.7,66.0
2024-11-28 05:00:00,0.5,30,-15.2,0.0,11.5,304,23.0,1012.0,8.6,8.5,309.0,8.6,10.1,63.0
2024-11-28 06:00:00,0.6,29,-15.4,0.0,13.3,308,29.2,1012.3,10.0,9.7,384.0,16.6,13.7,55.0
2024-11-28 07:00:00,0.4,29,-15.4,0.0,12.9,307,29.5,1012.6,17.3,17.1,487.0,27.2,18.5,44.0
2024-11-28 08:00:00,0.4,29,-15.6,0.0,12.6,312,28.1,1013.5,23.5,23.1,561.0,31.4,21.4,39.0
2024-11-28 09:00:00,2.3,29,-14.0,0.0,14.8,308,40.0,1013.7,29.0,28.5,585.0,25.7,19.2,44.0
2024-11-28 10:00:00,3.0,27,-14.1,0.0,15.3,297,39.6,1013.7,17.3,16.7,581.0,17.8,16.2,51.0
2024-11-28 11:00:00,3.5,26,-14.1,0.0,12.2,295,35.3,1013.4,11.8,11.2,559.0,11.9,13.6,57.0
2024-11-28 12:00:00,4.8,23,-14.4,0.0,15.4,312,37.8,1012.5,9.5,9.0,493.0,8.6,11.7,62.0
2024-11-28 13:00:00,5.7,22,-14.3,0.0,16.9,316,40.7,1011.6,8.6,8.1,409.0,7.2,10.3,66.0
2024-11-28 14:00:00,6.4,23,-13.1,0.0,16.9,320,41.8,1011.1,8.5,8.0,390.0,9.6,10.2,66.0
2024-11-28 15:00:00,6.7,25,-11.9,0.0,16.4,318,40.0,1011.0,8.6,8.3,419.0,17.7,9.8,60.0
2024-11-28 16:00:00,6.3,27,-11.1,0.0,13.1,319,37.8,1011.3,11.6,11.4,514.0,29.7,10.6,51.0
2024-11-28 17:00:00,5.6,30,-10.6,0.0,10.1,317,30.2,1011.4,20.0,19.8,805.0,41.4,18.9,40.0
2024-11-28 18:00:00,4.8,34,-9.9,0.0,9.2,315,21.2,1011.5,40.9,40.7,1529.0,52.6,41.7,28.0
2024-11-28 19:00:00,4.4,37,-9.1,0.0,6.6,296,18.0,1011.7,85.0,84.8,2450.0,63.5,71.9,15.0
2024-11-28 20:00:00,4.3,38,-8.7,0.0,6.6,253,12.6,1011.9,132.7,131.8,2994.0,71.7,103.6,6.0
2024-11-28 21:00:00,3.7,49,-6.2,0.0,4.0,212,5.8,1011.9,175.1,174.2,2827.0,72.4,107.6,4.0
2024-11-28 22:00:00,4.0,40,-8.4,0.0,8.1,225,15.5,1011.7,156.5,156.0,2284.0,73.3,112.1,2.0
2024-11-28 23:00:00,4.0,39,-8.9,0.0,8.8,223,19.1,1011.7,129.0,128.1,1790.0,73.4,108.9,0.0
2024-11-29 00:00:00,3.9,38,-9.2,0.0,8.6,217,18.0,1011.0,92.9,92.2,1480.0,72.5,90.4,0.0
2024-11-29 01:00:00,3.8,39,-9.0,0.0,9.4,220,18.4,1010.0,71.5,70.8,1220.0,70.8,64.2,1.0
2024-11-29 02:00:00,4.1,40,-8.4,0.0,8.7,222,19.1,1009.6,58.9,58.3,1036.0,68.5,44.2,2.0
2024-11-29 03:00:00,3.7,43,-7.8,0.0,9.4,227,19.4,1009.3,51.5,50.9,927.0,64.9,35.3,4.0
2024-11-29 04:00:00,3.4,46,-7.2,0.0,8.1,231,19.1,1008.9,46.7,45.9,893.0,60.7,32.7,7.0
2024-11-29 05:00:00,3.2,48,-6.8,0.0,7.8,228,15.8,1008.8,44.1,43.3,967.0,58.1,35.5,8.0
2024-11-29 06:00:00,3.5,47,-6.8,0.0,9.0,227,17.6,1008.7,46.6,45.5,1270.0,58.9,47.8,6.0
2024-11-29 07:00:00,3.7,46,-6.8,0.0,8.9,228,18.4,1009.2,70.5,69.2,1681.0,61.3,65.7,3.0
2024-11-29 08:00:00,4.2,46,-6.4,0.0,8.0,228,17.6,1010.0,95.9,95.2,1861.0,59.3,76.9,3.0
2024-11-29 09:00:00,5.5,39,-7.5,0.0,7.6,232,19.1,1010.5,92.2,91.3,1590.0,56.4,73.0,9.0
2024-11-29 10:00:00,7.8,39,-5.2,0.0,4.9,276,15.5,1010.9,94.1,92.7,1089.0,52.1,67.1,18.0
2024-11-29 11:00:00,10.8,32,-5.1,0.0,9.8,324,23.0,1010.8,58.3,55.5,682.0,45.6,58.1,28.0
2024-11-29 12:00:00,12.2,29,-5.3,0.0,14.7,329,33.8,1010.0,19.3,15.8,418.0,33.0,42.1,44.0
2024-11-29 13:00:00,13.1,27,-5.3,0.0,13.9,319,35.3,1009.2,14.2,11.2,247.0,18.3,23.2,62.0
2024-11-29 14:00:00,13.4,27,-5.2,0.0,10.9,304,32.8,1008.8,12.4,9.7,351.0,13.3,12.1,69.0
2024-11-29 15:00:00,13.4,27,-5.0,0.0,6.7,284,25.2,1008.9,12.7,10.4,874.0,26.9,11.4,55.0
2024-11-29 16:00:00,12.1,31,-4.4,0.0,5.3,235,14.8,1009.4,20.1,18.1,1670.0,50.2,18.6,31.0
2024-11-29 17:00:00,10.5,34,-4.8,0.0,5.6,228,10.8,1010.0,47.4,45.9,2483.0,67.7,37.3,11.0
2024-11-29 18:00:00,9.0,46,-2.0,0.0,2.9,227,10.4,1010.6,100.8,99.7,3342.0,72.9,79.0,3.0
2024-11-29 19:00:00,8.6,45,-2.5,0.0,2.4,216,4.3,1010.9,157.9,156.9,4217.0,72.3,132.2,1.0
2024-11-29 20:00:00,8.8,40,-4.1,0.0,4.4,218,7.9,1010.9,229.6,228.2,4766.0,69.6,205.9,0.0
2024-11-29 21:00:00,9.2,35,-5.4,0.0,7.1,216,12.6,1011.2,221.2,220.3,4753.0,68.2,188.4,0.0
2024-11-29 22:00:00,8.6,38,-5.1,0.0,6.2,226,12.6,1011.3,194.6,193.7,4414.0,66.2,163.2,0.0
2024-11-29 23:00:00,6.9,44,-4.7,0.0,4.2,260,11.5,1011.5,151.8,151.3,4114.0,63.6,137.1,0.0
2024-11-30 00:00:00,6.1,47,-4.5,0.0,2.8,281,5.8,1011.3,113.9,113.6,4050.0,60.3,109.6,1.0
2024-11-30 01:00:00,5.2,50,-4.5,0.0,2.3,321,4.0,1011.1,92.9,92.4,4024.0,56.4,81.2,3.0
2024-11-30 02:00:00,4.9,49,-4.8,0.0,4.4,351,5.8,1011.1,80.6,79.6,3815.0,52.6,59.8,5.0
2024-11-30 03:00:00,5.6,47,-4.9,0.0,5.8,4,11.2,1011.4,72.9,71.5,3163.0,48.9,47.8,6.0
2024-11-30 04:00:00,5.5,47,-4.8,0.0,6.2,10,11.9,1010.8,68.2,66.4,2328.0,45.3,42.8,6.0
2024-11-30 05:00:00,4.8,51,-4.6,0.0,5.4,6,11.2,1010.2,66.1,64.3,1859.0,42.8,45.4,6.0
2024-11-30 06:00:00,3.8,55,-4.3,0.0,4.9,356,10.4,1010.1,70.8,69.2,2107.0,42.1,60.5,4.0
2024-11-30 07:00:00,2.7,60,-4.2,0.0,4.4,339,7.6,1010.3,100.1,98.5,2722.0,42.5,83.3,2.0
2024-11-30 08:00:00,3.0,60,-4.1,0.0,6.0,3,10.4,1010.8,131.8,129.5,3205.0,37.2,100.4,2.0
2024-11-30 09:00:00,4.4,57,-3.4,0.0,5.6,6,12.2,1011.0,123.4,122.0,3394.0,37.0,97.5,6.0
2024-11-30 10:00:00,6.6,49,-3.4,0.0,4.7,298,11.9,1010.9,125.7,123.4,3451.0,36.9,93.6,11.0
2024-11-30 11:00:00,8.9,41,-3.7,0.0,2.5,278,10.8,1010.8,96.9,92.4,3370.0,38.0,90.7,15.0
2024-11-30 12:00:00,10.9,35,-3.8,0.0,1.5,263,9.4,1009.9,82.4,74.5,3013.0,40.9,88.2,19.0
2024-11-30 13:00:00,12.2,32,-3.9,0.0,1.7,229,8.6,1008.6,80.6,70.1,2516.0,45.2,86.8,21.0
2024-11-30 14:00:00,13.0,31,-3.9,0.0,3.4,212,11.2,1007.4,78.0,66.8,2283.0,50.3,90.9,21.0
2024-11-30 15:00:00,13.1,31,-3.9,0.0,4.8,205,13.0,1007.2,78.2,68.5,2587.0,57.4,100.5,15.0
2024-11-30 16:00:00,12.4,32,-3.7,0.0,4.4,192,12.6,1006.9,99.4,92.0,3154.0,65.4,115.6,6.0
2024-11-30 17:00:00,11.4,36,-3.3,0.0,5.8,182,8.3,1007.0,160.2,153.2,3562.0,70.9,140.8,0.0
2024-11-30 18:00:00,10.4,41,-2.3,0.0,7.1,187,13.7,1007.2,219.3,212.3,3478.0,72.0,185.1,0.0
2024-11-30 19:00:00,9.9,44,-1.8,0.0,6.2,192,13.7,1007.1,279.4,272.9,3236.0,70.6,239.5,0.0
2024-11-30 20:00:00,9.2,47,-1.5,0.0,5.9,207,11.5,1007.2,254.3,253.3,3411.0,69.9,259.7,0.0
2024-11-30 21:00:00,9.4,46,-1.6,0.0,5.1,212,11.9,1007.1,244.9,244.0,4578.0,69.0,267.7,0.0
2024-11-30 22:00:00,8.1,52,-1.3,0.0,3.9,208,9.0,1006.8,256.1,254.3,6162.0,67.7,277.3,0.0
2024-11-30 23:00:00,7.5,56,-0.8,0.0,0.7,194,5.4,1006.8,262.6,260.8,7017.0,66.0,274.8,0.0
2024-12-01 00:00:00,6.8,58,-1.0,0.0,0.6,56,1.4,1006.8,231.0,229.1,6455.0,63.8,249.7,0.0
2024-12-01 01:00:00,6.4,58,-1.2,0.0,4.4,19,9.7,1006.3,215.1,213.7,5165.0,61.3,212.5,0.0
2024-12-01 02:00:00,5.4,61,-1.5,0.0,5.9,11,10.8,1006.0,199.8,198.4,4066.0,58.9,180.7,0.0
2024-12-01 03:00:00,4.6,64,-1.7,0.0,6.3,5,12.2,1005.9,181.6,180.7,3369.0,56.8,157.8,0.0
2024-12-01 04:00:00,3.8,67,-1.8,0.0,6.7,5,13.0,1005.1,166.2,165.3,2863.0,54.9,140.2,0.0
2024-12-01 05:00:00,3.3,69,-1.9,0.0,6.3,15,13.0,1004.8,154.6,153.7,2837.0,53.2,135.0,0.0
2024-12-01 06:00:00,2.9,71,-1.8,0.0,5.4,14,12.2,1004.7,149.9,149.0,3745.0,51.5,153.5,0.0
2024-12-01 07:00:00,2.5,73,-1.8,0.0,5.4,8,10.4,1004.7,185.3,183.9,5133.0,50.0,184.5,0.0
2024-12-01 08:00:00,2.4,73,-2.0,0.0,5.5,9,11.5,1005.2,194.6,194.2,5932.0,33.7,167.9,1.0
2024-12-01 09:00:00,3.0,69,-2.0,0.0,4.7,16,10.4,1005.6,182.5,181.1,5557.0,35.3,156.5,4.0
2024-12-01 10:00:00,4.9,60,-2.2,0.0,3.6,41,10.1,1005.6,181.6,179.7,4592.0,37.7,140.9,7.0
2024-12-01 11:00:00,7.0,53,-2.0,0.0,2.3,29,9.4,1005.0,140.2,136.0,3730.0,41.4,131.1,10.0
2024-12-01 12:00:00,8.9,48,-1.6,0.0,1.1,9,9.4,1004.3,115.0,109.4,3110.0,47.2,131.0,11.0
2024-12-01 13:00:00,10.3,42,-2.2,0.0,1.3,278,7.6,1003.2,109.9,104.3,2591.0,54.3,136.6,12.0
2024-12-01 14:00:00,11.2,37,-2.8,0.0,2.6,258,10.1,1002.7,112.9,107.3,2442.0,60.5,145.5,11.0
2024-12-01 15:00:00,11.4,36,-3.1,0.0,2.7,278,10.1,1002.5,120.6,114.6,3091.0,65.8,163.9,8.0
2024-12-01 16:00:00,10.6,38,-3.2,0.0,3.6,243,8.6,1002.8,166.7,160.7,4109.0,70.2,185.6,3.0
2024-12-01 17:00:00,9.5,41,-3.0,0.0,4.7,261,9.4,1003.7,215.6,208.6,4476.0,72.1,189.8,0.0
2024-12-01 18:00:00,9.4,37,-4.4,0.0,8.9,320,14.8,1004.7,228.6,222.1,3504.0,71.2,161.8,0.0
2024-12-01 19:00:00,10.0,23,-9.9,0.0,16.5,319,37.4,1006.0,202.1,193.7,1881.0,67.9,116.4,1.0
2024-12-01 20:00:00,8.6,26,-9.7,0.0,15.6,341,37.8,1007.7,110.4,99.2,652.0,68.7,109.1,0.0
2024-12-01 21:00:00,9.3,28,-8.4,0.0,16.6,347,39.2,1008.8,61.5,37.6,291.0,54.1,81.3,14.0
2024-12-01 22:00:00,8.1,31,-7.9,0.0,17.6,354,41.4,1010.2,41.9,24.5,323.0,33.9,43.1,33.0
2024-12-01 23:00:00,7.0,30,-9.5,0.0,21.2,0,49.3,1011.6,26.0,17.9,371.0,18.1,14.5,50.0
2024-12-02 00:00:00,5.3,26,-12.6,0.0,22.6,6,53.6,1013.1,13.0,10.5,308.0,11.1,5.2,61.0
2024-12-02 01:00:00,3.7,24,-15.1,0.0,22.8,9,54.4,1014.3,8.6,7.9,261.0,8.5,5.7,69.0
2024-12-02 02:00:00,2.3,24,-16.3,0.0,22.1,13,53.6,1015.4,7.1,6.5,234.0,7.2,7.2,74.0
2024-12-02 03:00:00,1.4,24,-17.2,0.0,20.4,14,52.6,1016.5,7.2,6.5,216.0,5.5,6.6,76.0
2024-12-02 04:00:00,0.5,24,-18.0,0.0,19.1,14,48.2,1017.4,7.5,6.7,219.0,5.2,7.1,74.0
2024-12-02 05:00:00,-0.2,23,-18.9,0.0,17.5,15,44.6,1018.7,8.1,7.3,274.0,8.5,9.5,69.0
2024-12-02 06:00:00,-1.0,22,-20.1,0.0,16.2,17,40.7,1019.8,10.3,9.5,442.0,19.9,15.8,56.0
2024-12-02 07:00:00,-1.7,21,-21.3,0.0,15.6,22,37.4,1020.9,20.3,19.3,664.0,35.0,24.1,40.0
2024-12-02 08:00:00,-2.0,21,-21.8,0.0,14.6,24,35.3,1022.0,30.2,30.2,794.0,43.0,29.6,30.0
2024-12-02 09:00:00,-1.1,20,-21.1,0.0,15.4,24,36.4,1022.7,27.0,26.7,745.0,34.7,25.9,39.0
2024-12-02 10:00:00,-0.3,18,-21.5,0.0,14.2,26,36.0,1022.9,17.0,16.1,605.0,23.2,20.7,52.0
2024-12-02 11:00:00,0.6,16,-22.1,0.0,13.4,20,35.3,1022.9,15.5,14.2,493.0,15.0,17.0,62.0
2024-12-02 12:00:00,1.8,13,-23.6,0.0,12.0,14,34.2,1022.2,14.6,13.2,373.0,11.1,14.0,67.0
2024-12-02 13:00:00,2.8,11,-24.6,0.0,9.2,12,31.3,1021.3,14.4,13.0,281.0,10.4,12.4,69.0
2024-12-02 14:00:00,3.5,10,-25.5,0.0,7.6,8,25.6,1020.6,14.6,13.4,450.0,15.8,16.9,64.0
2024-12-02 15:00:00,3.8,9,-26.5,0.0,7.7,3,21.6,1020.2,15.3,14.3,1144.0,32.4,32.1,46.0
2024-12-02 16:00:00,3.6,9,-26.5,0.0,4.9,2,20.5,1020.3,19.2,18.4,2098.0,55.2,53.5,20.0
2024-12-02 17:00:00,2.6,10,-25.9,0.0,3.9,217,10.1,1020.5,107.3,106.6,2747.0,71.7,72.2,1.0
2024-12-02 18:00:00,1.4,13,-23.9,0.0,9.4,212,19.4,1021.1,132.7,131.8,2829.0,75.9,85.9,0.0
2024-12-02 19:00:00,0.6,15,-23.0,0.0,8.0,208,19.4,1021.3,137.4,136.4,2606.0,73.8,96.8,0.0
2024-12-02 20:00:00,0.1,17,-22.4,0.0,8.9,199,18.0,1021.1,152.3,151.8,2299.0,70.0,123.8,0.0
2024-12-02 21:00:00,-0.2,22,-19.4,0.0,10.4,203,21.2,1021.5,136.0,135.5,1923.0,69.3,120.3,0.0
2024-12-02 22:00:00,-0.6,27,-17.5,0.0,11.2,201,23.0,1021.2,128.5,128.1,1464.0,68.4,115.0,0.0
2024-12-02 23:00:00,-0.8,31,-15.9,0.0,12.2,204,26.3,1021.6,116.4,115.9,1096.0,67.4,108.2,0.0
2024-12-03 00:00:00,-0.8,33,-15.0,0.0,12.4,210,27.4,1021.5,97.1,96.4,890.0,66.6,98.8,0.0
2024-12-03 01:00:00,-0.9,35,-14.5,0.0,12.2,209,27.0,1020.8,87.5,86.6,776.0,65.9,87.9,0.0
2024-12-03 02:00:00,-1.0,35,-14.4,0.0,10.9,211,26.3,1020.7,83.4,82.4,715.0,64.6,79.2,0.0
2024-12-03 03:00:00,-1.2,36,-14.3,0.0,9.7,209,22.7,1020.3,83.1,82.2,672.0,62.5,72.3,0.0
2024-12-03 04:00:00,-1.4,37,-14.1,0.0,9.5,212,19.8,1020.1,84.5,83.4,683.0,60.0,67.6,1.0
2024-12-03 05:00:00,-1.6,38,-14.0,0.0,9.3,209,19.8,1020.1,86.6,85.4,815.0,57.4,70.5,1.0
2024-12-03 06:00:00,-1.8,40,-13.7,0.0,8.6,200,19.1,1020.1,95.7,94.5,1165.0,54.7,88.2,1.0
2024-12-03 07:00:00,-2.2,43,-13.2,0.0,7.6,199,17.6,1020.6,133.2,132.2,1636.0,52.0,113.4,0.0
2024-12-03 08:00:00,-2.3,45,-12.8,0.0,6.5,199,16.2,1021.1,176.5,176.0,2003.0,42.4,134.7,1.0
2024-12-03 09:00:00,-1.6,49,-11.1,0.0,5.5,193,14.8,1021.2,183.5,183.0,2183.0,43.7,127.3,4.0
2024-12-03 10:00:00,-0.2,45,-10.9,0.0,2.7,184,13.7,1021.4,129.0,127.1,2260.0,45.2,116.1,8.0
2024-12-03 11:00:00,1.8,37,-11.4,0.0,3.4,155,12.2,1021.3,99.4,95.0,2262.0,44.9,101.3,14.0
2024-12-03 12:00:00,4.0,29,-12.3,0.0,2.7,122,11.9,1020.5,87.5,79.2,2072.0,39.3,76.9,26.0
2024-12-03 13:00:00,5.6,24,-13.5,0.0,1.6,117,10.1,1019.4,68.5,56.7,1807.0,31.9,48.8,41.0
2024-12-03 14:00:00,6.7,21,-14.3,0.0,3.5,261,9.4,1018.9,43.3,31.2,1844.0,30.8,35.2,47.0
2024-12-03 15:00:00,6.8,18,-15.8,0.0,4.6,259,12.6,1018.6,33.4,24.0,2569.0,42.7,45.4,36.0
2024-12-03 16:00:00,5.7,19,-16.1,0.0,4.6,257,11.5,1018.7,51.8,45.2,3595.0,60.9,70.2,16.0
2024-12-03 17:00:00,3.5,23,-15.7,0.0,4.2,260,8.6,1019.4,151.3,145.3,4140.0,73.5,99.7,1.0
2024-12-03 18:00:00,2.8,24,-15.8,0.0,3.5,294,5.8,1020.0,203.0,197.9,3665.0,74.6,137.6,0.0
2024-12-03 19:00:00,3.3,20,-17.3,0.0,6.6,339,10.4,1020.9,225.4,220.3,2708.0,70.0,180.2,0.0
2024-12-03 20:00:00,3.4,20,-17.3,0.0,6.5,6,12.2,1021.3,236.1,234.7,2100.0,66.4,244.0,0.0
2024-12-03 21:00:00,2.0,27,-15.0,0.0,0.9,143,2.2,1021.7,213.7,212.3,2254.0,65.6,221.8,0.0
2024-12-03 22:00:00,0.9,32,-13.8,0.0,0.7,194,2.2,1022.0,197.9,196.5,2757.0,64.5,190.3,0.0
2024-12-03 23:00:00,0.6,37,-12.5,0.0,0.4,270,1.8,1022.5,175.1,173.7,3205.0,62.9,160.6,0.0
2024-12-04 00:00:00,0.1,34,-14.0,0.0,2.9,43,3.6,1022.7,143.0,141.6,3427.0,60.6,134.1,1.0
2024-12-04 01:00:00,-0.5,35,-14.1,0.0,4.6,36,8.3,1022.4,125.3,123.9,3594.0,57.9,109.4,2.0
2024-12-04 02:00:00,-1.0,36,-14.1,0.0,2.7,48,8.6,1022.2,118.0,116.6,3818.0,55.3,93.3,3.0
2024-12-04 03:00:00,-1.4,41,-13.1,0.0,0.9,191,4.3,1022.0,116.9,115.0,3954.0,52.9,87.3,3.0
2024-12-04 04:00:00,-1.5,44,-12.3,0.0,0.4,180,1.4,1021.4,119.0,116.9,4145.0,50.6,89.9,3.0
2024-12-04 05:00:00,-1.7,46,-11.7,0.0,0.3,135,0.7,1021.2,125.3,122.9,4936.0,48.9,103.1,3.0
2024-12-04 06:00:00,-1.7,38,-14.1,0.0,0.9,191,2.9,1021.2,142.0,139.2,7216.0,47.9,138.5,2.0
2024-12-04 07:00:00,-1.8,42,-12.9,0.0,0.8,207,3.2,1021.6,193.2,190.5,10095.0,47.4,184.4,0.0
2024-12-04 08:00:00,-1.5,38,-14.1,0.0,1.3,34,2.9,1022.0,199.8,197.9,11445.0,37.5,172.3,1.0
2024-12-04 09:00:00,-1.4,52,-9.9,0.0,5.6,17,11.2,1021.9,185.8,183.9,9884.0,37.9,152.9,6.0
2024-12-04 10:00:00,0.9,40,-11.4,0.0,2.8,345,11.2,1022.0,123.4,120.1,6794.0,38.5,125.8,12.0
2024-12-04 11:00:00,2.7,31,-12.8,0.0,0.9,169,7.9,1021.4,97.3,92.9,4191.0,38.8,102.2,19.0
2024-12-04 12:00:00,4.0,29,-12.6,0.0,3.5,189,11.2,1020.0,74.3,70.1,2796.0,37.1,84.5,28.0
2024-12-04 13:00:00,4.8,30,-11.3,0.0,6.6,193,17.6,1018.9,57.4,53.8,1888.0,35.1,70.4,38.0
2024-12-04 14:00:00,5.3,32,-10.1,0.0,8.6,206,21.2,1017.8,47.8,44.9,1317.0,37.2,64.6,41.0
2024-12-04 15:00:00,5.4,31,-10.4,0.0,8.8,208,22.3,1017.3,48.9,46.7,1114.0,47.6,72.1,31.0
2024-12-04 16:00:00,4.4,34,-10.3,0.0,9.5,209,20.9,1017.2,88.9,87.5,1249.0,62.1,88.0,14.0
2024-12-04 17:00:00,3.1,38,-9.9,0.0,10.2,226,20.5,1017.4,133.2,131.3,1484.0,72.6,102.2,1.0
2024-12-04 18:00:00,2.7,41,-9.2,0.0,9.6,230,20.5,1017.4,159.3,157.9,1813.0,74.9,112.2,0.0
2024-12-04 19:00:00,2.3,45,-8.4,0.0,9.3,236,19.1,1017.7,165.8,164.8,2242.0,73.1,120.6,0.0
2024-12-04 20:00:00,1.8,47,-8.2,0.0,8.4,245,18.4,1017.7,161.1,160.7,2552.0,68.8,127.7,0.0
2024-12-04 21:00:00,2.4,46,-8.1,0.0,7.1,254,15.5,1018.2,156.9,156.0,2683.0,69.2,124.5,0.0
2024-12-04 22:00:00,2.1,41,-9.7,0.0,5.3,258,12.6,1017.8,150.4,149.9,2696.0,69.7,119.4,0.0
2024-12-04 23:00:00,1.8,41,-10.2,0.0,3.6,279,9.0,1017.8,138.8,137.8,2550.0,69.4,110.8,0.0
2024-12-05 00:00:00,2.0,40,-10.3,0.0,3.8,275,5.0,1017.6,115.3,114.3,2136.0,67.9,95.6,1.0
2024-12-05 01:00:00,1.6,41,-10.2,0.0,3.9,257,5.0,1017.2,104.8,103.4,1563.0,65.5,77.0,2.0
2024-12-05 02:00:00,1.0,42,-10.4,0.0,4.1,255,5.8,1016.8,97.6,95.7,1126.0,62.4,62.3,4.0
2024-12-05 03:00:00,0.8,44,-10.2,0.0,3.6,276,5.8,1016.5,89.9,87.5,904.0,57.4,52.1,8.0
2024-12-05 04:00:00,0.9,43,-10.3,0.0,4.4,305,5.8,1015.8,81.3,78.0,818.0,51.6,45.9,12.0
2024-12-05 05:00:00,2.0,39,-10.4,0.0,6.2,314,8.3,1015.5,75.2,71.0,920.0,48.5,49.9,14.0
2024-12-05 06:00:00,2.7,38,-10.1,0.0,9.0,317,16.9,1015.5,81.0,76.1,1423.0,52.2,76.4,9.0
2024-12-05 07:00:00,2.5,40,-9.9,0.0,7.9,319,17.3,1015.5,127.6,122.5,2114.0,58.6,113.0,2.0
2024-12-05 08:00:00,2.2,41,-9.8,0.0,5.8,300,14.4,1015.8,149.0,144.4,2413.0,54.7,115.6,2.0
2024-12-05 09:00:00,4.3,37,-9.0,0.0,6.5,289,13.0,1015.9,158.3,154.6,1921.0,44.1,88.2,17.0
2024-12-05 10:00:00,6.1,33,-9.2,0.0,8.3,294,20.9,1016.2,116.6,110.6,1037.0,29.5,50.3,38.0
2024-12-05 11:00:00,7.1,25,-11.6,0.0,14.0,312,33.1,1016.3,28.3,20.3,377.0,18.1,21.9,54.0
2024-12-05 12:00:00,7.2,23,-12.3,0.0,17.4,316,42.1,1016.0,20.1,13.9,210.0,11.5,11.6,63.0
2024-12-05 13:00:00,7.4,22,-12.8,0.0,18.9,325,45.0,1015.4,16.6,11.8,267.0,8.1,10.7,67.0
2024-12-05 14:00:00,7.4,21,-13.4,0.0,17.8,326,45.7,1015.0,15.1,11.4,352.0,11.1,13.1,64.0
2024-12-05 15:00:00,7.4,20,-14.1,0.0,16.6,324,42.5,1014.8,14.3,11.4,352.0,25.2,15.1,49.0
2024-12-05 16:00:00,6.9,21,-14.1,0.0,14.1,329,38.5,1015.1,16.5,14.3,379.0,45.6,20.6,26.0
2024-12-05 17:00:00,6.2,22,-14.1,0.0,15.2,333,34.9,1015.4,43.7,42.0,577.0,60.9,34.5,9.0
2024-12-05 18:00:00,5.7,22,-14.1,0.0,14.1,333,34.9,1016.0,97.1,95.7,967.0,66.0,63.1,2.0
2024-12-05 19:00:00,5.0,24,-14.1,0.0,9.1,335,31.3,1016.6,147.6,146.7,1527.0,66.1,100.1,1.0
2024-12-05 20:00:00,4.2,26,-13.9,0.0,5.0,341,19.4,1017.2,188.6,185.8,2331.0,64.3,133.2,0.0
2024-12-05 21:00:00,3.6,28,-13.2,0.0,7.6,19,14.4,1017.5,187.2,184.9,3781.0,62.7,152.3,0.0
2024-12-05 22:00:00,2.8,29,-13.6,0.0,8.5,18,16.2,1017.3,213.3,211.4,5474.0,60.4,178.3,0.0
2024-12-05 23:00:00,2.0,30,-13.7,0.0,8.6,22,16.2,1017.1,231.9,230.5,6278.0,58.3,196.1,0.0
2024-12-06 00:00:00,1.1,34,-12.9,0.0,4.0,36,16.9,1017.1,218.4,217.0,5404.0,56.7,200.2,0.0
2024-12-06 01:00:00,0.9,32,-13.9,0.0,8.5,216,17.6,1017.5,207.2,205.4,3640.0,55.3,196.0,0.0
2024-12-06 02:00:00,0.9,32,-14.1,0.0,5.4,194,16.9,1017.3,184.4,182.5,2220.0,54.0,184.2,0.0
2024-12-06 03:00:00,0.3,38,-12.4,0.0,9.6,193,20.5,1017.2,152.7,150.9,1491.0,53.0,155.6,1.0
2024-12-06 04:00:00,0.3,42,-11.0,0.0,9.1,207,19.8,1017.0,109.2,107.6,1107.0,52.1,119.4,1.0
2024-12-06 05:00:00,0.7,40,-11.2,0.0,7.4,202,18.4,1016.8,94.1,92.4,1259.0,51.1,104.1,2.0
2024-12-06 06:00:00,0.8,40,-11.4,0.0,5.9,225,14.4,1016.7,105.0,103.4,2453.0,50.0,133.5,1.0
2024-12-06 07:00:00,0.2,42,-11.4,0.0,4.0,260,10.4,1017.1,171.8,170.4,4184.0,48.8,183.7,0.0
2024-12-06 08:00:00,0.2,41,-11.4,0.0,5.7,305,8.6,1017.7,184.4,183.0,5131.0,42.2,168.9,1.0
2024-12-06 09:00:00,2.2,39,-10.4,0.0,7.8,334,15.5,1018.1,164.4,162.5,4529.0,40.3,151.4,8.0
2024-12-06 10:00:00,3.5,35,-10.5,0.0,8.1,355,18.0,1018.5,154.6,150.4,3144.0,37.3,126.1,17.0
2024-12-06 11:00:00,4.4,32,-10.8,0.0,8.9,9,21.2,1018.8,102.7,92.0,1946.0,33.2,99.1,27.0
2024-12-06 12:00:00,4.9,27,-12.4,0.0,11.0,349,25.6,1018.3,38.2,26.1,1257.0,25.0,67.7,40.0
2024-12-06 13:00:00,5.1,25,-13.6,0.0,13.7,335,32.8,1018.1,24.9,17.9,757.0,15.6,34.6,54.0
2024-12-06 14:00:00,5.2,23,-14.4,0.0,13.1,328,32.8,1017.9,18.9,15.5,452.0,13.4,14.1,59.0
2024-12-06 15:00:00,5.1,21,-15.6,0.0,12.1,339,31.3,1018.4,16.7,15.4,420.0,25.2,15.5,46.0
2024-12-06 16:00:00,4.2,20,-16.6,0.0,10.6,359,28.4,1019.0,25.5,24.9,584.0,44.3,29.5,25.0
2024-12-06 17:00:00,2.8,21,-17.5,0.0,12.3,8,25.9,1020.1,58.1,57.7,723.0,58.6,42.2,8.0
2024-12-06 18:00:00,2.1,21,-17.9,0.0,15.0,4,33.5,1021.1,72.6,72.4,715.0,62.9,49.4,3.0
2024-12-06 19:00:00,1.6,22,-17.7,0.0,15.1,8,33.8,1022.1,71.5,71.0,682.0,62.6,55.4,3.0
2024-12-06 20:00:00,1.1,23,-17.9,0.0,11.9,3,33.5,1022.9,66.6,65.9,773.0,59.5,54.5,5.0
2024-12-06 21:00:00,1.8,24,-16.6,0.0,12.1,354,29.5,1024.0,65.7,65.0,1177.0,58.8,53.5,5.0
2024-12-06 22:00:00,1.1,25,-16.9,0.0,10.4,358,27.0,1024.5,63.3,62.6,1705.0,57.5,51.9,5.0
2024-12-06 23:00:00,0.3,26,-17.0,0.0,8.0,10,22.7,1025.2,58.2,57.5,1931.0,54.4,48.3,8.0
2024-12-07 00:00:00,-0.4,28,-16.8,0.0,7.8,8,16.9,1025.6,45.1,44.5,1558.0,48.2,41.3,14.0
2024-12-07 01:00:00,-0.8,29,-16.5,0.0,9.6,8,19.1,1025.8,35.9,35.3,883.0,40.2,32.3,23.0
2024-12-07 02:00:00,-0.8,30,-16.1,0.0,13.3,2,29.9,1025.8,26.0,25.4,379.0,32.3,24.7,32.0
2024-12-07 03:00:00,-1.3,31,-16.1,0.0,12.2,360,30.2,1026.0,17.4,16.8,241.0,23.6,19.2,42.0
2024-12-07 04:00:00,-1.5,32,-16.0,0.0,12.3,349,27.4,1026.1,13.1,12.4,274.0,15.0,15.0,53.0
2024-12-07 05:00:00,-1.7,31,-16.5,0.0,12.9,340,28.8,1026.2,11.6,10.9,358.0,11.6,13.7,58.0
2024-12-07 06:00:00,-1.9,30,-17.0,0.0,12.5,340,28.8,1026.6,12.7,11.9,500.0,18.4,17.5,51.0
2024-12-07 07:00:00,-2.1,29,-17.6,0.0,11.5,346,28.1,1027.2,21.5,20.7,694.0,30.2,24.0,39.0
2024-12-07 08:00:00,-2.2,28,-18.2,0.0,9.6,352,25.9,1027.9,25.2,25.1,802.0,34.8,26.5,34.0
2024-12-07 09:00:00,-2.0,27,-18.5,0.0,11.4,355,29.2,1028.8,24.4,24.2,739.0,28.6,24.1,41.0
2024-12-07 10:00:00,-1.2,24,-19.4,0.0,11.4,345,27.7,1029.2,17.0,16.8,591.0,20.2,20.8,51.0
2024-12-07 11:00:00,0.0,21,-20.0,0.0,12.0,338,31.0,1029.3,14.3,14.1,473.0,13.9,18.0,58.0
2024-12-07 12:00:00,1.2,18,-20.5,0.0,11.9,333,31.3,1028.7,12.7,12.5,420.0,10.7,16.0,63.0
2024-12-07 13:00:00,2.2,16,-20.9,0.0,12.0,324,31.0,1027.9,11.9,11.6,398.0,9.8,14.5,65.0
2024-12-07 14:00:00,2.8,15,-21.5,0.0,13.0,316,32.4,1027.3,11.9,11.5,420.0,13.1,14.8,63.0
2024-12-07 15:00:00,2.8,14,-22.0,0.0,12.7,313,32.8,1027.1,12.4,12.0,481.0,23.5,16.7,52.0
2024-12-07 16:00:00,2.3,15,-21.6,0.0,10.9,314,30.6,1027.2,15.3,14.8,586.0,38.2,20.2,36.0
2024-12-07 17:00:00,1.5,16,-21.5,0.0,10.7,327,25.9,1027.4,30.0,29.6,760.0,50.5,27.0,22.0
2024-12-07 18:00:00,0.8,17,-21.4,0.0,9.7,333,23.4,1027.5,51.6,51.1,976.0,58.2,37.6,14.0
2024-12-07 19:00:00,0.3,18,-21.0,0.0,8.2,345,20.2,1027.8,67.1,66.6,1262.0,63.5,51.3,9.0
2024-12-07 20:00:00,-0.1,19,-20.8,0.0,5.9,358,15.8,1027.8,65.4,64.5,1723.0,59.0,55.0,13.0
2024-12-07 21:00:00,-0.3,24,-18.5,0.0,3.2,341,13.7,1028.4,73.1,71.9,2611.0,60.9,75.2,10.0
2024-12-07 22:00:00,-0.6,25,-18.3,0.0,0.9,259,4.3,1028.6,103.8,102.4,3674.0,63.4,102.7,7.0
2024-12-07 23:00:00,-0.3,23,-19.2,0.0,3.1,273,5.8,1028.7,145.3,143.9,4266.0,64.9,120.8,4.0
2024-12-08 00:00:00,-0.8,23,-19.1,0.0,3.3,299,6.5,1028.4,148.1,146.7,4003.0,64.5,120.4,3.0
2024-12-08 01:00:00,-1.3,27,-18.0,0.0,2.2,336,5.0,1028.2,136.9,135.5,3267.0,63.1,110.6,2.0
2024-12-08 02:00:00,-1.5,27,-18.2,0.0,2.2,14,2.9,1027.8,133.6,132.2,2561.0,60.9,101.4,2.0
2024-12-08 03:00:00,-1.5,25,-19.2,0.0,3.6,27,6.1,1027.4,131.3,130.4,1945.0,57.6,94.7,3.0
2024-12-08 04:00:00,-1.9,25,-19.4,0.0,5.8,30,10.4,1026.6,122.5,121.5,1357.0,53.6,88.6,6.0
2024-12-08 05:00:00,-2.3,25,-19.9,0.0,7.0,35,13.3,1026.3,111.8,110.6,1119.0,50.8,87.4,7.0
2024-12-08 06:00:00,-2.8,24,-20.6,0.0,7.5,37,14.8,1026.0,108.5,107.3,1559.0,50.7,97.0,5.0
2024-12-08 07:00:00,-3.0,23,-21.4,0.0,6.3,37,14.8,1026.2,135.0,133.6,2348.0,51.7,111.5,2.0
2024-12-08 08:00:00,-3.0,22,-21.8,0.0,6.0,39,11.9,1026.6,136.4,136.0,2818.0,47.4,114.5,3.0
2024-12-08 09:00:00,-3.5,24,-21.1,0.0,7.5,21,15.8,1027.9,121.5,121.1,2601.0,43.4,98.5,11.0
2024-12-08 10:00:00,-1.9,21,-21.6,0.0,5.4,37,15.1,1027.8,70.1,69.4,2064.0,38.0,76.4,22.0
2024-12-08 11:00:00,0.0,17,-22.0,0.0,3.3,49,13.3,1027.3,47.7,47.0,1642.0,34.0,59.1,31.0
2024-12-08 12:00:00,1.5,15,-22.4,0.0,1.9,49,11.5,1026.1,38.8,38.1,1465.0,31.6,49.5,38.0
2024-12-08 13:00:00,2.2,14,-22.4,0.0,1.8,186,9.0,1025.1,34.8,34.0,1403.0,30.7,44.8,44.0
2024-12-08 14:00:00,2.3,15,-22.0,0.0,3.9,202,12.2,1024.1,35.2,34.1,1499.0,34.1,47.1,43.0
2024-12-08 15:00:00,2.1,16,-21.5,0.0,5.0,226,13.3,1023.4,39.5,38.4,1820.0,45.8,60.1,31.0
2024-12-08 16:00:00,1.8,18,-20.0,0.0,6.8,238,13.3,1023.2,82.2,81.0,2300.0,61.9,80.1,14.0
2024-12-08 17:00:00,1.2,21,-18.7,0.0,6.4,232,14.0,1022.9,127.1,126.2,2782.0,73.5,98.6,1.0
2024-12-08 18:00:00,0.7,22,-18.5,0.0,6.8,222,11.9,1022.7,148.5,147.6,3186.0,76.3,113.7,0.0
2024-12-08 19:00:00,0.1,23,-18.5,0.0,7.0,220,13.3,1022.5,163.4,162.5,3593.0,74.7,127.1,0.0
2024-12-08 20:00:00,-1.0,26,-18.0,0.0,3.5,235,12.6,1022.5,180.2,179.7,4085.0,68.1,140.7,0.0
2024-12-08 21:00:00,-1.2,31,-16.3,0.0,4.4,218,9.0,1023.8,189.1,188.1,4855.0,66.6,136.1,0.0
2024-12-08 22:00:00,-1.8,33,-16.0,0.0,3.2,223,9.4,1023.3,173.7,173.2,5710.0,64.5,129.1,0.0
2024-12-08 23:00:00,-2.3,37,-15.2,0.0,1.5,225,5.0,1023.6,151.8,151.3,6158.0,62.3,119.6,0.0
2024-12-09 00:00:00,-2.8,36,-15.7,0.0,2.6,236,3.6,1023.5,126.7,126.2,5924.0,60.1,105.3,0.0
2024-12-09 01:00:00,-3.3,38,-15.6,0.0,0.9,270,3.6,1022.7,113.9,112.9,5283.0,57.8,88.4,0.0
2024-12-09 02:00:00,-3.9,38,-16.2,0.0,2.3,356,2.9,1022.4,106.9,106.2,4564.0,55.2,75.4,0.0
2024-12-09 03:00:00,-3.9,32,-18.1,0.0,7.3,7,13.0,1021.7,99.9,99.2,3677.0,52.1,67.3,0.0
2024-12-09 04:00:00,-4.3,27,-20.6,0.0,6.1,3,14.4,1021.4,93.1,92.2,2713.0,48.8,63.1,1.0
2024-12-09 05:00:00,-5.3,29,-20.7,0.0,2.8,325,10.8,1021.2,88.9,88.0,2273.0,46.0,66.4,1.0
2024-12-09 06:00:00,-5.8,29,-21.0,0.0,3.0,343,4.0,1020.9,93.4,92.2,2836.0,43.8,83.4,1.0
2024-12-09 07:00:00,-6.2,30,-21.1,0.0,3.2,341,4.3,1021.1,129.9,128.5,3924.0,42.0,107.9,1.0
2024-12-09 08:00:00,-6.4,30,-21.4,0.0,3.4,357,5.0,1021.4,147.6,147.1,4694.0,42.6,118.3,2.0
2024-12-09 09:00:00,-5.0,32,-19.3,0.0,4.5,2,10.4,1022.5,142.5,142.0,4827.0,42.3,114.2,6.0
2024-12-09 10:00:00,-2.8,26,-19.5,0.0,2.1,165,9.0,1022.3,133.2,132.2,4644.0,41.9,108.5,11.0
2024-12-09 11:00:00,-0.4,20,-20.6,0.0,0.6,214,7.2,1022.5,97.8,96.2,4266.0,42.6,103.9,15.0
2024-12-09 12:00:00,1.5,17,-21.1,0.0,2.2,222,9.7,1021.2,78.9,76.6,3558.0,44.4,99.4,19.0
2024-12-09 13:00:00,2.5,16,-21.1,0.0,5.5,216,16.6,1020.3,71.7,69.4,2655.0,47.3,95.9,22.0
2024-12-09 14:00:00,2.9,15,-21.4,0.0,5.1,225,17.3,1019.7,70.1,67.5,2087.0,51.6,98.8,22.0
2024-12-09 15:00:00,3.0,15,-21.5,0.0,3.7,241,14.0,1018.9,74.3,71.5,2145.0,58.9,113.1,16.0
2024-12-09 16:00:00,2.5,16,-20.7,0.0,7.5,237,14.8,1018.9,128.5,126.2,2537.0,67.8,133.9,7.0
2024-12-09 17:00:00,1.5,18,-20.1,0.0,7.8,233,15.8,1018.7,186.3,183.9,2922.0,74.1,151.6,0.0
2024-12-09 18:00:00,1.0,20,-19.6,0.0,8.9,220,17.3,1018.7,221.2,218.9,3045.0,75.9,163.9,0.0
2024-12-09 19:00:00,0.6,22,-18.9,0.0,8.1,217,17.6,1019.1,225.4,223.5,3161.0,75.1,173.1,0.0
2024-12-09 20:00:00,0.2,23,-18.8,0.0,5.7,233,14.8,1019.8,207.7,206.3,3691.0,67.8,169.0,0.0
2024-12-09 21:00:00,0.2,27,-16.5,0.0,3.6,233,10.4,1020.5,190.0,189.1,5265.0,66.8,161.3,0.0
2024-12-09 22:00:00,-0.3,29,-16.1,0.0,2.8,235,6.8,1020.9,176.5,175.1,7253.0,65.2,150.0,0.0
2024-12-09 23:00:00,-0.6,32,-15.4,0.0,1.1,288,4.3,1021.1,162.5,161.1,8193.0,63.3,136.0,0.0
2024-12-10 00:00:00,-0.5,31,-15.5,0.0,2.6,309,3.6,1021.2,137.4,136.4,7143.0,60.9,117.4,0.0
2024-12-10 01:00:00,-0.6,32,-15.5,0.0,2.7,340,4.0,1021.6,117.8,116.9,5044.0,58.2,96.2,0.0
2024-12-10 02:00:00,-0.4,31,-15.4,0.0,7.0,32,14.4,1021.6,100.1,99.0,3254.0,55.3,79.3,0.0
2024-12-10 03:00:00,-0.9,36,-14.0,0.0,7.3,28,15.1,1021.7,88.9,87.5,2207.0,52.1,68.2,1.0
2024-12-10 04:00:00,-1.2,39,-13.3,0.0,7.3,33,14.8,1021.5,79.9,78.5,1470.0,48.7,61.3,1.0
2024-12-10 05:00:00,-1.4,41,-12.9,0.0,6.8,32,14.4,1021.5,75.9,74.7,1098.0,45.9,60.8,2.0
2024-12-10 06:00:00,-1.5,42,-12.9,0.0,7.8,40,14.4,1021.6,79.4,78.2,1257.0,44.2,71.7,2.0
2024-12-10 07:00:00,-1.8,43,-12.8,0.0,8.9,38,17.6,1021.9,104.3,102.9,1783.0,43.2,88.9,1.0
2024-12-10 08:00:00,-2.0,44,-12.6,0.0,8.0,28,17.6,1023.3,120.1,119.7,2236.0,44.6,109.0,2.0
2024-12-10 09:00:00,-2.6,52,-11.1,0.0,7.8,23,18.4,1024.2,125.3,124.8,2523.0,43.5,102.4,6.0
2024-12-10 10:00:00,-1.2,47,-11.1,0.0,6.7,9,16.6,1024.6,97.3,95.9,2738.0,41.8,92.6,12.0
2024-12-10 11:00:00,0.8,41,-11.0,0.0,6.3,7,17.3,1024.8,75.2,72.4,2728.0,40.0,80.9,19.0
2024-12-10 12:00:00,2.5,36,-11.1,0.0,6.1,19,17.6,1023.5,54.8,50.2,2200.0,36.5,61.8,29.0
2024-12-10 13:00:00,3.7,32,-11.4,0.0,5.7,35,16.6,1022.6,40.2,34.8,1447.0,32.7,40.7,39.0
2024-12-10 14:00:00,4.3,30,-11.6,0.0,6.8,32,17.6,1021.7,35.9,30.2,1193.0,33.5,35.3,42.0
2024-12-10 15:00:00,4.1,31,-11.7,0.0,5.4,42,16.9,1021.3,39.1,33.3,1885.0,43.1,55.8,31.0
2024-12-10 16:00:00,2.9,34,-11.4,0.0,3.5,69,11.9,1021.5,98.7,93.4,3076.0,57.2,92.0,13.0
2024-12-10 17:00:00,2.3,34,-11.9,0.0,4.4,187,9.0,1022.8,191.4,185.3,4155.0,67.4,131.2,0.0
2024-12-10 18:00:00,1.5,36,-12.0,0.0,6.1,223,11.5,1023.8,254.3,248.7,4974.0,69.9,174.9,0.0
2024-12-10 19:00:00,0.6,40,-11.6,0.0,4.0,249,11.2,1024.4,283.1,276.6,5680.0,68.5,221.6,0.0
2024-12-10 20:00:00,0.5,40,-11.6,0.0,3.3,276,5.4,1024.9,343.7,340.9,6108.0,63.3,277.7,0.0
2024-12-10 21:00:00,0.9,41,-10.8,0.0,5.7,13,9.7,1025.4,342.7,339.9,6254.0,61.8,305.3,0.0
2024-12-10 22:00:00,0.9,41,-10.8,0.0,5.7,11,11.2,1025.3,327.8,325.0,6122.0,59.7,341.1,0.0
2024-12-10 23:00:00,0.9,41,-10.8,0.0,5.1,8,10.1,1026.0,311.1,309.2,5551.0,57.6,352.2,0.0
2024-12-11 00:00:00,0.6,42,-10.8,0.0,6.7,14,11.9,1026.4,269.2,267.3,4182.0,55.6,317.1,0.0
2024-12-11 01:00:00,0.5,42,-10.9,0.0,7.8,23,14.4,1026.0,241.2,239.3,2376.0,53.6,257.3,0.0
2024-12-11 02:00:00,0.3,42,-10.9,0.0,8.9,28,17.3,1026.2,210.5,208.2,1050.0,51.7,203.6,0.0
2024-12-11 03:00:00,0.3,43,-10.9,0.0,8.5,27,17.6,1026.3,177.0,175.1,559.0,49.7,163.0,0.0
2024-12-11 04:00:00,0.1,44,-10.9,0.0,6.7,36,16.9,1026.5,143.9,141.6,550.0,47.8,128.5,1.0
2024-12-11 05:00:00,-0.1,44,-10.9,0.0,6.3,55,12.6,1026.5,121.1,118.3,880.0,46.2,110.4,1.0
2024-12-11 06:00:00,-0.2,45,-10.9,0.0,5.5,49,11.9,1026.9,116.4,113.6,1814.0,45.0,121.8,1.0
2024-12-11 07:00:00,-0.5,46,-10.9,0.0,5.2,56,9.4,1027.5,145.8,142.5,3087.0,44.2,149.5,0.0
2024-12-11 08:00:00,-0.5,45,-10.9,0.0,5.2,49,10.1,1027.9,238.4,236.1,3762.0,38.3,211.8,0.0
2024-12-11 09:00:00,0.4,46,-9.8,0.0,6.2,44,11.5,1028.6,213.7,211.4,3253.0,39.8,179.0,3.0
2024-12-11 10:00:00,1.4,41,-10.4,0.0,5.4,40,14.4,1028.4,121.5,117.8,2145.0,41.9,133.4,8.0
2024-12-11 11:00:00,2.3,36,-11.1,0.0,5.1,48,15.5,1027.9,81.5,77.8,1261.0,43.8,97.1,12.0
2024-12-11 12:00:00,3.0,32,-12.0,0.0,3.6,57,15.5,1026.8,63.8,60.8,882.0,44.7,77.9,17.0
2024-12-11 13:00:00,3.5,30,-12.6,0.0,2.3,94,12.6,1025.7,56.3,53.3,726.0,45.5,67.9,21.0
2024-12-11 14:00:00,3.8,27,-13.4,0.0,2.2,132,10.4,1024.8,54.7,52.2,769.0,47.9,66.0,22.0
2024-12-11 15:00:00,3.9,26,-13.9,0.0,2.5,150,10.1,1024.3,56.5,54.4,1072.0,53.9,70.5,17.0
2024-12-11 16:00:00,3.8,26,-14.2,0.0,4.1,167,9.7,1024.3,71.7,69.4,1574.0,61.5,83.1,8.0
2024-12-11 17:00:00,3.0,28,-13.9,0.0,5.0,161,9.0,1024.6,129.5,127.1,2070.0,66.7,107.3,1.0
2024-12-11 18:00:00,2.4,30,-13.4,0.0,4.8,155,10.1,1024.8,192.3,190.0,2586.0,67.2,150.6,0.0
2024-12-11 19:00:00,1.8,32,-13.1,0.0,4.0,159,8.3,1024.9,248.7,246.8,3094.0,65.3,205.6,0.0
2024-12-11 20:00:00,1.3,33,-13.1,0.0,4.8,169,9.4,1025.1,278.5,276.6,3311.0,58.3,229.9,0.0
2024-12-11 21:00:00,0.5,44,-10.5,0.0,7.4,180,14.0,1025.9,317.6,315.7,3021.0,57.9,249.2,0.0
2024-12-11 22:00:00,-0.2,54,-8.4,0.0,6.8,182,14.4,1025.6,312.0,310.1,2439.0,57.2,274.1,0.0
2024-12-11 23:00:00,-0.6,63,-6.8,0.0,6.2,188,13.0,1025.8,280.3,278.5,1922.0,56.5,281.0,0.0
2024-12-12 00:00:00,-1.0,69,-6.0,0.0,6.6,193,13.7,1025.7,236.1,234.2,1550.0,55.7,251.8,0.0
2024-12-12 01:00:00,-1.5,74,-5.4,0.0,6.3,195,14.0,1025.3,210.5,208.2,1243.0,54.7,204.6,0.0
2024-12-12 02:00:00,-1.8,78,-5.1,0.0,3.6,177,13.0,1024.6,202.1,199.8,1124.0,53.6,169.6,0.0
2024-12-12 03:00:00,-2.0,83,-4.6,0.0,0.4,117,7.2,1024.1,201.6,199.8,1196.0,52.3,154.3,0.0
2024-12-12 04:00:00,-2.2,81,-5.1,0.0,2.5,360,5.4,1023.8,204.9,203.0,1455.0,50.8,151.2,0.0
2024-12-12 05:00:00,-2.5,82,-5.2,0.0,1.4,310,5.0,1023.8,209.5,207.7,2012.0,49.2,167.7,0.0
2024-12-12 06:00:00,-2.8,82,-5.4,0.0,3.7,35,6.1,1023.6,226.8,224.9,3159.0,47.1,224.6,0.0
2024-12-12 07:00:00,-2.9,81,-5.7,0.0,2.2,305,6.8,1024.2,301.7,299.9,4603.0,45.0,301.0,0.0
2024-12-12 08:00:00,-2.6,77,-6.1,0.0,4.0,5,7.6,1024.6,379.0,378.1,5574.0,41.3,335.1,0.0
2024-12-12 09:00:00,-3.4,81,-6.2,0.0,6.5,32,13.7,1024.9,276.6,275.7,5706.0,42.4,295.3,2.0
2024-12-12 10:00:00,-2.2,75,-6.2,0.0,2.6,39,11.2,1024.9,233.8,232.4,5365.0,44.1,240.0,4.0
2024-12-12 11:00:00,-0.6,65,-6.3,0.0,1.9,151,8.6,1024.4,172.3,170.4,4885.0,46.5,196.2,5.0
2024-12-12 12:00:00,0.6,60,-6.3,0.0,3.1,187,11.2,1023.6,149.9,147.1,4219.0,50.2,175.3,5.0
2024-12-12 13:00:00,1.1,57,-6.4,0.0,5.8,200,15.8,1022.5,129.5,126.2,3415.0,54.6,165.8,5.0
2024-12-12 14:00:00,1.9,52,-7.1,0.0,6.0,201,16.9,1022.0,124.8,121.1,2945.0,58.3,160.7,4.0
2024-12-12 15:00:00,2.0,52,-6.9,0.0,3.4,180,15.8,1021.4,130.4,126.2,3159.0,60.9,158.3,3.0
2024-12-12 16:00:00,1.8,55,-6.4,0.0,5.8,194,11.9,1020.8,161.1,157.4,3707.0,62.8,160.2,1.0
2024-12-12 17:00:00,1.2,59,-5.9,0.0,7.0,209,13.3,1020.9,193.2,190.0,4016.0,64.0,164.5,0.0
2024-12-12 18:00:00,1.2,61,-5.5,0.0,9.8,212,20.2,1021.3,215.1,211.4,3666.0,64.4,173.6,0.0
2024-12-12 19:00:00,1.4,62,-5.1,0.0,10.6,214,22.3,1021.1,229.6,225.8,3077.0,64.2,185.1,0.0
2024-12-12 20:00:00,1.1,64,-5.0,0.0,5.8,240,22.7,1021.3,251.5,248.7,2937.0,50.1,188.2,0.0
2024-12-12 21:00:00,0.1,70,-4.7,0.0,2.5,360,7.9,1022.5,245.9,243.1,3921.0,52.2,184.6,0.0
2024-12-12 22:00:00,-0.3,70,-5.1,0.0,4.9,332,9.4,1022.6,234.7,232.8,5353.0,55.0,177.8,0.0
2024-12-12 23:00:00,-0.2,63,-6.3,0.0,7.8,7,14.8,1022.9,202.1,200.2,5893.0,56.5,160.0,0.0
2024-12-13 00:00:00,0.0,51,-8.9,0.0,7.1,24,15.8,1023.0,139.2,137.4,4626.0,57.0,120.8,4.0
2024-12-13 01:00:00,-0.3,46,-10.5,0.0,4.4,38,13.7,1022.7,78.0,76.6,2468.0,56.2,70.5,11.0
2024-12-13 02:00:00,-0.7,43,-11.6,0.0,5.0,41,8.3,1022.7,45.3,43.3,826.0,51.8,32.5,19.0
2024-12-13 03:00:00,-0.9,39,-12.9,0.0,7.0,10,12.2,1022.7,33.4,28.9,302.0,39.1,17.3,32.0
2024-12-13 04:00:00,-1.1,35,-14.6,0.0,8.6,10,17.3,1022.9,31.2,21.3,296.0,22.7,14.4,47.0
2024-12-13 05:00:00,-1.5,34,-15.4,0.0,10.5,355,21.6,1023.2,32.6,18.3,408.0,14.1,15.8,54.0
2024-12-13 06:00:00,-1.8,33,-16.0,0.0,10.7,347,23.8,1023.6,33.5,19.4,592.0,21.9,21.9,44.0
2024-12-13 07:00:00,-2.1,33,-16.4,0.0,10.1,341,23.0,1024.2,42.1,30.6,896.0,37.5,32.2,27.0
2024-12-13 08:00:00,-2.2,32,-16.8,0.0,10.3,338,22.0,1024.9,52.4,40.0,1065.0,40.5,34.9,23.0
2024-12-13 09:00:00,-0.9,29,-16.5,0.0,11.1,335,25.6,1026.4,50.2,42.7,954.0,32.3,30.0,30.0
2024-12-13 10:00:00,0.0,27,-16.9,0.0,9.9,344,24.5,1027.0,27.7,21.6,709.0,21.1,23.2,41.0
2024-12-13 11:00:00,0.9,24,-17.6,0.0,13.3,339,33.1,1027.1,22.1,17.4,516.0,12.8,18.0,49.0
2024-12-13 12:00:00,1.6,22,-18.0,0.0,14.6,333,36.0,1026.5,18.9,15.4,438.0,9.2,15.6,54.0
2024-12-13 13:00:00,2.2,21,-18.1,0.0,15.0,328,37.1,1026.0,16.6,14.2,411.0,8.5,14.8,57.0
2024-12-13 14:00:00,2.7,20,-18.0,0.0,15.0,325,37.1,1025.5,15.1,13.6,432.0,12.1,15.8,55.0
2024-12-13 15:00:00,2.7,21,-17.7,0.0,13.4,323,36.0,1025.4,14.6,13.6,478.0,22.3,17.1,45.0
2024-12-13 16:00:00,2.3,22,-17.2,0.0,12.9,324,30.2,1025.3,16.4,15.7,572.0,36.6,20.2,31.0
2024-12-13 17:00:00,1.6,24,-16.9,0.0,12.1,325,29.9,1025.7,32.7,32.0,776.0,49.1,29.4,19.0
2024-12-13 18:00:00,1.0,25,-16.8,0.0,10.6,337,26.6,1026.1,71.2,70.5,1189.0,57.8,48.5,11.0
2024-12-13 19:00:00,0.3,27,-16.6,0.0,7.9,356,22.3,1026.6,103.4,102.4,1714.0,64.7,73.6,4.0
2024-12-13 20:00:00,-0.3,28,-16.7,0.0,7.0,21,15.1,1027.2,57.5,54.1,2115.0,50.5,47.4,20.0
2024-12-13 21:00:00,-0.3,29,-16.0,0.0,5.7,46,11.5,1028.7,81.3,77.3,2238.0,54.0,64.9,16.0
2024-12-13 22:00:00,-0.9,30,-16.2,0.0,4.0,69,10.4,1029.1,108.5,104.3,2239.0,58.9,88.7,10.0
2024-12-13 23:00:00,-1.4,33,-15.4,0.0,2.0,100,6.5,1029.5,128.5,123.4,2351.0,62.3,103.6,5.0
2024-12-14 00:00:00,-1.6,35,-14.9,0.0,1.5,120,2.9,1029.3,128.1,122.5,2708.0,63.3,102.0,3.0
2024-12-14 01:00:00,-1.8,34,-15.6,0.0,1.1,72,2.2,1028.7,127.6,122.0,3176.0,62.9,91.7,2.0
2024-12-14 02:00:00,-1.9,34,-15.6,0.0,3.1,28,6.1,1028.2,112.2,105.9,3588.0,60.9,80.5,3.0
2024-12-14 03:00:00,-2.1,38,-14.4,0.0,1.2,27,5.4,1028.1,92.0,85.0,3818.0,56.1,68.5,7.0
2024-12-14 04:00:00,-2.2,37,-14.9,0.0,1.2,243,1.8,1027.8,79.6,71.0,3993.0,49.6,55.6,14.0
2024-12-14 05:00:00,-2.3,36,-15.5,0.0,7.0,247,12.6,1027.6,73.8,62.6,4323.0,45.4,50.3,18.0
2024-12-14 06:00:00,-2.5,36,-15.6,0.0,7.6,242,15.5,1027.4,77.5,62.4,5211.0,46.7,61.5,17.0
2024-12-14 07:00:00,-3.0,37,-15.5,0.0,4.6,193,14.4,1027.4,104.5,85.2,6255.0,50.1,80.1,13.0
2024-12-14 08:00:00,-3.2,38,-15.4,0.0,0.8,135,8.6,1027.4,134.1,112.2,6459.0,45.7,92.2,19.0
2024-12-14 09:00:00,-2.8,44,-13.2,0.0,1.5,7,2.2,1028.2,137.8,119.7,5030.0,37.7,72.8,29.0
2024-12-14 10:00:00,-0.4,30,-16.0,0.0,4.1,75,9.4,1027.5,80.8,56.3,2761.0,26.6,46.0,44.0
2024-12-14 11:00:00,1.0,24,-17.4,0.0,7.4,331,19.1,1026.8,50.6,28.5,1034.0,18.1,25.6,56.0
2024-12-14 12:00:00,2.4,19,-19.1,0.0,11.2,303,27.7,1025.0,39.3,22.5,392.0,12.8,16.5,65.0
2024-12-14 13:00:00,3.4,17,-19.6,0.0,13.5,297,32.4,1023.4,32.5,19.6,291.0,10.1,13.8,71.0
2024-12-14 14:00:00,3.9,15,-20.6,0.0,12.3,301,32.8,1022.5,28.5,18.5,486.0,13.9,16.1,69.0
2024-12-14 15:00:00,4.0,15,-20.5,0.0,8.0,298,28.8,1021.8,27.1,19.1,1039.0,29.3,24.1,53.0
2024-12-14 16:00:00,3.1,16,-20.2,0.0,6.2,282,18.0,1021.6,36.6,30.3,1886.0,51.2,37.3,28.0
2024-12-14 17:00:00,1.6,19,-19.6,0.0,7.0,228,13.3,1021.4,77.1,72.4,2593.0,67.8,52.5,9.0
2024-12-14 18:00:00,0.3,24,-17.8,0.0,8.6,219,15.8,1021.4,103.8,99.9,2900.0,73.8,71.2,2.0
2024-12-14 19:00:00,-0.2,26,-17.4,0.0,7.9,235,16.2,1021.6,123.4,119.7,3066.0,74.6,92.0,0.0
2024-12-14 20:00:00,-0.4,26,-17.5,0.0,6.3,246,14.8,1021.7,145.3,140.2,3433.0,74.7,115.5,0.0
2024-12-14 21:00:00,0.3,28,-16.2,0.0,5.2,239,11.2,1022.0,149.0,144.4,4342.0,74.7,117.5,0.0
2024-12-14 22:00:00,-0.5,30,-15.9,0.0,3.0,256,9.4,1021.3,145.3,140.6,5451.0,74.6,119.7,0.0
2024-12-14 23:00:00,-0.8,32,-15.4,0.0,1.5,256,4.3,1021.3,136.0,131.3,6078.0,72.9,118.0,0.0
2024-12-15 00:00:00,-1.1,33,-15.5,0.0,1.5,249,2.9,1021.2,120.1,114.8,5904.0,68.6,109.2,3.0
2024-12-15 01:00:00,-1.1,33,-15.4,0.0,1.6,333,2.5,1020.9,114.6,108.0,5248.0,62.8,96.5,8.0
2024-12-15 02:00:00,-0.8,30,-16.0,0.0,2.7,360,3.6,1020.9,114.6,106.9,4386.0,57.4,84.8,12.0
2024-12-15 03:00:00,0.2,25,-17.6,0.0,5.7,9,7.9,1021.2,112.5,102.9,3171.0,52.2,73.0,16.0
2024-12-15 04:00:00,0.5,24,-18.0,0.0,6.7,5,11.9,1021.1,103.8,92.2,1749.0,47.3,62.2,19.0
2024-12-15 05:00:00,0.4,23,-18.1,0.0,8.1,359,14.8,1021.1,93.1,78.0,839.0,45.6,60.7,20.0
2024-12-15 06:00:00,0.2,24,-18.2,0.0,8.0,5,15.5,1021.3,92.2,73.8,910.0,50.8,79.5,14.0
2024-12-15 07:00:00,-0.2,24,-18.2,0.0,7.2,18,14.8,1021.6,129.9,109.0,1493.0,59.2,107.6,5.0
2024-12-15 08:00:00,-0.3,25,-18.2,0.0,7.3,23,13.3,1022.0,212.8,190.9,1897.0,62.2,145.5,2.0
2024-12-15 09:00:00,0.3,25,-17.2,0.0,7.2,14,14.4,1022.8,244.9,229.1,1811.0,54.0,116.4,14.0
2024-12-15 10:00:00,1.9,22,-17.5,0.0,7.5,35,16.9,1022.8,165.3,136.4,1546.0,42.5,76.1,31.0
2024-12-15 11:00:00,3.4,19,-18.0,0.0,5.7,24,15.8,1022.5,91.7,51.7,1344.0,32.9,44.8,45.0
2024-12-15 12:00:00,4.3,18,-18.2,0.0,2.9,22,15.5,1021.4,68.7,34.9,1292.0,25.2,29.4,55.0
2024-12-15 13:00:00,4.9,17,-18.4,0.0,2.4,167,9.4,1020.4,53.6,28.9,1303.0,19.4,22.9,62.0
2024-12-15 14:00:00,4.8,18,-17.9,0.0,6.7,183,17.6,1019.7,43.7,26.1,1352.0,20.8,24.4,61.0
2024-12-15 15:00:00,4.1,19,-17.4,0.0,6.7,214,18.7,1019.2,38.5,26.1,1413.0,35.7,36.6,44.0
2024-12-15 16:00:00,3.2,22,-16.5,0.0,9.7,241,20.2,1019.1,61.0,53.0,1513.0,57.8,56.7,19.0
2024-12-15 17:00:00,2.3,25,-15.9,0.0,9.8,240,20.5,1018.9,109.0,102.4,1704.0,73.7,75.9,1.0
2024-12-15 18:00:00,1.9,26,-15.7,0.0,8.5,228,19.1,1019.0,132.2,126.7,1953.0,76.9,92.2,0.0
2024-12-15 19:00:00,1.5,27,-15.6,0.0,7.8,220,16.6,1019.0,146.7,141.6,2294.0,73.9,107.5,0.0
2024-12-15 20:00:00,1.1,28,-15.5,0.0,6.9,219,14.8,1018.9,160.2,159.7,2883.0,67.8,131.1,0.0
2024-12-15 21:00:00,1.5,32,-13.4,0.0,7.2,219,14.8,1019.0,161.6,160.7,4183.0,67.0,136.2,0.0
2024-12-15 22:00:00,1.1,33,-13.2,0.0,6.5,228,13.3,1018.6,165.3,164.4,5730.0,65.8,142.2,0.0
2024-12-15 23:00:00,0.1,36,-13.2,0.0,2.9,263,11.5,1018.8,159.7,158.8,6289.0,64.6,139.5,0.0
2024-12-16 00:00:00,-0.2,35,-13.9,0.0,4.9,321,5.4,1018.5,135.5,134.1,4925.0,63.6,119.8,0.0
2024-12-16 01:00:00,0.9,28,-15.6,0.0,8.7,355,15.1,1018.3,111.8,109.9,2574.0,62.6,91.4,1.0
2024-12-16 02:00:00,1.3,27,-15.8,0.0,9.9,5,19.4,1018.3,92.4,89.9,805.0,60.7,69.5,2.0
2024-12-16 03:00:00,1.0,28,-15.6,0.0,10.0,14,19.8,1018.4,83.6,80.6,287.0,57.2,58.8,4.0
2024-12-16 04:00:00,0.6,28,-15.6,0.0,10.1,12,20.2,1018.2,79.9,76.4,351.0,52.8,54.5,6.0
2024-12-16 05:00:00,0.4,29,-15.6,0.0,9.9,16,20.2,1018.1,79.4,75.7,565.0,49.6,57.6,7.0
2024-12-16 06:00:00,0.3,29,-15.5,0.0,9.7,25,20.2,1018.3,83.6,80.1,891.0,48.8,73.8,5.0
2024-12-16 07:00:00,0.2,30,-15.5,0.0,9.7,29,19.4,1018.5,112.0,108.3,1367.0,49.0,97.3,2.0
2024-12-16 08:00:00,0.4,29,-15.5,0.0,9.7,24,19.8,1019.2,102.4,102.0,1673.0,48.9,94.7,3.0
2024-12-16 09:00:00,1.0,31,-14.4,0.0,7.9,21,17.3,1019.4,125.7,124.8,1633.0,46.6,92.3,7.0
2024-12-16 10:00:00,2.1,27,-14.8,0.0,6.6,13,16.9,1019.7,102.0,98.7,1425.0,43.3,88.5,14.0
2024-12-16 11:00:00,3.2,24,-15.2,0.0,4.5,40,16.2,1019.4,82.7,74.0,1258.0,39.9,81.3,21.0
2024-12-16 12:00:00,4.2,22,-15.4,0.0,3.6,37,13.0,1018.7,73.3,54.9,1176.0,34.7,64.0,33.0
2024-12-16 13:00:00,4.8,21,-15.6,0.0,2.7,48,11.9,1017.9,59.6,38.9,1135.0,29.5,43.3,46.0
2024-12-16 14:00:00,5.3,21,-15.6,0.0,0.5,135,9.0,1017.3,51.5,33.4,1221.0,30.3,37.8,50.0
2024-12-16 15:00:00,5.3,21,-15.5,0.0,4.1,182,11.2,1017.3,47.1,32.5,1414.0,43.1,61.3,38.0
2024-12-16 16:00:00,4.1,23,-15.1,0.0,7.9,196,15.8,1017.5,102.7,90.6,1733.0,61.9,100.0,17.0
2024-12-16 17:00:00,2.5,27,-14.8,0.0,8.2,221,16.2,1018.0,183.5,172.8,2319.0,75.4,130.4,1.0
2024-12-16 18:00:00,2.2,28,-14.4,0.0,8.5,222,16.2,1018.3,193.2,184.9,3579.0,77.9,142.3,0.0
2024-12-16 19:00:00,1.9,30,-14.0,0.0,6.6,237,16.2,1018.7,188.1,181.1,5107.0,75.1,145.9,0.0
2024-12-16 20:00:00,0.6,33,-13.8,0.0,3.1,291,11.5,1019.3,193.2,193.2,5826.0,65.7,161.1,0.0
2024-12-16 21:00:00,1.5,35,-12.2,0.0,3.2,297,5.0,1019.6,178.8,177.9,5021.0,65.6,161.0,0.0
2024-12-16 22:00:00,1.5,31,-13.8,0.0,6.1,330,10.1,1019.9,175.6,175.1,3408.0,65.4,159.6,0.0
2024-12-16 23:00:00,1.5,30,-14.1,0.0,11.0,14,21.6,1021.1,151.3,150.4,2056.0,64.8,148.6,0.0
2024-12-17 00:00:00,0.5,37,-12.6,0.0,9.5,29,22.0,1021.7,117.8,115.7,1355.0,63.6,119.0,1.0
2024-12-17 01:00:00,-0.2,39,-12.4,0.0,9.9,33,20.5,1022.3,85.2,81.3,916.0,62.0,79.9,2.0
2024-12-17 02:00:00,-0.6,40,-12.4,0.0,10.0,38,20.9,1023.1,65.9,60.3,638.0,60.1,50.6,3.0
2024-12-17 03:00:00,-1.0,42,-12.4,0.0,9.6,40,20.5,1023.4,58.3,52.5,501.0,57.5,37.5,3.0
2024-12-17 04:00:00,-1.4,43,-12.4,0.0,9.1,38,19.1,1023.8,56.2,51.0,525.0,54.6,34.1,3.0
2024-12-17 05:00:00,-1.5,44,-12.3,0.0,8.6,37,18.0,1024.0,58.2,53.6,678.0,52.2,40.2,3.0
2024-12-17 06:00:00,-1.7,44,-12.4,0.0,8.0,40,16.9,1024.5,67.1,62.4,1067.0,51.2,64.0,1.0
2024-12-17 07:00:00,-1.5,42,-12.9,0.0,8.1,37,15.5,1024.9,102.9,98.5,1583.0,50.7,97.2,0.0
2024-12-17 08:00:00,-1.3,38,-13.8,0.0,8.1,31,15.8,1025.5,131.3,129.9,1870.0,43.2,107.7,2.0
2024-12-17 09:00:00,-0.2,35,-13.9,0.0,6.3,35,18.4,1026.5,132.7,131.8,1721.0,36.9,83.6,16.0
2024-12-17 10:00:00,0.6,33,-13.9,0.0,7.3,38,19.4,1027.2,77.5,76.4,1343.0,28.2,50.4,35.0
2024-12-17 11:00:00,1.5,30,-14.2,0.0,7.3,28,20.2,1027.3,22.1,21.7,996.0,21.1,25.2,51.0
2024-12-17 12:00:00,2.5,23,-16.4,0.0,10.8,359,27.7,1026.7,15.8,15.6,731.0,15.3,14.7,61.0
2024-12-17 13:00:00,3.2,21,-17.2,0.0,12.8,349,32.4,1026.2,13.6,13.3,498.0,11.1,12.2,67.0
2024-12-17 14:00:00,3.7,20,-17.4,0.0,13.5,341,33.8,1025.9,12.8,12.5,408.0,13.7,14.9,65.0
2024-12-17 15:00:00,3.8,19,-17.6,0.0,13.0,334,33.8,1025.9,12.9,12.6,570.0,28.9,23.3,49.0
2024-12-17 16:00:00,3.7,18,-18.5,0.0,11.1,335,31.3,1026.3,17.2,17.0,875.0,50.8,36.8,24.0
2024-12-17 17:00:00,2.8,19,-18.5,0.0,9.1,339,25.9,1027.0,68.7,68.5,1102.0,67.2,50.7,6.0
2024-12-17 18:00:00,2.0,20,-18.5,0.0,7.2,6,19.1,1027.9,125.7,125.7,1174.0,73.2,67.0,0.0
2024-12-17 19:00:00,1.0,22,-18.4,0.0,10.4,360,21.6,1028.8,135.0,134.6,1168.0,73.7,83.7,0.0
2024-12-17 20:00:00,0.2,24,-18.0,0.0,13.4,354,29.9,1029.3,69.6,68.7,1096.0,58.8,57.3,15.0
2024-12-17 21:00:00,-0.1,27,-16.9,0.0,13.9,350,31.7,1029.8,45.8,44.9,923.0,50.9,48.7,23.0
2024-12-17 22:00:00,-0.6,29,-16.7,0.0,15.3,357,34.9,1030.3,34.7,34.0,685.0,39.9,36.9,34.0
2024-12-17 23:00:00,-0.9,29,-16.8,0.0,16.0,1,37.1,1030.8,29.8,29.2,497.0,31.3,27.8,42.0
2024-12-18 00:00:00,-1.2,29,-17.0,0.0,15.4,7,37.1,1030.9,24.2,23.6,402.0,27.1,23.6,45.0
2024-12-18 01:00:00,-1.6,30,-17.0,0.0,14.1,10,35.6,1031.2,23.2,22.6,357.0,25.4,22.2,44.0
2024-12-18 02:00:00,-1.8,30,-17.0,0.0,11.8,9,32.0,1031.7,25.4,24.8,351.0,25.8,22.8,41.0
2024-12-18 03:00:00,-2.2,31,-17.0,0.0,9.6,6,26.3,1031.8,29.7,29.0,362.0,29.1,24.6,35.0
2024-12-18 04:00:00,-2.5,32,-16.9,0.0,8.7,8,20.2,1031.6,34.2,33.5,411.0,34.5,28.5,26.0
2024-12-18 05:00:00,-2.7,33,-17.0,0.0,7.9,11,18.0,1031.8,39.8,39.1,558.0,39.9,36.8,18.0
2024-12-18 06:00:00,-2.8,33,-17.0,0.0,7.4,3,15.1,1031.9,48.1,47.3,924.0,45.8,55.7,11.0
2024-12-18 07:00:00,-3.0,33,-17.1,0.0,7.8,352,14.8,1032.0,75.4,74.7,1386.0,51.6,79.1,4.0
2024-12-18 08:00:00,-3.0,33,-17.2,0.0,8.9,354,17.6,1032.7,84.1,84.1,1638.0,54.5,76.9,5.0
2024-12-18 09:00:00,-3.3,34,-16.9,0.0,10.3,359,21.2,1033.5,88.0,88.0,1485.0,46.3,64.9,18.0
2024-12-18 10:00:00,-2.0,30,-17.5,0.0,9.4,4,22.3,1033.4,52.3,52.2,1120.0,35.1,48.2,36.0
2024-12-18 11:00:00,-0.7,26,-17.9,0.0,9.5,360,24.8,1033.3,28.0,27.8,817.0,26.4,35.2,50.0
2024-12-18 12:00:00,0.6,23,-18.3,0.0,9.3,350,25.2,1032.4,22.9,22.6,552.0,21.0,26.0,59.0
2024-12-18 13:00:00,1.8,20,-19.0,0.0,8.7,346,24.8,1031.9,20.3,20.0,349.0,18.2,20.4,64.0
2024-12-18 14:00:00,2.5,18,-19.6,0.0,7.0,347,23.4,1031.3,19.8,19.4,547.0,21.9,26.6,61.0
2024-12-18 15:00:00,3.0,17,-19.9,0.0,4.3,358,18.4,1031.4,21.1,20.6,1537.0,37.8,52.6,44.0
2024-12-18 16:00:00,1.6,21,-18.2,0.0,1.0,158,10.1,1031.2,51.0,50.5,2929.0,60.1,90.4,19.0
2024-12-18 17:00:00,0.3,22,-18.8,0.0,9.3,217,16.6,1031.3,168.1,167.6,3894.0,76.2,123.8,1.0
2024-12-18 18:00:00,-0.9,27,-17.4,0.0,8.0,214,18.7,1031.8,228.2,227.7,3889.0,79.7,149.4,0.0
2024-12-18 19:00:00,-1.0,28,-17.1,0.0,6.9,208,15.8,1031.9,235.6,235.2,3457.0,76.9,170.6,0.0
2024-12-18 20:00:00,-1.5,30,-16.6,0.0,3.2,232,13.0,1031.8,284.1,284.1,3393.0,69.0,269.5,0.0
2024-12-18 21:00:00,-1.4,34,-15.2,0.0,0.9,281,2.5,1032.1,265.4,264.5,4253.0,68.0,243.2,0.0
2024-12-18 22:00:00,-1.9,35,-15.4,0.0,1.8,233,2.5,1032.3,229.1,229.1,5482.0,66.5,206.0,0.0
2024-12-18 23:00:00,-2.3,36,-15.3,0.0,1.3,262,5.8,1032.5,188.1,187.7,6206.0,64.8,171.9,0.0
2024-12-19 00:00:00,-2.8,38,-15.4,0.0,0.5,45,2.2,1032.1,155.1,154.6,5880.0,63.0,144.0,0.0
2024-12-19 01:00:00,-3.2,41,-14.6,0.0,0.3,315,1.4,1031.4,138.8,138.3,5050.0,61.0,119.3,1.0
2024-12-19 02:00:00,-3.8,37,-16.3,0.0,1.3,344,2.2,1031.1,126.7,126.7,4479.0,58.8,102.1,1.0
2024-12-19 03:00:00,-4.2,40,-16.0,0.0,0.6,34,2.5,1030.7,116.9,116.4,4358.0,56.2,90.4,1.0
2024-12-19 04:00:00,-4.8,39,-16.6,0.0,0.7,346,1.1,1030.2,113.2,112.5,4497.0,53.5,86.3,2.0
2024-12-19 05:00:00,-5.1,37,-17.5,0.0,3.2,47,5.8,1029.3,120.1,119.2,5085.0,51.5,100.8,2.0
2024-12-19 06:00:00,-6.1,41,-17.2,0.0,2.6,56,5.8,1028.9,141.1,140.2,6599.0,50.5,153.9,1.0
2024-12-19 07:00:00,-6.5,42,-17.5,0.0,1.0,329,3.6,1029.1,208.2,207.2,8562.0,50.2,225.6,1.0
2024-12-19 08:00:00,-6.7,41,-17.8,0.0,1.6,27,2.5,1028.6,346.5,346.5,9735.0,46.4,304.1,1.0
2024-12-19 09:00:00,-6.2,51,-14.8,0.0,1.1,18,2.9,1028.9,367.9,367.9,9520.0,48.3,270.4,3.0
2024-12-19 10:00:00,-5.2,47,-14.9,0.0,1.8,37,5.8,1028.4,243.1,242.1,8515.0,51.2,223.0,7.0
2024-12-19 11:00:00,-3.8,42,-14.8,0.0,1.5,60,7.2,1027.6,158.8,157.9,7269.0,54.3,181.8,9.0
2024-12-19 12:00:00,-2.2,40,-14.1,0.0,1.5,111,8.3,1025.8,126.2,124.3,5741.0,57.8,153.2,10.0
2024-12-19 13:00:00,-0.6,39,-12.8,0.0,3.7,145,12.6,1024.3,103.4,101.3,3973.0,61.7,130.8,9.0
2024-12-19 14:00:00,0.8,36,-12.5,0.0,5.9,153,15.8,1022.7,84.5,82.4,2634.0,65.1,114.6,8.0
2024-12-19 15:00:00,1.4,29,-14.6,0.0,7.2,179,16.9,1022.0,74.3,71.9,2054.0,68.2,103.9,6.0
2024-12-19 16:00:00,1.0,28,-15.5,0.0,6.8,183,16.6,1021.5,79.4,77.1,1903.0,70.8,99.3,3.0
2024-12-19 17:00:00,0.4,29,-15.8,0.0,7.4,173,15.1,1021.1,106.6,104.8,1870.0,72.3,103.5,1.0
2024-12-19 18:00:00,0.1,29,-15.9,0.0,7.2,179,15.5,1021.0,139.2,137.4,1854.0,72.0,119.8,0.0
2024-12-19 19:00:00,-0.4,29,-16.1,0.0,9.0,179,18.7,1020.5,169.0,166.7,1954.0,70.5,144.8,0.0
2024-12-19 20:00:00,-0.9,31,-16.1,0.0,7.8,193,19.1,1020.6,201.6,199.3,2160.0,59.5,168.0,0.0
2024-12-19 21:00:00,-1.4,36,-14.5,0.0,5.4,194,11.9,1020.8,230.0,227.7,2468.0,58.9,182.3,0.0
2024-12-19 22:00:00,-1.8,38,-14.4,0.0,5.1,197,10.1,1020.2,244.9,242.1,2882.0,58.0,201.9,0.0
2024-12-19 23:00:00,-2.3,40,-14.1,0.0,2.8,235,9.4,1019.5,254.3,251.5,3395.0,56.8,214.4,0.0
2024-12-20 00:00:00,-3.2,45,-13.6,0.0,1.6,276,4.3,1019.0,254.3,252.4,4191.0,55.0,213.3,0.0
2024-12-20 01:00:00,-3.8,47,-13.6,0.0,1.9,311,2.9,1018.6,265.4,262.6,5086.0,52.8,205.2,0.0
2024-12-20 02:00:00,-4.4,49,-13.6,0.0,2.4,312,3.6,1018.4,277.5,275.7,5528.0,50.9,198.2,0.0
2024-12-20 03:00:00,-4.5,49,-13.6,0.0,3.6,333,6.1,1018.1,286.8,285.0,5061.0,49.5,196.9,0.0
2024-12-20 04:00:00,-5.0,52,-13.2,0.0,3.7,337,7.6,1017.7,281.3,279.4,4141.0,48.5,196.8,0.0
2024-12-20 05:00:00,-5.6,56,-13.1,0.0,5.2,346,9.4,1017.4,251.5,249.6,3582.0,47.4,192.1,0.0
2024-12-20 06:00:00,-6.1,58,-13.0,0.0,4.7,9,9.7,1017.5,210.0,209.1,3950.0,47.1,182.5,0.0
2024-12-20 07:00:00,-6.7,61,-12.9,0.0,5.1,27,10.1,1017.9,201.2,199.8,4678.0,46.9,168.5,0.0
2024-12-20 08:00:00,-6.9,62,-13.1,0.0,5.9,12,10.1,1018.4,211.9,209.1,4882.0,43.8,147.7,1.0
2024-12-20 09:00:00,-6.3,62,-12.4,0.0,7.2,6,14.0,1019.4,182.5,172.3,4005.0,39.4,114.1,11.0
2024-12-20 10:00:00,-3.0,47,-12.8,0.0,9.6,33,17.6,1019.6,178.3,148.5,2604.0,33.1,67.6,25.0
2024-12-20 11:00:00,-0.3,34,-14.2,0.0,8.4,34,20.5,1019.5,138.8,51.9,1467.0,26.9,31.8,38.0
2024-12-20 12:00:00,1.4,23,-17.8,0.0,12.1,345,29.9,1018.8,90.1,30.2,898.0,20.1,17.2,49.0
2024-12-20 13:00:00,1.8,19,-19.2,0.0,15.3,330,36.7,1018.1,67.8,24.3,593.0,13.3,13.3,59.0
2024-12-20 14:00:00,1.5,19,-19.5,0.0,18.1,320,42.8,1017.9,47.8,20.4,427.0,11.2,12.7,63.0
2024-12-20 15:00:00,0.9,19,-20.2,0.0,18.5,312,43.9,1018.2,31.1,17.1,409.0,17.8,14.1,57.0
2024-12-20 16:00:00,0.6,20,-20.1,0.0,16.2,312,42.5,1018.9,23.2,17.6,530.0,28.9,18.7,44.0
2024-12-20 17:00:00,-0.2,21,-20.0,0.0,14.1,314,38.2,1019.9,27.3,23.8,633.0,36.6,22.7,35.0
2024-12-20 18:00:00,-0.9,22,-19.9,0.0,13.6,326,32.4,1020.9,32.1,28.6,671.0,37.3,25.0,32.0
2024-12-20 19:00:00,-1.5,24,-19.5,0.0,13.8,339,31.3,1021.5,32.7,28.0,691.0,34.7,26.7,32.0
2024-12-20 20:00:00,-1.8,25,-19.0,0.0,14.9,345,34.2,1022.3,33.4,25.7,685.0,30.2,26.6,34.0
2024-12-20 21:00:00,-2.2,27,-18.8,0.0,17.0,342,39.2,1023.4,31.8,23.7,637.0,27.5,24.8,34.0
2024-12-20 22:00:00,-2.5,27,-19.1,0.0,16.9,343,40.0,1023.9,30.9,23.1,563.0,23.6,22.2,34.0
2024-12-20 23:00:00,-2.9,27,-19.5,0.0,16.2,346,39.2,1024.4,27.5,20.5,499.0,19.8,19.5,35.0
2024-12-21 00:00:00,-3.2,27,-19.5,0.0,14.6,344,37.1,1025.1,21.9,15.4,456.0,16.3,16.5,39.0
2024-12-21 01:00:00,-3.3,28,-19.4,0.0,12.6,346,33.1,1025.6,19.7,14.1,422.0,12.9,13.3,45.0
2024-12-21 02:00:00,-3.5,28,-19.3,0.0,12.1,350,28.4,1026.2,18.7,14.1,399.0,10.5,11.2,50.0
2024-12-21 03:00:00,-3.6,29,-19.2,0.0,12.5,354,28.1,1026.6,18.3,15.0,370.0,8.7,10.2,55.0
2024-12-21 04:00:00,-3.9,29,-19.5,0.0,12.8,359,28.8,1026.8,18.1,15.7,351.0,7.9,10.3,59.0
2024-12-21 05:00:00,-4.3,29,-19.9,0.0,13.0,4,28.8,1027.0,18.0,16.2,392.0,10.5,12.7,58.0
2024-12-21 06:00:00,-4.7,29,-20.1,0.0,13.3,2,29.5,1027.3,19.7,18.3,553.0,20.5,19.8,48.0
2024-12-21 07:00:00,-4.9,29,-20.3,0.0,13.9,360,31.0,1027.9,29.9,28.3,774.0,34.0,29.3,34.0
2024-12-21 08:00:00,-5.1,29,-20.3,0.0,12.8,357,31.0,1028.7,35.9,34.9,926.0,37.3,30.8,32.0
2024-12-21 09:00:00,-5.0,30,-20.0,0.0,10.3,360,31.7,1030.2,43.4,42.3,948.0,32.1,29.7,37.0
2024-12-21 10:00:00,-4.0,27,-20.4,0.0,8.6,10,21.6,1030.5,33.9,32.7,902.0,24.8,28.2,45.0
2024-12-21 11:00:00,-2.7,23,-20.8,0.0,7.8,347,22.7,1030.2,28.3,27.2,841.0,19.3,26.4,51.0
2024-12-21 12:00:00,-1.1,20,-21.1,0.0,7.3,318,21.6,1029.0,24.4,23.4,727.0,15.9,23.6,56.0
2024-12-21 13:00:00,0.2,18,-21.2,0.0,7.6,313,21.6,1028.1,21.7,21.0,599.0,14.2,20.6,60.0
2024-12-21 14:00:00,0.9,17,-21.1,0.0,7.1,306,21.2,1027.5,20.4,19.8,623.0,16.8,20.0,59.0
2024-12-21 15:00:00,1.2,18,-20.9,0.0,7.1,297,19.4,1027.6,20.0,19.4,953.0,26.9,22.2,48.0
2024-12-21 16:00:00,0.8,19,-20.4,0.0,4.7,288,16.9,1027.7,25.0,24.3,1437.0,41.3,26.8,32.0
2024-12-21 17:00:00,-0.2,21,-20.0,0.0,4.8,301,9.4,1027.9,42.7,41.9,1781.0,53.5,35.9,18.0
2024-12-21 18:00:00,-0.8,22,-19.7,0.0,6.3,333,10.8,1028.0,67.5,66.8,1838.0,61.2,51.4,10.0
2024-12-21 19:00:00,-1.1,24,-19.3,0.0,7.4,347,13.3,1028.3,87.5,86.6,1755.0,66.6,71.3,4.0
2024-12-21 20:00:00,-1.3,25,-18.9,0.0,7.4,356,13.3,1028.3,93.8,93.1,1686.0,66.6,78.9,4.0
2024-12-21 21:00:00,-1.1,27,-17.6,0.0,8.5,6,18.4,1028.8,122.5,121.5,1723.0,67.3,97.1,3.0
2024-12-21 22:00:00,-1.6,29,-17.1,0.0,6.7,20,16.2,1028.9,148.1,147.1,1772.0,68.0,121.4,2.0
2024-12-21 23:00:00,-2.0,31,-16.9,0.0,6.0,29,12.2,1029.4,158.8,157.4,1707.0,67.2,133.1,1.0
2024-12-22 00:00:00,-2.3,32,-16.9,0.0,7.3,30,14.0,1029.4,136.9,136.0,1400.0,63.9,120.5,2.0
2024-12-22 01:00:00,-2.8,33,-17.0,0.0,7.5,33,15.1,1029.2,112.0,111.1,978.0,59.0,95.4,4.0
2024-12-22 02:00:00,-3.1,33,-17.1,0.0,7.2,35,14.8,1029.0,94.1,93.1,693.0,54.2,74.7,6.0
2024-12-22 03:00:00,-3.2,33,-17.2,0.0,7.1,30,14.4,1028.8,81.5,80.8,496.0,49.4,63.7,8.0
2024-12-22 04:00:00,-3.4,33,-17.4,0.0,6.4,27,14.0,1028.4,73.6,73.1,435.0,44.5,57.1,9.0
2024-12-22 05:00:00,-3.5,33,-17.5,0.0,4.8,34,11.5,1028.2,68.9,68.5,908.0,41.5,56.0,10.0
2024-12-22 06:00:00,-4.1,35,-17.1,0.0,3.0,38,8.6,1027.8,68.5,68.0,2524.0,41.8,64.5,8.0
2024-12-22 07:00:00,-4.4,36,-17.4,0.0,3.4,32,4.7,1027.8,87.1,86.4,4673.0,43.8,78.5,4.0
2024-12-22 08:00:00,-4.8,37,-17.1,0.0,3.0,33,5.4,1028.0,85.9,85.9,5923.0,39.5,82.5,5.0
2024-12-22 09:00:00,-5.6,44,-16.0,0.0,1.7,311,4.7,1029.4,93.1,92.9,5414.0,38.0,78.8,11.0
2024-12-22 10:00:00,-4.1,36,-17.1,0.0,0.6,18,4.3,1029.2,78.9,78.7,4006.0,36.1,73.7,20.0
2024-12-22 11:00:00,-2.4,31,-17.2,0.0,1.0,22,7.2,1029.0,58.9,58.6,2848.0,35.1,68.7,28.0
2024-12-22 12:00:00,-0.8,27,-17.4,0.0,0.8,225,7.6,1027.5,44.8,44.4,2346.0,34.5,62.5,36.0
2024-12-22 13:00:00,0.5,25,-17.3,0.0,2.0,243,10.1,1025.9,41.3,40.6,2094.0,34.9,56.5,43.0
2024-12-22 14:00:00,1.3,24,-17.2,0.0,2.7,247,10.8,1024.7,41.4,40.6,2027.0,39.1,56.9,44.0
2024-12-22 15:00:00,1.6,23,-17.2,0.0,4.0,234,11.2,1024.1,45.3,44.2,2199.0,50.9,67.8,32.0
2024-12-22 16:00:00,1.1,24,-17.0,0.0,5.5,232,11.5,1024.0,78.0,77.1,2555.0,66.5,85.2,14.0
2024-12-22 17:00:00,0.2,26,-16.9,0.0,7.1,227,13.3,1024.2,122.9,122.0,2869.0,77.6,102.7,1.0
2024-12-22 18:00:00,-0.3,28,-16.7,0.0,8.2,218,15.5,1024.1,141.1,140.2,2886.0,80.1,119.6,0.0
2024-12-22 19:00:00,-0.9,29,-16.6,0.0,8.3,214,16.9,1024.0,162.5,161.6,2861.0,78.0,136.8,0.0
2024-12-22 20:00:00,-1.2,30,-16.6,0.0,4.4,238,15.5,1024.1,174.2,173.7,3329.0,71.8,142.0,0.0
2024-12-22 21:00:00,-1.5,37,-14.4,0.0,2.0,260,7.9,1024.6,203.5,203.0,4861.0,70.6,149.8,0.0
2024-12-22 22:00:00,-1.9,38,-14.4,0.0,1.3,262,2.9,1024.6,212.3,211.9,6887.0,68.9,159.5,0.0
2024-12-22 23:00:00,-2.3,39,-14.4,0.0,1.5,240,2.5,1024.8,190.0,189.5,8225.0,66.9,159.3,0.0
2024-12-23 00:00:00,-2.8,40,-14.4,0.0,1.3,270,2.5,1024.7,153.2,152.7,8400.0,64.9,139.9,0.0
2024-12-23 01:00:00,-3.3,42,-14.4,0.0,0.6,236,2.2,1024.5,127.6,127.1,7888.0,62.6,110.6,0.0
2024-12-23 02:00:00,-3.8,43,-14.5,0.0,0.6,252,1.4,1024.5,111.8,111.3,6940.0,59.9,86.9,0.0
2024-12-23 03:00:00,-3.8,40,-15.6,0.0,3.9,347,5.4,1024.8,103.6,103.4,5259.0,56.2,74.1,1.0
2024-12-23 04:00:00,-3.7,36,-16.8,0.0,6.8,358,11.9,1024.4,94.3,94.1,3143.0,52.0,66.9,3.0
2024-12-23 05:00:00,-4.1,36,-17.0,0.0,7.7,9,14.0,1024.2,85.0,84.8,1736.0,48.7,65.7,4.0
2024-12-23 06:00:00,-4.4,37,-17.0,0.0,8.0,10,14.4,1024.3,79.6,79.2,1711.0,47.1,73.8,3.0
2024-12-23 07:00:00,-4.7,37,-17.1,0.0,8.8,15,16.6,1024.8,97.6,97.1,2396.0,46.5,87.9,1.0
2024-12-23 08:00:00,-4.8,37,-17.2,0.0,8.4,20,16.6,1025.2,104.8,104.8,2916.0,47.9,95.3,3.0
2024-12-23 09:00:00,-3.8,38,-16.1,0.0,8.7,17,18.4,1026.1,112.0,111.8,2952.0,46.6,95.7,8.0
2024-12-23 10:00:00,-2.5,34,-16.4,0.0,6.7,24,18.4,1026.6,107.1,106.9,2824.0,44.9,95.7,14.0
2024-12-23 11:00:00,-0.9,29,-16.5,0.0,3.7,39,13.7,1026.5,90.1,89.6,2614.0,43.3,91.4,22.0
2024-12-23 12:00:00,1.0,25,-16.7,0.0,3.4,25,12.2,1025.9,58.8,58.1,2161.0,40.6,75.1,33.0
2024-12-23 13:00:00,2.5,22,-16.9,0.0,2.5,360,11.9,1024.9,41.9,41.2,1627.0,38.1,54.6,45.0
2024-12-23 14:00:00,3.2,21,-17.0,0.0,0.4,243,9.4,1024.5,37.5,36.7,1581.0,40.4,49.2,49.0
2024-12-23 15:00:00,3.2,21,-16.9,0.0,2.4,193,7.6,1024.3,39.8,38.9,2216.0,52.0,68.6,37.0
2024-12-23 16:00:00,2.2,23,-16.8,0.0,5.0,210,9.4,1024.7,97.6,96.6,3339.0,68.4,103.1,16.0
2024-12-23 17:00:00,0.9,25,-16.8,0.0,4.5,209,10.1,1025.0,189.1,188.1,4944.0,80.3,143.6,1.0
2024-12-23 18:00:00,0.2,27,-16.8,0.0,3.3,229,8.3,1025.3,259.8,258.9,7536.0,83.2,192.7,0.0
2024-12-23 19:00:00,-0.5,30,-15.9,0.0,1.8,264,5.8,1025.7,305.5,304.5,10609.0,81.7,247.7,0.0
2024-12-23 20:00:00,-0.8,31,-15.7,0.0,0.4,360,2.5,1026.1,321.3,320.4,12642.0,73.9,295.8,0.0
2024-12-23 21:00:00,-1.1,35,-14.9,0.0,0.6,252,2.9,1026.5,311.1,310.1,12876.0,73.4,292.6,0.0
2024-12-23 22:00:00,-1.5,39,-13.9,0.0,0.6,198,1.4,1026.7,317.6,316.6,12070.0,72.6,287.4,0.0
2024-12-23 23:00:00,-2.1,36,-15.2,0.0,1.1,81,2.2,1026.8,309.2,308.3,10972.0,71.6,277.4,0.0
2024-12-24 00:00:00,-2.8,37,-15.4,0.0,1.9,22,2.5,1026.8,282.2,281.3,9647.0,70.3,258.4,0.0
2024-12-24 01:00:00,-3.4,38,-15.6,0.0,4.0,5,6.1,1026.6,272.9,271.9,8030.0,68.7,234.7,0.0
2024-12-24 02:00:00,-4.2,41,-15.4,0.0,5.9,360,11.2,1026.4,276.6,275.7,6679.0,66.9,215.9,0.0
2024-12-24 03:00:00,-5.0,45,-15.1,0.0,7.4,354,13.3,1026.3,267.3,266.4,5706.0,64.8,203.7,0.0
2024-12-24 04:00:00,-5.4,48,-14.9,0.0,6.5,352,14.0,1025.7,254.3,253.3,4999.0,62.6,196.5,0.0
2024-12-24 05:00:00,-5.8,49,-14.8,0.0,4.1,358,11.9,1025.5,235.2,234.7,4776.0,60.2,198.9,0.0
2024-12-24 06:00:00,-5.7,49,-14.8,0.0,4.0,5,6.8,1025.0,234.2,233.3,5431.0,56.9,220.2,0.0
2024-12-24 07:00:00,-6.0,50,-14.6,0.0,5.4,4,9.7,1024.5,262.6,262.6,6571.0,53.4,251.1,0.0
2024-12-24 08:00:00,-6.4,52,-14.8,0.0,3.9,336,9.7,1025.1,320.4,319.4,7236.0,48.0,353.5,0.0
2024-12-24 09:00:00,-5.6,55,-13.2,0.0,2.5,339,7.2,1025.5,382.8,381.8,6951.0,52.7,331.6,3.0
2024-12-24 10:00:00,-4.1,50,-13.1,0.0,2.4,13,6.5,1025.5,424.7,423.8,6192.0,59.5,300.5,7.0
2024-12-24 11:00:00,-1.9,45,-12.2,0.0,1.3,8,7.6,1024.9,228.6,226.8,5422.0,66.6,270.7,10.0
2024-12-24 12:00:00,0.0,39,-12.4,0.0,1.3,45,8.3,1023.6,177.0,174.6,4654.0,73.7,243.6,11.0
2024-12-24 13:00:00,1.4,34,-12.9,0.0,2.5,111,10.4,1022.3,149.9,147.1,3875.0,81.1,217.8,11.0
2024-12-24 14:00:00,2.1,32,-12.9,0.0,4.7,152,14.0,1021.1,128.5,125.3,3516.0,88.1,200.1,10.0
2024-12-24 15:00:00,2.5,31,-12.9,0.0,6.3,182,15.8,1020.7,117.8,114.8,3916.0,95.0,191.4,7.0
2024-12-24 16:00:00,2.0,33,-12.8,0.0,4.0,219,15.5,1019.9,139.2,136.9,4735.0,101.5,190.8,4.0
2024-12-24 17:00:00,1.2,35,-12.6,0.0,5.1,238,9.0,1019.9,195.6,193.2,5382.0,105.6,201.5,1.0
2024-12-24 18:00:00,0.8,36,-12.4,0.0,5.8,216,12.6,1019.9,258.0,255.2,5610.0,106.1,233.3,0.0
2024-12-24 19:00:00,0.4,38,-12.3,0.0,4.8,217,10.4,1020.3,289.6,286.8,5666.0,104.2,276.4,0.0
2024-12-24 20:00:00,-0.2,40,-12.2,0.0,4.4,215,8.3,1020.4,264.5,261.7,5698.0,84.3,248.5,0.0
2024-12-24 21:00:00,-0.7,44,-11.4,0.0,4.2,216,10.1,1021.3,262.6,259.8,5762.0,84.9,251.5,0.0
2024-12-24 22:00:00,-1.2,47,-11.2,0.0,3.1,242,6.1,1021.4,260.8,258.0,5803.0,85.6,254.3,0.0
2024-12-24 23:00:00,-2.0,49,-11.3,0.0,2.4,261,4.0,1021.4,255.2,252.4,5804.0,84.5,247.1,0.0
2024-12-25 00:00:00,-2.8,52,-11.4,0.0,1.4,293,3.2,1021.0,227.7,225.4,5751.0,80.5,220.5,0.0
2024-12-25 01:00:00,-3.5,55,-11.4,0.0,0.9,323,2.2,1020.9,209.5,207.7,5658.0,74.8,184.0,0.0
2024-12-25 02:00:00,-3.7,54,-11.7,0.0,2.9,360,6.5,1020.5,208.6,206.8,5546.0,69.1,155.8,0.0
2024-12-25 03:00:00,-4.5,58,-11.6,0.0,2.7,352,6.1,1020.0,205.8,204.0,5239.0,64.0,142.4,0.0
2024-12-25 04:00:00,-4.7,58,-11.6,0.0,1.3,34,4.0,1019.1,196.5,194.6,4914.0,58.9,137.4,0.0
2024-12-25 05:00:00,-4.9,58,-11.8,0.0,2.0,225,3.2,1019.0,181.6,179.7,5122.0,54.5,140.0,0.0
2024-12-25 06:00:00,-5.8,63,-11.8,0.0,2.7,242,6.1,1019.2,169.5,167.6,6608.0,50.8,156.6,0.0
2024-12-25 07:00:00,-6.3,65,-11.9,0.0,0.4,297,4.0,1019.5,200.7,199.3,8627.0,47.8,180.8,0.0
2024-12-25 08:00:00,-6.2,62,-12.2,0.0,3.2,3,6.1,1019.9,257.0,255.2,9503.0,38.3,183.3,1.0
2024-12-25 09:00:00,-5.3,62,-11.4,0.0,4.6,349,9.0,1020.4,242.1,240.3,8192.0,40.2,178.0,1.0
2024-12-25 10:00:00,-3.0,50,-11.9,0.0,4.1,13,10.1,1021.0,204.4,203.0,5737.0,42.4,168.8,2.0
2024-12-25 11:00:00,1.5,32,-13.5,0.0,13.8,17,24.5,1021.0,189.1,186.7,3589.0,41.1,148.6,9.0
2024-12-25 12:00:00,4.6,18,-17.7,0.0,20.6,341,46.4,1020.4,134.1,121.1,2210.0,31.6,105.8,30.0
2024-12-25 13:00:00,5.0,15,-19.2,0.0,19.1,342,48.6,1020.3,47.6,29.6,1137.0,18.6,51.9,57.0
2024-12-25 14:00:00,4.5,14,-20.9,0.0,18.9,339,46.1,1019.8,32.9,18.3,431.0,12.2,14.2,73.0
2024-12-25 15:00:00,3.8,14,-21.0,0.0,16.2,330,43.2,1020.2,27.8,16.6,230.0,19.1,7.4,68.0
2024-12-25 16:00:00,3.0,15,-20.8,0.0,15.4,318,39.6,1021.1,32.0,22.9,396.0,32.6,16.8,52.0
2024-12-25 17:00:00,1.7,18,-20.1,0.0,14.1,332,36.0,1022.2,40.9,31.5,572.0,42.2,25.5,40.0
2024-12-25 18:00:00,0.9,20,-19.5,0.0,14.9,329,34.9,1023.5,49.2,39.1,660.0,43.4,27.8,38.0
2024-12-25 19:00:00,0.2,22,-19.2,0.0,14.6,325,34.6,1024.8,49.6,37.4,759.0,40.8,29.3,40.0
2024-12-25 20:00:00,-0.6,23,-19.0,0.0,12.9,330,33.5,1025.8,46.7,29.3,809.0,28.6,23.9,50.0
2024-12-25 21:00:00,-0.8,26,-18.1,0.0,11.5,338,27.7,1027.5,47.5,29.3,776.0,27.7,23.9,51.0
2024-12-25 22:00:00,-1.4,27,-18.1,0.0,11.8,352,26.3,1028.2,49.4,29.7,695.0,26.3,23.7,52.0
2024-12-25 23:00:00,-1.9,27,-18.2,0.0,12.8,357,28.4,1028.9,49.8,28.2,609.0,24.4,22.9,53.0
2024-12-26 00:00:00,-2.2,28,-18.5,0.0,13.0,354,29.5,1029.1,46.3,23.2,524.0,21.2,20.6,56.0
2024-12-26 01:00:00,-2.5,28,-18.6,0.0,12.4,352,29.5,1029.5,45.5,21.3,436.0,17.4,17.6,59.0
2024-12-26 02:00:00,-2.7,28,-18.8,0.0,13.3,350,29.5,1029.8,46.4,20.8,373.0,15.2,16.2,60.0
2024-12-26 03:00:00,-2.8,28,-19.0,0.0,14.7,348,33.1,1029.6,48.1,21.5,337.0,14.8,16.8,59.0
2024-12-26 04:00:00,-3.0,28,-19.1,0.0,14.9,351,33.8,1029.3,49.8,23.7,328.0,15.9,19.0,56.0
2024-12-26 05:00:00,-3.2,28,-19.3,0.0,14.9,349,33.8,1029.5,52.5,26.6,370.0,20.2,23.4,50.0
2024-12-26 06:00:00,-3.2,28,-19.4,0.0,15.7,347,35.3,1029.7,57.4,30.4,505.0,31.8,32.9,37.0
2024-12-26 07:00:00,-3.2,27,-19.5,0.0,16.7,346,37.8,1030.0,73.3,45.1,691.0,46.5,44.6,22.0
2024-12-26 08:00:00,-3.3,27,-19.8,0.0,17.9,348,40.0,1030.1,82.9,57.3,836.0,51.9,48.9,17.0
2024-12-26 09:00:00,-3.8,29,-19.2,0.0,13.5,326,34.6,1031.4,82.2,54.9,910.0,43.1,42.4,27.0
2024-12-26 10:00:00,-2.8,26,-19.5,0.0,10.2,343,31.3,1031.7,64.7,35.6,943.0,30.9,33.4,42.0
2024-12-26 11:00:00,-1.6,23,-19.9,0.0,12.4,350,29.9,1031.2,52.7,28.5,926.0,21.5,26.3,53.0
2024-12-26 12:00:00,0.1,19,-20.8,0.0,10.5,333,31.0,1029.8,43.8,24.9,764.0,16.0,20.8,61.0
2024-12-26 13:00:00,1.3,17,-21.4,0.0,6.1,293,27.0,1028.6,35.0,21.7,553.0,13.2,17.2,65.0
2024-12-26 14:00:00,1.5,17,-21.2,0.0,6.2,244,18.0,1027.3,28.3,19.8,568.0,16.2,20.4,63.0
2024-12-26 15:00:00,1.1,20,-19.5,0.0,6.7,234,19.4,1027.0,23.5,19.0,1006.0,29.1,34.0,49.0
2024-12-26 16:00:00,0.4,22,-18.7,0.0,6.3,219,18.0,1026.7,30.5,28.6,1671.0,47.7,54.4,28.0
2024-12-26 17:00:00,-1.0,26,-17.9,0.0,8.2,216,16.2,1026.7,106.2,103.8,2248.0,62.2,76.4,12.0
2024-12-26 18:00:00,-1.6,29,-17.4,0.0,8.7,225,16.9,1026.9,151.8,147.6,2719.0,69.2,101.3,4.0
2024-12-26 19:00:00,-1.6,29,-17.2,0.0,7.6,234,16.9,1027.2,163.9,158.3,3102.0,72.2,127.8,0.0
2024-12-26 20:00:00,-1.8,30,-17.1,0.0,6.3,257,14.8,1027.9,196.0,194.2,3142.0,69.5,184.6,1.0
2024-12-26 21:00:00,-1.9,32,-16.4,0.0,8.5,268,15.8,1029.1,192.3,190.5,2578.0,65.4,185.9,4.0
2024-12-26 22:00:00,-0.9,24,-19.2,0.0,13.9,317,30.6,1029.1,195.6,193.7,1671.0,59.5,185.7,9.0
2024-12-26 23:00:00,-1.2,24,-19.1,0.0,14.0,316,33.1,1029.6,157.4,154.6,942.0,53.5,171.1,15.0
2024-12-27 00:00:00,-1.9,25,-19.2,0.0,14.5,318,33.8,1029.7,89.6,83.8,601.0,48.2,128.0,21.0
2024-12-27 01:00:00,-2.7,26,-19.4,0.0,15.4,318,35.3,1029.3,60.8,48.5,439.0,42.9,70.5,27.0
2024-12-27 02:00:00,-3.2,27,-19.5,0.0,15.3,319,37.1,1029.4,52.9,32.5,345.0,36.8,27.7,34.0
2024-12-27 03:00:00,-3.7,27,-19.8,0.0,14.0,319,34.6,1029.5,54.7,28.9,286.0,28.0,13.5,42.0
2024-12-27 04:00:00,-4.0,27,-20.1,0.0,13.8,323,32.4,1029.3,56.9,27.7,296.0,18.4,14.0,50.0
2024-12-27 05:00:00,-4.8,28,-20.5,0.0,13.8,327,31.7,1029.2,56.0,27.5,367.0,13.9,17.1,53.0
2024-12-27 06:00:00,-5.1,28,-20.8,0.0,14.4,327,33.5,1029.1,52.4,28.9,553.0,19.6,20.5,47.0
2024-12-27 07:00:00,-5.3,28,-21.0,0.0,13.1,339,33.1,1029.4,53.0,36.7,800.0,30.3,26.4,37.0
2024-12-27 08:00:00,-5.4,28,-21.1,0.0,11.3,353,29.2,1030.0,47.5,37.5,936.0,32.8,27.0,35.0
2024-12-27 09:00:00,-4.5,27,-20.7,0.0,12.3,329,27.4,1031.0,43.5,37.4,853.0,26.8,24.1,43.0
2024-12-27 10:00:00,-3.7,24,-21.1,0.0,9.3,342,25.2,1031.0,29.6,24.4,659.0,18.4,20.0,53.0
2024-12-27 11:00:00,-2.3,22,-21.4,0.0,13.7,322,33.8,1030.6,21.8,17.9,501.0,12.2,16.7,61.0
2024-12-27 12:00:00,-1.2,20,-21.5,0.0,15.8,324,38.5,1029.4,17.4,14.0,426.0,9.1,14.6,65.0
2024-12-27 13:00:00,-0.6,19,-21.5,0.0,17.6,323,42.8,1028.4,15.3,12.0,388.0,8.2,13.3,67.0
2024-12-27 14:00:00,0.1,18,-21.5,0.0,16.4,317,43.9,1027.3,14.2,11.1,394.0,10.6,13.4,65.0
2024-12-27 15:00:00,0.6,18,-21.1,0.0,15.9,316,39.2,1026.9,13.7,10.8,461.0,18.3,14.3,57.0
2024-12-27 16:00:00,0.4,19,-20.4,0.0,12.9,314,36.7,1027.1,16.2,13.4,573.0,29.3,16.6,44.0
2024-12-27 17:00:00,-0.1,20,-20.1,0.0,11.8,322,29.9,1026.6,27.8,24.7,689.0,39.5,23.3,33.0
2024-12-27 18:00:00,-0.2,21,-19.8,0.0,11.2,320,26.6,1026.6,47.3,44.2,823.0,47.8,38.8,24.0
2024-12-27 19:00:00,-0.6,22,-19.5,0.0,9.9,318,24.8,1026.8,74.0,71.2,961.0,55.2,58.7,16.0
2024-12-27 20:00:00,-0.7,23,-19.5,0.0,9.8,316,20.9,1026.9,70.5,67.5,1024.0,50.1,60.2,20.0
2024-12-27 21:00:00,-0.3,22,-19.2,0.0,10.7,318,22.3,1027.5,90.8,87.1,955.0,54.6,68.9,16.0
2024-12-27 22:00:00,-0.3,22,-19.5,0.0,11.2,318,23.8,1027.2,112.7,107.1,810.0,60.8,80.3,10.0
2024-12-27 23:00:00,-0.2,22,-19.6,0.0,11.0,308,24.5,1026.9,113.4,104.3,688.0,64.7,84.2,7.0
2024-12-28 00:00:00,-0.4,22,-19.6,0.0,9.8,296,23.8,1026.4,93.1,78.7,577.0,64.4,72.9,8.0
2024-12-28 01:00:00,-0.8,22,-19.7,0.0,7.0,288,20.5,1025.6,84.3,64.3,487.0,61.9,54.1,11.0
2024-12-28 02:00:00,-1.4,23,-19.7,0.0,5.2,272,13.3,1025.0,83.1,59.3,546.0,59.5,40.3,13.0
2024-12-28 03:00:00,-2.0,25,-19.6,0.0,4.6,252,9.4,1024.7,82.9,57.6,696.0,57.5,35.1,14.0
2024-12-28 04:00:00,-2.7,26,-19.5,0.0,4.0,238,8.6,1024.2,82.4,57.5,994.0,55.5,34.9,14.0
2024-12-28 05:00:00,-3.0,27,-19.6,0.0,4.9,231,8.6,1023.9,82.7,59.6,1747.0,54.8,41.8,13.0
2024-12-28 06:00:00,-3.5,28,-19.6,0.0,4.0,243,9.0,1023.9,88.2,67.5,3568.0,57.3,62.8,9.0
2024-12-28 07:00:00,-4.3,30,-19.2,0.0,3.0,253,7.9,1024.1,120.6,103.1,5844.0,61.1,90.9,4.0
2024-12-28 08:00:00,-4.4,31,-19.1,0.0,2.5,300,4.3,1024.1,154.1,141.1,7033.0,61.4,108.7,3.0
2024-12-28 09:00:00,-4.4,34,-18.1,0.0,4.5,317,9.0,1024.5,158.8,148.1,6128.0,55.5,94.0,12.0
2024-12-28 10:00:00,-1.6,26,-18.9,0.0,4.8,347,11.2,1024.4,149.0,138.8,4137.0,47.0,73.3,25.0
2024-12-28 11:00:00,0.5,20,-19.8,0.0,2.7,360,10.8,1024.0,58.1,51.6,2547.0,39.1,55.4,37.0
2024-12-28 12:00:00,2.1,17,-20.4,0.0,1.9,331,9.0,1022.8,29.7,26.8,1928.0,30.2,41.3,48.0
2024-12-28 13:00:00,3.2,16,-20.5,0.0,1.6,180,9.4,1021.5,24.3,21.7,1710.0,21.8,30.0,58.0
2024-12-28 14:00:00,3.5,16,-20.2,0.0,4.0,180,13.3,1020.6,22.8,20.1,1665.0,21.0,26.9,59.0
2024-12-28 15:00:00,3.2,16,-20.0,0.0,5.7,189,15.1,1020.1,23.6,20.9,1752.0,34.4,36.8,44.0
2024-12-28 16:00:00,2.2,18,-19.5,0.0,7.7,219,15.8,1019.8,40.2,37.8,2013.0,55.4,54.9,21.0
2024-12-28 17:00:00,0.7,21,-19.2,0.0,9.5,243,18.4,1019.5,98.3,96.6,2349.0,70.9,72.6,3.0
2024-12-28 18:00:00,0.4,21,-19.3,0.0,7.8,248,18.7,1019.3,122.5,120.6,2800.0,75.1,88.4,0.0
2024-12-28 19:00:00,0.3,21,-19.5,0.0,6.2,237,14.4,1019.3,136.0,134.6,3326.0,73.8,103.7,0.0
2024-12-28 20:00:00,-0.2,22,-19.5,0.0,6.9,210,12.2,1019.4,154.6,154.1,3703.0,69.6,130.8,0.0
2024-12-28 21:00:00,-0.6,25,-18.4,0.0,7.3,196,14.0,1020.1,146.7,146.2,3753.0,68.4,126.8,0.0
2024-12-28 22:00:00,-0.9,26,-18.1,0.0,6.3,204,13.7,1019.5,142.5,142.0,3654.0,66.7,120.9,0.0
2024-12-28 23:00:00,-1.4,27,-17.8,0.0,3.3,221,11.5,1019.5,135.0,134.6,3720.0,64.6,112.8,0.0
2024-12-29 00:00:00,-2.0,30,-17.2,0.0,2.3,231,4.7,1019.2,115.7,115.3,4222.0,62.2,100.3,0.0
2024-12-29 01:00:00,-2.8,32,-17.4,0.0,1.6,270,3.2,1019.0,104.3,104.1,4890.0,59.5,85.7,1.0
2024-12-29 02:00:00,-3.2,30,-18.3,0.0,3.2,333,6.5,1018.2,98.0,97.6,5222.0,56.4,76.0,1.0
2024-12-29 03:00:00,-4.0,31,-18.7,0.0,5.1,356,9.4,1017.7,93.8,93.4,4721.0,52.7,72.7,2.0
2024-12-29 04:00:00,-4.6,32,-18.9,0.0,3.6,37,8.6,1016.9,90.8,90.3,3884.0,48.7,74.4,3.0
2024-12-29 05:00:00,-5.2,35,-18.5,0.0,2.0,10,5.8,1016.5,89.4,88.9,3706.0,45.5,83.7,3.0
2024-12-29 06:00:00,-5.4,35,-18.5,0.0,1.0,329,2.9,1016.4,94.1,93.8,4916.0,43.8,107.5,2.0
2024-12-29 07:00:00,-5.7,35,-18.6,0.0,1.9,49,3.2,1016.0,128.5,128.1,6784.0,42.9,139.0,1.0
2024-12-29 08:00:00,-6.1,36,-18.7,0.0,0.4,270,2.9,1016.1,218.4,217.9,8119.0,38.4,205.4,1.0
2024-12-29 09:00:00,-5.3,44,-15.8,0.0,0.6,252,1.1,1015.8,198.8,198.4,8489.0,38.0,192.8,4.0
2024-12-29 10:00:00,-4.4,38,-16.5,0.0,1.3,352,4.0,1015.3,215.6,215.1,8326.0,37.8,175.1,8.0
2024-12-29 11:00:00,-2.8,34,-16.4,0.0,2.6,56,9.4,1015.1,145.3,144.8,7734.0,39.7,159.1,11.0
2024-12-29 12:00:00,-0.6,29,-16.5,0.0,4.0,72,13.3,1013.9,96.4,95.5,6414.0,45.0,145.4,13.0
2024-12-29 13:00:00,1.1,25,-16.8,0.0,2.8,105,14.0,1012.7,90.6,88.9,4664.0,52.4,133.3,15.0
2024-12-29 14:00:00,2.0,23,-17.0,0.0,1.8,174,11.2,1011.5,88.0,86.1,3485.0,59.6,127.7,15.0
2024-12-29 15:00:00,2.2,21,-17.6,0.0,4.2,198,11.5,1010.8,90.3,88.5,3436.0,66.3,132.0,11.0
2024-12-29 16:00:00,1.7,22,-17.8,0.0,5.0,224,11.2,1011.2,120.1,118.3,3957.0,72.7,142.8,5.0
2024-12-29 17:00:00,0.7,23,-17.9,0.0,7.0,212,13.0,1011.3,170.4,168.6,4374.0,77.3,155.0,1.0
2024-12-29 18:00:00,0.3,25,-17.6,0.0,7.7,213,14.4,1011.2,204.4,202.6,4379.0,79.3,169.2,0.0
2024-12-29 19:00:00,-0.1,26,-17.5,0.0,7.4,214,14.8,1011.5,215.6,214.2,4278.0,79.4,184.7,0.0
2024-12-29 20:00:00,-0.4,26,-17.4,0.0,7.0,212,14.0,1012.1,218.4,217.0,4319.0,74.2,216.6,0.0
2024-12-29 21:00:00,-0.4,31,-15.5,0.0,5.0,218,11.5,1013.0,216.5,215.1,4867.0,73.6,217.5,0.0
2024-12-29 22:00:00,-1.0,34,-15.1,0.0,2.2,256,8.6,1012.5,232.4,231.0,5555.0,72.6,217.1,0.0
2024-12-29 23:00:00,-1.4,33,-15.6,0.0,2.4,351,3.2,1012.8,225.8,224.4,5531.0,71.3,205.6,0.0
2024-12-30 00:00:00,-0.6,28,-16.6,0.0,9.6,6,15.8,1012.7,183.0,181.6,4075.0,69.9,173.5,0.0
2024-12-30 01:00:00,2.7,22,-17.0,0.0,18.1,347,36.4,1012.3,146.7,144.8,1905.0,68.1,130.3,0.0
2024-12-30 02:00:00,3.0,22,-16.6,0.0,15.0,330,39.6,1012.1,119.7,117.8,327.0,64.9,94.0,1.0
2024-12-30 03:00:00,2.8,23,-16.5,0.0,12.0,320,33.1,1012.4,99.9,97.6,0.0,58.2,70.4,6.0
2024-12-30 04:00:00,2.5,24,-16.3,0.0,10.2,316,26.3,1012.6,81.3,76.8,198.0,50.0,53.7,13.0
2024-12-30 05:00:00,1.9,25,-16.3,0.0,7.5,303,21.2,1013.1,66.8,58.3,440.0,45.6,44.9,17.0
2024-12-30 06:00:00,1.6,25,-16.4,0.0,8.7,292,15.5,1013.6,65.0,51.9,516.0,50.2,49.5,13.0
2024-12-30 07:00:00,1.6,24,-16.5,0.0,12.6,297,25.2,1014.5,86.6,68.5,603.0,58.5,61.9,6.0
2024-12-30 08:00:00,2.6,23,-16.6,0.0,17.3,314,37.4,1015.2,113.9,92.9,653.0,63.9,71.3,5.0
2024-12-30 09:00:00,3.2,23,-15.8,0.0,17.1,313,46.1,1016.8,119.7,95.2,637.0,51.3,57.4,21.0
2024-12-30 10:00:00,4.0,23,-15.4,0.0,19.0,305,47.2,1017.6,117.3,92.7,583.0,34.0,38.2,43.0
2024-12-30 11:00:00,4.6,22,-15.6,0.0,18.1,307,42.8,1018.1,75.7,37.8,530.0,20.5,23.3,60.0
2024-12-30 12:00:00,5.0,20,-16.1,0.0,17.0,304,42.8,1017.5,50.2,27.5,465.0,13.1,16.0,71.0
2024-12-30 13:00:00,5.2,20,-16.1,0.0,18.1,313,43.9,1017.4,36.9,22.6,401.0,9.5,13.0,77.0
2024-12-30 14:00:00,5.4,19,-16.1,0.0,15.9,316,43.2,1017.4,29.5,19.6,417.0,12.5,14.1,75.0
2024-12-30 15:00:00,5.3,20,-16.0,0.0,14.3,317,37.4,1017.9,27.5,18.7,551.0,26.3,20.0,60.0
2024-12-30 16:00:00,4.8,21,-15.6,0.0,12.0,315,33.5,1018.6,35.3,26.6,765.0,46.5,30.0,37.0
2024-12-30 17:00:00,3.5,24,-15.4,0.0,10.2,318,27.7,1019.5,65.2,57.6,1021.0,62.8,41.5,18.0
2024-12-30 18:00:00,2.4,26,-15.2,0.0,8.7,328,21.6,1020.3,99.4,93.1,1340.0,71.0,55.4,9.0
2024-12-30 19:00:00,1.5,28,-15.1,0.0,8.0,337,16.9,1021.1,109.9,104.3,1701.0,75.3,70.9,5.0
2024-12-30 20:00:00,0.9,30,-14.9,0.0,7.1,339,15.1,1021.7,122.0,116.2,1998.0,78.0,90.5,2.0
2024-12-30 21:00:00,1.0,30,-14.8,0.0,4.4,353,11.2,1022.3,118.3,112.5,2250.0,77.9,88.9,1.0
2024-12-30 22:00:00,0.3,32,-14.5,0.0,4.0,8,7.9,1022.3,115.0,108.5,2438.0,77.6,86.7,0.0
2024-12-30 23:00:00,0.4,32,-14.4,0.0,6.3,20,10.8,1022.4,115.7,108.5,2404.0,76.4,84.7,0.0
2024-12-31 00:00:00,0.2,33,-14.4,0.0,6.2,26,11.2,1022.1,111.5,103.8,1916.0,74.1,82.8,0.0
2024-12-31 01:00:00,-0.2,34,-14.2,0.0,8.0,34,14.4,1021.4,114.1,106.2,1206.0,70.9,81.1,1.0
2024-12-31 02:00:00,-0.3,34,-14.2,0.0,7.6,47,16.6,1021.1,122.5,115.0,810.0,66.9,81.3,2.0
2024-12-31 03:00:00,-0.5,34,-14.3,0.0,6.8,32,14.0,1020.9,134.6,127.6,928.0,61.4,83.2,4.0
2024-12-31 04:00:00,-1.4,39,-13.7,0.0,1.8,264,12.2,1020.6,136.0,129.9,1359.0,55.2,86.9,6.0
2024-12-31 05:00:00,-1.8,40,-13.8,0.0,2.4,222,5.8,1020.0,124.3,118.7,2040.0,50.7,94.5,7.0
2024-12-31 06:00:00,-2.0,40,-14.0,0.0,2.3,180,3.2,1019.6,116.9,112.0,3288.0,49.3,111.0,5.0
2024-12-31 07:00:00,-2.0,39,-14.3,0.0,5.2,200,10.1,1019.7,138.8,134.6,4785.0,49.5,131.4,2.0
2024-12-31 08:00:00,-2.2,39,-14.2,0.0,7.8,203,14.8,1019.7,179.7,174.6,5515.0,48.5,146.1,2.0
2024-12-31 09:00:00,-3.8,44,-14.2,0.0,8.0,208,15.1,1020.1,183.9,180.7,4788.0,48.9,133.9,6.0
2024-12-31 10:00:00,-2.3,41,-13.8,0.0,8.9,186,16.9,1019.8,149.5,144.8,3295.0,49.4,116.8,13.0
2024-12-31 11:00:00,-0.6,37,-13.7,0.0,6.0,189,17.6,1019.1,102.4,95.2,2091.0,50.3,101.5,18.0
2024-12-31 12:00:00,1.3,29,-14.6,0.0,6.3,185,18.4,1017.5,83.6,75.4,1550.0,50.9,88.8,23.0
2024-12-31 13:00:00,2.9,25,-15.4,0.0,6.9,189,19.1,1016.1,75.2,67.5,1299.0,51.8,78.0,28.0
2024-12-31 14:00:00,3.7,23,-15.6,0.0,7.7,198,20.2,1014.8,70.3,63.8,1275.0,55.0,73.5,28.0
2024-12-31 15:00:00,3.8,23,-15.4,0.0,7.5,190,20.2,1014.3,68.7,62.9,1523.0,62.8,77.5,21.0
2024-12-31 16:00:00,3.0,25,-15.0,0.0,6.7,196,18.0,1014.1,86.4,81.5,1998.0,72.8,87.8,9.0
2024-12-31 17:00:00,2.0,27,-14.9,0.0,7.7,204,14.4,1014.2,130.4,126.2,2501.0,80.0,102.3,1.0
2024-12-31 18:00:00,1.6,28,-14.8,0.0,7.6,207,14.0,1014.4,173.2,168.6,2934.0,81.9,121.8,0.0
2024-12-31 19:00:00,1.5,29,-14.6,0.0,7.5,220,14.4,1014.8,200.7,196.0,3395.0,81.0,145.5,0.0
2024-12-31 20:00:00,0.6,32,-14.4,0.0,4.2,245,14.0,1014.8,200.2,199.3,3973.0,78.7,170.9,0.0
2024-12-31 21:00:00,0.3,36,-13.1,0.0,1.7,302,7.9,1015.1,239.3,238.0,4980.0,75.9,197.4,0.0
2024-12-31 22:00:00,0.2,33,-14.1,0.0,4.5,14,7.2,1015.1,283.1,282.2,6104.0,71.9,232.1,0.0
2024-12-31 23:00:00,-0.2,33,-14.6,0.0,5.2,22,9.7,1015.7,267.3,266.4,6500.0,68.4,245.0,0.0
