time,temperature_2m,relative_humidity_2m,dew_point_2m,precipitation,wind_speed_10m,wind_direction_10m,wind_gusts_10m,surface_pressure,pm10,pm2_5,carbon_monoxide,nitrogen_dioxide,sulphur_dioxide,ozone
2024-01-01 00:00:00,7.1,98,6.8,0.0,5.4,352,6.8,994.0,212.3,146.7,2849.0,87.2,99.1,12.0
2024-01-01 01:00:00,6.6,99,6.4,0.0,5.4,340,6.8,993.8,188.6,130.4,2523.0,76.9,74.0,16.0
2024-01-01 02:00:00,6.0,100,5.9,0.0,5.8,330,7.6,993.6,170.4,117.8,2215.0,67.0,53.6,20.0
2024-01-01 03:00:00,5.7,100,5.7,0.0,6.7,324,8.6,993.6,156.0,107.8,1932.0,56.9,42.1,24.0
2024-01-01 04:00:00,6.1,100,6.0,0.0,4.9,324,8.6,993.8,144.8,100.1,1666.0,47.3,35.3,28.0
2024-01-01 05:00:00,6.3,100,6.3,0.0,4.3,318,7.9,993.8,128.1,88.9,1315.0,35.6,28.1,31.0
2024-01-01 06:00:00,9.4,93,8.2,0.0,4.6,342,11.2,995.2,126.2,87.8,1393.0,36.3,31.0,27.0
2024-01-01 07:00:00,9.4,93,8.3,0.0,4.0,350,9.0,995.6,131.8,91.5,1497.0,37.1,35.0,24.0
2024-01-01 08:00:00,10.2,90,8.7,0.0,3.7,349,9.7,996.3,134.1,93.1,1548.0,37.3,37.8,31.0
2024-01-01 09:00:00,12.1,80,8.6,0.0,5.5,349,14.4,996.9,136.9,95.2,1514.0,36.7,37.4,59.0
2024-01-01 10:00:00,13.2,72,8.2,0.0,4.0,350,14.8,996.9,131.8,91.7,1427.0,35.5,35.8,98.0
2024-01-01 11:00:00,14.3,69,8.6,0.0,2.9,330,14.0,996.2,125.7,87.3,1304.0,33.2,37.2,132.0
2024-01-01 12:00:00,15.4,64,8.8,0.0,2.8,310,13.7,995.1,109.9,75.7,1104.0,27.6,45.4,161.0
2024-01-01 13:00:00,16.4,62,9.1,0.0,4.4,305,15.1,994.0,92.0,62.9,867.0,21.0,56.5,184.0
2024-01-01 14:00:00,16.9,60,9.1,0.0,6.2,306,16.9,993.1,85.0,57.5,730.0,19.7,63.8,192.0
2024-01-01 15:00:00,16.9,61,9.3,0.0,8.2,311,18.0,992.7,83.8,56.6,742.0,27.5,62.2,173.0
2024-01-01 16:00:00,16.1,64,9.2,0.0,8.4,317,18.0,992.4,85.0,57.4,854.0,40.6,56.7,138.0
2024-01-01 17:00:00,13.1,79,9.5,0.0,7.1,319,15.1,992.3,136.0,91.5,970.0,50.8,49.9,90.0
2024-01-01 18:00:00,11.0,86,8.8,0.0,6.5,326,10.4,993.8,153.7,104.3,1223.0,58.1,57.6,71.0
2024-01-01 19:00:00,9.9,90,8.4,0.0,6.6,319,10.4,994.3,170.4,116.2,1580.0,68.2,68.5,45.0
2024-01-01 20:00:00,8.9,93,7.8,0.0,6.1,310,10.1,994.5,189.5,129.9,1900.0,76.1,77.9,24.0
2024-01-01 21:00:00,8.2,95,7.4,0.0,6.1,310,9.4,994.8,207.7,142.5,2176.0,80.8,86.4,14.0
2024-01-01 22:00:00,7.4,96,6.8,0.0,6.1,315,9.4,994.7,222.6,153.2,2415.0,83.3,93.5,11.0
2024-01-01 23:00:00,7.1,97,6.6,0.0,6.1,320,9.7,994.4,223.1,154.1,2503.0,81.9,93.4,10.0
2024-01-02 00:00:00,6.3,97,5.9,0.0,6.6,319,9.4,994.1,204.9,141.6,2339.0,74.3,80.6,13.0
2024-01-02 01:00:00,5.9,97,5.5,0.0,6.6,319,9.4,993.5,184.4,127.6,2024.0,62.9,60.7,18.0
2024-01-02 02:00:00,5.4,98,5.2,0.0,6.9,317,9.7,993.3,165.8,114.8,1747.0,52.4,44.5,24.0
2024-01-02 03:00:00,5.0,99,4.8,0.0,7.1,311,9.7,993.1,151.3,105.0,1559.0,44.1,36.1,29.0
2024-01-02 04:00:00,4.8,99,4.7,0.0,6.9,317,9.7,993.0,140.6,97.6,1410.0,36.9,31.3,33.0
2024-01-02 05:00:00,4.6,99,4.4,0.0,5.9,322,9.7,993.1,129.9,90.6,1246.0,28.2,25.1,44.0
2024-01-02 06:00:00,8.1,92,6.8,0.0,6.6,338,13.7,994.5,114.6,79.4,1200.0,26.3,26.4,54.0
2024-01-02 07:00:00,8.8,90,7.2,0.0,6.5,341,13.0,995.3,116.9,81.3,1135.0,23.8,28.4,69.0
2024-01-02 08:00:00,9.5,87,7.4,0.0,6.2,350,13.0,995.9,112.5,77.8,1077.0,21.9,31.1,83.0
2024-01-02 09:00:00,10.1,84,7.4,0.0,4.0,5,13.3,996.8,112.0,77.5,1035.0,21.4,35.0,94.0
2024-01-02 10:00:00,11.1,77,7.3,0.0,1.1,18,12.2,996.9,110.1,75.7,999.0,21.5,39.6,106.0
2024-01-02 11:00:00,12.3,72,7.3,0.0,0.7,360,10.8,995.9,108.7,74.5,967.0,21.6,43.9,120.0
2024-01-02 12:00:00,13.5,68,7.7,0.0,1.4,360,12.2,994.6,108.3,74.0,924.0,20.0,47.8,145.0
2024-01-02 13:00:00,14.6,65,8.1,0.0,2.2,351,13.0,993.5,106.2,72.4,885.0,18.4,51.4,172.0
2024-01-02 14:00:00,15.2,64,8.4,0.0,2.6,326,13.0,992.7,105.0,71.2,896.0,20.9,53.8,184.0
2024-01-02 15:00:00,15.4,63,8.4,0.0,4.1,322,13.0,992.2,105.2,71.5,957.0,30.2,53.1,169.0
2024-01-02 16:00:00,14.7,65,8.2,0.0,6.3,329,13.0,992.0,106.4,72.4,1069.0,43.5,51.2,138.0
2024-01-02 17:00:00,11.8,79,8.2,0.0,6.0,327,12.2,992.0,131.3,89.9,1275.0,58.7,54.4,107.0
2024-01-02 18:00:00,9.8,87,7.8,0.0,7.2,323,13.0,993.1,174.2,120.1,1762.0,73.5,70.2,80.0
2024-01-02 19:00:00,8.6,92,7.3,0.0,5.9,317,11.5,993.4,209.5,144.8,2430.0,93.7,91.6,43.0
2024-01-02 20:00:00,8.1,93,6.9,0.0,6.4,322,9.7,993.5,229.1,158.3,2899.0,106.5,104.6,16.0
2024-01-02 21:00:00,7.1,94,6.2,0.0,7.2,323,9.7,993.6,236.6,163.4,2996.0,105.9,102.4,8.0
2024-01-02 22:00:00,6.4,96,5.8,0.0,7.9,317,10.1,993.7,233.3,161.6,2895.0,97.8,91.7,11.0
2024-01-02 23:00:00,6.3,96,5.7,0.0,6.2,324,9.7,993.4,218.9,151.8,2740.0,88.0,79.2,14.0
2024-01-03 00:00:00,6.1,97,5.6,0.0,6.6,331,10.1,993.2,201.2,140.2,2542.0,76.9,65.1,16.0
2024-01-03 01:00:00,5.4,98,5.2,0.0,5.7,342,10.1,993.2,189.5,131.8,2291.0,63.9,49.1,19.0
2024-01-03 02:00:00,4.6,99,4.5,0.0,8.5,348,10.4,993.1,181.6,126.7,2098.0,53.0,37.1,22.0
2024-01-03 03:00:00,5.0,99,4.9,0.0,6.9,351,10.4,992.7,177.9,124.3,1996.0,45.4,31.8,24.0
2024-01-03 04:00:00,4.9,100,4.9,0.0,5.8,356,8.3,992.6,179.3,124.8,1952.0,39.9,30.5,27.0
2024-01-03 05:00:00,4.4,100,4.4,0.0,5.4,360,6.8,992.8,172.8,120.6,1737.0,30.3,23.5,38.0
2024-01-03 06:00:00,6.2,99,6.2,0.0,4.7,4,11.2,993.9,171.4,119.7,1752.0,31.2,25.7,39.0
2024-01-03 07:00:00,6.6,99,6.5,0.0,3.7,11,10.4,994.5,172.8,120.6,1767.0,32.5,29.1,43.0
2024-01-03 08:00:00,7.5,99,7.3,0.0,3.6,53,11.2,995.3,174.6,121.5,1747.0,33.2,33.7,54.0
2024-01-03 09:00:00,8.8,98,8.4,0.0,4.0,90,13.0,996.1,171.8,119.7,1667.0,33.3,40.1,78.0
2024-01-03 10:00:00,10.4,91,9.0,0.0,3.3,139,13.7,996.3,176.0,122.5,1552.0,32.8,47.8,110.0
2024-01-03 11:00:00,12.9,80,9.6,0.0,3.1,159,13.3,995.6,156.5,108.3,1432.0,31.4,54.7,144.0
2024-01-03 12:00:00,14.9,69,9.2,0.0,1.8,180,14.4,994.5,131.8,89.4,1285.0,26.6,60.5,185.0
2024-01-03 13:00:00,15.8,66,9.4,0.0,2.6,326,13.3,993.3,131.3,88.7,1135.0,20.7,65.7,228.0
2024-01-03 14:00:00,16.3,64,9.5,0.0,4.8,333,14.8,992.6,131.3,88.0,1081.0,20.9,69.2,249.0
2024-01-03 15:00:00,16.3,64,9.6,0.0,5.6,333,15.1,992.4,131.8,88.2,1182.0,31.9,70.3,232.0
2024-01-03 16:00:00,15.7,67,9.5,0.0,6.7,324,14.8,992.3,134.1,89.6,1380.0,48.9,69.7,193.0
2024-01-03 17:00:00,13.3,78,9.6,0.0,5.9,308,13.0,992.3,153.2,103.1,1437.0,58.7,55.5,118.0
2024-01-03 18:00:00,11.6,81,8.4,0.0,10.1,333,16.2,992.9,183.5,124.3,1646.0,65.9,57.9,94.0
2024-01-03 19:00:00,10.4,87,8.2,0.0,9.0,337,16.9,993.1,193.2,131.8,1936.0,75.7,61.3,61.0
2024-01-03 20:00:00,9.6,90,8.1,0.0,7.4,331,14.8,993.2,197.9,135.5,2166.0,81.9,63.8,35.0
2024-01-03 21:00:00,8.9,93,7.8,0.0,6.0,327,11.9,993.3,202.1,138.8,2290.0,81.7,65.8,25.0
2024-01-03 22:00:00,8.1,95,7.4,0.0,5.1,321,9.4,993.5,207.2,143.0,2355.0,77.9,67.0,22.0
2024-01-03 23:00:00,7.9,96,7.2,0.0,5.4,312,8.3,993.4,207.2,143.4,2358.0,72.5,64.8,21.0
2024-01-04 00:00:00,8.1,94,7.2,0.0,7.4,313,11.5,993.1,197.0,136.0,2272.0,65.5,56.3,21.0
2024-01-04 01:00:00,7.3,96,6.7,0.0,7.1,315,11.9,992.8,186.7,129.0,2124.0,56.9,44.4,22.0
2024-01-04 02:00:00,6.8,96,6.2,0.0,6.6,315,11.9,992.9,177.0,122.5,1992.0,48.6,34.6,25.0
2024-01-04 03:00:00,6.5,96,5.9,0.0,6.1,315,10.8,992.9,168.1,116.6,1884.0,40.1,29.0,29.0
2024-01-04 04:00:00,6.1,97,5.7,0.0,5.2,326,9.7,992.7,161.1,112.0,1791.0,32.0,25.5,34.0
2024-01-04 05:00:00,5.3,98,5.1,0.0,6.1,332,8.3,993.0,159.7,111.1,1790.0,26.2,27.3,35.0
2024-01-04 06:00:00,9.1,89,7.3,0.0,5.4,318,11.9,994.4,163.4,113.9,1912.0,29.0,28.8,30.0
2024-01-04 07:00:00,9.4,88,7.5,0.0,6.9,313,11.2,995.1,171.8,119.7,2074.0,32.6,31.0,26.0
2024-01-04 08:00:00,10.3,85,7.8,0.0,6.2,306,12.6,995.8,176.0,122.5,2148.0,34.0,32.7,32.0
2024-01-04 09:00:00,11.9,79,8.4,0.0,5.8,292,14.4,996.6,174.6,121.5,2062.0,31.0,33.0,59.0
2024-01-04 10:00:00,14.2,72,9.1,0.0,5.2,286,15.5,996.8,170.0,117.8,1889.0,25.7,32.9,98.0
2024-01-04 11:00:00,16.0,67,9.9,0.0,6.2,291,17.3,995.6,160.7,111.1,1714.0,21.3,34.1,131.0
2024-01-04 12:00:00,17.2,63,10.2,0.0,5.6,297,18.4,994.4,148.5,101.3,1538.0,17.5,37.9,157.0
2024-01-04 13:00:00,18.1,60,10.2,0.0,2.4,333,17.3,993.3,140.6,95.5,1361.0,14.7,43.0,179.0
2024-01-04 14:00:00,18.4,58,9.9,0.0,2.3,342,13.0,992.4,132.7,89.6,1268.0,17.0,47.1,185.0
2024-01-04 15:00:00,18.5,57,9.7,0.0,2.6,344,11.2,992.1,133.6,90.3,1299.0,28.3,48.9,167.0
2024-01-04 16:00:00,18.1,58,9.6,0.0,3.8,319,9.7,991.9,131.3,88.7,1413.0,44.7,49.8,135.0
2024-01-04 17:00:00,15.9,68,10.1,0.0,5.6,315,8.3,991.8,164.4,111.3,1348.0,55.0,46.4,85.0
2024-01-04 18:00:00,13.8,78,10.1,0.0,9.9,327,15.8,993.2,187.7,127.6,1480.0,58.9,48.6,73.0
2024-01-04 19:00:00,13.1,81,9.8,0.0,9.8,332,16.2,993.4,194.2,132.2,1664.0,64.0,51.7,55.0
2024-01-04 20:00:00,12.1,85,9.6,0.0,10.7,340,17.3,993.5,199.8,136.4,1812.0,66.7,53.6,42.0
2024-01-04 21:00:00,10.4,93,9.3,0.0,10.7,346,18.0,993.6,203.0,139.7,1896.0,65.3,54.3,36.0
2024-01-04 22:00:00,9.8,94,8.9,0.0,8.6,345,17.3,993.6,210.9,145.8,1944.0,61.3,53.8,34.0
2024-01-04 23:00:00,8.9,96,8.2,0.0,6.0,335,13.3,993.2,213.7,148.1,1953.0,56.0,51.0,33.0
2024-01-05 00:00:00,8.1,97,7.7,0.0,6.9,321,9.4,992.8,205.8,142.5,1905.0,48.7,44.0,34.0
2024-01-05 01:00:00,8.1,98,7.8,0.0,6.1,315,9.4,992.7,197.9,137.4,1819.0,40.1,34.5,37.0
2024-01-05 02:00:00,8.5,97,8.1,0.0,5.4,312,8.6,992.7,190.0,131.8,1744.0,32.6,26.9,39.0
2024-01-05 03:00:00,9.3,96,8.6,0.0,5.4,307,9.4,992.7,182.1,126.7,1687.0,26.6,22.5,41.0
2024-01-05 04:00:00,9.9,94,8.9,0.0,6.4,317,10.1,992.7,175.1,121.5,1642.0,21.8,19.8,42.0
2024-01-05 05:00:00,10.4,93,9.2,0.0,5.9,322,10.4,993.0,174.6,121.5,1604.0,16.7,16.5,47.0
2024-01-05 06:00:00,10.9,91,9.5,0.0,6.3,329,11.9,994.1,172.8,120.1,1683.0,21.4,19.2,41.0
2024-01-05 07:00:00,10.9,92,9.6,0.0,5.0,330,10.8,994.8,173.7,120.6,1791.0,27.8,23.1,33.0
2024-01-05 08:00:00,11.4,89,9.7,0.0,4.0,333,9.7,995.4,176.5,122.9,1864.0,31.9,26.4,38.0
2024-01-05 09:00:00,12.2,86,9.9,0.0,4.2,329,10.8,996.2,178.3,123.9,1904.0,31.6,28.3,66.0
2024-01-05 10:00:00,13.4,81,10.2,0.0,4.3,336,13.0,996.2,181.1,125.7,1909.0,28.9,29.7,106.0
2024-01-05 11:00:00,15.6,73,10.8,0.0,2.3,342,14.4,995.3,179.7,124.3,1805.0,26.3,31.7,136.0
2024-01-05 12:00:00,17.0,67,10.8,0.0,1.5,76,12.6,994.0,150.4,102.7,1479.0,22.9,35.1,148.0
2024-01-05 13:00:00,17.4,63,10.3,0.0,2.4,117,11.9,992.9,111.3,74.0,1045.0,19.5,39.2,150.0
2024-01-05 14:00:00,17.6,62,10.1,0.0,2.5,172,11.2,992.6,103.6,68.0,765.0,20.9,42.4,143.0
2024-01-05 15:00:00,17.6,60,9.9,0.0,2.8,220,10.8,992.4,103.1,67.5,778.0,31.5,44.0,124.0
2024-01-05 16:00:00,17.4,60,9.6,0.0,3.6,276,9.4,992.9,102.0,66.8,947.0,47.0,44.7,97.0
2024-01-05 17:00:00,15.8,68,10.0,0.0,5.0,300,7.9,993.0,164.4,109.4,1334.0,74.5,54.2,70.0
2024-01-05 18:00:00,11.6,88,9.8,0.0,6.9,332,13.7,993.6,177.4,119.0,1435.0,74.6,56.2,60.0
2024-01-05 19:00:00,10.6,92,9.3,0.0,7.9,336,12.2,994.4,182.1,122.9,1572.0,74.4,58.7,46.0
2024-01-05 20:00:00,10.0,93,8.9,0.0,7.4,331,12.2,995.0,185.3,125.3,1660.0,72.4,59.2,36.0
2024-01-05 21:00:00,9.4,94,8.5,0.0,6.6,331,11.9,995.3,186.7,126.7,1654.0,67.5,56.5,32.0
2024-01-05 22:00:00,9.4,94,8.6,0.0,6.5,326,10.4,995.1,185.3,125.7,1598.0,60.7,51.9,32.0
2024-01-05 23:00:00,8.5,96,7.8,0.0,6.5,326,10.1,994.5,180.7,122.9,1543.0,53.6,46.3,32.0
2024-01-06 00:00:00,7.8,96,7.3,0.0,8.5,324,11.2,994.2,172.8,117.6,1497.0,46.1,39.4,33.0
2024-01-06 01:00:00,7.9,96,7.3,0.0,6.1,310,9.4,994.0,168.1,114.8,1451.0,38.3,31.5,35.0
2024-01-06 02:00:00,6.8,98,6.6,0.0,7.1,311,8.3,993.8,164.4,112.9,1429.0,31.7,25.4,37.0
2024-01-06 03:00:00,7.0,99,6.8,0.0,6.1,315,9.4,993.6,161.6,111.5,1434.0,26.2,21.8,38.0
2024-01-06 04:00:00,6.8,99,6.7,0.0,6.1,320,9.0,993.6,158.8,109.9,1464.0,21.9,20.0,39.0
2024-01-06 05:00:00,8.1,99,7.8,0.0,5.1,315,9.7,994.0,154.6,106.9,1440.0,12.0,16.7,68.0
2024-01-06 06:00:00,9.6,95,8.9,0.0,6.3,336,11.9,995.5,152.7,105.9,1576.0,16.9,19.1,63.0
2024-01-06 07:00:00,9.9,94,9.1,0.0,5.9,322,10.1,996.1,156.5,108.5,1755.0,23.4,22.6,57.0
2024-01-06 08:00:00,10.9,90,9.4,0.0,6.5,354,13.0,997.1,163.4,113.2,1835.0,27.2,26.3,61.0
2024-01-06 09:00:00,11.9,86,9.6,0.0,7.0,348,15.1,998.0,170.0,117.6,1727.0,25.4,30.4,84.0
2024-01-06 10:00:00,13.4,79,9.9,0.0,7.1,330,16.6,997.8,170.9,117.6,1519.0,20.8,34.9,117.0
2024-01-06 11:00:00,14.9,71,9.7,0.0,5.1,356,17.6,996.8,143.9,97.1,1333.0,17.1,38.4,146.0
2024-01-06 12:00:00,16.0,64,9.4,0.0,4.9,73,15.1,995.6,131.3,87.8,1182.0,13.9,40.3,169.0
2024-01-06 13:00:00,16.7,61,9.1,0.0,3.6,96,15.1,994.6,125.3,83.6,1052.0,11.6,41.4,187.0
2024-01-06 14:00:00,17.5,58,9.0,0.0,1.0,135,13.7,993.8,124.3,83.1,1022.0,14.5,42.6,191.0
2024-01-06 15:00:00,17.5,58,9.1,0.0,1.6,297,10.1,993.5,126.2,84.5,1137.0,26.9,43.8,171.0
2024-01-06 16:00:00,17.2,60,9.5,0.0,3.8,319,9.0,993.6,130.4,87.8,1351.0,44.7,45.2,136.0
2024-01-06 17:00:00,14.2,75,9.9,0.0,6.8,288,7.2,993.7,157.9,107.3,1533.0,62.6,44.4,73.0
2024-01-06 18:00:00,12.1,82,9.2,0.0,6.1,298,7.6,995.1,194.2,132.7,1862.0,66.1,53.7,62.0
2024-01-06 19:00:00,12.8,80,9.4,0.0,5.4,270,8.3,995.6,211.9,145.8,2309.0,70.6,66.1,47.0
2024-01-06 20:00:00,12.6,81,9.4,0.0,7.2,264,11.5,996.2,220.3,151.8,2588.0,72.3,72.4,36.0
2024-01-06 21:00:00,12.4,82,9.4,0.0,7.3,259,12.2,996.7,218.9,150.9,2550.0,69.5,67.4,33.0
2024-01-06 22:00:00,12.1,84,9.4,0.0,6.2,277,11.5,996.5,213.7,147.6,2343.0,63.9,56.3,34.0
2024-01-06 23:00:00,12.1,82,9.1,0.0,7.4,299,11.5,996.2,201.6,139.7,2132.0,56.4,45.5,37.0
2024-01-07 00:00:00,11.5,84,8.9,0.0,7.6,301,11.9,995.6,185.3,128.5,1953.0,45.8,36.5,41.0
2024-01-07 01:00:00,11.4,83,8.6,0.0,6.9,298,12.2,995.0,173.2,120.1,1768.0,33.4,27.8,47.0
2024-01-07 02:00:00,11.4,82,8.5,0.0,6.6,311,11.2,995.0,164.8,114.1,1633.0,24.0,21.7,50.0
2024-01-07 03:00:00,10.8,86,8.5,0.0,7.0,325,11.2,994.8,158.3,109.9,1563.0,19.2,19.2,48.0
2024-01-07 04:00:00,11.1,84,8.5,0.0,8.7,336,14.0,994.7,153.7,106.6,1541.0,17.4,19.2,45.0
2024-01-07 05:00:00,11.5,81,8.4,0.0,8.9,339,15.1,994.7,184.9,128.1,1951.0,27.3,24.2,35.0
2024-01-07 06:00:00,6.4,97,5.9,0.0,7.9,294,10.4,995.6,184.4,128.1,2043.0,30.6,26.5,30.0
2024-01-07 07:00:00,6.2,97,5.8,0.0,7.5,287,10.8,996.6,192.8,133.6,2163.0,35.0,29.7,25.0
2024-01-07 08:00:00,8.8,91,7.4,0.0,6.2,291,11.9,997.9,199.8,138.8,2210.0,36.8,33.0,35.0
2024-01-07 09:00:00,11.4,82,8.4,0.0,3.4,288,11.9,998.9,203.5,141.6,2135.0,33.6,35.6,75.0
2024-01-07 10:00:00,13.8,75,9.4,0.0,2.6,304,12.2,999.1,205.8,143.0,1987.0,27.9,38.1,130.0
2024-01-07 11:00:00,15.5,67,9.5,0.0,1.5,346,12.2,998.4,194.6,134.1,1810.0,23.1,41.7,175.0
2024-01-07 12:00:00,16.5,64,9.6,0.0,1.9,68,12.6,997.1,165.8,113.4,1557.0,18.2,46.8,204.0
2024-01-07 13:00:00,17.3,61,9.8,0.0,2.5,98,13.3,995.9,143.4,97.6,1274.0,14.3,52.8,222.0
2024-01-07 14:00:00,17.7,60,9.9,0.0,2.9,120,13.3,995.3,134.6,91.3,1146.0,18.2,59.3,226.0
2024-01-07 15:00:00,17.8,60,9.9,0.0,2.9,150,12.6,994.6,133.2,90.1,1245.0,35.1,65.2,210.0
2024-01-07 16:00:00,17.2,62,9.8,0.0,3.6,174,10.4,994.4,136.9,92.7,1499.0,60.0,71.4,179.0
2024-01-07 17:00:00,13.9,76,9.8,0.0,6.6,189,8.3,994.2,189.5,128.5,1681.0,80.0,62.9,96.0
2024-01-07 18:00:00,10.7,87,8.6,0.0,7.5,215,8.3,994.3,237.0,161.6,2284.0,97.0,84.0,72.0
2024-01-07 19:00:00,10.3,88,8.4,0.0,6.4,223,9.4,995.0,279.4,191.4,3107.0,120.0,112.4,38.0
2024-01-07 20:00:00,9.6,91,8.1,0.0,7.1,225,10.8,995.5,309.2,211.9,3656.0,133.2,128.8,14.0
2024-01-07 21:00:00,8.5,93,7.5,0.0,7.0,235,10.4,995.5,310.1,213.3,3691.0,128.4,122.6,9.0
2024-01-07 22:00:00,7.8,95,7.1,0.0,7.0,249,9.7,995.6,296.2,204.0,3452.0,113.8,104.4,14.0
2024-01-07 23:00:00,7.1,96,6.6,0.0,7.6,275,9.4,995.4,274.7,190.0,3167.0,98.7,86.0,19.0
2024-01-08 00:00:00,6.9,96,6.4,0.0,6.8,302,9.7,995.1,248.7,171.8,2869.0,84.9,69.8,22.0
2024-01-08 01:00:00,7.2,96,6.6,0.0,6.0,303,9.0,994.8,229.1,158.3,2526.0,70.6,53.5,25.0
2024-01-08 02:00:00,7.8,94,6.9,0.0,6.6,311,10.4,994.5,215.1,149.0,2262.0,59.0,41.8,27.0
2024-01-08 03:00:00,7.3,95,6.6,0.0,6.1,310,10.4,994.6,206.3,142.5,2109.0,50.4,37.0,28.0
2024-01-08 04:00:00,6.2,98,5.8,0.0,8.7,308,11.2,994.6,200.2,138.3,2036.0,44.6,36.8,28.0
2024-01-08 05:00:00,5.8,99,5.6,0.0,8.7,315,11.2,994.7,218.4,151.3,2262.0,53.0,44.0,25.0
2024-01-08 06:00:00,6.7,99,6.5,0.0,5.6,345,10.4,995.9,208.6,144.4,2293.0,50.8,42.2,19.0
2024-01-08 07:00:00,6.2,100,6.2,0.0,8.7,353,10.8,996.9,207.2,143.9,2329.0,47.6,40.0,14.0
2024-01-08 08:00:00,8.9,99,8.7,0.0,5.2,12,10.4,997.7,210.0,145.8,2302.0,43.8,39.6,26.0
2024-01-08 09:00:00,11.2,94,10.2,0.0,3.9,34,12.2,998.2,212.8,147.1,2175.0,38.8,41.5,71.0
2024-01-08 10:00:00,14.1,83,11.3,0.0,3.3,49,13.3,998.5,213.7,147.6,1985.0,33.2,45.3,134.0
2024-01-08 11:00:00,16.1,72,11.1,0.0,3.0,104,14.0,997.6,202.6,138.8,1777.0,28.8,51.8,185.0
2024-01-08 12:00:00,17.2,65,10.6,0.0,3.3,139,14.4,996.4,191.4,129.0,1500.0,23.6,62.6,215.0
2024-01-08 13:00:00,18.0,61,10.4,0.0,3.4,148,14.4,995.4,170.4,113.9,1205.0,19.5,76.0,233.0
2024-01-08 14:00:00,18.5,59,10.4,0.0,3.4,162,14.0,994.7,157.4,104.5,1084.0,24.8,88.0,235.0
2024-01-08 15:00:00,18.5,59,10.5,0.0,2.5,172,13.0,994.3,154.1,102.4,1218.0,45.6,95.0,214.0
2024-01-08 16:00:00,18.1,62,10.6,0.0,2.2,180,10.1,994.0,158.8,105.7,1527.0,75.7,100.6,177.0
2024-01-08 17:00:00,16.7,68,10.9,0.0,4.0,190,4.3,993.9,199.8,135.0,1574.0,68.3,66.0,95.0
2024-01-08 18:00:00,11.7,90,10.1,0.0,7.8,326,10.8,994.9,244.9,166.2,2066.0,80.8,80.8,71.0
2024-01-08 19:00:00,10.4,94,9.4,0.0,8.7,318,10.8,994.9,280.3,190.9,2739.0,97.7,100.8,39.0
2024-01-08 20:00:00,9.8,94,8.9,0.0,7.7,311,11.2,995.3,297.1,202.6,3193.0,107.6,112.5,16.0
2024-01-08 21:00:00,8.9,95,8.2,0.0,8.6,327,11.5,995.4,298.0,203.5,3246.0,105.0,109.2,10.0
2024-01-08 22:00:00,8.4,96,7.8,0.0,8.5,332,11.9,995.3,290.6,199.8,3081.0,95.4,97.5,14.0
2024-01-08 23:00:00,8.4,96,7.8,0.0,6.4,344,11.2,994.9,272.9,187.7,2849.0,84.3,84.0,19.0
2024-01-09 00:00:00,8.0,97,7.6,0.0,6.4,344,10.4,994.4,246.8,169.5,2560.0,72.5,68.9,23.0
2024-01-09 01:00:00,7.3,98,7.1,0.0,6.4,333,10.1,994.4,226.8,156.0,2205.0,59.2,52.0,29.0
2024-01-09 02:00:00,7.3,97,6.9,0.0,6.5,341,10.1,994.5,210.5,144.8,1909.0,46.7,38.6,35.0
2024-01-09 03:00:00,7.5,96,6.9,0.0,7.9,344,12.6,994.4,195.1,134.1,1704.0,34.3,31.0,44.0
2024-01-09 04:00:00,7.0,96,6.4,0.0,6.4,344,12.6,994.3,181.1,124.8,1559.0,22.7,27.0,54.0
2024-01-09 05:00:00,6.2,97,5.8,0.0,7.6,341,10.8,994.4,179.3,123.4,1397.0,16.5,25.8,52.0
2024-01-09 06:00:00,7.7,97,7.2,0.0,5.8,353,12.2,996.2,176.0,121.1,1518.0,22.7,28.8,44.0
2024-01-09 07:00:00,6.9,98,6.6,0.0,6.8,360,9.4,996.7,183.0,126.2,1677.0,31.0,32.9,35.0
2024-01-09 08:00:00,9.1,93,7.9,0.0,6.9,332,13.0,997.3,188.6,129.5,1735.0,35.3,35.1,38.0
2024-01-09 09:00:00,11.4,84,8.9,0.0,5.9,313,14.4,998.0,186.7,128.1,1609.0,32.0,34.0,66.0
2024-01-09 10:00:00,14.1,74,9.6,0.0,5.8,300,15.5,998.1,173.2,118.5,1383.0,24.8,31.1,107.0
2024-01-09 11:00:00,16.1,69,10.4,0.0,10.0,296,21.6,997.0,156.0,105.9,1172.0,18.4,27.9,139.0
2024-01-09 12:00:00,17.4,67,11.1,0.0,12.1,293,25.6,995.9,149.9,101.5,995.0,13.4,24.2,154.0
2024-01-09 13:00:00,18.1,65,11.4,0.0,12.4,292,25.6,994.9,129.9,87.5,832.0,9.2,20.1,159.0
2024-01-09 14:00:00,18.5,63,11.2,0.0,12.1,297,25.9,994.2,111.1,74.7,740.0,9.3,17.7,155.0
2024-01-09 15:00:00,18.5,62,11.2,0.0,11.4,294,24.8,993.9,103.1,69.4,762.0,16.9,18.2,137.0
2024-01-09 16:00:00,17.9,65,11.3,0.0,10.3,299,22.0,993.7,99.7,67.1,855.0,28.6,20.5,110.0
2024-01-09 17:00:00,15.4,77,11.4,0.0,7.9,300,17.3,993.9,79.9,54.8,855.0,33.3,20.7,84.0
2024-01-09 18:00:00,10.9,87,8.9,0.0,10.6,336,17.3,995.6,93.1,64.3,952.0,39.1,24.5,70.0
2024-01-09 19:00:00,9.8,91,8.4,0.0,9.4,328,17.3,996.0,101.7,70.1,1083.0,46.9,29.7,51.0
2024-01-09 20:00:00,8.9,92,7.8,0.0,9.9,327,15.8,996.5,106.9,73.3,1162.0,50.6,32.3,37.0
2024-01-09 21:00:00,8.1,94,7.2,0.0,9.4,320,16.6,996.8,108.3,74.3,1140.0,46.8,30.2,34.0
2024-01-09 22:00:00,7.5,94,6.6,0.0,11.1,306,17.6,996.7,110.4,75.4,1066.0,38.9,25.6,36.0
2024-01-09 23:00:00,7.0,94,6.1,0.0,12.0,291,19.8,996.1,110.8,75.7,999.0,31.3,21.3,40.0
2024-01-10 00:00:00,6.4,94,5.6,0.0,11.8,301,19.4,995.8,107.3,73.8,955.0,25.0,18.0,44.0
2024-01-10 01:00:00,5.9,95,5.1,0.0,12.9,306,20.9,995.4,107.1,73.8,918.0,19.0,15.1,49.0
2024-01-10 02:00:00,5.3,95,4.6,0.0,12.5,309,20.9,995.3,107.8,74.5,903.0,14.5,13.2,53.0
2024-01-10 03:00:00,4.9,95,4.2,0.0,10.7,303,20.5,995.2,109.0,75.2,908.0,11.7,12.6,55.0
2024-01-10 04:00:00,4.6,96,3.9,0.0,11.0,293,17.6,994.6,109.9,76.1,934.0,10.4,13.0,55.0
2024-01-10 05:00:00,4.5,95,3.8,0.0,12.3,291,20.2,994.4,113.2,78.7,978.0,9.3,12.7,63.0
2024-01-10 06:00:00,5.2,96,4.6,0.0,13.0,304,21.6,995.9,114.1,79.2,1013.0,12.5,15.9,59.0
2024-01-10 07:00:00,5.2,96,4.5,0.0,12.9,300,21.6,996.1,116.9,81.3,1060.0,16.9,20.4,55.0
2024-01-10 08:00:00,6.5,89,4.8,0.0,13.9,301,24.8,996.5,119.0,82.7,1089.0,19.7,24.3,57.0
2024-01-10 09:00:00,8.4,81,5.4,0.0,13.0,304,25.2,997.0,118.0,82.2,1088.0,19.4,27.1,71.0
2024-01-10 10:00:00,10.6,74,6.2,0.0,12.8,302,26.3,996.9,116.9,81.0,1070.0,17.5,29.3,92.0
2024-01-10 11:00:00,12.8,68,7.1,0.0,13.2,296,27.4,995.8,117.3,81.3,1038.0,15.6,30.5,111.0
2024-01-10 12:00:00,14.5,64,7.8,0.0,14.4,292,29.2,994.2,114.6,79.4,982.0,13.6,30.2,127.0
2024-01-10 13:00:00,15.8,62,8.4,0.0,15.1,288,30.2,993.0,109.0,75.2,914.0,11.6,28.8,141.0
2024-01-10 14:00:00,16.5,61,8.9,0.0,15.1,288,30.2,992.1,102.0,70.5,870.0,12.1,27.2,145.0
2024-01-10 15:00:00,16.5,61,9.0,0.0,14.5,284,29.2,991.4,94.8,65.2,870.0,17.3,25.2,133.0
2024-01-10 16:00:00,15.8,65,9.2,0.0,13.6,281,27.0,991.4,89.4,61.7,894.0,24.9,22.9,110.0
2024-01-10 17:00:00,13.6,75,9.2,0.0,10.5,274,22.7,991.5,134.6,92.0,1027.0,40.8,27.3,80.0
2024-01-10 18:00:00,10.1,89,8.4,0.0,9.2,291,14.0,992.7,137.4,94.5,1063.0,41.0,26.8,73.0
2024-01-10 19:00:00,9.6,90,8.1,0.0,10.8,296,16.9,993.3,136.0,93.8,1113.0,41.1,26.1,63.0
2024-01-10 20:00:00,9.1,92,7.8,0.0,11.0,302,17.6,994.0,134.1,92.4,1155.0,40.5,25.6,55.0
2024-01-10 21:00:00,8.5,93,7.4,0.0,10.0,308,17.6,994.2,133.2,92.0,1187.0,38.8,25.9,51.0
2024-01-10 22:00:00,7.8,94,6.8,0.0,8.0,306,16.6,994.2,135.5,93.6,1211.0,36.4,26.4,49.0
2024-01-10 23:00:00,6.8,95,6.1,0.0,6.8,295,13.0,994.0,136.4,94.3,1213.0,33.2,26.0,48.0
2024-01-11 00:00:00,6.4,96,5.8,0.0,7.4,284,11.5,993.7,132.2,91.7,1178.0,28.9,23.6,48.0
2024-01-11 01:00:00,6.2,96,5.6,0.0,8.4,277,13.3,993.6,128.5,89.4,1121.0,23.8,20.3,48.0
2024-01-11 02:00:00,6.0,96,5.4,0.0,9.1,277,14.4,993.7,125.3,87.3,1070.0,19.6,17.9,49.0
2024-01-11 03:00:00,5.8,96,5.2,0.0,9.5,279,15.5,993.8,122.9,85.7,1018.0,15.9,16.9,51.0
2024-01-11 04:00:00,5.6,96,5.1,0.0,9.6,283,16.2,993.8,122.0,84.8,972.0,13.0,16.7,54.0
2024-01-11 05:00:00,5.3,97,4.8,0.0,8.9,284,16.2,994.1,132.2,92.0,1018.0,11.5,17.7,63.0
2024-01-11 06:00:00,6.4,100,6.4,0.0,10.1,297,19.1,996.0,136.9,95.2,1084.0,14.3,20.2,65.0
2024-01-11 07:00:00,6.7,99,6.5,0.0,10.2,302,18.7,996.1,147.6,102.4,1175.0,18.1,23.7,70.0
2024-01-11 08:00:00,7.0,98,6.7,0.0,11.2,312,20.9,997.1,156.5,107.6,1231.0,20.3,26.9,79.0
2024-01-11 09:00:00,7.6,97,7.2,0.0,11.7,315,22.3,998.2,152.7,104.1,1225.0,19.4,29.5,97.0
2024-01-11 10:00:00,9.4,86,7.3,0.0,10.5,311,22.7,998.7,148.5,100.6,1186.0,16.9,31.9,121.0
2024-01-11 11:00:00,11.6,77,7.8,0.0,10.0,311,22.7,997.7,147.1,99.2,1141.0,14.8,33.6,142.0
2024-01-11 12:00:00,13.6,72,8.6,0.0,9.8,306,22.7,996.5,146.2,98.5,1082.0,12.6,34.3,162.0
2024-01-11 13:00:00,14.9,69,9.2,0.0,10.7,303,23.8,995.4,136.0,91.0,1018.0,10.7,34.4,179.0
2024-01-11 14:00:00,15.6,67,9.6,0.0,10.8,300,23.8,994.4,130.4,86.8,1005.0,13.1,34.6,182.0
2024-01-11 15:00:00,15.7,68,9.8,0.0,11.6,300,23.4,994.0,127.1,84.8,1079.0,23.3,35.2,163.0
2024-01-11 16:00:00,15.1,71,9.8,0.0,11.9,299,23.0,993.8,126.7,84.8,1204.0,37.6,36.0,130.0
2024-01-11 17:00:00,12.8,82,9.8,0.0,7.7,298,20.5,993.6,152.7,103.1,1339.0,50.6,37.2,105.0
2024-01-11 18:00:00,10.9,87,8.7,0.0,9.0,307,14.4,993.9,157.9,106.9,1396.0,51.5,37.6,93.0
2024-01-11 19:00:00,9.7,91,8.2,0.0,8.2,319,14.4,994.2,158.3,107.6,1474.0,52.5,38.0,76.0
2024-01-11 20:00:00,8.8,93,7.7,0.0,7.8,326,12.6,994.3,158.3,108.0,1528.0,51.5,37.6,63.0
2024-01-11 21:00:00,8.1,94,7.2,0.0,7.4,321,12.2,994.3,158.3,108.3,1541.0,47.2,36.0,58.0
2024-01-11 22:00:00,7.6,95,6.8,0.0,7.4,313,11.9,994.1,158.8,109.0,1529.0,40.8,33.6,57.0
2024-01-11 23:00:00,7.1,95,6.3,0.0,7.6,301,11.9,993.9,155.1,106.9,1495.0,34.1,30.6,58.0
2024-01-12 00:00:00,7.1,95,6.3,0.0,9.4,293,14.8,994.1,145.3,100.8,1428.0,26.9,26.3,61.0
2024-01-12 01:00:00,6.7,96,6.1,0.0,8.0,288,15.1,993.9,138.8,96.6,1339.0,19.4,21.3,65.0
2024-01-12 02:00:00,6.1,97,5.6,0.0,7.2,288,12.6,993.4,134.1,93.4,1269.0,13.9,17.8,68.0
2024-01-12 03:00:00,5.9,97,5.4,0.0,8.0,280,12.6,993.0,130.4,90.8,1221.0,10.8,16.4,68.0
2024-01-12 04:00:00,5.8,97,5.3,0.0,8.0,275,13.3,992.6,127.1,88.7,1192.0,9.6,16.4,66.0
2024-01-12 05:00:00,5.6,97,5.2,0.0,8.0,275,13.0,992.5,126.7,88.0,1197.0,12.1,17.9,61.0
2024-01-12 06:00:00,5.8,99,5.6,0.0,7.7,281,14.4,993.8,128.5,89.4,1239.0,15.8,19.4,56.0
2024-01-12 07:00:00,5.7,100,5.7,0.0,7.2,288,13.3,994.3,134.6,93.8,1292.0,20.8,21.4,50.0
2024-01-12 08:00:00,6.8,98,6.6,0.0,9.5,295,17.3,995.3,136.4,94.8,1307.0,23.8,23.4,52.0
2024-01-12 09:00:00,8.0,98,7.7,0.0,9.6,290,19.8,996.4,133.6,92.7,1254.0,22.8,25.2,70.0
2024-01-12 10:00:00,10.6,86,8.4,0.0,8.8,279,20.5,996.5,126.2,87.3,1162.0,19.7,26.9,96.0
2024-01-12 11:00:00,13.1,77,9.2,0.0,9.3,286,21.6,996.0,123.4,85.2,1066.0,16.9,28.1,119.0
2024-01-12 12:00:00,15.2,68,9.4,0.0,8.4,290,22.3,994.8,117.3,80.6,955.0,13.7,28.4,136.0
2024-01-12 13:00:00,16.6,63,9.5,0.0,8.4,290,20.9,993.7,110.1,75.4,840.0,10.9,28.3,150.0
2024-01-12 14:00:00,17.5,60,9.5,0.0,8.9,291,20.5,993.2,102.9,70.1,792.0,12.4,28.4,151.0
2024-01-12 15:00:00,17.6,58,9.4,0.0,9.6,290,20.2,992.9,100.4,68.2,831.0,21.6,28.2,133.0
2024-01-12 16:00:00,17.0,62,9.7,0.0,8.4,290,19.4,993.0,100.6,68.5,936.0,35.2,28.2,103.0
2024-01-12 17:00:00,13.4,80,10.0,0.0,8.7,294,13.3,992.9,129.9,88.7,1076.0,49.9,34.5,70.0
2024-01-12 18:00:00,11.2,86,9.0,0.0,7.5,325,11.2,993.6,149.5,102.4,1223.0,52.7,38.0,59.0
2024-01-12 19:00:00,10.1,89,8.4,0.0,7.7,332,11.5,993.9,157.9,108.3,1432.0,56.7,43.2,44.0
2024-01-12 20:00:00,9.4,91,8.0,0.0,7.7,349,11.5,993.9,161.1,110.8,1643.0,60.6,50.4,32.0
2024-01-12 21:00:00,8.2,94,7.3,0.0,7.6,357,11.5,994.0,170.4,117.3,1861.0,64.9,62.4,25.0
2024-01-12 22:00:00,7.1,96,6.5,0.0,9.8,6,12.2,993.3,190.0,130.9,2081.0,69.2,76.3,21.0
2024-01-12 23:00:00,7.5,97,7.0,0.0,6.3,329,11.2,993.0,208.2,143.4,2219.0,71.0,83.6,18.0
2024-01-13 00:00:00,6.4,99,6.2,0.0,5.7,288,7.2,992.6,210.9,145.3,2228.0,68.7,78.6,17.0
2024-01-13 01:00:00,5.3,100,5.3,0.0,6.6,279,7.6,991.9,200.2,138.3,2156.0,63.8,66.9,18.0
2024-01-13 02:00:00,4.7,100,4.7,0.0,8.0,280,9.7,991.8,182.5,126.2,2063.0,58.9,56.7,19.0
2024-01-13 03:00:00,5.3,100,5.3,0.0,4.5,299,10.1,991.7,170.4,117.6,1918.0,52.7,49.5,19.0
2024-01-13 04:00:00,5.7,99,5.6,0.0,4.6,321,8.6,991.8,163.4,112.9,1754.0,46.4,43.8,19.0
2024-01-13 05:00:00,5.7,100,5.7,0.0,5.7,325,10.8,992.4,160.2,110.8,1542.0,39.3,30.4,29.0
2024-01-13 06:00:00,5.5,98,5.2,0.0,4.9,324,10.8,992.6,161.6,111.8,1669.0,43.2,33.5,24.0
2024-01-13 07:00:00,5.8,97,5.3,0.0,5.2,326,11.5,993.5,168.6,117.1,1835.0,48.4,37.9,19.0
2024-01-13 08:00:00,6.3,96,5.7,0.0,2.8,320,11.2,994.8,174.6,121.1,1901.0,49.9,41.0,30.0
2024-01-13 09:00:00,7.6,94,6.7,0.0,2.5,262,10.8,995.8,177.9,123.4,1788.0,44.6,41.9,73.0
2024-01-13 10:00:00,9.1,94,8.2,0.0,4.2,239,13.3,996.4,171.8,118.3,1574.0,35.7,41.6,131.0
2024-01-13 11:00:00,12.3,83,9.6,0.0,2.5,262,14.4,995.5,150.4,102.9,1354.0,28.1,41.0,175.0
2024-01-13 12:00:00,14.8,69,9.1,0.0,3.0,256,13.0,994.3,129.0,87.3,1102.0,20.4,39.6,194.0
2024-01-13 13:00:00,16.6,57,8.1,0.0,3.3,276,13.0,993.2,111.1,75.0,845.0,14.1,37.9,198.0
2024-01-13 14:00:00,17.6,51,7.2,0.0,3.4,288,13.0,992.5,102.9,69.6,755.0,18.0,38.8,188.0
2024-01-13 15:00:00,17.9,50,7.3,0.0,3.1,306,11.9,992.1,99.0,67.3,912.0,40.5,42.3,157.0
2024-01-13 16:00:00,17.0,69,11.2,0.0,1.6,333,9.4,992.0,103.6,70.8,1237.0,73.2,48.3,111.0
2024-01-13 17:00:00,14.5,70,9.1,0.0,5.8,360,6.1,991.9,154.1,105.0,1508.0,86.8,54.1,65.0
2024-01-13 18:00:00,11.4,83,8.5,0.0,7.6,355,11.5,992.5,182.5,125.3,1941.0,92.4,69.3,49.0
2024-01-13 19:00:00,9.9,87,7.8,0.0,7.6,357,11.5,992.8,210.5,144.4,2547.0,100.0,90.7,26.0
2024-01-13 20:00:00,8.2,91,6.8,0.0,9.4,358,11.5,992.9,236.6,162.5,3055.0,105.0,109.1,9.0
2024-01-13 21:00:00,6.9,94,6.1,0.0,10.1,360,11.9,993.2,258.0,177.4,3403.0,106.1,124.0,3.0
2024-01-13 22:00:00,6.9,94,6.1,0.0,6.7,344,11.9,993.1,273.8,188.6,3654.0,104.7,136.0,2.0
2024-01-13 23:00:00,7.5,94,6.6,0.0,4.5,331,7.6,992.7,273.8,188.6,3731.0,100.3,137.8,3.0
2024-01-14 00:00:00,5.7,98,5.3,0.0,5.8,330,6.5,992.5,258.0,177.4,3553.0,91.3,122.6,7.0
2024-01-14 01:00:00,4.5,100,4.4,0.0,7.3,327,9.4,992.2,237.0,163.0,3202.0,79.4,97.2,13.0
2024-01-14 02:00:00,4.5,100,4.4,0.0,5.9,313,9.4,992.0,213.7,147.1,2840.0,68.4,74.6,18.0
2024-01-14 03:00:00,4.8,98,4.6,0.0,6.6,311,12.2,991.5,191.9,131.8,2474.0,58.8,58.5,22.0
2024-01-14 04:00:00,5.3,98,5.1,0.0,6.9,313,13.0,991.2,173.7,119.2,2098.0,50.3,45.2,25.0
2024-01-14 05:00:00,4.2,99,4.1,0.0,7.4,321,14.0,991.4,163.0,112.7,1849.0,48.2,39.8,26.0
2024-01-14 06:00:00,4.8,99,4.7,0.0,8.3,326,15.5,992.9,158.3,109.4,2011.0,54.6,43.1,22.0
2024-01-14 07:00:00,4.6,99,4.3,0.0,8.0,324,14.8,993.5,170.4,117.8,2217.0,62.8,47.4,19.0
2024-01-14 08:00:00,4.4,98,4.2,0.0,5.7,325,14.8,994.1,179.7,124.8,2252.0,64.3,48.7,29.0
2024-01-14 09:00:00,5.8,97,5.3,0.0,6.9,317,16.9,995.3,174.2,120.1,1966.0,52.7,44.1,67.0
2024-01-14 10:00:00,8.1,96,7.5,0.0,6.9,313,17.6,996.1,155.5,106.6,1508.0,34.3,36.6,119.0
2024-01-14 11:00:00,12.0,80,8.7,0.0,6.6,311,18.4,995.7,127.6,86.6,1114.0,20.0,30.6,156.0
2024-01-14 12:00:00,15.1,67,8.9,0.0,7.1,319,19.1,994.5,102.0,68.7,845.0,12.6,27.8,166.0
2024-01-14 13:00:00,17.0,57,8.4,0.0,7.4,317,19.4,993.3,83.4,56.1,638.0,9.1,26.6,161.0
2024-01-14 14:00:00,18.0,52,7.9,0.0,7.4,313,18.7,992.6,72.6,49.0,545.0,11.6,26.5,147.0
2024-01-14 15:00:00,18.1,50,7.6,0.0,8.2,308,17.6,992.0,66.1,44.7,618.0,24.1,27.6,123.0
2024-01-14 16:00:00,17.2,56,8.4,0.0,7.0,305,16.6,991.9,66.6,45.4,805.0,42.5,30.0,90.0
2024-01-14 17:00:00,13.2,74,8.8,0.0,8.0,297,11.9,991.9,132.7,90.3,1271.0,68.7,41.5,47.0
2024-01-14 18:00:00,10.8,86,8.4,0.0,8.3,304,11.9,993.0,141.1,96.4,1310.0,65.7,41.9,44.0
2024-01-14 19:00:00,9.2,91,7.8,0.0,8.9,310,11.9,993.5,140.6,96.2,1363.0,61.3,42.4,39.0
2024-01-14 20:00:00,8.5,93,7.4,0.0,8.3,326,11.9,993.9,141.6,96.9,1387.0,56.9,42.0,35.0
2024-01-14 21:00:00,8.2,93,7.2,0.0,7.7,332,11.9,994.4,144.8,98.7,1363.0,53.2,40.5,33.0
2024-01-14 22:00:00,7.9,93,6.8,0.0,7.9,336,12.2,994.2,150.4,102.7,1311.0,49.4,38.1,32.0
2024-01-14 23:00:00,7.3,94,6.5,0.0,7.7,332,12.6,993.6,152.7,104.3,1250.0,44.6,35.1,32.0
2024-01-15 00:00:00,6.8,96,6.2,0.0,7.6,329,12.2,993.3,149.5,101.5,1177.0,37.7,30.7,33.0
2024-01-15 01:00:00,6.1,97,5.7,0.0,7.0,325,11.9,992.7,147.1,99.7,1094.0,29.9,25.5,35.0
2024-01-15 02:00:00,5.2,98,5.0,0.0,7.4,321,10.8,992.4,144.8,98.3,1033.0,23.7,21.8,36.0
2024-01-15 03:00:00,4.9,99,4.8,0.0,6.9,313,10.8,991.9,143.0,96.9,989.0,19.6,20.0,36.0
2024-01-15 04:00:00,5.0,99,4.9,0.0,7.5,305,11.9,991.6,141.1,95.5,965.0,17.1,19.6,36.0
2024-01-15 05:00:00,5.2,100,5.2,0.0,7.7,298,13.3,991.8,130.4,90.6,938.0,14.4,19.0,44.0
2024-01-15 06:00:00,5.7,99,5.6,0.0,8.7,308,16.2,993.7,131.3,91.0,1001.0,18.4,21.6,39.0
2024-01-15 07:00:00,5.6,99,5.5,0.0,7.4,299,16.2,993.9,137.8,95.7,1086.0,23.8,25.3,34.0
2024-01-15 08:00:00,6.0,99,5.8,0.0,7.6,289,15.8,994.4,140.6,97.3,1135.0,27.1,28.2,39.0
2024-01-15 09:00:00,6.8,97,6.4,0.0,8.2,293,18.0,995.3,139.2,96.4,1125.0,26.4,29.6,63.0
2024-01-15 10:00:00,8.6,88,6.7,0.0,8.2,308,19.1,995.6,141.1,97.1,1080.0,23.7,30.3,96.0
2024-01-15 11:00:00,11.1,79,7.6,0.0,6.5,304,19.4,994.8,136.9,93.6,1006.0,20.8,30.7,123.0
2024-01-15 12:00:00,13.2,70,7.8,0.0,6.6,299,19.1,993.7,126.7,85.9,866.0,16.4,30.4,138.0
2024-01-15 13:00:00,14.9,62,7.7,0.0,7.1,300,19.1,992.7,115.9,78.5,698.0,11.8,29.8,147.0
2024-01-15 14:00:00,16.0,56,7.3,0.0,7.9,294,19.1,992.0,107.1,71.9,627.0,13.5,30.3,143.0
2024-01-15 15:00:00,16.2,55,7.2,0.0,8.4,295,19.1,991.6,103.6,69.6,698.0,26.7,31.8,120.0
2024-01-15 16:00:00,15.6,58,7.4,0.0,7.4,293,18.0,991.5,104.5,70.3,866.0,46.2,34.5,85.0
2024-01-15 17:00:00,12.1,78,8.2,0.0,8.6,292,11.9,991.2,128.1,87.3,1195.0,68.8,44.2,58.0
2024-01-15 18:00:00,10.3,79,6.9,0.0,7.1,345,7.6,992.1,139.2,95.2,1422.0,70.6,52.0,45.0
2024-01-15 19:00:00,8.5,88,6.6,0.0,8.3,355,10.8,992.6,151.3,103.8,1736.0,72.8,62.7,28.0
2024-01-15 20:00:00,7.8,90,6.2,0.0,7.6,3,10.8,992.8,169.0,116.2,1977.0,73.5,70.0,15.0
2024-01-15 21:00:00,6.8,92,5.6,0.0,8.3,358,11.2,992.9,178.3,122.9,2077.0,71.2,71.1,13.0
2024-01-15 22:00:00,5.7,94,4.8,0.0,9.4,4,11.5,992.6,182.1,125.7,2104.0,67.3,68.8,15.0
2024-01-15 23:00:00,5.0,97,4.5,0.0,8.1,13,11.2,991.7,185.8,128.5,2108.0,63.6,65.8,18.0
2024-01-16 00:00:00,4.3,98,4.1,0.0,8.6,15,10.8,991.1,183.9,127.1,2093.0,60.5,62.5,19.0
2024-01-16 01:00:00,3.7,100,3.7,0.0,9.2,21,11.5,990.5,183.9,127.6,2055.0,57.7,58.5,20.0
2024-01-16 02:00:00,4.0,100,4.0,0.0,7.1,15,10.8,990.2,183.0,127.1,2030.0,55.2,55.1,20.0
2024-01-16 03:00:00,3.7,100,3.7,0.0,4.9,343,8.3,989.8,182.5,126.7,2021.0,52.2,52.2,17.0
2024-01-16 04:00:00,3.0,100,2.9,0.0,3.1,306,5.8,989.5,177.4,123.4,2025.0,49.6,49.9,14.0
2024-01-16 05:00:00,3.5,100,3.5,0.0,3.4,302,8.3,989.8,155.1,108.0,1540.0,35.6,30.3,31.0
2024-01-16 06:00:00,3.2,99,3.0,0.0,2.8,320,9.4,990.7,153.7,107.1,1699.0,38.0,33.9,23.0
2024-01-16 07:00:00,3.5,98,3.2,0.0,3.1,324,9.0,991.4,160.7,112.2,1914.0,41.3,38.7,13.0
2024-01-16 08:00:00,4.4,95,3.7,0.0,3.9,338,11.9,992.2,171.8,119.7,2053.0,43.6,41.8,19.0
2024-01-16 09:00:00,5.2,96,4.7,0.0,2.6,344,12.6,993.1,177.4,123.4,2061.0,44.8,39.7,51.0
2024-01-16 10:00:00,7.6,98,7.2,0.0,1.1,360,12.2,993.5,183.9,128.1,1992.0,45.0,35.9,98.0
2024-01-16 11:00:00,10.1,90,8.6,0.0,1.1,108,11.5,993.0,190.0,131.8,1874.0,43.1,37.7,145.0
2024-01-16 12:00:00,13.9,71,8.8,0.0,1.5,104,12.6,991.7,191.9,132.2,1653.0,35.0,50.8,196.0
2024-01-16 13:00:00,15.9,62,8.6,0.0,1.5,104,12.6,990.4,192.3,130.9,1382.0,24.7,69.4,247.0
2024-01-16 14:00:00,16.9,57,8.2,0.0,1.5,104,11.9,989.5,177.4,119.2,1248.0,23.9,83.8,270.0
2024-01-16 15:00:00,17.2,53,7.6,0.0,2.5,98,10.8,989.1,169.5,113.6,1310.0,39.3,87.2,246.0
2024-01-16 16:00:00,16.8,55,7.8,0.0,2.7,113,10.1,989.1,170.4,114.3,1510.0,64.1,86.3,193.0
2024-01-16 17:00:00,14.9,62,7.7,0.0,5.2,115,5.8,989.1,246.8,166.2,1770.0,80.4,81.3,134.0
2024-01-16 18:00:00,9.8,83,7.1,0.0,9.5,101,10.8,989.9,285.9,194.2,2224.0,94.5,92.5,102.0
2024-01-16 19:00:00,9.1,84,6.5,0.0,8.7,97,10.8,990.2,312.0,212.8,2842.0,113.6,107.6,59.0
2024-01-16 20:00:00,7.7,89,5.9,0.0,9.5,81,10.8,990.4,320.4,218.9,3251.0,125.8,117.2,27.0
2024-01-16 21:00:00,7.2,91,5.8,0.0,7.8,77,11.2,991.0,312.9,214.2,3268.0,125.7,117.1,17.0
2024-01-16 22:00:00,6.3,92,5.2,0.0,7.9,87,11.2,990.9,305.5,209.5,3075.0,118.8,111.4,19.0
2024-01-16 23:00:00,5.4,94,4.5,0.0,9.9,109,11.9,990.6,296.2,203.0,2844.0,109.5,103.0,23.0
2024-01-17 00:00:00,4.8,95,4.0,0.0,10.8,120,12.6,990.2,279.4,191.9,2608.0,98.6,91.0,26.0
2024-01-17 01:00:00,4.4,96,3.8,0.0,10.1,117,12.2,989.6,264.5,181.6,2335.0,85.4,76.3,31.0
2024-01-17 02:00:00,4.0,97,3.5,0.0,10.0,111,11.5,989.3,249.6,171.8,2099.0,72.4,64.3,36.0
2024-01-17 03:00:00,3.7,97,3.2,0.0,9.4,122,11.5,988.9,238.4,163.9,1891.0,57.6,56.0,42.0
2024-01-17 04:00:00,3.8,97,3.3,0.0,8.4,137,10.8,988.8,231.0,158.8,1721.0,42.9,50.5,48.0
2024-01-17 05:00:00,4.3,96,3.8,0.0,7.2,143,9.4,989.1,232.4,159.3,1734.0,38.8,54.2,50.0
2024-01-17 06:00:00,5.6,94,4.7,0.0,4.5,119,5.4,990.7,235.6,161.6,2040.0,55.1,65.4,42.0
2024-01-17 07:00:00,5.3,95,4.6,0.0,5.0,150,5.8,991.0,256.1,174.6,2442.0,76.7,80.5,33.0
2024-01-17 08:00:00,6.2,93,5.2,0.0,5.7,162,10.4,991.7,277.5,190.5,2591.0,86.0,89.0,43.0
2024-01-17 09:00:00,9.8,84,7.2,0.0,4.1,142,12.6,992.5,259.8,177.9,2250.0,71.1,84.4,91.0
2024-01-17 10:00:00,12.7,77,8.8,0.0,5.4,138,15.5,992.6,242.1,163.9,1656.0,44.0,73.2,158.0
2024-01-17 11:00:00,14.8,70,9.4,0.0,7.1,139,18.7,992.1,212.8,142.5,1172.0,23.0,63.9,208.0
2024-01-17 12:00:00,16.1,64,9.4,0.0,7.7,139,19.8,991.2,177.4,118.7,912.0,13.5,59.3,226.0
2024-01-17 13:00:00,17.0,62,9.6,0.0,7.7,139,19.8,990.4,156.5,104.8,761.0,10.1,56.7,227.0
2024-01-17 14:00:00,17.5,60,9.8,0.0,7.1,135,19.4,989.8,141.1,95.0,739.0,15.3,56.2,214.0
2024-01-17 15:00:00,17.5,61,10.0,0.0,6.1,130,18.0,989.7,132.7,89.4,851.0,34.3,56.5,181.0
2024-01-17 16:00:00,17.0,64,10.0,0.0,5.7,125,15.1,989.9,137.8,93.4,1092.0,61.8,58.8,135.0
2024-01-17 17:00:00,13.6,81,10.4,0.0,7.7,131,10.1,989.9,149.0,101.5,1223.0,66.4,56.1,99.0
2024-01-17 18:00:00,10.2,88,8.4,0.0,10.6,125,12.2,990.7,178.8,122.5,1683.0,80.0,72.4,74.0
2024-01-17 19:00:00,9.4,91,7.9,0.0,9.7,129,12.2,991.4,206.3,142.0,2318.0,99.0,95.1,39.0
2024-01-17 20:00:00,8.3,94,7.4,0.0,9.5,115,12.2,992.1,226.8,156.9,2802.0,114.2,113.3,12.0
2024-01-17 21:00:00,7.7,95,6.9,0.0,9.8,107,12.2,992.6,238.0,164.8,3003.0,122.7,123.7,2.0
2024-01-17 22:00:00,7.8,95,7.1,0.0,8.9,122,10.8,992.9,245.9,170.0,3054.0,127.5,129.5,0.0
2024-01-17 23:00:00,6.7,98,6.4,0.0,9.7,135,10.4,992.7,247.7,171.4,3023.0,128.3,129.6,0.0
2024-01-18 00:00:00,6.0,99,5.9,0.0,10.4,146,11.9,992.3,241.2,166.7,2904.0,124.1,121.0,1.0
2024-01-18 01:00:00,5.4,100,5.4,0.0,10.6,162,12.2,991.8,234.2,162.1,2704.0,115.9,106.6,5.0
2024-01-18 02:00:00,5.2,100,5.2,0.0,9.8,174,11.9,991.8,227.2,156.9,2514.0,106.9,93.9,8.0
2024-01-18 03:00:00,5.4,100,5.4,0.0,8.7,187,11.2,991.6,220.3,152.3,2316.0,95.4,84.2,10.0
2024-01-18 04:00:00,5.8,99,5.8,0.0,3.6,186,9.7,991.6,213.7,147.6,2128.0,83.1,76.3,13.0
2024-01-18 05:00:00,5.3,99,5.2,0.0,3.6,174,8.6,992.0,222.6,153.7,2328.0,98.9,85.8,9.0
2024-01-18 06:00:00,5.0,99,4.8,0.0,1.1,360,7.6,992.7,236.1,163.0,2753.0,111.2,96.5,4.0
2024-01-18 07:00:00,5.1,98,4.8,0.0,1.9,338,7.2,993.3,262.6,182.1,3305.0,126.6,110.6,0.0
2024-01-18 08:00:00,5.7,97,5.3,0.0,2.4,333,10.1,994.1,295.2,204.9,3476.0,127.9,116.3,19.0
2024-01-18 09:00:00,7.2,97,6.8,0.0,1.8,323,11.5,994.9,274.7,190.5,2899.0,101.3,105.6,86.0
2024-01-18 10:00:00,8.8,97,8.4,0.0,0.7,270,10.8,995.0,244.0,169.0,1940.0,60.4,86.6,177.0
2024-01-18 11:00:00,12.2,86,9.9,0.0,0.8,243,11.2,994.6,187.7,129.0,1187.0,29.1,71.3,245.0
2024-01-18 12:00:00,14.6,79,11.0,0.0,1.3,214,12.2,993.6,152.7,104.5,861.0,15.3,63.9,271.0
2024-01-18 13:00:00,17.0,68,10.9,0.0,3.1,144,13.7,992.6,136.0,92.9,742.0,11.1,60.3,273.0
2024-01-18 14:00:00,17.9,62,10.4,0.0,3.3,139,13.7,991.9,127.6,87.3,754.0,16.2,60.0,263.0
2024-01-18 15:00:00,17.9,62,10.6,0.0,3.1,159,13.0,991.5,122.5,83.8,869.0,33.6,62.4,241.0
2024-01-18 16:00:00,17.5,64,10.7,0.0,2.5,180,10.4,991.3,124.8,85.7,1116.0,60.3,68.1,207.0
2024-01-18 17:00:00,14.5,81,11.2,0.0,6.2,201,6.5,991.3,159.7,109.9,1328.0,81.1,64.0,117.0
2024-01-18 18:00:00,11.2,86,9.0,0.0,7.2,207,8.3,992.7,206.3,142.5,1967.0,97.8,85.7,89.0
2024-01-18 19:00:00,11.2,85,8.9,0.0,6.5,236,8.3,993.3,254.3,176.0,2858.0,120.9,116.0,51.0
2024-01-18 20:00:00,10.4,88,8.5,0.0,5.6,310,7.2,993.8,292.4,203.0,3590.0,138.0,142.3,22.0
2024-01-18 21:00:00,8.6,94,7.6,0.0,7.1,330,8.3,994.1,321.3,222.6,4033.0,144.5,162.4,11.0
2024-01-18 22:00:00,8.5,95,7.7,0.0,6.4,317,8.3,994.2,342.7,238.0,4317.0,145.2,178.4,9.0
2024-01-18 23:00:00,7.8,97,7.3,0.0,6.0,335,7.2,993.9,350.2,243.1,4426.0,141.9,183.5,10.0
2024-01-19 00:00:00,7.4,99,7.3,0.0,5.9,349,7.2,993.5,339.0,235.2,4286.0,133.8,171.7,11.0
2024-01-19 01:00:00,7.2,100,7.2,0.0,5.2,335,6.5,993.2,321.3,223.1,3971.0,121.9,149.1,15.0
2024-01-19 02:00:00,6.2,100,6.2,0.0,5.0,300,5.8,993.0,302.7,210.0,3681.0,110.7,127.1,18.0
2024-01-19 03:00:00,5.2,100,5.2,0.0,6.3,283,7.2,992.5,288.7,200.2,3479.0,100.2,108.2,19.0
2024-01-19 04:00:00,5.8,100,5.8,0.0,4.4,279,7.9,992.7,278.5,192.8,3304.0,90.5,90.0,21.0
2024-01-19 05:00:00,6.3,99,6.2,0.0,4.6,288,9.4,992.9,260.8,180.7,3093.0,96.2,82.0,16.0
2024-01-19 06:00:00,6.0,100,6.0,0.0,3.2,270,8.3,994.0,234.7,162.5,3002.0,99.0,79.3,13.0
2024-01-19 07:00:00,6.2,99,6.1,0.0,4.2,239,9.7,994.6,234.7,163.0,2869.0,102.2,75.2,12.0
2024-01-19 08:00:00,6.6,98,6.2,0.0,3.4,238,10.8,995.6,241.2,167.6,2710.0,99.9,70.5,34.0
2024-01-19 09:00:00,8.3,100,8.3,0.0,2.8,230,11.9,996.6,251.5,175.6,2540.0,87.9,62.7,98.0
2024-01-19 10:00:00,9.8,97,9.4,0.0,1.3,236,11.9,996.8,246.8,171.8,2344.0,70.5,54.2,184.0
2024-01-19 11:00:00,11.8,88,9.9,0.0,1.0,45,10.4,996.2,225.4,156.0,2097.0,53.9,52.4,255.0
2024-01-19 12:00:00,13.9,79,10.4,0.0,0.8,117,11.2,995.1,195.6,134.1,1711.0,37.0,63.3,300.0
2024-01-19 13:00:00,15.6,71,10.4,0.0,1.6,117,11.9,994.2,172.8,117.6,1274.0,21.0,81.0,329.0
2024-01-19 14:00:00,16.4,68,10.4,0.0,2.0,135,12.2,993.6,155.5,105.7,1028.0,16.3,95.3,336.0
2024-01-19 15:00:00,16.5,67,10.3,0.0,1.8,169,11.9,992.9,146.2,99.2,1063.0,28.7,99.5,312.0
2024-01-19 16:00:00,16.3,67,10.1,0.0,2.6,196,9.7,993.0,145.8,99.0,1288.0,52.5,100.3,266.0
2024-01-19 17:00:00,15.2,71,10.1,0.0,4.1,218,7.2,993.3,193.7,132.7,1417.0,76.2,87.5,175.0
2024-01-19 18:00:00,9.6,89,7.8,0.0,8.9,148,11.2,994.8,249.6,171.8,1919.0,91.2,100.0,139.0
2024-01-19 19:00:00,9.1,90,7.6,0.0,6.8,122,10.1,995.2,289.6,199.8,2613.0,111.9,117.2,89.0
2024-01-19 20:00:00,8.5,93,7.4,0.0,5.9,133,7.6,995.6,307.3,212.3,3146.0,126.5,131.1,51.0
2024-01-19 21:00:00,7.1,97,6.6,0.0,7.4,129,8.3,995.6,312.0,215.6,3373.0,129.9,139.4,37.0
2024-01-19 22:00:00,6.2,99,6.0,0.0,8.1,103,9.4,995.3,324.1,224.4,3439.0,127.3,144.2,34.0
2024-01-19 23:00:00,5.9,100,5.9,0.0,7.6,109,9.4,994.8,329.7,228.2,3425.0,123.0,143.7,33.0
2024-01-20 00:00:00,5.6,100,5.6,0.0,8.4,137,9.4,994.3,319.4,220.7,3328.0,117.9,135.1,31.0
2024-01-20 01:00:00,6.3,100,6.2,0.0,7.8,146,9.4,994.0,305.5,210.9,3151.0,111.1,121.3,32.0
2024-01-20 02:00:00,4.8,100,4.8,0.0,9.5,169,10.4,993.6,292.4,201.6,2980.0,104.3,108.8,31.0
2024-01-20 03:00:00,4.5,99,4.4,0.0,9.0,185,12.2,993.2,281.3,194.2,2806.0,96.1,98.5,28.0
2024-01-20 04:00:00,4.2,99,4.1,0.0,10.0,193,12.6,993.2,274.7,190.0,2637.0,87.9,89.6,23.0
2024-01-20 05:00:00,5.3,98,4.9,0.0,7.4,203,11.2,993.6,242.1,167.2,2270.0,78.9,69.1,22.0
2024-01-20 06:00:00,5.3,100,5.3,0.0,0.8,27,5.0,994.9,227.2,156.9,2298.0,78.5,69.4,19.0
2024-01-20 07:00:00,5.2,99,5.2,0.0,2.0,135,5.8,995.4,225.8,156.5,2327.0,77.4,69.6,19.0
2024-01-20 08:00:00,6.4,98,6.1,0.0,2.5,172,9.7,996.3,227.2,157.9,2278.0,73.4,67.9,38.0
2024-01-20 09:00:00,7.7,97,7.2,0.0,2.2,180,11.5,997.2,228.6,158.8,2101.0,64.4,61.3,96.0
2024-01-20 10:00:00,9.9,89,8.1,0.0,1.6,207,11.2,997.5,225.8,156.5,1847.0,52.4,52.7,175.0
2024-01-20 11:00:00,12.5,78,8.8,0.0,1.8,349,12.2,996.8,197.0,136.4,1591.0,41.4,49.5,236.0
2024-01-20 12:00:00,14.4,69,8.7,0.0,4.7,351,16.2,995.8,158.3,108.5,1310.0,30.0,56.7,268.0
2024-01-20 13:00:00,15.1,68,9.2,0.0,4.2,340,16.2,994.9,143.0,96.4,1028.0,19.6,69.2,282.0
2024-01-20 14:00:00,15.7,67,9.6,0.0,3.3,319,15.1,994.0,137.8,92.2,889.0,17.6,78.8,280.0
2024-01-20 15:00:00,15.9,66,9.7,0.0,4.3,312,13.3,993.6,136.4,90.6,959.0,29.1,80.4,257.0
2024-01-20 16:00:00,15.6,67,9.6,0.0,5.1,309,13.0,993.3,137.8,91.5,1173.0,49.1,79.0,218.0
2024-01-20 17:00:00,12.8,83,10.0,0.0,7.3,303,10.8,993.2,217.5,145.8,1547.0,80.1,89.3,156.0
2024-01-20 18:00:00,10.9,90,9.2,0.0,6.6,311,10.1,994.4,264.5,178.8,1871.0,89.6,95.1,127.0
2024-01-20 19:00:00,9.9,92,8.8,0.0,7.1,311,10.8,994.9,291.5,197.4,2314.0,102.5,103.0,88.0
2024-01-20 20:00:00,9.2,93,8.1,0.0,6.9,317,10.8,995.6,287.8,195.1,2629.0,110.2,108.5,58.0
2024-01-20 21:00:00,8.9,93,7.8,0.0,7.6,335,11.5,995.9,280.3,190.0,2704.0,108.8,110.9,46.0
2024-01-20 22:00:00,8.5,94,7.7,0.0,7.8,347,12.6,996.0,285.0,193.7,2650.0,102.2,111.0,44.0
2024-01-20 23:00:00,7.4,96,6.8,0.0,6.6,347,11.9,995.3,292.4,198.8,2547.0,94.0,106.2,44.0
2024-01-21 00:00:00,6.4,97,6.1,0.0,8.2,337,11.2,994.8,282.2,191.9,2404.0,85.2,93.5,44.0
2024-01-21 01:00:00,5.8,98,5.6,0.0,8.7,318,11.2,994.3,259.8,177.0,2212.0,74.8,76.1,45.0
2024-01-21 02:00:00,5.6,99,5.4,0.0,7.6,301,11.5,993.8,238.4,163.0,2021.0,63.6,60.7,48.0
2024-01-21 03:00:00,5.7,99,5.5,0.0,6.8,295,10.8,992.9,224.4,153.7,1821.0,49.6,49.3,54.0
2024-01-21 04:00:00,5.8,99,5.6,0.0,7.2,288,11.5,992.5,214.7,146.7,1623.0,34.7,40.1,61.0
2024-01-21 05:00:00,5.8,100,5.8,0.0,8.4,290,13.3,992.5,206.8,141.6,1539.0,28.0,39.1,62.0
2024-01-21 06:00:00,5.5,100,5.4,0.0,7.8,292,14.8,993.7,199.8,136.9,1601.0,31.2,37.8,57.0
2024-01-21 07:00:00,5.6,99,5.4,0.0,8.7,300,16.2,994.5,197.9,136.0,1679.0,35.4,35.8,51.0
2024-01-21 08:00:00,6.2,98,5.9,0.0,9.7,309,18.4,995.6,194.2,133.2,1688.0,36.3,33.1,56.0
2024-01-21 09:00:00,7.7,97,7.2,0.0,12.3,310,24.1,996.6,183.0,125.3,1568.0,30.9,28.5,84.0
2024-01-21 10:00:00,9.1,94,8.1,0.0,12.8,308,24.1,996.5,171.8,117.3,1379.0,22.3,23.1,123.0
2024-01-21 11:00:00,11.6,80,8.3,0.0,13.8,311,28.1,995.8,163.0,110.1,1208.0,15.5,20.3,154.0
2024-01-21 12:00:00,13.8,73,8.9,0.0,12.6,301,28.1,994.8,155.5,104.3,1077.0,11.8,22.1,172.0
2024-01-21 13:00:00,15.1,68,9.4,0.0,12.6,290,26.6,993.7,143.4,95.2,964.0,9.8,26.5,183.0
2024-01-21 14:00:00,16.0,64,9.3,0.0,13.6,287,27.0,992.9,133.2,87.5,895.0,10.8,30.1,183.0
2024-01-21 15:00:00,16.3,63,9.2,0.0,13.8,285,27.0,992.4,125.7,82.2,884.0,16.3,31.5,168.0
2024-01-21 16:00:00,15.8,64,9.1,0.0,13.3,283,25.9,992.3,120.6,79.2,916.0,24.7,32.1,143.0
2024-01-21 17:00:00,13.6,75,9.2,0.0,8.4,277,22.7,992.2,120.1,80.3,1014.0,36.0,32.7,118.0
2024-01-21 18:00:00,10.2,90,8.6,0.0,8.0,306,13.3,993.8,133.2,89.4,1126.0,43.3,36.1,100.0
2024-01-21 19:00:00,9.2,93,8.1,0.0,7.4,317,11.9,994.3,139.7,94.1,1279.0,53.1,40.8,75.0
2024-01-21 20:00:00,8.1,94,7.3,0.0,8.0,324,11.2,994.7,141.6,95.7,1385.0,58.2,43.5,57.0
2024-01-21 21:00:00,7.1,96,6.6,0.0,9.2,318,11.5,994.9,142.0,96.2,1400.0,54.6,42.8,52.0
2024-01-21 22:00:00,6.2,98,5.9,0.0,9.4,317,11.9,994.9,144.8,98.3,1367.0,46.4,40.2,55.0
2024-01-21 23:00:00,5.4,99,5.3,0.0,9.7,315,12.2,994.4,146.2,99.9,1335.0,38.6,37.1,57.0
2024-01-22 00:00:00,4.9,100,4.9,0.0,9.4,310,12.2,994.1,144.4,99.2,1316.0,32.6,33.6,57.0
2024-01-22 01:00:00,4.4,100,4.4,0.0,9.7,312,12.2,993.5,144.8,99.9,1297.0,26.9,29.8,57.0
2024-01-22 02:00:00,4.1,100,4.1,0.0,8.9,302,11.9,993.1,145.3,100.6,1284.0,22.6,26.9,57.0
2024-01-22 03:00:00,4.8,100,4.8,0.0,5.0,291,10.8,992.8,145.8,100.8,1266.0,19.5,25.4,57.0
2024-01-22 04:00:00,4.9,99,4.8,0.0,4.3,270,10.1,992.7,145.8,101.0,1253.0,17.8,24.8,57.0
2024-01-22 05:00:00,5.2,90,3.7,0.0,3.4,288,10.1,993.0,171.4,117.8,1315.0,14.9,24.5,72.0
2024-01-22 06:00:00,5.2,99,5.1,0.0,4.1,315,11.2,995.4,177.0,121.1,1353.0,17.4,25.6,72.0
2024-01-22 07:00:00,5.5,100,5.4,0.0,3.1,291,10.4,996.0,181.1,124.3,1404.0,20.8,27.1,74.0
2024-01-22 08:00:00,5.9,99,5.7,0.0,3.3,276,10.8,996.9,183.5,125.7,1435.0,23.0,29.0,81.0
2024-01-22 09:00:00,7.1,99,6.9,0.0,2.3,288,11.5,997.7,184.4,126.2,1428.0,23.1,31.2,96.0
2024-01-22 10:00:00,8.8,95,8.1,0.0,1.8,259,11.2,997.9,187.7,129.0,1400.0,22.1,33.7,117.0
2024-01-22 11:00:00,11.4,82,8.6,0.0,2.0,225,12.2,997.3,183.0,124.3,1368.0,20.9,36.2,142.0
2024-01-22 12:00:00,13.5,74,9.0,0.0,2.1,211,13.3,996.1,182.1,123.4,1310.0,17.5,38.4,178.0
2024-01-22 13:00:00,15.0,65,8.5,0.0,2.4,207,13.0,994.9,177.9,120.6,1248.0,14.1,40.5,217.0
2024-01-22 14:00:00,16.0,58,7.7,0.0,3.4,198,13.3,994.2,169.0,114.3,1258.0,17.6,43.3,235.0
2024-01-22 15:00:00,16.4,56,7.7,0.0,4.1,195,13.3,994.1,159.3,107.8,1372.0,33.9,46.9,216.0
2024-01-22 16:00:00,16.0,60,8.2,0.0,4.4,189,12.2,994.2,153.7,104.1,1559.0,57.2,51.2,175.0
2024-01-22 17:00:00,14.4,70,8.9,0.0,4.7,148,8.6,994.2,188.6,128.5,1678.0,57.6,50.3,140.0
2024-01-22 18:00:00,9.9,86,7.6,0.0,8.3,95,9.4,995.0,225.8,154.1,1920.0,67.5,53.8,112.0
2024-01-22 19:00:00,8.6,91,7.2,0.0,8.2,75,11.2,995.5,244.0,166.7,2254.0,81.0,58.7,72.0
2024-01-22 20:00:00,7.8,93,6.8,0.0,8.3,56,11.5,996.0,246.8,169.0,2496.0,89.5,62.3,43.0
2024-01-22 21:00:00,7.4,94,6.5,0.0,7.4,47,11.2,996.3,246.8,169.0,2562.0,88.5,63.5,34.0
2024-01-22 22:00:00,7.0,95,6.2,0.0,6.9,62,10.8,996.2,247.7,170.0,2536.0,82.5,63.4,34.0
2024-01-22 23:00:00,6.2,96,5.6,0.0,7.6,85,10.4,995.9,251.5,172.3,2496.0,76.9,62.7,36.0
2024-01-23 00:00:00,5.2,98,4.8,0.0,10.0,111,12.2,995.5,252.4,172.8,2470.0,74.2,61.5,34.0
2024-01-23 01:00:00,5.7,98,5.3,0.0,7.8,124,11.9,995.2,255.2,174.6,2429.0,71.9,59.6,34.0
2024-01-23 02:00:00,6.5,98,6.2,0.0,6.2,144,8.6,995.0,255.2,173.7,2360.0,68.0,57.3,36.0
2024-01-23 03:00:00,6.3,99,6.2,0.0,5.1,176,7.2,994.5,255.2,173.2,2220.0,59.9,54.2,46.0
2024-01-23 04:00:00,6.2,100,6.2,0.0,1.3,34,5.4,994.1,248.7,168.6,2053.0,50.2,50.7,58.0
2024-01-23 05:00:00,4.8,100,4.8,0.0,0.5,45,2.2,994.0,222.1,150.9,1740.0,24.6,32.2,72.0
2024-01-23 06:00:00,4.9,100,4.9,0.0,1.3,34,6.5,995.2,222.1,150.4,1890.0,31.2,36.6,57.0
2024-01-23 07:00:00,4.4,100,4.4,0.0,3.6,225,7.2,995.3,224.9,153.2,2093.0,40.1,42.7,38.0
2024-01-23 08:00:00,5.3,98,5.1,0.0,4.1,218,11.5,995.8,229.1,157.4,2213.0,46.0,47.1,37.0
2024-01-23 09:00:00,7.8,95,7.1,0.0,2.4,207,11.9,996.6,229.1,156.9,2190.0,46.7,47.6,67.0
2024-01-23 10:00:00,9.1,97,8.8,0.0,0.8,297,11.5,997.0,232.4,159.7,2085.0,44.3,46.4,116.0
2024-01-23 11:00:00,12.5,85,10.0,0.0,1.5,346,12.2,996.3,231.0,158.8,1937.0,39.8,46.5,163.0
2024-01-23 12:00:00,14.9,76,10.7,0.0,3.2,270,14.0,995.3,218.4,149.5,1707.0,29.9,49.5,212.0
2024-01-23 13:00:00,16.5,68,10.6,0.0,6.1,270,16.9,994.1,202.6,137.8,1434.0,17.9,53.8,260.0
2024-01-23 14:00:00,17.4,63,10.2,0.0,7.2,273,18.4,993.2,184.9,125.3,1286.0,14.8,57.2,280.0
2024-01-23 15:00:00,17.6,60,9.8,0.0,7.0,282,18.0,992.8,171.4,115.9,1328.0,27.6,57.7,254.0
2024-01-23 16:00:00,17.2,63,10.1,0.0,5.8,300,15.8,992.5,169.0,114.3,1494.0,49.2,57.4,202.0
2024-01-23 17:00:00,14.7,76,10.6,0.0,6.4,322,10.4,992.3,198.8,134.6,1632.0,67.8,60.0,135.0
2024-01-23 18:00:00,11.5,87,9.4,0.0,7.6,352,10.8,992.8,240.3,163.4,2071.0,84.6,72.6,103.0
2024-01-23 19:00:00,12.4,83,9.6,0.0,5.9,349,10.4,993.3,264.5,180.2,2667.0,107.1,89.3,58.0
2024-01-23 20:00:00,12.2,84,9.6,0.0,5.2,344,8.3,993.6,272.9,186.3,3041.0,119.7,98.1,26.0
2024-01-23 21:00:00,11.1,89,9.4,0.0,5.7,325,7.9,993.9,266.4,181.6,2980.0,113.3,91.5,18.0
2024-01-23 22:00:00,10.1,91,8.8,0.0,5.4,8,9.0,993.7,254.3,173.2,2697.0,96.9,76.9,21.0
2024-01-23 23:00:00,8.8,93,7.8,0.0,6.5,357,10.4,993.3,241.2,163.9,2449.0,82.2,64.0,24.0
2024-01-24 00:00:00,8.2,95,7.4,0.0,7.6,355,10.1,993.0,228.2,155.1,2336.0,73.3,56.6,22.0
2024-01-24 01:00:00,8.8,95,8.1,0.0,7.0,339,9.7,993.0,220.7,149.9,2257.0,66.0,51.0,19.0
2024-01-24 02:00:00,9.1,95,8.4,0.0,5.0,330,7.9,992.9,214.2,145.8,2169.0,59.1,45.8,18.0
2024-01-24 03:00:00,8.6,95,7.9,0.0,5.8,330,8.6,992.7,202.1,137.8,2019.0,50.7,39.8,21.0
2024-01-24 04:00:00,7.2,97,6.8,0.0,8.4,320,10.4,992.5,186.3,127.6,1859.0,42.6,34.3,27.0
2024-01-24 05:00:00,6.3,99,6.1,0.0,8.9,317,10.4,992.5,170.0,117.3,1653.0,29.7,24.5,33.0
2024-01-24 06:00:00,7.0,99,6.8,0.0,6.6,338,9.4,993.9,166.2,114.8,1811.0,35.2,28.2,29.0
2024-01-24 07:00:00,6.5,100,6.4,0.0,7.2,323,10.1,994.6,171.4,118.5,2018.0,42.4,33.2,26.0
2024-01-24 08:00:00,8.9,95,8.2,0.0,7.0,339,13.0,995.6,177.4,122.9,2103.0,45.2,36.4,36.0
2024-01-24 09:00:00,10.9,91,9.4,0.0,5.5,337,14.0,996.5,176.5,122.5,1965.0,39.2,36.1,71.0
2024-01-24 10:00:00,13.4,82,10.4,0.0,5.8,330,16.2,997.1,172.3,118.5,1705.0,28.8,34.0,119.0
2024-01-24 11:00:00,15.4,70,9.9,0.0,5.9,322,17.3,996.3,152.3,103.6,1447.0,20.4,32.4,157.0
2024-01-24 12:00:00,17.0,58,8.8,0.0,6.1,320,17.6,995.2,125.7,84.5,1195.0,15.3,32.0,178.0
2024-01-24 13:00:00,18.0,51,7.8,0.0,6.1,315,17.6,994.1,110.4,73.6,945.0,12.2,32.1,188.0
2024-01-24 14:00:00,18.6,50,7.8,0.0,6.1,310,16.9,993.5,106.2,70.5,812.0,14.0,32.2,186.0
2024-01-24 15:00:00,18.6,50,8.1,0.0,6.6,311,16.2,993.0,105.0,69.6,862.0,24.0,31.8,164.0
2024-01-24 16:00:00,18.0,54,8.6,0.0,7.7,307,15.1,993.0,106.4,70.5,1029.0,38.8,31.5,129.0
2024-01-24 17:00:00,15.1,71,9.9,0.0,6.6,311,13.0,993.0,148.5,99.9,1369.0,60.9,37.4,85.0
2024-01-24 18:00:00,11.7,83,8.9,0.0,7.4,331,11.2,993.9,171.4,115.9,1561.0,63.5,40.9,72.0
2024-01-24 19:00:00,11.1,85,8.7,0.0,8.8,325,13.7,995.0,180.7,122.9,1826.0,66.9,45.7,53.0
2024-01-24 20:00:00,10.1,89,8.4,0.0,8.2,337,14.0,995.3,185.8,126.7,2033.0,68.2,48.8,39.0
2024-01-24 21:00:00,9.3,93,8.1,0.0,7.8,347,13.0,995.7,190.0,129.9,2131.0,65.9,49.1,33.0
2024-01-24 22:00:00,8.6,95,7.8,0.0,7.3,351,12.6,996.0,197.9,135.5,2171.0,61.5,47.6,30.0
2024-01-24 23:00:00,7.8,96,7.3,0.0,6.5,354,11.5,995.9,199.8,136.9,2172.0,56.9,44.9,29.0
2024-01-25 00:00:00,7.3,97,6.9,0.0,6.5,354,10.4,995.5,191.9,132.2,2126.0,52.3,40.2,28.0
2024-01-25 01:00:00,6.4,98,6.2,0.0,6.9,351,10.1,995.1,184.9,127.6,2041.0,47.4,34.1,28.0
2024-01-25 02:00:00,5.6,99,5.5,0.0,8.0,333,10.4,994.6,180.2,124.3,1967.0,43.1,29.7,28.0
2024-01-25 03:00:00,5.2,100,5.2,0.0,6.9,309,10.4,994.5,177.0,122.5,1896.0,38.5,27.6,27.0
2024-01-25 04:00:00,5.8,100,5.8,0.0,6.4,297,10.4,994.6,171.8,119.0,1836.0,34.5,27.1,26.0
2024-01-25 05:00:00,5.4,100,5.4,0.0,8.4,295,14.0,994.9,165.8,115.5,1632.0,19.3,14.1,38.0
2024-01-25 06:00:00,5.4,99,5.3,0.0,6.4,317,14.0,996.3,166.2,115.5,1678.0,22.6,16.3,36.0
2024-01-25 07:00:00,5.4,95,4.8,0.0,5.1,315,12.2,997.2,170.0,118.3,1740.0,27.2,19.4,34.0
2024-01-25 08:00:00,6.1,95,5.3,0.0,5.0,300,13.0,998.1,175.6,122.0,1777.0,30.2,22.5,43.0
2024-01-25 09:00:00,7.1,97,6.7,0.0,4.0,275,13.3,999.0,180.2,124.8,1790.0,30.6,25.3,73.0
2024-01-25 10:00:00,9.9,88,7.9,0.0,2.2,261,13.3,999.5,187.2,129.5,1777.0,29.6,28.3,114.0
2024-01-25 11:00:00,13.1,79,9.4,0.0,1.6,297,12.2,998.8,190.0,130.9,1699.0,27.7,31.4,148.0
2024-01-25 12:00:00,15.4,70,10.0,0.0,1.9,292,13.3,997.8,181.1,123.9,1479.0,22.8,35.1,173.0
2024-01-25 13:00:00,16.5,65,9.8,0.0,0.8,297,12.6,996.4,159.7,106.6,1193.0,17.0,39.1,191.0
2024-01-25 14:00:00,17.2,61,9.7,0.0,1.8,281,10.4,995.7,139.7,90.6,1024.0,17.9,42.5,193.0
2024-01-25 15:00:00,17.6,60,9.6,0.0,4.0,270,11.5,995.5,128.5,81.3,1038.0,31.0,43.7,167.0
2024-01-25 16:00:00,17.2,61,9.8,0.0,6.6,292,12.6,995.7,125.3,79.2,1168.0,50.7,44.3,124.0
2024-01-25 17:00:00,15.5,74,10.8,0.0,4.6,321,12.2,995.7,177.0,115.9,1544.0,71.7,60.9,97.0
2024-01-25 18:00:00,11.8,88,9.9,0.0,7.0,339,11.2,996.0,209.1,138.3,1812.0,77.4,65.9,78.0
2024-01-25 19:00:00,10.9,91,9.4,0.0,8.1,347,12.6,996.8,219.8,147.6,2183.0,85.0,72.6,51.0
2024-01-25 20:00:00,10.4,91,8.9,0.0,8.3,360,13.3,997.3,221.2,149.9,2463.0,89.3,77.3,30.0
2024-01-25 21:00:00,9.4,93,8.2,0.0,7.1,24,13.3,997.1,223.1,152.3,2567.0,87.2,78.3,21.0
2024-01-25 22:00:00,8.2,95,7.4,0.0,7.6,45,10.8,996.8,227.2,156.0,2580.0,81.8,77.2,19.0
2024-01-25 23:00:00,8.4,93,7.4,0.0,7.2,63,11.5,996.5,228.6,156.9,2568.0,76.6,74.7,17.0
2024-01-26 00:00:00,8.9,93,7.9,0.0,3.3,174,7.9,996.2,223.5,153.7,2540.0,73.0,70.0,15.0
2024-01-26 01:00:00,8.5,95,7.8,0.0,3.6,217,4.0,995.7,220.7,151.8,2487.0,69.6,63.9,14.0
2024-01-26 02:00:00,6.9,98,6.7,0.0,4.4,235,5.0,995.2,217.5,149.5,2442.0,66.6,59.0,13.0
2024-01-26 03:00:00,7.0,97,6.6,0.0,4.9,253,5.8,995.0,214.7,147.6,2404.0,62.7,56.0,11.0
2024-01-26 04:00:00,6.5,98,6.2,0.0,5.2,295,5.8,995.0,213.7,146.7,2376.0,59.2,54.2,9.0
2024-01-26 05:00:00,5.4,100,5.4,0.0,5.6,310,7.6,995.1,214.2,145.8,2222.0,65.4,57.9,10.0
2024-01-26 06:00:00,6.7,95,6.0,0.0,7.2,273,9.7,996.3,217.0,147.1,2517.0,79.0,65.3,8.0
2024-01-26 07:00:00,5.4,100,5.4,0.0,6.4,313,8.6,997.2,233.8,158.8,2902.0,96.7,75.4,9.0
2024-01-26 08:00:00,7.7,97,7.2,0.0,4.8,347,10.4,998.4,252.4,170.9,3032.0,101.4,82.6,31.0
2024-01-26 09:00:00,9.8,93,8.8,0.0,2.9,360,12.2,999.4,250.5,170.4,2671.0,80.7,84.9,96.0
2024-01-26 10:00:00,12.2,87,10.1,0.0,1.1,342,11.5,1000.3,238.0,158.3,2055.0,47.1,84.4,183.0
2024-01-26 11:00:00,14.8,79,11.1,0.0,2.5,360,13.3,1000.0,217.5,143.0,1546.0,21.4,81.2,248.0
2024-01-26 12:00:00,16.5,71,11.2,0.0,1.8,323,13.7,998.9,189.5,125.3,1262.0,10.8,73.8,275.0
2024-01-26 13:00:00,17.6,64,10.7,0.0,3.3,276,13.3,997.5,162.1,107.1,1084.0,8.0,63.8,280.0
2024-01-26 14:00:00,18.5,57,9.8,0.0,4.7,274,14.4,996.7,143.0,94.8,1020.0,12.4,56.4,267.0
2024-01-26 15:00:00,18.6,54,9.1,0.0,4.9,287,14.4,996.2,130.9,86.6,1077.0,26.3,52.4,231.0
2024-01-26 16:00:00,18.1,55,8.9,0.0,4.7,293,13.0,995.9,127.1,84.5,1247.0,47.3,50.9,178.0
2024-01-26 17:00:00,16.5,64,9.6,0.0,5.6,297,7.9,995.8,183.5,123.9,1711.0,76.3,71.8,195.0
2024-01-26 18:00:00,13.1,81,9.9,0.0,8.4,329,9.0,996.1,227.7,154.6,2190.0,99.6,85.6,149.0
2024-01-26 19:00:00,11.6,88,9.7,0.0,8.4,340,11.5,996.5,267.3,182.5,2843.0,131.0,104.5,85.0
2024-01-26 20:00:00,10.9,90,9.2,0.0,9.0,331,11.9,997.0,283.1,193.7,3288.0,149.9,116.8,38.0
2024-01-26 21:00:00,10.1,91,8.6,0.0,9.0,323,12.6,997.5,277.5,189.5,3359.0,145.8,118.4,22.0
2024-01-26 22:00:00,9.4,92,8.1,0.0,9.1,326,11.9,997.6,265.4,181.6,3221.0,129.2,113.4,23.0
2024-01-26 23:00:00,8.6,92,7.4,0.0,8.3,342,12.6,997.2,247.7,169.0,2983.0,110.4,102.9,27.0
2024-01-27 00:00:00,8.4,93,7.2,0.0,7.1,345,11.9,996.9,217.0,147.6,2619.0,91.1,83.4,31.0
2024-01-27 01:00:00,7.3,95,6.5,0.0,9.1,326,11.2,996.3,183.5,124.8,2156.0,69.6,58.4,39.0
2024-01-27 02:00:00,7.2,95,6.4,0.0,7.1,294,11.2,995.9,158.8,107.6,1782.0,51.6,38.8,45.0
2024-01-27 03:00:00,6.9,96,6.3,0.0,7.0,291,10.8,995.3,143.0,96.6,1568.0,38.4,29.3,48.0
2024-01-27 04:00:00,7.0,96,6.3,0.0,8.1,291,12.6,995.0,129.5,87.5,1443.0,28.6,25.2,51.0
2024-01-27 05:00:00,7.1,95,6.2,0.0,8.8,282,14.0,994.9,104.5,70.8,1215.0,17.2,20.1,61.0
2024-01-27 06:00:00,7.2,93,6.1,0.0,10.5,274,16.6,995.3,99.0,67.1,1302.0,23.1,21.9,58.0
2024-01-27 07:00:00,7.3,92,6.2,0.0,11.2,276,17.6,995.5,101.7,69.2,1418.0,31.0,24.3,56.0
2024-01-27 08:00:00,9.1,88,7.2,0.0,14.1,276,21.2,996.3,105.5,71.7,1463.0,34.6,25.7,64.0
2024-01-27 09:00:00,11.8,82,8.8,0.0,11.3,279,22.0,997.0,106.9,72.9,1384.0,29.7,25.1,92.0
2024-01-27 10:00:00,14.8,73,10.0,0.0,12.4,278,23.8,997.4,100.8,68.0,1236.0,20.6,23.4,130.0
2024-01-27 11:00:00,17.5,64,10.6,0.0,14.0,282,27.0,996.9,92.9,61.7,1085.0,13.2,21.9,158.0
2024-01-27 12:00:00,19.3,57,10.6,0.0,15.4,286,29.5,995.8,83.4,54.0,930.0,9.4,20.7,167.0
2024-01-27 13:00:00,20.4,50,9.5,0.0,16.9,290,31.7,994.6,75.7,48.3,772.0,7.4,19.6,165.0
2024-01-27 14:00:00,20.8,47,8.9,0.0,17.4,292,32.0,993.9,71.2,44.9,677.0,8.2,19.3,158.0
2024-01-27 15:00:00,20.5,47,8.9,0.0,16.9,294,32.0,993.4,70.1,44.2,679.0,12.8,19.9,147.0
2024-01-27 16:00:00,19.6,54,9.9,0.0,13.0,294,29.5,993.2,71.7,46.4,745.0,20.2,21.4,130.0
2024-01-27 17:00:00,17.1,64,10.3,0.0,9.2,291,21.6,993.4,70.3,46.8,893.0,35.0,24.7,97.0
2024-01-27 18:00:00,13.6,75,9.3,0.0,9.3,298,12.6,993.8,82.7,55.3,1050.0,42.9,30.6,82.0
2024-01-27 19:00:00,12.4,82,9.4,0.0,8.7,300,12.6,994.5,93.6,62.9,1270.0,53.9,38.9,61.0
2024-01-27 20:00:00,11.1,87,9.0,0.0,9.5,299,12.2,994.7,104.1,69.6,1455.0,61.9,46.1,44.0
2024-01-27 21:00:00,10.1,89,8.4,0.0,10.5,297,12.6,995.0,113.9,75.7,1574.0,64.5,51.6,37.0
2024-01-27 22:00:00,9.4,90,7.8,0.0,11.7,304,13.0,995.1,125.3,82.9,1659.0,64.2,56.1,35.0
2024-01-27 23:00:00,8.9,90,7.4,0.0,10.8,323,13.3,994.8,132.7,87.5,1704.0,62.5,57.6,33.0
2024-01-28 00:00:00,8.9,90,7.4,0.0,8.4,340,11.9,994.3,131.8,86.6,1693.0,59.2,54.2,30.0
2024-01-28 01:00:00,9.1,90,7.5,0.0,6.6,338,9.4,994.1,130.4,85.4,1643.0,54.4,47.9,27.0
2024-01-28 02:00:00,8.1,93,7.1,0.0,6.6,331,7.9,993.7,129.0,84.5,1600.0,50.2,43.1,25.0
2024-01-28 03:00:00,9.1,92,7.8,0.0,4.6,321,7.6,993.2,127.1,83.4,1533.0,45.3,40.6,23.0
2024-01-28 04:00:00,7.9,95,7.2,0.0,5.2,326,5.8,992.9,125.3,82.7,1472.0,40.9,39.7,21.0
2024-01-28 05:00:00,6.2,98,5.9,0.0,6.9,317,7.9,992.9,142.5,93.4,1738.0,51.6,50.2,17.0
2024-01-28 06:00:00,8.1,98,7.7,0.0,3.1,306,5.0,993.8,148.5,97.6,2186.0,72.4,63.7,11.0
2024-01-28 07:00:00,7.8,98,7.6,0.0,2.3,288,3.6,994.1,173.7,115.3,2779.0,99.9,81.8,5.0
2024-01-28 08:00:00,9.1,95,8.2,0.0,3.0,346,7.9,994.8,210.9,141.6,3039.0,111.9,91.9,18.0
2024-01-28 09:00:00,12.6,86,10.4,0.0,2.5,45,9.7,995.7,181.6,122.5,2643.0,93.2,85.8,68.0
2024-01-28 10:00:00,15.3,79,11.7,0.0,4.4,81,13.7,996.3,151.8,101.7,1913.0,59.0,71.7,137.0
2024-01-28 11:00:00,17.4,71,12.1,0.0,6.9,96,17.3,995.6,138.8,92.0,1339.0,32.7,61.6,190.0
2024-01-28 12:00:00,18.9,64,11.9,0.0,7.6,109,18.7,994.6,133.6,87.5,1108.0,23.3,61.1,216.0
2024-01-28 13:00:00,19.8,59,11.5,0.0,8.4,115,19.1,993.6,132.2,85.9,1032.0,21.8,64.5,227.0
2024-01-28 14:00:00,20.0,58,11.5,0.0,9.2,111,19.4,992.7,130.9,85.4,1035.0,25.2,66.8,223.0
2024-01-28 15:00:00,19.9,60,11.8,0.0,9.1,108,19.4,992.6,130.9,85.9,1128.0,35.3,65.8,197.0
2024-01-28 16:00:00,19.3,65,12.6,0.0,7.5,107,18.0,992.7,131.3,87.5,1300.0,50.2,63.8,155.0
2024-01-28 17:00:00,17.0,76,12.8,0.0,6.2,100,12.6,992.6,131.3,88.9,1267.0,50.6,58.1,119.0
2024-01-28 18:00:00,14.3,85,11.9,0.0,8.7,97,13.7,993.4,137.4,93.1,1316.0,52.4,56.4,101.0
2024-01-28 19:00:00,13.5,87,11.4,0.0,9.6,103,15.5,993.8,136.4,92.7,1380.0,54.6,54.0,75.0
2024-01-28 20:00:00,13.1,90,11.4,0.0,10.8,105,17.6,994.2,132.7,89.9,1410.0,54.2,51.2,57.0
2024-01-28 21:00:00,12.7,91,11.4,0.0,11.1,103,18.4,994.6,130.4,88.2,1379.0,49.3,48.4,53.0
2024-01-28 22:00:00,12.4,92,11.1,0.0,10.2,98,17.6,994.8,129.0,87.5,1313.0,41.8,45.2,56.0
2024-01-28 23:00:00,12.1,93,10.9,0.0,10.2,100,16.6,994.8,125.3,84.8,1238.0,34.4,41.6,60.0
2024-01-29 00:00:00,11.7,94,10.8,0.0,10.2,100,16.6,994.2,118.5,80.1,1153.0,27.5,36.9,63.0
2024-01-29 01:00:00,11.3,95,10.5,0.0,9.1,97,16.2,993.8,113.4,76.4,1058.0,20.8,31.6,67.0
2024-01-29 02:00:00,10.9,95,10.2,0.0,8.0,98,15.1,993.6,109.0,73.3,984.0,15.9,27.9,69.0
2024-01-29 03:00:00,10.6,95,9.9,0.0,8.0,100,13.0,993.2,105.7,71.2,928.0,12.8,26.1,68.0
2024-01-29 04:00:00,10.4,96,9.8,0.0,8.0,108,13.0,993.1,103.1,69.8,892.0,11.6,25.8,65.0
2024-01-29 05:00:00,10.1,97,9.6,0.0,8.0,108,13.3,993.0,102.4,69.6,899.0,13.3,27.3,61.0
2024-01-29 06:00:00,9.2,96,8.6,0.0,7.8,103,13.7,994.4,105.7,71.7,1040.0,21.5,31.5,50.0
2024-01-29 07:00:00,9.1,96,8.4,0.0,6.2,111,12.6,995.1,115.9,79.2,1231.0,32.6,37.4,38.0
2024-01-29 08:00:00,10.9,92,9.6,0.0,7.8,112,14.0,996.0,128.1,87.8,1345.0,38.9,42.9,42.0
2024-01-29 09:00:00,13.2,86,10.9,0.0,6.8,122,15.5,996.5,135.5,92.0,1317.0,35.8,47.5,78.0
2024-01-29 10:00:00,15.6,80,12.2,0.0,6.9,129,17.6,996.7,142.0,95.9,1212.0,27.8,51.7,130.0
2024-01-29 11:00:00,17.7,75,13.3,0.0,7.4,119,18.7,995.9,147.1,98.7,1105.0,21.2,54.6,175.0
2024-01-29 12:00:00,19.3,71,13.9,0.0,6.8,122,19.4,994.8,143.4,95.7,984.0,15.8,54.7,207.0
2024-01-29 13:00:00,20.4,67,14.1,0.0,5.4,138,18.7,993.8,138.3,92.0,861.0,11.7,53.5,232.0
2024-01-29 14:00:00,20.9,65,14.1,0.0,4.4,145,16.2,992.8,135.0,89.6,837.0,15.5,54.1,240.0
2024-01-29 15:00:00,21.1,64,14.0,0.0,3.1,144,13.7,992.2,131.8,87.5,937.0,32.3,56.7,223.0
2024-01-29 16:00:00,20.8,65,13.9,0.0,2.4,153,10.8,992.2,132.7,88.0,1137.0,57.0,61.1,190.0
2024-01-29 17:00:00,19.6,71,14.3,0.0,4.0,175,6.5,992.3,195.1,130.9,1561.0,80.8,73.3,162.0
2024-01-29 18:00:00,18.7,73,13.7,0.0,4.7,360,5.0,992.6,229.6,155.1,2029.0,97.8,85.5,128.0
2024-01-29 19:00:00,14.9,87,12.8,0.0,7.4,346,8.3,992.8,259.8,176.5,2665.0,120.6,101.7,81.0
2024-01-29 20:00:00,13.1,92,11.9,0.0,9.7,318,11.2,993.3,280.3,190.9,3080.0,132.8,110.5,47.0
2024-01-29 21:00:00,12.4,94,11.4,0.0,10.2,318,11.5,993.6,282.2,192.3,3086.0,125.6,105.7,37.0
2024-01-29 22:00:00,11.6,96,10.9,0.0,10.3,335,11.5,993.5,269.2,183.9,2871.0,107.9,93.4,40.0
2024-01-29 23:00:00,10.9,98,10.5,0.0,9.7,345,11.5,993.4,244.9,167.6,2606.0,90.0,79.9,43.0
2024-01-30 00:00:00,10.5,98,10.2,0.0,8.4,340,11.2,993.2,216.5,149.0,2306.0,74.3,65.7,44.0
2024-01-30 01:00:00,10.1,99,9.9,0.0,9.0,331,10.8,992.9,197.0,135.5,1956.0,58.5,50.3,47.0
2024-01-30 02:00:00,9.6,99,9.6,0.0,8.4,317,10.8,992.3,183.0,125.7,1683.0,45.6,38.5,48.0
2024-01-30 03:00:00,9.2,100,9.2,0.0,8.7,308,10.4,991.9,173.2,118.7,1532.0,36.8,32.6,47.0
2024-01-30 04:00:00,9.2,100,9.2,0.0,7.3,303,10.4,991.5,166.2,113.6,1457.0,30.9,30.3,44.0
2024-01-30 05:00:00,10.1,100,10.0,0.0,5.2,286,9.7,991.5,203.5,138.8,1866.0,44.9,41.4,29.0
2024-01-30 06:00:00,9.4,100,9.4,0.0,5.5,293,11.9,992.8,198.8,135.5,1914.0,45.5,41.7,24.0
2024-01-30 07:00:00,9.3,100,9.3,0.0,7.3,303,12.6,993.4,198.4,136.0,1974.0,46.1,42.1,19.0
2024-01-30 08:00:00,10.1,99,10.0,0.0,7.4,313,14.0,994.6,201.6,138.8,1968.0,44.7,41.6,29.0
2024-01-30 09:00:00,11.9,95,11.1,0.0,7.1,319,17.3,995.3,202.1,139.2,1855.0,40.0,39.3,67.0
2024-01-30 10:00:00,14.0,93,12.9,0.0,7.4,331,18.7,995.5,199.3,136.4,1676.0,33.4,36.2,119.0
2024-01-30 11:00:00,17.4,81,14.1,0.0,5.8,330,18.7,994.9,191.9,130.9,1481.0,27.0,34.3,163.0
2024-01-30 12:00:00,18.9,76,14.6,0.0,4.6,321,16.9,993.9,173.2,116.4,1238.0,18.9,34.3,192.0
2024-01-30 13:00:00,20.0,70,14.4,0.0,3.8,311,15.8,992.7,156.5,103.4,979.0,11.1,35.4,213.0
2024-01-30 14:00:00,20.6,64,13.6,0.0,3.3,311,14.8,991.8,147.1,94.5,846.0,11.2,37.3,217.0
2024-01-30 15:00:00,20.8,60,12.8,0.0,3.1,291,13.0,991.2,140.2,87.8,877.0,23.8,38.1,197.0
2024-01-30 16:00:00,20.5,60,12.5,0.0,4.0,270,10.8,991.3,139.7,86.8,1035.0,44.4,39.6,160.0
2024-01-30 17:00:00,18.1,75,13.6,0.0,5.8,270,7.9,991.3,238.4,152.7,1457.0,77.4,57.4,128.0
2024-01-30 18:00:00,17.7,78,13.9,0.0,4.4,261,5.8,992.2,280.3,181.1,2002.0,100.9,75.0,98.0
2024-01-30 19:00:00,16.2,83,13.4,0.0,4.9,324,5.4,992.8,317.6,207.7,2761.0,133.2,99.7,56.0
2024-01-30 20:00:00,13.4,92,12.2,0.0,6.9,354,7.6,993.2,348.3,228.6,3382.0,156.9,121.2,24.0
2024-01-30 21:00:00,13.1,93,12.1,0.0,6.0,25,7.9,993.6,367.9,242.1,3749.0,164.8,137.9,13.0
2024-01-30 22:00:00,12.9,95,12.1,0.0,3.9,68,6.8,993.7,382.8,252.4,3977.0,164.2,151.4,12.0
2024-01-30 23:00:00,11.0,98,10.8,0.0,5.0,69,5.8,993.3,388.4,256.1,4061.0,159.2,155.6,12.0
2024-01-31 00:00:00,9.8,100,9.8,0.0,6.4,63,7.6,992.8,378.1,249.6,3969.0,149.5,145.0,11.0
2024-01-31 01:00:00,9.5,100,9.5,0.0,6.5,56,9.0,992.3,359.5,236.6,3732.0,135.4,125.1,11.0
2024-01-31 02:00:00,9.2,100,9.2,0.0,8.0,72,10.1,992.0,334.3,219.3,3443.0,122.1,106.6,13.0
2024-01-31 03:00:00,8.8,100,8.8,0.0,9.0,92,10.8,991.5,303.6,199.3,3067.0,110.3,91.9,17.0
2024-01-31 04:00:00,8.6,100,8.6,0.0,8.0,117,10.8,991.1,280.3,183.9,2637.0,99.3,78.6,22.0
2024-01-31 05:00:00,9.1,100,9.1,0.0,4.6,129,9.4,990.9,227.7,150.9,1716.0,48.1,50.9,49.0
2024-01-31 06:00:00,9.1,100,9.1,0.0,5.6,130,9.4,991.8,220.3,145.8,1793.0,52.8,52.0,45.0
2024-01-31 07:00:00,9.6,100,9.6,0.0,6.0,147,9.7,992.4,224.0,148.5,1888.0,58.8,53.6,43.0
2024-01-31 08:00:00,10.8,99,10.6,0.0,6.6,158,13.7,993.3,229.1,152.3,1888.0,59.5,55.5,56.0
2024-01-31 09:00:00,12.5,96,11.9,0.0,7.7,152,17.3,994.2,225.8,151.3,1704.0,49.8,58.2,102.0
2024-01-31 10:00:00,15.1,88,13.1,0.0,7.1,139,17.6,994.7,225.4,148.1,1424.0,34.7,61.0,164.0
2024-01-31 11:00:00,17.8,77,13.8,0.0,8.7,156,20.2,993.9,227.2,147.6,1194.0,23.0,62.2,210.0
2024-01-31 12:00:00,19.0,75,14.5,0.0,8.4,170,20.5,992.9,219.3,141.6,1068.0,17.7,60.5,229.0
2024-01-31 13:00:00,19.6,73,14.6,0.0,9.2,159,19.8,991.5,209.5,134.1,992.0,15.7,57.0,232.0
2024-01-31 14:00:00,20.5,68,14.5,0.0,5.2,164,20.2,990.8,203.5,126.7,955.0,17.0,53.3,222.0
2024-01-31 15:00:00,18.2,79,14.6,1.2,8.4,20,18.7,990.3,196.5,120.1,966.0,22.6,49.3,194.0
2024-01-31 16:00:00,16.8,85,14.2,0.3,17.1,39,33.1,990.0,193.7,119.2,1015.0,31.4,45.0,154.0
2024-01-31 17:00:00,16.4,88,14.4,0.1,6.4,52,29.9,990.2,190.0,118.5,1059.0,36.3,38.4,117.0
2024-01-31 18:00:00,14.8,95,14.0,0.8,5.4,90,14.4,990.5,202.6,127.6,1148.0,41.4,42.8,103.0
2024-01-31 19:00:00,14.1,97,13.6,0.1,4.8,63,9.7,991.1,204.0,131.8,1273.0,48.5,49.0,83.0
2024-01-31 20:00:00,13.6,97,13.1,0.5,6.5,96,7.9,991.5,212.8,137.8,1382.0,55.1,55.5,67.0
2024-01-31 21:00:00,14.3,96,13.6,0.5,10.6,118,17.6,991.9,220.3,142.5,1492.0,62.5,64.2,56.0
2024-01-31 22:00:00,14.1,94,13.1,0.4,12.1,127,19.1,991.6,219.8,140.6,1586.0,69.2,73.1,49.0
2024-01-31 23:00:00,13.3,95,12.4,0.1,5.5,58,20.5,992.0,232.4,148.1,1565.0,68.4,74.3,47.0
2024-02-01 00:00:00,13.2,92,11.9,7.1,10.0,120,15.1,991.2,205.8,131.3,1335.0,53.3,61.1,55.0
2024-02-01 01:00:00,12.9,93,11.9,0.4,9.7,105,18.4,990.7,169.0,106.2,990.0,30.8,40.2,69.0
2024-02-01 02:00:00,12.6,93,11.5,0.0,11.1,115,18.7,990.4,142.5,87.5,715.0,13.8,24.1,79.0
2024-02-01 03:00:00,12.4,93,11.3,0.3,10.8,111,18.0,990.2,126.7,76.6,583.0,8.1,18.0,79.0
2024-02-01 04:00:00,12.4,95,11.6,0.0,14.3,118,22.3,989.8,117.6,70.8,521.0,8.0,16.7,74.0
2024-02-01 05:00:00,12.7,95,11.9,0.0,12.6,121,24.5,989.8,111.3,65.7,491.0,9.3,16.0,81.0
2024-02-01 06:00:00,13.9,94,12.9,1.1,20.4,116,33.5,990.5,105.2,61.7,518.0,13.5,17.0,78.0
2024-02-01 07:00:00,13.9,95,13.1,0.0,14.2,99,34.9,991.3,101.3,60.3,555.0,19.2,18.5,75.0
2024-02-01 08:00:00,14.6,91,13.1,10.6,10.7,76,23.4,992.6,98.5,59.6,582.0,22.4,20.3,78.0
2024-02-01 09:00:00,15.4,90,13.8,1.1,17.6,116,29.2,993.3,103.1,62.2,591.0,20.5,22.8,91.0
2024-02-01 10:00:00,16.3,87,14.1,0.0,20.0,124,35.3,993.7,111.1,69.4,590.0,16.1,25.6,109.0
2024-02-01 11:00:00,17.9,78,14.1,0.0,21.7,132,41.0,993.3,119.7,76.1,589.0,12.7,27.4,124.0
2024-02-01 12:00:00,18.6,76,14.3,0.1,18.3,137,39.2,992.9,126.7,80.3,580.0,11.0,27.2,134.0
2024-02-01 13:00:00,19.2,74,14.5,0.1,15.9,129,33.5,991.9,129.9,81.5,570.0,10.3,26.0,140.0
2024-02-01 14:00:00,19.8,72,14.6,0.1,13.9,121,29.2,991.3,128.1,78.5,587.0,12.3,25.4,139.0
2024-02-01 15:00:00,20.4,68,14.1,0.0,12.6,117,26.6,991.0,124.3,76.1,656.0,19.4,26.3,127.0
2024-02-01 16:00:00,19.5,71,14.2,0.0,14.4,103,25.9,991.0,119.2,74.0,752.0,29.3,27.7,108.0
2024-02-01 17:00:00,18.2,77,14.1,0.0,10.1,92,24.8,991.3,114.1,76.6,774.0,33.4,30.7,92.0
2024-02-01 18:00:00,14.8,92,13.4,0.0,10.9,96,17.6,993.0,103.1,70.3,778.0,33.1,29.9,84.0
2024-02-01 19:00:00,13.9,94,12.9,0.0,10.5,82,17.6,993.7,93.1,64.3,783.0,32.7,28.7,73.0
2024-02-01 20:00:00,13.5,95,12.6,0.0,10.5,86,17.3,994.4,85.9,59.8,784.0,32.0,27.7,63.0
2024-02-01 21:00:00,13.1,95,12.4,0.0,9.7,92,16.9,995.0,83.6,58.1,781.0,31.0,27.2,57.0
2024-02-01 22:00:00,12.5,95,11.8,0.0,8.3,95,15.8,995.2,84.8,58.8,774.0,29.6,26.8,53.0
2024-02-01 23:00:00,11.6,96,11.1,0.0,6.5,96,13.7,995.1,86.4,59.6,764.0,28.1,26.2,49.0
2024-02-02 00:00:00,10.2,97,9.9,0.0,8.4,100,10.4,994.6,85.7,58.8,744.0,26.0,24.9,47.0
2024-02-02 01:00:00,9.4,99,9.1,0.0,8.2,67,11.5,994.8,86.4,59.0,721.0,23.7,23.3,45.0
2024-02-02 02:00:00,8.9,99,8.9,0.0,5.8,22,10.1,994.7,87.5,59.4,711.0,22.4,22.7,43.0
2024-02-02 03:00:00,8.4,99,8.3,0.0,6.1,360,9.0,994.4,89.9,60.5,716.0,22.6,23.7,39.0
2024-02-02 04:00:00,7.8,100,7.8,0.0,7.0,348,9.4,994.1,92.9,62.2,735.0,23.8,25.6,35.0
2024-02-02 05:00:00,7.7,100,7.6,0.0,6.1,332,9.7,994.1,82.4,56.5,762.0,23.2,23.9,29.0
2024-02-02 06:00:00,8.8,100,8.8,0.0,6.9,351,11.5,995.4,85.7,58.3,1033.0,32.7,29.9,23.0
2024-02-02 07:00:00,8.8,100,8.8,0.0,6.2,350,11.5,995.7,102.4,69.6,1393.0,45.2,38.0,15.0
2024-02-02 08:00:00,10.1,99,9.9,0.0,7.2,333,14.0,996.5,122.0,82.7,1562.0,50.7,43.1,22.0
2024-02-02 09:00:00,12.3,95,11.6,0.0,7.7,323,17.6,997.4,121.1,81.0,1355.0,42.5,42.5,56.0
2024-02-02 10:00:00,14.6,89,12.7,0.0,7.9,313,19.1,997.6,122.9,77.5,958.0,27.2,38.9,103.0
2024-02-02 11:00:00,16.9,78,12.9,0.0,11.0,308,23.4,997.2,116.2,69.4,641.0,15.2,34.9,138.0
2024-02-02 12:00:00,18.4,65,11.8,0.0,13.3,303,27.0,996.4,101.3,61.9,510.0,10.0,31.1,149.0
2024-02-02 13:00:00,19.3,57,10.6,0.0,13.8,303,27.7,995.3,86.8,54.1,461.0,8.1,27.0,147.0
2024-02-02 14:00:00,19.6,52,9.4,0.0,15.0,305,28.8,994.4,77.5,49.0,449.0,8.7,23.7,139.0
2024-02-02 15:00:00,19.4,50,8.8,0.0,16.1,304,29.5,993.9,71.5,45.8,473.0,12.9,21.6,125.0
2024-02-02 16:00:00,18.5,55,9.4,0.0,15.0,305,29.2,993.7,66.4,43.1,534.0,19.7,20.3,104.0
2024-02-02 17:00:00,16.5,63,9.4,0.0,10.6,305,24.8,993.3,96.2,61.9,633.0,27.3,21.7,82.0
2024-02-02 18:00:00,13.8,77,9.9,0.0,10.2,312,18.4,993.5,97.1,63.8,678.0,30.0,22.3,72.0
2024-02-02 19:00:00,12.6,81,9.6,0.0,10.6,305,16.9,994.3,95.9,63.6,739.0,33.6,23.0,57.0
2024-02-02 20:00:00,12.0,84,9.4,0.0,11.9,299,18.7,994.8,94.1,61.9,778.0,35.0,23.1,47.0
2024-02-02 21:00:00,11.4,87,9.2,0.0,12.4,300,19.8,995.2,91.7,60.1,778.0,32.7,22.0,45.0
2024-02-02 22:00:00,10.8,87,8.8,0.0,11.6,306,19.4,995.2,88.9,58.3,756.0,28.2,20.3,47.0
2024-02-02 23:00:00,10.1,87,8.1,0.0,10.0,308,18.4,994.9,83.4,54.7,723.0,23.7,18.4,50.0
2024-02-03 00:00:00,9.4,86,7.2,0.0,10.4,304,16.2,994.6,72.9,48.1,677.0,19.2,16.1,53.0
2024-02-03 01:00:00,9.1,81,6.1,0.0,10.5,308,16.9,994.2,62.4,41.4,621.0,14.7,13.6,56.0
2024-02-03 02:00:00,8.6,78,5.0,0.0,9.2,312,16.9,993.7,52.2,34.9,575.0,11.4,12.0,58.0
2024-02-03 03:00:00,8.1,77,4.4,0.0,9.0,307,14.4,993.3,43.2,29.2,533.0,9.5,11.4,58.0
2024-02-03 04:00:00,7.9,76,4.0,0.0,8.9,297,14.8,993.2,36.9,25.1,501.0,9.0,11.6,56.0
2024-02-03 05:00:00,7.8,75,3.7,0.0,9.5,295,15.1,992.9,29.9,21.0,535.0,11.3,13.9,51.0
2024-02-03 06:00:00,8.6,86,6.4,0.0,9.4,317,15.5,993.4,29.0,20.3,662.0,17.6,17.7,44.0
2024-02-03 07:00:00,8.6,84,6.2,0.0,9.3,306,14.8,993.8,36.7,25.7,832.0,26.0,22.9,34.0
2024-02-03 08:00:00,10.9,76,6.8,0.0,10.5,292,17.3,994.4,47.0,32.9,927.0,30.8,26.6,35.0
2024-02-03 09:00:00,13.3,69,7.8,0.0,9.2,281,18.0,995.5,45.2,31.7,879.0,28.5,27.2,54.0
2024-02-03 10:00:00,15.1,63,8.0,0.0,10.0,291,20.5,995.9,43.8,30.6,755.0,22.7,26.3,84.0
2024-02-03 11:00:00,17.4,56,8.4,0.0,8.7,294,20.9,995.6,43.2,30.2,638.0,17.7,25.5,107.0
2024-02-03 12:00:00,19.2,51,8.8,0.0,8.6,303,21.2,994.7,40.5,28.2,528.0,13.4,24.9,121.0
2024-02-03 13:00:00,20.3,47,8.8,0.0,5.6,310,19.4,993.7,39.3,26.8,425.0,10.0,24.3,128.0
2024-02-03 14:00:00,20.6,47,8.8,0.0,5.4,307,15.8,992.9,40.6,26.4,417.0,12.7,24.8,125.0
2024-02-03 15:00:00,20.5,48,9.1,0.0,4.5,299,14.0,992.3,43.5,27.4,560.0,26.5,26.5,103.0
2024-02-03 16:00:00,20.0,54,10.4,0.0,4.3,275,10.1,992.1,48.4,30.3,797.0,46.3,29.2,70.0
2024-02-03 17:00:00,17.4,72,12.3,0.0,6.6,257,7.2,992.0,79.6,50.8,872.0,53.2,31.2,49.0
2024-02-03 18:00:00,16.0,72,11.0,0.0,8.2,308,9.7,992.9,105.0,68.0,1127.0,56.8,38.7,40.0
2024-02-03 19:00:00,14.2,79,10.6,0.0,9.2,301,11.5,993.5,114.8,75.4,1488.0,61.7,49.5,28.0
2024-02-03 20:00:00,13.5,83,10.6,0.0,8.7,330,10.8,993.8,125.7,82.9,1820.0,66.0,61.3,18.0
2024-02-03 21:00:00,13.9,82,10.9,0.0,5.8,356,10.4,994.0,144.4,94.5,2110.0,68.7,76.0,13.0
2024-02-03 22:00:00,13.8,85,11.3,0.0,5.5,23,8.6,993.8,163.4,106.9,2373.0,70.6,91.8,9.0
2024-02-03 23:00:00,12.7,89,10.9,0.0,7.1,60,9.7,993.2,177.0,115.3,2514.0,72.5,100.5,7.0
2024-02-04 00:00:00,14.1,81,10.9,0.0,2.8,140,7.9,992.8,178.3,115.0,2482.0,75.8,97.4,5.0
2024-02-04 01:00:00,14.1,81,10.9,0.0,2.6,214,3.6,992.5,171.4,109.2,2329.0,79.1,87.3,3.0
2024-02-04 02:00:00,12.3,91,10.9,1.4,4.6,321,14.4,992.9,155.5,98.0,2119.0,78.2,76.4,4.0
2024-02-04 03:00:00,11.9,94,11.0,0.2,3.4,72,14.4,991.6,137.4,85.7,1810.0,68.8,65.7,9.0
2024-02-04 04:00:00,11.9,94,10.9,0.0,6.9,43,11.9,991.2,124.8,78.2,1444.0,55.3,54.2,16.0
2024-02-04 05:00:00,12.3,90,10.7,0.0,7.5,73,12.6,990.8,115.3,67.1,1139.0,41.4,39.2,28.0
2024-02-04 06:00:00,14.3,86,12.1,1.6,1.6,117,9.4,992.4,127.1,63.8,1087.0,41.9,36.7,28.0
2024-02-04 07:00:00,13.1,91,11.7,0.7,3.4,108,6.1,992.7,134.1,64.7,1012.0,42.6,33.4,30.0
2024-02-04 08:00:00,14.4,90,12.8,0.1,6.2,83,10.8,993.7,136.9,67.3,931.0,42.0,32.2,37.0
2024-02-04 09:00:00,15.5,87,13.4,0.0,8.3,92,15.8,994.4,158.3,71.0,843.0,39.6,35.7,54.0
2024-02-04 10:00:00,16.7,81,13.5,0.0,10.4,110,20.9,994.2,169.0,69.8,750.0,36.1,41.3,78.0
2024-02-04 11:00:00,18.7,77,14.5,0.0,8.5,126,22.0,993.8,162.5,68.2,674.0,32.1,44.4,99.0
2024-02-04 12:00:00,20.2,73,15.1,0.0,8.9,140,20.2,992.6,154.1,67.3,617.0,26.1,42.6,120.0
2024-02-04 13:00:00,21.0,69,15.1,0.1,12.7,173,33.1,991.9,141.6,65.0,577.0,19.6,38.4,139.0
2024-02-04 14:00:00,20.2,74,15.4,0.1,13.7,180,28.1,991.0,134.6,63.8,575.0,17.7,34.2,144.0
2024-02-04 15:00:00,19.5,80,15.9,0.5,15.9,193,37.1,990.7,132.7,61.9,618.0,23.8,30.1,124.0
2024-02-04 16:00:00,17.8,88,15.8,0.3,12.8,220,32.4,990.8,122.0,61.7,699.0,34.6,26.1,90.0
2024-02-04 17:00:00,17.0,90,15.4,0.2,5.7,215,22.0,990.6,123.9,63.1,690.0,40.0,30.2,63.0
2024-02-04 18:00:00,16.1,91,14.6,0.0,6.9,118,10.8,991.8,122.5,65.7,691.0,40.2,30.1,57.0
2024-02-04 19:00:00,15.8,93,14.6,0.0,8.7,142,14.4,992.7,111.5,61.7,692.0,40.4,29.9,50.0
2024-02-04 20:00:00,15.3,95,14.5,0.0,8.4,173,14.0,993.2,101.5,57.0,684.0,39.4,29.3,44.0
2024-02-04 21:00:00,14.6,97,14.1,0.0,5.1,141,13.7,993.5,95.0,54.8,664.0,36.5,28.3,43.0
2024-02-04 22:00:00,14.1,97,13.6,0.0,6.4,133,10.1,993.5,93.1,54.6,635.0,32.5,26.9,43.0
2024-02-04 23:00:00,13.4,97,13.1,0.0,6.3,121,10.1,993.3,91.5,53.7,606.0,28.7,25.4,44.0
2024-02-05 00:00:00,13.2,98,12.9,0.0,5.7,108,9.7,992.8,88.7,51.2,572.0,25.4,23.8,44.0
2024-02-05 01:00:00,13.0,99,12.8,0.0,6.6,135,10.4,992.4,88.0,50.8,536.0,22.4,22.1,45.0
2024-02-05 02:00:00,13.9,98,13.6,0.1,8.2,151,13.7,991.9,92.9,52.6,520.0,20.4,20.7,43.0
2024-02-05 03:00:00,14.1,98,13.8,0.1,4.1,128,14.4,991.6,101.3,56.9,536.0,19.8,19.6,37.0
2024-02-05 04:00:00,13.8,96,13.1,6.0,9.5,323,14.0,991.9,96.6,56.3,572.0,20.2,18.9,30.0
2024-02-05 05:00:00,13.4,94,12.4,5.0,7.2,3,20.2,992.0,38.9,24.7,456.0,16.2,15.7,33.0
2024-02-05 06:00:00,14.0,99,13.8,0.1,6.5,6,10.1,993.0,31.1,19.6,455.0,17.6,17.7,33.0
2024-02-05 07:00:00,14.2,98,13.9,0.0,6.9,6,12.2,993.7,32.4,20.5,453.0,19.4,20.4,35.0
2024-02-05 08:00:00,15.0,94,14.1,0.0,8.7,355,15.1,994.5,39.3,22.5,445.0,19.9,22.3,40.0
2024-02-05 09:00:00,15.6,91,14.1,0.0,10.5,356,19.4,995.5,46.9,25.0,428.0,17.8,22.8,52.0
2024-02-05 10:00:00,17.4,78,13.4,0.1,9.7,356,21.6,995.7,48.9,26.0,405.0,14.3,22.6,69.0
2024-02-05 11:00:00,18.6,69,12.8,0.0,7.7,349,20.9,995.3,49.7,23.8,384.0,11.5,22.2,84.0
2024-02-05 12:00:00,19.5,62,11.9,0.0,6.0,335,18.7,994.4,49.8,22.9,361.0,9.6,21.8,98.0
2024-02-05 13:00:00,20.1,58,11.6,0.0,6.6,315,17.3,993.6,49.2,23.1,339.0,8.4,21.3,111.0
2024-02-05 14:00:00,20.4,56,11.4,0.0,8.6,303,19.4,992.8,48.7,23.9,341.0,9.4,20.8,116.0
2024-02-05 15:00:00,20.3,52,10.0,0.0,9.7,301,19.4,992.4,47.1,23.9,371.0,13.9,20.1,109.0
2024-02-05 16:00:00,19.6,54,9.9,0.0,9.6,304,19.4,992.1,45.6,24.0,425.0,20.6,19.5,93.0
2024-02-05 17:00:00,17.2,69,11.4,0.0,6.1,298,15.8,992.2,62.4,34.6,488.0,25.1,18.5,74.0
2024-02-05 18:00:00,14.8,73,9.9,0.0,9.7,329,15.8,993.1,70.3,42.6,607.0,30.9,22.0,61.0
2024-02-05 19:00:00,13.8,76,9.6,0.0,10.4,326,16.2,993.9,74.5,47.0,770.0,38.8,26.6,42.0
2024-02-05 20:00:00,12.9,80,9.5,0.0,10.7,327,17.3,994.5,75.7,48.5,886.0,43.8,29.5,28.0
2024-02-05 21:00:00,11.9,86,9.6,0.0,9.0,331,16.9,994.9,75.9,49.1,915.0,43.6,29.2,22.0
2024-02-05 22:00:00,11.1,90,9.6,0.0,8.7,330,14.4,995.1,77.3,50.4,896.0,40.4,27.1,21.0
2024-02-05 23:00:00,10.5,92,9.3,0.0,9.1,326,14.4,995.1,75.7,49.4,858.0,36.3,24.3,22.0
2024-02-06 00:00:00,10.1,93,8.9,0.0,9.1,326,14.4,994.8,69.8,45.5,799.0,31.3,20.7,24.0
2024-02-06 01:00:00,9.6,93,8.6,0.0,9.1,326,14.4,994.6,64.7,42.4,721.0,25.3,16.5,28.0
2024-02-06 02:00:00,9.1,94,8.2,0.0,9.7,329,15.8,994.1,60.3,39.6,655.0,20.3,13.3,32.0
2024-02-06 03:00:00,8.8,93,7.8,0.0,10.1,333,16.9,993.7,56.2,37.1,600.0,16.5,11.6,35.0
2024-02-06 04:00:00,8.4,93,7.4,0.0,9.7,329,16.9,993.6,52.9,35.0,558.0,13.6,11.0,38.0
2024-02-06 05:00:00,7.8,94,6.8,0.0,8.2,322,15.5,993.7,51.6,34.0,587.0,13.5,11.8,38.0
2024-02-06 06:00:00,8.2,96,7.6,0.0,7.4,313,13.7,994.8,51.7,34.1,700.0,18.1,14.9,33.0
2024-02-06 07:00:00,8.1,95,7.4,0.0,8.5,306,13.7,995.7,58.9,39.2,849.0,24.2,19.2,28.0
2024-02-06 08:00:00,9.9,91,8.5,0.0,10.5,301,17.6,996.7,66.1,44.1,918.0,27.1,22.6,31.0
2024-02-06 09:00:00,12.4,82,9.4,0.0,8.9,297,18.7,997.5,65.4,42.6,831.0,24.0,24.6,50.0
2024-02-06 10:00:00,14.9,72,9.9,0.0,9.7,297,21.2,997.7,64.5,41.0,664.0,17.7,25.7,78.0
2024-02-06 11:00:00,16.8,59,8.8,0.0,11.2,303,23.8,997.1,61.0,37.7,521.0,12.4,25.2,101.0
2024-02-06 12:00:00,18.1,46,6.2,0.0,13.1,307,26.6,996.4,53.1,32.1,433.0,8.9,21.8,115.0
2024-02-06 13:00:00,18.7,40,4.8,0.0,15.1,310,29.2,995.4,46.2,27.8,369.0,6.3,16.8,123.0
2024-02-06 14:00:00,18.9,40,5.1,0.0,15.3,309,29.2,994.9,43.3,26.1,344.0,6.3,13.3,125.0
2024-02-06 15:00:00,18.6,42,5.4,0.0,15.3,309,28.8,994.4,41.1,25.0,367.0,10.1,12.4,117.0
2024-02-06 16:00:00,17.9,48,6.7,0.0,13.0,309,27.7,994.2,40.4,24.9,428.0,16.6,13.0,101.0
2024-02-06 17:00:00,15.8,59,7.8,0.0,8.4,310,21.6,994.3,48.3,31.8,507.0,23.8,14.8,84.0
2024-02-06 18:00:00,13.1,66,6.9,0.0,8.0,324,14.0,995.2,60.1,39.8,657.0,31.4,19.3,68.0
2024-02-06 19:00:00,12.1,70,6.7,0.0,8.2,319,12.2,996.0,70.8,46.7,862.0,41.8,25.4,47.0
2024-02-06 20:00:00,11.1,74,6.7,0.0,8.4,313,12.6,996.4,78.5,50.8,1003.0,48.5,29.5,31.0
2024-02-06 21:00:00,10.6,74,6.2,0.0,9.2,321,14.4,996.5,84.1,53.1,1028.0,48.7,29.8,26.0
2024-02-06 22:00:00,10.0,76,5.9,0.0,9.2,318,14.8,996.3,87.5,54.2,989.0,45.2,28.0,26.0
2024-02-06 23:00:00,9.4,79,6.0,0.0,9.4,310,15.1,996.0,87.3,53.4,929.0,40.2,25.4,29.0
2024-02-07 00:00:00,9.1,82,6.2,0.0,10.5,311,16.6,995.6,82.2,50.1,848.0,33.5,21.9,33.0
2024-02-07 01:00:00,9.2,80,6.0,0.0,11.2,318,18.0,995.3,77.3,47.4,745.0,25.2,17.5,39.0
2024-02-07 02:00:00,9.4,77,5.6,0.0,10.7,318,18.4,995.2,72.2,44.9,659.0,18.5,14.3,45.0
2024-02-07 03:00:00,8.9,78,5.3,0.0,9.4,313,16.9,995.0,67.3,42.7,593.0,13.7,12.7,52.0
2024-02-07 04:00:00,8.4,79,5.0,0.0,9.4,313,15.1,995.0,63.6,40.9,545.0,10.5,12.3,58.0
2024-02-07 05:00:00,7.6,82,4.8,0.0,9.2,315,15.1,995.1,59.6,38.3,523.0,10.3,13.2,60.0
2024-02-07 06:00:00,8.2,85,5.8,0.0,8.4,320,16.2,995.2,60.8,39.0,637.0,16.3,16.0,53.0
2024-02-07 07:00:00,7.9,86,5.7,0.0,8.9,313,13.3,995.6,67.5,44.0,789.0,24.3,19.8,45.0
2024-02-07 08:00:00,10.2,78,6.6,0.0,12.6,307,19.8,996.8,74.5,49.1,864.0,28.4,22.5,47.0
2024-02-07 09:00:00,12.9,70,7.5,0.0,11.8,301,22.3,997.6,73.1,47.3,790.0,24.9,23.1,68.0
2024-02-07 10:00:00,15.1,62,7.9,0.0,12.9,300,25.6,997.9,68.5,43.7,638.0,17.5,22.6,98.0
2024-02-07 11:00:00,17.0,55,7.8,0.0,15.7,307,29.9,997.6,61.9,39.5,512.0,11.4,21.3,122.0
2024-02-07 12:00:00,18.0,47,6.7,0.0,19.2,308,35.6,996.8,54.9,34.9,444.0,8.3,18.7,132.0
2024-02-07 13:00:00,18.7,44,6.2,0.0,19.9,305,36.4,996.0,50.1,31.8,402.0,6.4,15.4,135.0
2024-02-07 14:00:00,18.6,45,6.3,0.0,22.4,303,40.0,995.4,46.6,29.3,385.0,6.4,13.3,133.0
2024-02-07 15:00:00,17.9,47,6.4,0.0,22.5,305,40.3,995.0,47.4,28.6,403.0,9.0,13.3,126.0
2024-02-07 16:00:00,17.1,47,5.6,0.0,19.7,305,39.2,995.1,54.5,30.3,448.0,13.5,14.5,114.0
2024-02-07 17:00:00,15.6,56,6.8,0.0,15.1,308,32.8,995.0,61.2,36.0,465.0,18.2,14.0,102.0
2024-02-07 18:00:00,13.7,55,4.8,0.0,14.3,309,26.3,995.8,68.5,39.9,509.0,20.8,16.1,93.0
2024-02-07 19:00:00,12.6,64,6.0,0.0,12.5,303,23.0,996.4,76.1,43.3,569.0,24.2,19.0,82.0
2024-02-07 20:00:00,11.7,70,6.4,0.0,11.6,296,20.2,996.7,81.7,45.6,613.0,26.0,21.0,73.0
2024-02-07 21:00:00,11.1,72,6.2,0.0,12.3,291,19.8,997.0,82.9,47.3,626.0,24.7,21.5,71.0
2024-02-07 22:00:00,10.8,70,5.5,0.0,13.3,289,21.2,996.7,80.6,48.1,623.0,21.7,21.1,72.0
2024-02-07 23:00:00,10.4,70,5.1,0.0,14.3,288,22.7,996.4,75.9,47.5,610.0,18.5,20.2,74.0
2024-02-08 00:00:00,9.9,72,4.9,0.0,14.5,289,23.0,996.0,70.5,45.5,585.0,15.1,18.6,76.0
2024-02-08 01:00:00,9.5,74,5.1,0.0,15.4,291,24.5,995.7,67.1,43.9,551.0,11.5,16.5,79.0
2024-02-08 02:00:00,9.1,76,5.0,0.0,15.1,288,24.8,995.0,64.7,42.4,523.0,8.8,14.8,81.0
2024-02-08 03:00:00,8.8,75,4.7,0.0,16.2,283,25.9,994.7,63.1,41.0,501.0,7.2,13.6,80.0
2024-02-08 04:00:00,8.6,74,4.2,0.0,16.1,290,26.3,994.5,61.7,39.7,485.0,6.5,12.9,78.0
2024-02-08 05:00:00,8.2,74,3.8,0.0,15.9,288,25.9,994.3,62.2,39.5,505.0,7.2,13.5,76.0
2024-02-08 06:00:00,8.9,80,5.7,0.0,17.9,285,29.9,995.2,63.1,39.5,574.0,11.6,15.1,69.0
2024-02-08 07:00:00,9.0,80,5.7,0.0,18.9,288,30.6,995.6,65.9,41.2,666.0,17.5,17.3,60.0
2024-02-08 08:00:00,10.6,76,6.5,0.0,19.6,284,33.1,996.6,69.2,43.7,715.0,20.5,18.6,59.0
2024-02-08 09:00:00,12.8,70,7.5,0.0,20.4,287,34.9,997.4,69.8,43.0,684.0,18.0,18.4,71.0
2024-02-08 10:00:00,14.9,64,8.1,0.0,22.7,293,40.0,997.4,68.2,41.4,611.0,12.7,17.4,91.0
2024-02-08 11:00:00,16.8,57,8.2,0.0,24.2,295,43.2,996.8,63.6,39.0,539.0,8.4,16.3,108.0
2024-02-08 12:00:00,18.1,51,7.9,0.0,25.1,299,45.4,995.7,57.2,35.3,476.0,6.3,15.2,120.0
2024-02-08 13:00:00,18.8,48,7.4,0.0,25.6,302,46.1,994.7,52.0,31.4,415.0,5.3,14.0,129.0
2024-02-08 14:00:00,19.0,46,7.2,0.0,24.7,301,45.7,993.7,51.0,29.3,380.0,5.8,13.1,132.0
2024-02-08 15:00:00,19.0,47,7.4,0.0,23.4,299,43.2,992.9,51.6,28.2,384.0,8.4,12.7,127.0
2024-02-08 16:00:00,18.2,50,7.7,0.0,21.1,293,40.3,992.6,51.1,28.1,413.0,12.6,12.6,116.0
2024-02-08 17:00:00,16.6,53,7.2,0.0,17.9,289,34.9,992.1,57.3,31.0,461.0,17.2,13.8,98.0
2024-02-08 18:00:00,14.9,52,5.2,0.0,14.6,290,27.4,992.2,61.7,33.5,517.0,21.5,15.6,87.0
2024-02-08 19:00:00,13.1,60,5.6,0.0,12.2,284,23.4,992.6,63.6,36.4,594.0,27.2,18.0,72.0
2024-02-08 20:00:00,12.4,65,5.8,0.0,13.0,284,20.5,992.9,64.3,38.2,647.0,30.6,19.5,61.0
2024-02-08 21:00:00,11.9,67,5.9,0.0,14.0,293,22.3,993.1,62.6,38.4,655.0,29.7,19.2,56.0
2024-02-08 22:00:00,11.3,70,5.9,0.0,14.0,296,22.7,993.4,60.5,38.5,639.0,26.5,17.9,55.0
2024-02-08 23:00:00,10.8,72,5.9,0.0,13.4,290,22.7,993.1,57.5,37.3,614.0,22.9,16.3,54.0
2024-02-09 00:00:00,10.4,73,5.8,0.0,13.2,287,21.2,993.0,52.7,34.5,578.0,19.2,14.1,54.0
2024-02-09 01:00:00,10.0,74,5.6,0.0,12.6,290,20.9,992.6,49.5,32.4,534.0,15.2,11.6,54.0
2024-02-09 02:00:00,9.7,74,5.3,0.0,12.6,294,20.5,992.3,47.0,31.0,501.0,12.2,9.8,54.0
2024-02-09 03:00:00,9.4,75,5.1,0.0,12.6,297,20.5,991.9,45.6,30.3,477.0,10.3,8.9,53.0
2024-02-09 04:00:00,8.9,76,4.9,0.0,11.6,300,19.8,991.9,45.2,29.9,465.0,9.3,8.8,52.0
2024-02-09 05:00:00,8.4,79,4.9,0.0,10.6,298,18.4,992.1,45.9,30.5,503.0,12.0,10.5,44.0
2024-02-09 06:00:00,8.1,81,5.0,0.0,9.6,290,15.8,993.5,48.1,31.9,616.0,16.4,13.2,38.0
2024-02-09 07:00:00,8.0,82,5.2,0.0,8.9,291,14.8,994.3,56.0,37.5,769.0,22.4,16.9,31.0
2024-02-09 08:00:00,10.2,78,6.5,0.0,9.5,295,15.8,995.6,64.0,43.1,859.0,25.5,19.8,33.0
2024-02-09 09:00:00,12.9,72,7.8,0.0,6.2,291,15.8,996.8,64.5,43.0,828.0,23.2,21.1,52.0
2024-02-09 10:00:00,15.4,65,8.9,0.0,5.7,288,15.8,997.3,65.2,42.8,734.0,18.1,21.7,81.0
2024-02-09 11:00:00,17.5,60,9.6,0.0,6.3,294,17.3,997.2,67.3,43.8,644.0,13.7,22.0,106.0
2024-02-09 12:00:00,19.0,56,9.9,0.0,7.3,303,18.7,996.5,67.8,43.8,563.0,10.0,22.2,125.0
2024-02-09 13:00:00,19.9,51,9.4,0.0,8.4,301,19.8,995.8,63.1,40.7,485.0,7.0,22.2,140.0
2024-02-09 14:00:00,20.4,48,8.9,0.0,8.9,297,19.8,995.2,58.6,37.8,462.0,8.1,22.5,144.0
2024-02-09 15:00:00,20.4,46,8.5,0.0,8.4,295,19.8,994.9,55.6,36.1,490.0,15.6,21.7,131.0
2024-02-09 16:00:00,19.9,49,8.7,0.0,7.3,303,17.6,994.8,54.2,35.3,572.0,27.2,21.1,107.0
2024-02-09 17:00:00,17.0,72,12.0,0.0,7.7,311,11.9,994.7,74.7,50.1,833.0,47.7,28.8,82.0
2024-02-09 18:00:00,14.1,68,8.3,0.0,10.9,343,12.6,995.2,99.2,66.8,1208.0,57.9,40.7,65.0
2024-02-09 19:00:00,13.0,71,7.9,0.0,9.4,353,13.0,995.8,124.3,84.5,1729.0,72.0,57.3,41.0
2024-02-09 20:00:00,11.9,77,7.9,0.0,8.3,2,12.2,996.1,145.8,99.4,2157.0,81.8,71.4,22.0
2024-02-09 21:00:00,11.1,77,7.2,0.0,7.8,13,11.5,996.6,163.0,111.3,2412.0,83.7,81.8,14.0
2024-02-09 22:00:00,10.6,75,6.3,0.0,8.1,21,11.9,996.8,177.4,121.5,2573.0,81.4,89.8,11.0
2024-02-09 23:00:00,10.0,78,6.2,0.0,8.2,23,12.6,996.8,184.4,126.2,2635.0,77.9,91.9,10.0
2024-02-10 00:00:00,8.7,85,6.3,0.0,8.0,36,12.6,996.4,179.3,122.5,2561.0,73.8,84.4,9.0
2024-02-10 01:00:00,7.8,88,5.9,0.0,9.1,34,11.5,996.0,170.0,116.2,2389.0,68.6,71.1,9.0
2024-02-10 02:00:00,8.2,84,5.8,0.0,7.9,47,11.9,995.7,159.7,109.0,2225.0,63.8,59.6,9.0
2024-02-10 03:00:00,9.4,79,5.9,0.0,5.5,23,8.6,995.6,150.4,102.7,2079.0,58.6,52.6,9.0
2024-02-10 04:00:00,8.2,84,5.6,0.0,4.4,9,6.5,995.5,143.0,97.8,1942.0,53.7,47.4,10.0
2024-02-10 05:00:00,5.9,92,4.8,0.0,5.8,7,6.5,995.6,132.2,91.3,1616.0,53.4,33.2,13.0
2024-02-10 06:00:00,7.1,100,7.1,0.0,5.7,35,9.4,997.0,128.5,88.7,1781.0,57.7,35.1,14.0
2024-02-10 07:00:00,8.1,99,8.1,0.0,4.4,35,9.7,997.6,141.6,97.8,1988.0,62.9,37.8,17.0
2024-02-10 08:00:00,9.1,94,8.2,0.0,3.2,27,10.4,998.5,155.5,107.8,2005.0,62.2,40.0,34.0
2024-02-10 09:00:00,9.7,100,9.7,0.0,1.5,45,11.5,999.6,150.9,104.5,1646.0,49.7,41.8,78.0
2024-02-10 10:00:00,11.9,97,11.4,0.0,1.1,360,10.8,1000.1,128.1,88.5,1095.0,31.2,43.1,135.0
2024-02-10 11:00:00,14.7,88,12.8,0.0,2.1,329,12.6,999.8,95.2,64.7,675.0,17.0,43.1,178.0
2024-02-10 12:00:00,17.7,75,13.2,0.0,2.8,310,13.7,999.0,89.2,60.8,518.0,10.6,40.5,195.0
2024-02-10 13:00:00,19.0,61,11.1,0.0,5.1,315,16.2,997.8,84.8,57.7,492.0,8.5,36.5,197.0
2024-02-10 14:00:00,19.5,58,11.0,0.0,6.6,319,17.3,996.9,81.5,55.5,518.0,10.5,33.7,190.0
2024-02-10 15:00:00,19.6,57,10.9,0.0,7.4,317,17.3,996.3,80.8,54.9,560.0,17.4,32.2,173.0
2024-02-10 16:00:00,19.2,59,10.9,0.0,7.4,317,16.9,996.3,82.0,55.9,654.0,28.4,31.8,147.0
2024-02-10 17:00:00,17.1,76,12.8,0.0,5.9,313,14.0,996.2,127.6,87.5,987.0,56.6,39.6,126.0
2024-02-10 18:00:00,14.9,78,11.1,0.0,8.7,315,11.5,995.9,153.7,105.5,1246.0,65.8,46.3,101.0
2024-02-10 19:00:00,14.2,78,10.4,0.0,7.6,315,11.5,996.3,172.8,119.0,1596.0,78.1,55.2,66.0
2024-02-10 20:00:00,13.2,80,9.9,0.0,7.9,317,11.5,996.5,176.0,121.5,1802.0,84.1,59.9,41.0
2024-02-10 21:00:00,12.7,86,10.4,0.0,9.0,331,13.7,997.1,170.4,117.6,1730.0,78.3,56.9,35.0
2024-02-10 22:00:00,12.4,89,10.6,0.0,9.2,339,14.8,997.3,165.8,114.3,1515.0,66.1,49.7,39.0
2024-02-10 23:00:00,11.6,92,10.3,0.0,7.6,341,14.0,997.1,160.2,110.1,1322.0,54.6,42.6,43.0
2024-02-11 00:00:00,10.8,93,9.7,0.0,7.0,339,11.9,996.6,150.9,103.4,1209.0,45.7,36.5,44.0
2024-02-11 01:00:00,10.0,94,9.1,0.0,6.6,331,10.4,996.2,142.5,97.6,1119.0,37.4,30.5,45.0
2024-02-11 02:00:00,9.6,94,8.8,0.0,6.8,328,10.1,995.9,135.0,92.2,1046.0,30.7,25.8,45.0
2024-02-11 03:00:00,8.9,96,8.3,0.0,6.9,321,10.1,995.3,127.6,87.1,973.0,25.3,22.9,45.0
2024-02-11 04:00:00,8.6,96,8.1,0.0,6.4,322,10.1,995.2,119.2,81.5,917.0,21.4,21.3,45.0
2024-02-11 05:00:00,8.3,97,7.8,0.0,6.6,315,10.1,995.2,104.1,71.2,848.0,16.9,19.3,47.0
2024-02-11 06:00:00,8.9,98,8.6,0.0,6.6,311,10.4,995.8,100.1,68.7,974.0,22.8,21.5,41.0
2024-02-11 07:00:00,9.1,97,8.6,0.0,7.4,313,11.5,996.5,103.4,71.5,1141.0,30.7,24.7,35.0
2024-02-11 08:00:00,11.4,90,9.8,0.0,8.2,308,15.1,997.6,104.8,72.6,1214.0,34.2,27.0,42.0
2024-02-11 09:00:00,14.1,82,11.0,0.0,6.0,303,15.5,998.9,100.6,69.6,1108.0,29.2,27.7,74.0
2024-02-11 10:00:00,16.9,71,11.6,0.0,6.9,309,17.6,999.3,91.3,62.9,909.0,19.8,27.6,119.0
2024-02-11 11:00:00,19.2,62,11.7,0.0,7.4,321,19.1,999.1,81.7,56.2,742.0,12.6,27.9,154.0
2024-02-11 12:00:00,20.5,54,10.8,0.0,8.1,328,20.2,998.2,79.9,54.8,638.0,9.0,29.2,172.0
2024-02-11 13:00:00,21.2,50,10.6,0.0,7.3,327,20.2,997.2,78.5,53.9,565.0,7.6,30.8,180.0
2024-02-11 14:00:00,21.6,48,10.3,0.0,6.2,324,18.4,996.3,76.8,53.0,552.0,10.5,32.3,178.0
2024-02-11 15:00:00,21.7,48,10.2,0.0,6.1,315,16.6,995.8,75.2,51.9,602.0,19.8,32.6,163.0
2024-02-11 16:00:00,21.3,49,10.3,0.0,6.2,306,14.4,995.7,75.4,52.2,712.0,33.3,32.8,138.0
2024-02-11 17:00:00,18.8,67,12.6,0.0,5.6,285,11.2,995.7,106.6,73.8,980.0,51.5,34.1,107.0
2024-02-11 18:00:00,15.9,65,9.3,0.0,7.9,313,11.9,995.4,127.1,88.2,1262.0,60.8,40.8,86.0
2024-02-11 19:00:00,14.6,69,9.1,0.0,8.4,317,12.2,996.0,145.8,101.0,1646.0,73.4,49.8,57.0
2024-02-11 20:00:00,13.6,74,9.0,0.0,8.9,328,13.7,996.4,150.4,104.8,1893.0,80.6,54.9,36.0
2024-02-11 21:00:00,12.7,78,8.9,0.0,8.2,331,13.3,996.5,148.1,102.9,1882.0,78.0,52.8,31.0
2024-02-11 22:00:00,11.6,84,8.9,0.0,7.3,327,12.6,996.5,142.0,98.7,1734.0,69.9,46.8,34.0
2024-02-11 23:00:00,10.9,87,8.9,0.0,7.5,325,11.2,996.2,133.2,92.9,1579.0,61.1,40.3,37.0
2024-02-12 00:00:00,9.9,90,8.4,0.0,7.8,326,11.2,996.1,121.5,84.8,1446.0,52.0,33.6,39.0
2024-02-12 01:00:00,9.5,91,8.1,0.0,7.8,326,10.8,995.9,112.7,78.5,1306.0,42.2,26.4,42.0
2024-02-12 02:00:00,9.4,91,7.9,0.0,6.7,324,10.8,995.4,105.2,73.3,1199.0,34.3,21.4,44.0
2024-02-12 03:00:00,8.8,92,7.6,0.0,7.0,325,10.1,995.0,99.9,69.4,1112.0,28.3,19.4,44.0
2024-02-12 04:00:00,8.2,93,7.2,0.0,7.5,325,10.1,995.1,96.6,67.3,1057.0,24.4,19.6,44.0
2024-02-12 05:00:00,7.8,95,6.9,0.0,7.9,336,10.4,995.0,102.7,71.5,1150.0,26.7,24.9,39.0
2024-02-12 06:00:00,7.8,98,7.5,0.0,7.2,333,9.4,995.6,103.8,72.4,1325.0,34.4,28.2,33.0
2024-02-12 07:00:00,8.5,97,8.1,0.0,5.2,335,9.7,996.1,117.8,82.2,1557.0,44.6,32.8,28.0
2024-02-12 08:00:00,11.4,91,10.0,0.0,6.5,3,14.0,996.9,125.7,87.8,1657.0,48.8,36.3,38.0
2024-02-12 09:00:00,14.1,85,11.6,0.0,3.2,333,13.0,998.2,128.1,89.4,1508.0,41.4,37.1,80.0
2024-02-12 10:00:00,16.6,78,12.6,0.0,2.9,330,12.2,998.5,120.1,83.8,1229.0,28.1,36.7,137.0
2024-02-12 11:00:00,19.3,66,12.9,0.0,4.8,13,15.8,997.8,109.4,76.4,984.0,17.7,37.3,182.0
2024-02-12 12:00:00,20.9,56,11.8,0.0,4.8,42,16.6,996.6,103.1,71.7,807.0,11.9,40.1,204.0
2024-02-12 13:00:00,21.5,51,11.0,0.0,4.4,99,15.8,995.5,98.5,68.5,666.0,9.1,44.0,213.0
2024-02-12 14:00:00,21.6,50,10.8,0.0,3.8,131,14.8,994.4,95.2,66.1,628.0,13.0,47.5,210.0
2024-02-12 15:00:00,21.5,50,10.6,0.0,4.3,156,13.3,993.9,94.1,65.4,711.0,27.2,48.7,190.0
2024-02-12 16:00:00,21.0,52,10.7,0.0,4.0,153,12.2,993.7,97.1,67.5,898.0,48.2,49.7,157.0
2024-02-12 17:00:00,19.0,69,13.1,0.0,4.3,185,7.9,993.7,143.4,100.1,1172.0,64.3,48.6,108.0
2024-02-12 18:00:00,16.6,74,11.9,0.0,8.4,329,9.7,993.9,169.5,118.3,1480.0,71.6,53.6,86.0
2024-02-12 19:00:00,15.6,79,11.9,0.0,7.1,336,9.7,994.2,185.8,129.5,1904.0,81.5,60.5,56.0
2024-02-12 20:00:00,15.3,78,11.5,0.0,6.6,338,9.7,994.7,188.6,131.8,2221.0,87.3,66.2,33.0
2024-02-12 21:00:00,14.1,79,10.6,0.0,7.8,347,11.9,995.5,190.9,133.2,2349.0,86.0,71.0,23.0
2024-02-12 22:00:00,12.7,86,10.4,0.0,9.1,342,11.5,995.6,198.8,138.8,2369.0,80.8,74.6,20.0
2024-02-12 23:00:00,11.6,90,9.9,0.0,9.4,358,10.8,995.3,203.0,142.0,2308.0,74.1,73.3,19.0
2024-02-13 00:00:00,10.4,93,9.3,0.0,7.2,3,11.2,994.9,193.2,135.0,2134.0,66.2,63.2,20.0
2024-02-13 01:00:00,9.9,95,9.1,0.0,5.8,353,8.6,994.4,175.6,122.5,1878.0,56.8,48.1,24.0
2024-02-13 02:00:00,9.1,96,8.6,0.0,5.8,7,8.3,994.0,163.0,113.9,1657.0,48.4,36.0,28.0
2024-02-13 03:00:00,8.8,97,8.4,0.0,5.6,15,7.6,993.3,154.1,107.8,1495.0,40.7,29.6,30.0
2024-02-13 04:00:00,8.5,97,8.1,0.0,5.6,15,8.3,993.5,144.8,101.5,1368.0,34.0,26.1,33.0
2024-02-13 05:00:00,8.1,97,7.8,0.0,6.0,33,7.2,993.4,132.2,92.7,1148.0,18.5,23.4,57.0
2024-02-13 06:00:00,8.8,99,8.6,0.0,6.6,351,9.0,994.8,129.0,90.3,1296.0,25.7,25.2,49.0
2024-02-13 07:00:00,8.9,99,8.8,0.0,5.4,360,7.9,995.2,134.1,93.8,1489.0,35.3,27.8,39.0
2024-02-13 08:00:00,11.8,92,10.6,0.0,1.8,323,7.9,996.4,140.2,98.0,1554.0,39.7,31.2,45.0
2024-02-13 09:00:00,15.1,84,12.4,0.0,0.7,360,8.6,996.8,140.2,98.3,1368.0,34.0,36.1,82.0
2024-02-13 10:00:00,18.1,72,12.9,0.0,1.5,14,10.8,997.0,134.6,93.8,1053.0,23.2,41.7,134.0
2024-02-13 11:00:00,19.9,59,11.6,0.0,1.5,14,11.2,996.7,120.6,84.1,803.0,14.9,45.9,175.0
2024-02-13 12:00:00,20.6,54,11.0,0.0,1.0,45,11.5,995.6,109.7,76.1,682.0,11.0,47.5,196.0
2024-02-13 13:00:00,21.0,52,10.8,0.0,1.4,270,11.2,994.6,105.7,73.3,625.0,9.6,47.6,206.0
2024-02-13 14:00:00,21.1,50,10.4,0.0,2.9,270,11.2,993.8,104.8,72.6,636.0,13.0,47.8,205.0
2024-02-13 15:00:00,21.0,51,10.4,0.0,4.0,270,11.2,993.6,105.9,73.3,704.0,23.3,47.7,190.0
2024-02-13 16:00:00,20.8,51,10.3,0.0,3.4,288,10.8,993.7,107.3,74.5,839.0,38.3,47.5,164.0
2024-02-13 17:00:00,18.9,76,14.4,0.0,5.4,318,7.6,993.6,180.2,125.3,1015.0,48.4,43.3,130.0
2024-02-13 18:00:00,15.9,66,9.4,0.0,8.9,333,11.5,993.8,198.8,137.8,1256.0,58.8,47.1,104.0
2024-02-13 19:00:00,15.0,64,8.1,0.0,8.7,336,11.2,994.2,208.6,145.3,1587.0,72.9,52.4,67.0
2024-02-13 20:00:00,14.6,63,7.7,0.0,8.2,319,11.5,994.6,212.3,147.6,1824.0,81.7,55.8,40.0
2024-02-13 21:00:00,13.5,68,7.7,0.0,9.0,299,10.8,995.1,216.1,150.4,1898.0,81.5,56.5,30.0
2024-02-13 22:00:00,13.7,68,8.0,0.0,6.6,311,10.8,995.0,218.9,152.3,1878.0,76.0,55.5,29.0
2024-02-13 23:00:00,13.0,74,8.4,0.0,7.9,317,11.9,994.6,212.3,147.6,1790.0,67.6,52.3,33.0
2024-02-14 00:00:00,12.3,82,9.4,0.0,7.4,321,12.2,994.4,198.4,137.8,1602.0,54.9,45.5,42.0
2024-02-14 01:00:00,11.5,90,9.9,0.0,7.6,335,11.9,994.1,181.6,126.2,1347.0,39.2,36.5,55.0
2024-02-14 02:00:00,11.4,91,9.9,0.0,7.8,338,12.2,993.6,165.8,115.3,1145.0,26.9,29.3,65.0
2024-02-14 03:00:00,11.1,92,9.8,0.0,7.0,325,12.2,993.4,152.3,105.9,1022.0,19.5,25.2,67.0
2024-02-14 04:00:00,10.4,93,9.2,0.0,7.4,321,11.5,993.6,141.6,98.3,952.0,15.5,22.9,66.0
2024-02-14 05:00:00,10.0,93,8.9,0.0,7.4,321,11.5,993.8,131.3,91.5,1004.0,15.8,21.4,59.0
2024-02-14 06:00:00,10.1,97,9.6,0.0,5.9,317,9.4,994.3,126.2,87.8,1176.0,24.0,23.6,49.0
2024-02-14 07:00:00,10.4,96,9.8,0.0,7.1,315,10.4,994.9,131.8,92.0,1405.0,35.0,26.9,36.0
2024-02-14 08:00:00,12.9,89,11.1,0.0,7.9,309,15.1,995.8,135.0,94.3,1506.0,40.2,30.6,41.0
2024-02-14 09:00:00,16.0,80,12.6,0.0,6.7,306,15.5,996.7,131.3,91.5,1361.0,34.2,35.3,79.0
2024-02-14 10:00:00,19.0,69,13.2,0.0,8.7,315,19.8,996.8,119.2,83.1,1089.0,22.6,40.5,135.0
2024-02-14 11:00:00,21.0,60,12.9,0.0,11.8,310,24.8,996.5,120.6,83.6,867.0,13.3,43.6,178.0
2024-02-14 12:00:00,22.0,53,11.9,0.0,12.7,313,26.6,995.6,129.0,88.5,753.0,8.8,43.1,197.0
2024-02-14 13:00:00,22.5,49,11.4,0.0,11.7,313,26.6,994.7,124.3,85.2,688.0,6.7,40.7,204.0
2024-02-14 14:00:00,22.8,48,11.1,0.0,10.9,314,24.8,993.8,116.9,80.1,674.0,8.0,38.2,200.0
2024-02-14 15:00:00,22.6,47,10.8,0.0,10.5,311,23.0,993.2,109.0,74.5,711.0,13.7,35.8,185.0
2024-02-14 16:00:00,22.1,49,10.9,0.0,10.0,308,21.2,993.1,102.7,70.1,799.0,22.7,33.5,160.0
2024-02-14 17:00:00,20.1,62,12.8,0.0,6.1,298,18.0,993.1,124.3,85.7,859.0,29.0,33.5,139.0
2024-02-14 18:00:00,17.6,71,12.2,0.0,7.7,298,11.5,993.5,131.8,91.0,1047.0,39.9,36.0,114.0
2024-02-14 19:00:00,16.7,76,12.4,0.0,8.4,295,12.6,993.8,136.0,94.1,1304.0,54.6,39.4,80.0
2024-02-14 20:00:00,15.9,79,12.3,0.0,8.8,305,13.7,994.5,135.5,92.9,1488.0,63.7,41.2,55.0
2024-02-14 21:00:00,15.1,83,12.2,0.0,8.7,322,14.0,995.2,133.6,89.6,1539.0,62.6,40.3,46.0
2024-02-14 22:00:00,14.2,87,12.1,0.0,9.0,331,14.4,995.5,133.6,86.8,1517.0,55.8,37.8,46.0
2024-02-14 23:00:00,13.1,90,11.5,0.0,7.7,332,14.4,995.2,131.3,82.7,1457.0,47.6,34.6,49.0
2024-02-15 00:00:00,12.0,91,10.6,0.0,6.9,321,11.5,994.9,122.9,75.7,1349.0,37.9,30.4,54.0
2024-02-15 01:00:00,11.6,91,10.1,0.0,7.7,319,11.5,994.8,112.7,69.8,1203.0,26.8,25.7,62.0
2024-02-15 02:00:00,10.9,92,9.6,0.0,7.1,315,11.9,994.5,104.1,65.9,1085.0,18.5,22.3,68.0
2024-02-15 03:00:00,10.2,92,9.1,0.0,6.7,306,10.4,994.1,98.0,64.0,1008.0,14.3,21.2,69.0
2024-02-15 04:00:00,9.8,93,8.6,0.0,7.1,300,10.8,994.0,94.5,63.1,958.0,13.0,21.5,67.0
2024-02-15 05:00:00,9.6,92,8.4,0.0,7.6,295,11.9,994.1,92.2,62.6,970.0,13.3,22.4,68.0
2024-02-15 06:00:00,10.2,95,9.4,0.0,7.2,307,11.5,995.2,92.4,63.6,1087.0,20.7,25.0,59.0
2024-02-15 07:00:00,10.4,94,9.6,0.0,8.3,304,12.2,995.7,101.0,70.3,1242.0,30.5,28.6,49.0
2024-02-15 08:00:00,12.9,86,10.6,0.0,9.7,301,16.9,996.9,108.5,75.9,1309.0,35.4,31.3,54.0
2024-02-15 09:00:00,15.9,77,11.9,0.0,6.7,306,16.9,997.7,107.8,75.4,1208.0,30.5,32.6,87.0
2024-02-15 10:00:00,18.6,67,12.4,0.0,7.1,311,18.0,997.9,105.5,73.6,1019.0,20.7,33.1,135.0
2024-02-15 11:00:00,20.8,57,11.9,0.0,8.2,311,20.2,997.6,102.0,71.0,857.0,12.8,32.6,172.0
2024-02-15 12:00:00,22.1,49,10.9,0.0,10.0,311,22.7,996.8,95.5,66.4,754.0,8.8,30.6,189.0
2024-02-15 13:00:00,23.0,45,10.6,0.0,11.8,310,24.8,995.8,87.8,60.8,676.0,6.7,27.7,195.0
2024-02-15 14:00:00,23.5,44,10.6,0.0,13.0,312,26.3,995.0,81.7,56.5,641.0,7.6,25.3,191.0
2024-02-15 15:00:00,23.4,44,10.3,0.0,13.6,310,26.3,994.5,77.3,53.3,651.0,12.4,23.4,174.0
2024-02-15 16:00:00,22.9,44,9.9,0.0,12.8,308,25.6,994.4,74.7,51.6,702.0,20.1,21.9,146.0
2024-02-15 17:00:00,20.7,52,10.6,0.0,8.6,303,21.2,994.4,104.1,72.4,889.0,34.8,25.4,131.0
2024-02-15 18:00:00,17.6,60,9.8,0.0,8.2,299,12.2,994.7,117.6,81.7,1124.0,46.7,31.2,106.0
2024-02-15 19:00:00,16.2,65,9.7,0.0,8.8,305,13.3,995.0,130.9,90.8,1447.0,62.9,39.1,71.0
2024-02-15 20:00:00,14.7,71,9.4,0.0,8.2,311,13.3,995.5,139.2,96.6,1675.0,73.1,44.5,45.0
2024-02-15 21:00:00,13.4,76,9.1,0.0,7.7,323,12.2,995.8,143.4,98.5,1734.0,72.0,45.7,35.0
2024-02-15 22:00:00,12.4,81,9.1,0.0,7.5,325,11.5,995.9,145.3,98.5,1700.0,64.8,44.4,34.0
2024-02-15 23:00:00,11.1,87,9.0,0.0,8.9,328,11.5,995.7,143.4,95.5,1614.0,57.0,41.1,34.0
2024-02-16 00:00:00,10.3,89,8.6,0.0,9.2,321,11.9,995.5,134.1,87.5,1464.0,50.0,34.7,33.0
2024-02-16 01:00:00,10.0,90,8.4,0.0,8.2,319,11.9,995.3,123.9,79.9,1263.0,42.3,26.2,33.0
2024-02-16 02:00:00,9.6,90,8.1,0.0,7.9,317,11.2,995.1,112.9,73.1,1093.0,35.2,19.8,35.0
2024-02-16 03:00:00,9.4,90,7.8,0.0,7.4,317,10.8,994.9,104.1,68.0,961.0,27.6,16.8,39.0
2024-02-16 04:00:00,8.7,91,7.3,0.0,7.9,313,11.2,994.7,97.3,64.7,860.0,20.5,15.8,43.0
2024-02-16 05:00:00,8.1,92,6.8,0.0,8.9,313,11.5,994.9,99.7,66.1,918.0,20.9,19.2,44.0
2024-02-16 06:00:00,8.4,96,7.8,0.0,9.2,312,11.5,995.8,100.4,67.3,1086.0,27.9,22.2,38.0
2024-02-16 07:00:00,9.2,95,8.6,0.0,6.0,303,11.9,996.6,109.4,74.7,1310.0,37.0,26.4,32.0
2024-02-16 08:00:00,12.4,85,9.9,0.0,7.7,311,14.8,997.7,117.6,81.3,1415.0,41.0,29.6,42.0
2024-02-16 09:00:00,15.8,75,11.3,0.0,5.4,318,14.4,998.4,115.7,80.3,1295.0,34.7,31.1,86.0
2024-02-16 10:00:00,18.9,64,11.9,0.0,6.4,317,16.9,998.7,110.6,76.8,1055.0,23.2,31.7,146.0
2024-02-16 11:00:00,21.3,53,11.4,0.0,8.0,324,19.4,998.2,102.2,71.0,842.0,14.0,31.2,189.0
2024-02-16 12:00:00,22.9,43,9.6,0.0,9.5,323,21.6,997.5,88.2,61.0,691.0,9.2,29.2,200.0
2024-02-16 13:00:00,23.9,35,7.3,0.0,11.2,320,23.8,996.8,77.8,53.6,565.0,6.6,26.1,194.0
2024-02-16 14:00:00,24.2,31,6.0,0.0,12.7,317,25.6,996.2,68.0,46.7,503.0,7.5,23.6,180.0
2024-02-16 15:00:00,24.0,31,6.1,0.0,13.3,319,25.6,995.5,60.8,41.4,517.0,13.1,21.7,160.0
2024-02-16 16:00:00,23.3,35,7.0,0.0,11.0,319,24.8,995.1,58.9,40.2,593.0,22.1,20.3,133.0
2024-02-16 17:00:00,20.4,50,9.8,0.0,6.6,315,18.0,994.4,78.0,53.8,762.0,35.5,23.1,117.0
2024-02-16 18:00:00,16.8,56,7.8,0.0,11.2,312,13.3,993.9,93.6,64.7,1004.0,47.0,29.1,95.0
2024-02-16 19:00:00,15.6,60,8.0,0.0,9.1,304,13.3,994.2,109.4,75.7,1332.0,62.5,37.1,64.0
2024-02-16 20:00:00,14.4,66,8.1,0.0,8.4,310,12.6,994.4,117.6,81.3,1534.0,71.6,41.6,42.0
2024-02-16 21:00:00,13.6,66,7.4,0.0,8.5,324,12.6,994.6,117.3,80.6,1495.0,69.0,39.5,37.0
2024-02-16 22:00:00,13.1,66,6.8,0.0,9.3,332,14.0,994.7,112.9,76.8,1329.0,60.0,33.8,41.0
2024-02-16 23:00:00,12.1,70,6.9,0.0,8.4,340,14.0,994.4,105.0,70.1,1169.0,50.3,28.5,45.0
2024-02-17 00:00:00,11.2,75,7.0,0.0,8.2,337,12.6,993.8,96.4,63.3,1049.0,40.5,24.5,48.0
2024-02-17 01:00:00,10.4,80,7.0,0.0,8.2,331,11.9,993.2,91.7,59.8,935.0,30.0,20.9,52.0
2024-02-17 02:00:00,9.4,83,6.7,0.0,10.0,322,13.0,992.0,90.1,58.4,849.0,22.1,18.2,54.0
2024-02-17 03:00:00,8.6,86,6.3,0.0,9.3,283,11.2,991.2,89.9,58.1,796.0,18.1,16.8,53.0
2024-02-17 04:00:00,8.8,86,6.6,0.0,7.6,278,11.2,991.0,87.3,57.0,772.0,16.8,16.3,50.0
2024-02-17 05:00:00,9.1,83,6.3,0.0,10.0,283,15.1,991.1,81.3,54.0,751.0,16.1,17.2,54.0
2024-02-17 06:00:00,9.4,88,7.5,0.0,8.7,277,13.7,992.0,82.2,54.9,871.0,21.9,19.4,48.0
2024-02-17 07:00:00,9.8,86,7.7,0.0,9.8,276,14.8,992.5,89.6,60.5,1028.0,29.7,22.5,42.0
2024-02-17 08:00:00,12.8,76,8.6,0.0,11.7,281,19.4,993.3,95.5,65.0,1094.0,33.1,24.8,48.0
2024-02-17 09:00:00,16.3,67,10.1,0.0,8.6,285,19.4,994.1,97.8,66.8,984.0,28.2,25.9,80.0
2024-02-17 10:00:00,19.5,54,9.9,0.0,10.2,288,21.6,993.9,92.0,62.9,783.0,18.9,26.2,124.0
2024-02-17 11:00:00,21.8,43,8.6,0.0,12.3,291,25.6,993.3,82.4,56.1,611.0,11.5,25.7,156.0
2024-02-17 12:00:00,23.1,37,7.5,0.0,13.4,294,27.7,992.2,74.0,49.9,505.0,7.6,23.7,165.0
2024-02-17 13:00:00,24.0,33,6.8,0.0,13.7,293,27.7,991.0,67.5,45.2,428.0,5.4,20.8,163.0
2024-02-17 14:00:00,24.5,32,6.8,0.0,13.6,292,27.7,990.0,64.0,41.9,397.0,6.2,18.7,154.0
2024-02-17 15:00:00,24.4,33,7.1,0.0,14.4,292,27.0,989.6,62.6,40.3,409.0,10.7,17.2,140.0
2024-02-17 16:00:00,23.6,36,7.6,0.0,13.5,295,26.6,989.3,62.6,39.7,467.0,18.1,16.4,119.0
2024-02-17 17:00:00,21.4,46,9.1,0.0,8.6,292,22.7,989.3,72.2,47.5,620.0,30.1,19.5,99.0
2024-02-17 18:00:00,17.8,61,10.2,0.0,10.1,297,12.6,989.3,85.0,56.1,822.0,40.3,24.6,81.0
2024-02-17 19:00:00,16.1,68,10.3,0.0,9.8,294,12.6,989.6,95.7,63.3,1103.0,54.2,31.8,55.0
2024-02-17 20:00:00,14.6,77,10.6,0.0,10.5,308,12.2,989.8,106.2,70.1,1338.0,64.0,38.2,35.0
2024-02-17 21:00:00,13.5,83,10.6,0.0,11.3,301,12.6,989.9,115.0,75.9,1491.0,66.1,43.5,26.0
2024-02-17 22:00:00,12.9,84,10.2,0.0,10.7,310,12.6,989.8,123.9,81.3,1599.0,64.1,48.0,23.0
2024-02-17 23:00:00,12.2,85,9.8,0.0,10.0,319,12.6,989.2,129.9,83.8,1640.0,60.9,49.5,22.0
2024-02-18 00:00:00,11.3,87,9.1,0.0,9.6,340,12.2,988.5,130.4,82.0,1577.0,56.5,45.6,22.0
2024-02-18 01:00:00,10.6,90,8.9,0.0,9.4,4,11.5,988.0,130.4,79.6,1447.0,50.8,38.7,23.0
2024-02-18 02:00:00,11.3,85,8.9,0.0,7.2,6,11.5,987.9,130.4,78.2,1348.0,46.6,34.1,24.0
2024-02-18 03:00:00,10.4,88,8.5,0.0,4.3,228,7.9,987.7,129.5,77.5,1272.0,42.9,33.7,22.0
2024-02-18 04:00:00,10.2,88,8.2,0.0,6.0,237,7.9,987.7,129.5,78.0,1227.0,40.6,35.6,19.0
2024-02-18 05:00:00,11.1,84,8.4,0.0,4.0,275,6.8,987.7,123.4,74.0,1122.0,42.5,34.1,23.0
2024-02-18 06:00:00,11.5,81,8.4,0.0,6.3,211,7.9,988.7,128.1,77.8,1486.0,57.8,39.2,19.0
2024-02-18 07:00:00,11.8,79,8.3,0.0,4.2,110,7.2,989.3,144.4,90.3,1967.0,77.9,46.2,17.0
2024-02-18 08:00:00,13.8,78,9.9,0.0,4.0,85,9.0,990.3,155.5,101.0,2180.0,86.2,51.8,33.0
2024-02-18 09:00:00,18.1,67,11.8,0.0,3.7,101,11.9,991.5,148.1,97.1,1865.0,71.3,55.3,85.0
2024-02-18 10:00:00,21.2,56,12.2,0.0,6.3,121,16.2,991.6,136.0,88.0,1281.0,44.6,57.3,155.0
2024-02-18 11:00:00,23.5,46,11.2,0.0,9.8,144,21.6,991.3,123.9,79.9,818.0,23.6,56.8,208.0
2024-02-18 12:00:00,24.9,40,10.4,0.0,12.1,153,25.6,990.0,109.0,70.1,621.0,14.1,52.0,230.0
2024-02-18 13:00:00,25.7,38,10.4,0.0,11.8,160,25.9,988.9,97.1,62.4,545.0,10.3,44.7,235.0
2024-02-18 14:00:00,26.2,37,10.2,0.0,11.0,161,24.8,987.8,88.0,56.1,539.0,11.8,38.8,226.0
2024-02-18 15:00:00,26.2,36,9.9,0.0,11.0,157,23.0,987.2,79.4,50.3,617.0,21.5,35.9,197.0
2024-02-18 16:00:00,25.5,40,10.9,0.0,10.3,151,21.6,987.1,75.4,47.7,767.0,36.6,34.4,153.0
2024-02-18 17:00:00,22.9,55,13.3,0.0,6.6,135,17.3,987.1,120.6,78.2,935.0,49.8,36.3,122.0
2024-02-18 18:00:00,19.5,64,12.6,0.0,9.1,146,11.5,987.3,129.5,85.0,983.0,50.9,37.3,107.0
2024-02-18 19:00:00,17.5,74,12.8,0.0,8.9,130,12.2,987.7,130.4,86.1,1044.0,52.0,38.5,87.0
2024-02-18 20:00:00,17.5,72,12.4,0.0,10.0,131,14.8,988.2,127.6,84.3,1058.0,50.0,38.4,74.0
2024-02-18 21:00:00,17.2,70,11.6,0.0,11.7,124,18.4,988.3,122.9,80.8,983.0,42.0,36.0,75.0
2024-02-18 22:00:00,17.0,71,11.8,0.0,12.1,120,19.8,988.5,118.7,77.8,860.0,30.9,32.2,83.0
2024-02-18 23:00:00,16.5,73,11.6,0.0,12.4,116,19.8,988.1,115.0,74.7,754.0,21.7,28.9,90.0
2024-02-19 00:00:00,16.1,73,11.2,0.0,12.2,133,19.8,988.0,111.3,71.7,689.0,16.3,26.4,92.0
2024-02-19 01:00:00,15.9,72,10.9,0.0,12.5,129,20.2,987.9,108.7,69.6,642.0,12.8,24.4,92.0
2024-02-19 02:00:00,15.4,73,10.6,0.0,12.3,128,19.8,987.6,105.9,67.8,606.0,10.5,23.1,91.0
2024-02-19 03:00:00,15.2,72,10.2,0.0,12.9,120,20.5,987.0,103.4,65.7,573.0,9.0,22.6,88.0
2024-02-19 04:00:00,14.7,73,10.0,0.0,13.4,144,21.2,987.0,101.0,64.3,551.0,8.6,22.8,83.0
2024-02-19 05:00:00,14.2,75,9.8,0.0,13.2,137,22.7,987.5,102.9,65.2,562.0,9.8,23.9,80.0
2024-02-19 06:00:00,14.9,74,10.2,0.0,14.5,120,23.4,988.0,106.2,67.1,622.0,14.6,28.4,73.0
2024-02-19 07:00:00,15.3,72,10.2,0.0,16.3,121,26.3,988.5,112.7,71.0,701.0,21.0,34.6,64.0
2024-02-19 08:00:00,17.4,67,11.1,0.0,16.6,124,28.8,989.1,119.0,74.7,741.0,24.2,38.1,66.0
2024-02-19 09:00:00,19.6,61,11.8,0.0,19.9,131,35.3,989.6,121.1,75.4,706.0,21.0,36.7,89.0
2024-02-19 10:00:00,21.7,56,12.6,0.0,22.2,130,40.0,989.6,121.1,72.9,631.0,14.5,32.7,124.0
2024-02-19 11:00:00,23.6,52,13.1,0.0,24.2,133,43.9,989.2,119.7,68.0,565.0,9.4,29.1,151.0
2024-02-19 12:00:00,25.1,48,13.3,0.0,27.0,135,48.6,987.9,119.7,63.3,521.0,7.3,27.0,165.0
2024-02-19 13:00:00,26.0,46,13.4,0.0,27.8,137,50.4,986.3,122.0,60.1,485.0,6.6,25.3,172.0
2024-02-19 14:00:00,26.5,46,13.8,0.0,27.5,138,50.0,985.2,119.2,56.1,467.0,7.5,23.9,172.0
2024-02-19 15:00:00,26.5,47,14.2,0.0,26.6,139,49.0,984.4,114.6,52.9,475.0,10.8,22.8,162.0
2024-02-19 16:00:00,25.7,51,14.8,0.0,23.8,142,46.1,984.3,108.3,50.1,501.0,15.7,22.1,146.0
2024-02-19 17:00:00,24.5,56,15.2,0.0,17.3,135,40.3,984.6,126.2,63.6,555.0,19.1,23.0,130.0
2024-02-19 18:00:00,22.1,61,14.4,0.0,14.0,108,25.2,985.2,121.1,65.0,569.0,19.5,23.7,122.0
2024-02-19 19:00:00,21.3,62,13.8,0.0,17.5,98,28.1,985.7,115.5,65.2,588.0,20.0,24.8,111.0
2024-02-19 20:00:00,20.9,63,13.7,0.0,17.6,101,30.6,986.4,111.1,64.5,600.0,20.0,25.4,102.0
2024-02-19 21:00:00,20.2,65,13.4,0.0,12.3,97,28.8,987.1,108.5,63.8,601.0,19.4,25.5,95.0
2024-02-19 22:00:00,19.0,69,13.2,0.1,11.8,70,19.8,987.7,107.6,63.6,596.0,18.4,25.3,90.0
2024-02-19 23:00:00,18.8,70,13.2,0.0,16.0,104,25.9,986.8,106.9,63.3,581.0,16.9,24.4,86.0
2024-02-20 00:00:00,18.5,71,13.1,0.0,17.8,122,28.8,985.9,100.6,59.5,550.0,14.7,22.3,83.0
2024-02-20 01:00:00,17.8,73,12.9,0.0,15.3,131,29.9,985.7,93.8,57.2,510.0,12.0,19.6,82.0
2024-02-20 02:00:00,17.0,77,13.0,0.0,11.2,132,24.5,985.5,89.4,53.8,480.0,10.0,17.5,80.0
2024-02-20 03:00:00,16.1,82,13.1,0.0,8.7,132,18.0,985.4,84.3,52.2,460.0,8.7,16.6,78.0
2024-02-20 04:00:00,15.6,86,13.1,0.0,7.4,129,16.9,985.2,79.4,50.9,449.0,8.1,16.5,75.0
2024-02-20 05:00:00,14.8,90,13.1,0.0,9.2,51,15.1,986.0,74.3,45.3,416.0,9.1,14.1,68.0
2024-02-20 06:00:00,15.8,88,13.8,0.0,10.9,84,16.9,986.2,71.9,44.5,491.0,14.1,16.0,60.0
2024-02-20 07:00:00,16.0,87,13.9,0.0,12.2,88,19.4,987.1,73.1,46.2,593.0,20.7,18.7,51.0
2024-02-20 08:00:00,17.6,80,14.2,0.0,10.7,70,20.2,988.5,77.5,49.5,659.0,24.4,21.5,52.0
2024-02-20 09:00:00,19.8,71,14.4,0.0,13.7,92,27.0,989.6,83.1,52.3,659.0,22.3,24.4,72.0
2024-02-20 10:00:00,21.2,66,14.7,0.0,14.2,106,27.0,989.7,89.9,55.2,624.0,17.2,27.3,103.0
2024-02-20 11:00:00,23.5,60,15.1,0.0,13.7,120,29.9,989.5,99.2,56.2,579.0,13.0,29.2,130.0
2024-02-20 12:00:00,25.0,55,15.3,0.0,10.0,139,28.4,988.6,106.6,56.3,513.0,9.8,29.3,150.0
2024-02-20 13:00:00,26.3,43,12.6,0.0,8.0,185,23.4,987.4,108.3,54.5,437.0,7.4,28.3,167.0
2024-02-20 14:00:00,26.9,32,8.8,0.0,6.7,216,20.2,986.6,107.1,50.2,412.0,9.2,27.3,171.0
2024-02-20 15:00:00,27.2,27,6.6,0.0,7.4,256,16.2,985.9,104.5,44.2,457.0,17.5,25.9,157.0
2024-02-20 16:00:00,26.5,26,5.8,0.0,9.9,280,18.0,985.5,102.9,42.5,554.0,29.9,24.6,132.0
2024-02-20 17:00:00,23.5,47,11.4,0.0,6.4,313,16.6,985.1,146.2,65.7,648.0,34.3,27.6,101.0
2024-02-20 18:00:00,19.5,81,16.1,0.0,6.6,61,16.2,985.2,179.7,83.1,1048.0,47.8,39.4,78.0
2024-02-20 19:00:00,18.1,83,15.2,0.0,14.0,91,22.7,985.7,203.5,100.8,1582.0,65.8,55.0,47.0
2024-02-20 20:00:00,17.8,81,14.5,0.0,9.0,88,23.4,986.0,188.6,102.0,1847.0,74.5,62.1,28.0
2024-02-20 21:00:00,16.0,88,14.1,0.0,8.2,75,14.4,986.7,146.7,85.0,1584.0,65.2,52.2,32.0
2024-02-20 22:00:00,15.6,88,13.6,0.9,4.2,329,10.4,987.8,111.8,66.1,1054.0,46.7,33.8,47.0
2024-02-20 23:00:00,15.4,89,13.5,2.8,6.9,51,16.9,987.5,95.2,55.6,632.0,30.9,19.5,60.0
2024-02-21 00:00:00,15.0,92,13.6,0.0,7.1,66,13.7,986.7,85.9,50.5,471.0,22.1,14.5,65.0
2024-02-21 01:00:00,14.1,95,13.4,0.0,7.6,115,14.0,987.2,84.8,49.0,420.0,16.0,13.6,67.0
2024-02-21 02:00:00,13.1,96,12.6,0.0,4.7,9,12.6,986.9,88.0,49.0,401.0,12.7,14.1,66.0
2024-02-21 03:00:00,12.2,98,11.9,0.0,7.3,20,9.7,986.3,90.8,49.5,381.0,12.2,15.2,63.0
2024-02-21 04:00:00,11.8,98,11.5,0.0,6.1,40,10.1,986.0,95.0,50.6,394.0,14.4,17.6,57.0
2024-02-21 05:00:00,12.1,97,11.6,0.0,6.5,34,11.5,986.0,103.4,52.4,455.0,18.3,19.5,50.0
2024-02-21 06:00:00,13.3,95,12.5,0.0,5.6,333,11.5,985.8,112.0,56.8,710.0,28.7,24.5,39.0
2024-02-21 07:00:00,13.4,95,12.6,0.0,3.9,326,9.4,986.4,134.1,71.0,1052.0,42.7,31.5,26.0
2024-02-21 08:00:00,15.9,84,13.2,0.0,10.8,307,19.4,987.7,144.8,79.9,1232.0,50.0,37.6,29.0
2024-02-21 09:00:00,18.7,72,13.4,0.0,9.7,318,20.2,988.6,139.2,67.5,1094.0,44.5,42.0,61.0
2024-02-21 10:00:00,21.4,58,12.9,0.0,7.9,321,21.2,989.1,148.1,68.0,794.0,32.4,45.4,109.0
2024-02-21 11:00:00,23.4,50,12.5,0.0,7.4,309,19.4,988.8,156.0,69.6,554.0,22.2,46.9,148.0
2024-02-21 12:00:00,24.9,33,7.4,0.0,7.6,301,22.0,987.7,156.9,67.8,457.0,16.0,46.1,172.0
2024-02-21 13:00:00,25.6,23,3.0,0.0,10.7,290,23.0,986.6,152.3,64.3,421.0,11.7,43.4,187.0
2024-02-21 14:00:00,25.9,19,0.6,0.0,12.1,297,24.5,985.7,129.9,54.6,418.0,10.9,39.5,188.0
2024-02-21 15:00:00,25.6,19,0.6,0.0,12.2,304,24.5,985.0,105.7,44.8,418.0,14.7,32.6,170.0
2024-02-21 16:00:00,24.8,21,1.1,0.0,11.2,312,23.4,984.9,89.9,39.9,451.0,22.1,24.4,139.0
2024-02-21 17:00:00,22.0,37,6.8,0.0,6.5,326,18.7,984.9,65.9,33.9,445.0,23.1,12.6,88.0
2024-02-21 18:00:00,19.0,38,4.5,0.0,9.1,342,14.4,985.7,74.3,41.4,564.0,31.8,16.4,72.0
2024-02-21 19:00:00,18.0,38,3.7,0.0,11.6,338,18.0,986.6,81.7,47.0,724.0,43.4,21.4,50.0
2024-02-21 20:00:00,17.2,44,4.8,0.0,16.3,352,25.6,987.4,85.0,48.9,810.0,49.0,24.5,36.0
2024-02-21 21:00:00,17.0,47,5.4,0.0,17.7,6,28.8,987.8,82.7,47.1,753.0,42.8,23.7,39.0
2024-02-21 22:00:00,16.2,48,5.3,0.0,17.8,8,29.5,988.1,78.0,45.1,623.0,30.5,20.9,51.0
2024-02-21 23:00:00,16.4,56,7.6,0.0,20.5,15,33.1,987.8,70.8,41.9,512.0,20.4,18.2,60.0
2024-02-22 00:00:00,16.0,62,8.8,0.0,19.5,16,33.8,987.8,63.6,38.4,454.0,15.5,16.0,63.0
2024-02-22 01:00:00,15.6,64,8.8,0.0,17.8,18,31.3,987.4,59.4,36.2,415.0,12.8,13.9,64.0
2024-02-22 02:00:00,15.2,63,8.1,0.0,17.3,17,29.5,986.8,58.9,35.0,388.0,11.3,12.7,64.0
2024-02-22 03:00:00,13.9,66,7.8,0.0,8.2,29,27.7,986.4,61.5,34.5,346.0,9.9,12.4,66.0
2024-02-22 04:00:00,11.9,76,7.9,0.0,5.6,220,12.6,987.3,65.2,34.7,315.0,9.6,12.9,68.0
2024-02-22 05:00:00,10.9,83,8.1,0.0,6.4,313,10.1,987.4,82.7,45.2,548.0,22.6,22.1,39.0
2024-02-22 06:00:00,11.2,93,10.1,0.0,5.5,328,7.6,987.7,82.9,47.3,672.0,26.4,22.8,35.0
2024-02-22 07:00:00,11.8,91,10.4,0.0,4.8,228,6.8,988.5,86.6,52.5,837.0,31.4,23.9,31.0
2024-02-22 08:00:00,14.9,79,11.1,0.0,9.7,315,16.2,990.1,86.8,52.7,911.0,33.0,24.8,37.0
2024-02-22 09:00:00,17.2,66,10.9,0.0,10.2,318,21.6,991.0,85.0,50.3,810.0,28.0,25.9,61.0
2024-02-22 10:00:00,19.7,53,9.9,0.0,10.2,312,23.4,991.6,82.9,45.9,619.0,19.7,26.9,95.0
2024-02-22 11:00:00,21.6,45,9.1,0.0,11.5,311,24.8,991.4,81.5,42.7,459.0,12.8,26.6,121.0
2024-02-22 12:00:00,23.0,34,6.2,0.0,13.5,314,27.7,990.5,76.8,38.5,369.0,8.6,24.0,132.0
2024-02-22 13:00:00,23.5,28,3.7,0.0,14.0,314,29.5,989.5,71.5,34.2,309.0,5.9,20.3,135.0
2024-02-22 14:00:00,23.8,24,2.0,0.0,12.7,317,28.4,988.8,67.1,29.7,286.0,5.8,17.3,132.0
2024-02-22 15:00:00,23.6,22,0.6,0.0,12.5,314,26.3,988.4,63.6,27.6,303.0,9.3,15.7,122.0
2024-02-22 16:00:00,22.9,23,0.9,0.0,13.5,318,24.5,988.3,60.3,26.6,355.0,15.4,14.9,107.0
2024-02-22 17:00:00,20.9,32,3.8,0.0,9.8,324,23.4,988.6,64.0,31.5,453.0,24.4,14.2,85.0
2024-02-22 18:00:00,18.8,36,3.5,0.0,12.7,335,20.2,989.6,70.5,37.4,567.0,31.4,17.1,70.0
2024-02-22 19:00:00,17.5,40,3.7,0.0,12.9,342,20.9,990.3,77.3,41.7,721.0,40.9,21.1,49.0
2024-02-22 20:00:00,16.1,43,3.5,0.0,11.5,346,20.9,991.0,81.3,43.2,816.0,46.3,23.4,34.0
2024-02-22 21:00:00,14.9,47,3.8,0.0,10.5,338,18.7,991.9,83.1,42.7,801.0,44.3,22.8,30.0
2024-02-22 22:00:00,13.9,51,4.0,0.0,10.0,334,16.6,992.2,83.1,41.4,728.0,38.3,20.7,33.0
2024-02-22 23:00:00,13.1,54,4.1,0.0,9.3,332,15.8,992.1,78.0,38.4,650.0,32.0,18.3,36.0
2024-02-23 00:00:00,12.2,56,3.7,0.0,9.3,332,14.8,991.9,67.5,34.1,577.0,25.9,15.9,39.0
2024-02-23 01:00:00,11.7,57,3.5,0.0,9.7,338,15.5,991.5,58.3,31.2,499.0,19.4,13.2,43.0
2024-02-23 02:00:00,11.1,59,3.3,0.0,9.8,343,15.5,991.0,52.3,29.3,444.0,14.8,11.4,45.0
2024-02-23 03:00:00,10.4,61,3.2,0.0,8.8,348,15.1,990.4,49.4,28.3,407.0,12.7,10.6,44.0
2024-02-23 04:00:00,9.6,64,3.0,0.0,8.1,339,13.7,990.0,48.0,28.1,393.0,12.4,10.7,42.0
2024-02-23 05:00:00,8.6,68,3.0,0.0,7.2,333,11.9,990.1,43.9,27.2,423.0,13.9,12.9,40.0
2024-02-23 06:00:00,9.1,79,5.7,0.0,7.9,330,12.2,991.4,48.1,29.9,594.0,20.2,16.5,34.0
2024-02-23 07:00:00,10.0,75,5.8,0.0,6.6,315,10.8,992.2,63.8,40.6,821.0,28.7,21.4,27.0
2024-02-23 08:00:00,13.0,66,6.9,0.0,7.4,299,14.4,993.4,69.4,44.8,928.0,32.5,24.5,30.0
2024-02-23 09:00:00,16.1,56,7.3,0.0,6.0,303,15.1,994.2,65.4,42.4,798.0,27.4,24.6,54.0
2024-02-23 10:00:00,18.9,47,7.3,0.0,7.3,303,18.4,994.5,55.9,36.0,547.0,17.7,22.9,88.0
2024-02-23 11:00:00,21.0,35,4.8,0.0,10.4,314,23.0,994.3,42.4,26.1,352.0,9.9,20.6,115.0
2024-02-23 12:00:00,22.0,29,3.0,0.0,12.8,310,27.0,993.2,41.7,24.2,283.0,6.2,17.5,127.0
2024-02-23 13:00:00,22.5,27,2.7,0.0,14.5,312,29.9,992.0,42.8,23.9,269.0,4.5,13.8,130.0
2024-02-23 14:00:00,22.6,26,2.2,0.0,14.3,313,29.9,991.3,44.1,23.6,276.0,4.7,11.1,129.0
2024-02-23 15:00:00,22.5,26,2.0,0.0,14.3,311,29.2,990.8,46.1,23.5,273.0,6.2,9.5,124.0
2024-02-23 16:00:00,21.9,27,1.8,0.0,13.8,309,27.7,990.8,48.4,23.3,290.0,9.7,9.0,113.0
2024-02-23 17:00:00,20.1,35,4.1,0.0,8.2,311,24.8,990.8,54.1,29.9,452.0,21.8,13.7,94.0
2024-02-23 18:00:00,17.4,39,3.4,0.0,8.7,330,15.5,990.8,68.0,39.5,668.0,33.4,19.2,75.0
2024-02-23 19:00:00,16.1,43,3.5,0.0,8.7,322,13.7,991.7,85.4,50.5,965.0,49.3,26.7,48.0
2024-02-23 20:00:00,15.4,45,3.6,0.0,10.5,322,16.2,992.4,95.0,56.0,1191.0,60.7,32.4,28.0
2024-02-23 21:00:00,14.6,46,3.2,0.0,10.0,334,16.6,992.8,103.4,60.1,1295.0,64.5,35.1,19.0
2024-02-23 22:00:00,13.8,48,3.0,0.0,11.3,343,18.0,992.6,110.8,63.8,1327.0,63.8,36.0,17.0
2024-02-23 23:00:00,12.9,52,3.2,0.0,11.1,347,18.4,992.2,112.5,63.8,1284.0,59.5,34.4,18.0
2024-02-24 00:00:00,11.7,57,3.4,0.0,7.9,357,17.6,991.8,103.8,57.4,1124.0,49.5,28.4,24.0
2024-02-24 01:00:00,9.9,66,3.8,0.0,10.7,57,12.6,991.1,89.9,48.1,888.0,35.9,19.8,35.0
2024-02-24 02:00:00,9.8,64,3.4,0.0,5.9,133,12.2,990.9,78.9,41.7,702.0,25.1,13.7,42.0
2024-02-24 03:00:00,8.6,72,3.8,0.0,8.2,131,10.4,990.2,69.6,38.0,594.0,18.9,11.7,44.0
2024-02-24 04:00:00,10.2,63,3.4,0.0,4.3,114,9.0,990.2,60.8,35.5,535.0,15.5,12.1,42.0
2024-02-24 05:00:00,9.8,65,3.4,0.0,2.8,50,5.0,990.3,85.2,47.3,852.0,34.4,24.8,23.0
2024-02-24 06:00:00,10.6,79,7.1,0.0,4.1,45,7.9,991.4,92.9,52.0,1203.0,48.5,31.7,22.0
2024-02-24 07:00:00,11.3,72,6.4,0.0,5.2,34,7.2,992.2,116.6,67.8,1666.0,67.2,41.2,21.0
2024-02-24 08:00:00,13.9,66,7.7,0.0,5.4,42,13.0,993.1,133.2,80.8,1863.0,75.3,48.3,31.0
2024-02-24 09:00:00,17.0,57,8.5,0.0,3.4,198,11.9,994.1,120.1,71.7,1536.0,63.0,51.6,61.0
2024-02-24 10:00:00,19.1,47,7.7,0.0,4.6,309,14.4,994.6,100.4,57.3,942.0,40.1,52.4,102.0
2024-02-24 11:00:00,19.9,44,7.2,0.0,5.8,330,15.8,994.1,80.1,42.7,484.0,21.6,49.7,133.0
2024-02-24 12:00:00,21.9,35,5.9,0.0,4.7,328,17.6,993.3,65.0,36.1,324.0,12.4,40.6,146.0
2024-02-24 13:00:00,22.8,30,4.3,0.0,6.9,332,18.7,992.3,58.0,31.8,299.0,7.6,28.0,149.0
2024-02-24 14:00:00,23.0,27,3.2,0.0,7.4,346,22.0,991.8,52.2,28.7,316.0,6.8,18.9,145.0
2024-02-24 15:00:00,22.8,28,3.1,0.0,5.2,295,18.7,991.5,51.0,28.1,322.0,10.4,15.6,134.0
2024-02-24 16:00:00,22.4,28,2.8,0.0,4.7,270,14.4,991.2,50.4,28.1,370.0,18.0,15.8,117.0
2024-02-24 17:00:00,20.4,61,12.8,0.0,3.2,297,11.2,991.5,53.2,29.3,472.0,26.5,13.5,85.0
2024-02-24 18:00:00,17.9,35,2.0,0.0,7.7,319,11.5,992.2,80.1,46.9,921.0,41.9,27.1,65.0
2024-02-24 19:00:00,15.3,45,3.4,0.0,9.9,280,12.2,992.9,105.2,63.8,1527.0,62.8,45.4,37.0
2024-02-24 20:00:00,14.5,47,3.3,0.0,7.6,245,11.2,993.3,126.2,78.2,1891.0,75.4,56.3,18.0
2024-02-24 21:00:00,16.1,39,2.3,0.0,5.6,345,8.6,993.7,132.2,84.1,1790.0,72.8,52.8,15.0
2024-02-24 22:00:00,12.8,51,2.8,0.0,12.6,31,19.8,993.7,111.8,71.0,1445.0,61.9,41.8,20.0
2024-02-24 23:00:00,13.3,43,0.9,0.0,11.5,41,19.8,993.7,87.3,54.6,1125.0,50.4,31.7,27.0
2024-02-25 00:00:00,12.6,42,0.0,0.0,11.0,49,18.4,993.6,72.2,44.6,906.0,39.6,25.0,35.0
2024-02-25 01:00:00,11.6,45,0.1,0.0,8.5,54,17.3,993.3,63.6,39.3,711.0,28.2,19.3,44.0
2024-02-25 02:00:00,9.9,55,1.3,0.0,9.7,59,13.3,992.8,58.9,37.0,572.0,19.7,15.5,51.0
2024-02-25 03:00:00,11.4,47,0.4,0.0,5.7,55,10.8,992.7,56.5,35.9,487.0,15.0,14.0,53.0
2024-02-25 04:00:00,10.9,49,0.6,0.0,5.2,25,6.5,992.7,55.6,35.5,459.0,13.3,14.5,51.0
2024-02-25 05:00:00,9.9,54,1.0,0.0,4.4,351,6.1,992.8,50.6,32.0,450.0,12.3,15.7,60.0
2024-02-25 06:00:00,11.7,70,6.3,0.0,4.8,42,8.3,993.7,52.3,33.5,637.0,21.2,19.2,50.0
2024-02-25 07:00:00,11.7,72,6.8,0.0,5.6,27,8.6,994.7,65.7,42.7,886.0,33.2,23.9,37.0
2024-02-25 08:00:00,14.4,64,7.6,0.0,5.8,30,13.0,995.9,79.2,52.0,1015.0,39.6,27.8,39.0
2024-02-25 09:00:00,17.7,55,8.4,0.0,1.8,37,12.6,996.8,75.4,48.7,911.0,35.1,30.2,71.0
2024-02-25 10:00:00,20.5,45,8.1,0.0,2.2,90,11.9,996.8,77.1,47.3,686.0,25.1,31.7,118.0
2024-02-25 11:00:00,22.8,30,4.4,0.0,5.0,69,16.2,996.3,75.0,39.9,498.0,16.6,31.4,152.0
2024-02-25 12:00:00,23.9,24,1.8,0.0,4.3,66,16.6,995.4,64.3,32.8,394.0,11.2,28.1,163.0
2024-02-25 13:00:00,24.3,22,1.1,0.0,4.3,48,15.8,994.4,57.2,29.0,328.0,7.4,23.0,162.0
2024-02-25 14:00:00,24.5,21,0.5,0.0,5.6,27,16.9,993.5,55.4,28.4,312.0,7.6,19.2,153.0
2024-02-25 15:00:00,24.1,20,-0.1,0.0,9.0,16,18.7,993.3,54.8,28.5,368.0,14.5,17.9,134.0
2024-02-25 16:00:00,23.5,22,0.4,0.0,7.9,344,19.1,993.2,53.9,28.8,475.0,25.4,18.0,108.0
2024-02-25 17:00:00,21.8,27,2.0,0.0,9.0,307,14.4,993.2,66.6,37.8,511.0,30.3,17.2,92.0
2024-02-25 18:00:00,18.6,32,1.6,0.0,11.4,349,18.4,993.7,76.8,45.9,624.0,36.8,20.1,76.0
2024-02-25 19:00:00,18.2,33,1.5,0.0,11.5,356,19.4,994.3,81.7,49.2,776.0,45.4,24.0,53.0
2024-02-25 20:00:00,15.9,40,2.3,0.0,9.0,360,18.4,994.8,81.0,48.3,863.0,49.8,26.4,38.0
2024-02-25 21:00:00,15.1,45,3.3,0.0,10.1,6,15.5,995.2,78.2,46.1,829.0,46.3,25.9,37.0
2024-02-25 22:00:00,14.9,49,4.2,0.0,11.6,7,18.7,995.3,75.4,44.1,730.0,38.5,23.9,43.0
2024-02-25 23:00:00,14.6,52,5.0,0.0,12.6,5,20.5,995.2,71.0,41.1,633.0,30.8,21.7,49.0
2024-02-26 00:00:00,13.9,56,5.3,0.0,12.6,5,20.5,995.0,64.3,37.0,555.0,23.8,19.3,55.0
2024-02-26 01:00:00,13.6,57,5.2,0.0,11.7,11,20.5,994.7,59.1,34.7,479.0,16.9,16.7,62.0
2024-02-26 02:00:00,12.9,58,4.8,0.0,10.0,15,18.7,994.0,55.6,33.5,426.0,12.2,15.2,65.0
2024-02-26 03:00:00,12.9,55,4.1,0.0,10.1,17,16.2,993.2,53.2,32.7,376.0,10.0,14.9,64.0
2024-02-26 04:00:00,12.0,56,3.6,0.0,9.0,5,16.2,993.1,51.6,32.6,349.0,10.0,15.7,59.0
2024-02-26 05:00:00,11.4,58,3.5,0.0,7.2,357,14.0,993.1,54.7,36.0,488.0,17.3,20.7,48.0
2024-02-26 06:00:00,11.9,72,7.1,0.0,7.2,354,9.0,993.9,60.8,39.6,695.0,26.5,25.9,39.0
2024-02-26 07:00:00,12.8,69,7.2,0.0,4.3,312,8.3,994.6,79.6,52.3,971.0,38.8,33.0,27.0
2024-02-26 08:00:00,14.8,64,8.1,0.0,3.7,349,9.7,995.1,88.5,58.4,1104.0,45.0,37.9,28.0
2024-02-26 09:00:00,17.4,57,8.9,0.0,1.8,360,10.4,996.3,85.9,56.3,958.0,39.1,38.6,54.0
2024-02-26 10:00:00,20.5,47,8.9,0.0,4.8,347,15.1,996.6,73.8,46.4,670.0,27.0,37.0,93.0
2024-02-26 11:00:00,23.0,33,5.8,0.0,7.6,360,19.8,996.0,63.3,38.6,442.0,17.4,34.7,122.0
2024-02-26 12:00:00,24.1,28,4.7,0.0,9.3,347,22.0,995.1,58.7,34.8,346.0,13.0,31.7,132.0
2024-02-26 13:00:00,24.8,26,4.2,0.0,9.6,326,22.3,994.3,58.4,33.9,311.0,11.0,28.1,131.0
2024-02-26 14:00:00,24.3,26,3.8,0.0,9.7,318,22.0,993.3,58.0,33.2,319.0,12.5,25.5,125.0
2024-02-26 15:00:00,23.9,27,3.7,0.0,9.2,318,19.4,992.7,57.9,32.9,342.0,18.3,23.4,113.0
2024-02-26 16:00:00,23.5,29,4.4,0.0,9.2,312,17.3,992.5,58.1,33.2,409.0,27.4,22.3,95.0
2024-02-26 17:00:00,21.5,40,7.3,0.0,6.1,315,15.1,992.5,56.8,35.4,556.0,36.0,22.6,73.0
2024-02-26 18:00:00,18.4,37,3.5,0.0,7.7,311,11.2,993.2,78.2,49.1,914.0,47.3,33.7,57.0
2024-02-26 19:00:00,17.3,41,3.9,0.0,8.4,329,12.6,993.8,100.6,64.0,1408.0,62.8,48.8,36.0
2024-02-26 20:00:00,17.2,41,3.8,0.0,8.9,346,14.8,994.1,119.2,76.8,1776.0,73.6,59.6,20.0
2024-02-26 21:00:00,16.0,42,3.0,0.0,7.7,349,14.0,994.1,134.6,86.8,1925.0,75.8,62.7,15.0
2024-02-26 22:00:00,14.0,51,4.1,0.0,10.4,346,11.9,994.0,143.0,91.5,1948.0,73.2,61.5,15.0
2024-02-26 23:00:00,13.1,54,4.0,0.0,9.0,360,12.6,993.7,129.9,83.1,1861.0,68.9,57.2,17.0
2024-02-27 00:00:00,13.7,56,5.1,0.0,7.7,11,11.5,993.2,116.2,72.9,1620.0,63.6,48.4,19.0
2024-02-27 01:00:00,14.0,59,6.2,0.0,6.2,350,9.0,992.9,102.4,62.2,1269.0,56.6,36.6,22.0
2024-02-27 02:00:00,13.9,60,6.1,0.0,4.9,306,7.2,992.4,88.9,52.5,955.0,48.0,27.0,29.0
2024-02-27 03:00:00,14.1,54,4.8,0.0,7.9,317,12.2,992.7,75.7,44.5,698.0,35.0,21.3,43.0
2024-02-27 04:00:00,14.9,51,4.8,0.0,9.2,312,13.7,993.2,66.4,39.7,478.0,20.4,17.9,60.0
2024-02-27 05:00:00,14.4,57,6.2,0.1,14.1,308,24.5,994.0,69.8,44.5,529.0,24.9,26.1,47.0
2024-02-27 06:00:00,15.1,55,6.2,0.0,12.0,311,21.2,994.8,72.2,44.2,652.0,28.0,26.3,39.0
2024-02-27 07:00:00,15.0,60,7.3,0.0,7.1,285,19.1,995.2,84.8,50.4,815.0,32.0,26.6,28.0
2024-02-27 08:00:00,15.8,61,8.1,0.0,6.3,301,12.2,996.4,98.0,57.6,893.0,32.7,26.9,30.0
2024-02-27 09:00:00,16.8,58,8.4,0.0,8.9,313,16.2,996.7,112.9,58.7,806.0,27.1,27.7,55.0
2024-02-27 10:00:00,19.6,49,8.6,0.0,12.5,327,25.6,996.4,120.6,58.6,634.0,18.3,28.5,92.0
2024-02-27 11:00:00,22.1,40,7.9,0.0,14.6,340,29.2,995.8,107.1,54.0,487.0,11.2,28.0,121.0
2024-02-27 12:00:00,23.8,33,6.4,0.0,14.0,1,31.3,994.7,89.4,43.9,403.0,7.7,24.9,134.0
2024-02-27 13:00:00,24.3,30,5.7,0.0,10.2,10,29.2,993.7,78.0,36.9,345.0,6.1,20.4,139.0
2024-02-27 14:00:00,24.6,29,5.6,0.0,7.8,13,23.8,992.9,72.2,34.0,312.0,5.9,17.1,140.0
2024-02-27 15:00:00,24.5,29,5.2,0.0,8.7,355,20.2,992.3,70.1,33.5,309.0,7.2,15.8,137.0
2024-02-27 16:00:00,24.0,28,4.6,0.0,11.3,343,21.2,991.8,69.4,34.5,331.0,10.0,15.7,129.0
2024-02-27 17:00:00,22.3,34,5.5,0.0,11.7,326,21.6,991.9,65.7,27.1,301.0,12.3,14.7,103.0
2024-02-27 18:00:00,18.6,44,6.0,0.0,8.2,293,13.3,992.4,68.7,32.1,388.0,20.6,16.8,84.0
2024-02-27 19:00:00,17.5,48,6.4,0.0,10.2,302,16.2,992.6,72.6,35.5,508.0,31.9,19.6,58.0
2024-02-27 20:00:00,16.4,53,6.9,0.0,10.7,312,17.6,993.2,76.4,37.8,599.0,39.7,21.4,38.0
2024-02-27 21:00:00,15.3,57,6.8,0.0,9.2,309,17.3,993.6,79.4,39.3,638.0,41.3,21.7,31.0
2024-02-27 22:00:00,14.1,62,6.9,0.0,7.4,309,14.8,993.8,81.5,40.6,647.0,39.4,21.0,31.0
2024-02-27 23:00:00,13.6,64,6.9,0.0,9.8,306,14.8,993.4,80.1,39.8,632.0,35.8,19.4,33.0
2024-02-28 00:00:00,13.4,67,7.6,0.0,12.0,311,19.1,993.1,74.3,36.6,578.0,29.8,16.3,38.0
2024-02-28 01:00:00,13.1,72,8.2,0.0,11.2,318,19.4,992.9,68.5,33.8,500.0,22.0,12.3,45.0
2024-02-28 02:00:00,12.7,75,8.4,0.0,10.9,314,18.0,992.7,64.0,32.1,443.0,16.1,9.5,50.0
2024-02-28 03:00:00,12.2,77,8.3,0.0,10.9,314,17.6,992.3,61.5,31.4,418.0,13.2,8.8,50.0
2024-02-28 04:00:00,11.9,78,8.2,0.0,10.7,312,17.6,992.1,61.2,31.8,415.0,12.1,9.2,48.0
2024-02-28 05:00:00,11.5,79,8.1,0.0,10.4,314,17.3,991.8,58.2,32.7,466.0,13.8,10.5,41.0
2024-02-28 06:00:00,11.4,80,8.1,0.0,9.0,307,16.6,993.2,63.3,34.9,564.0,17.6,12.9,35.0
2024-02-28 07:00:00,11.9,78,8.1,0.0,10.6,294,16.2,993.8,70.3,39.7,694.0,22.6,16.3,29.0
2024-02-28 08:00:00,14.4,69,8.7,0.0,10.5,292,19.1,994.6,76.8,44.2,750.0,24.5,18.4,35.0
2024-02-28 09:00:00,17.1,59,8.9,0.0,12.7,295,24.8,995.0,80.8,43.4,659.0,20.2,18.4,65.0
2024-02-28 10:00:00,19.6,50,8.9,0.0,15.1,295,30.2,994.9,81.0,41.2,493.0,12.7,17.2,108.0
2024-02-28 11:00:00,21.8,42,8.4,0.0,17.0,306,33.8,994.3,80.1,39.0,365.0,6.9,15.8,141.0
2024-02-28 12:00:00,23.0,36,7.2,0.0,18.7,308,36.4,993.2,81.3,36.8,321.0,4.5,14.4,154.0
2024-02-28 13:00:00,23.8,34,6.9,0.0,19.5,304,37.4,992.2,89.2,34.7,315.0,3.7,12.8,156.0
2024-02-28 14:00:00,24.0,33,6.8,0.0,20.3,307,38.5,991.3,102.2,31.5,323.0,4.4,11.9,154.0
2024-02-28 15:00:00,23.9,34,7.2,0.0,19.6,311,38.2,990.6,122.0,31.0,331.0,6.0,12.0,149.0
2024-02-28 16:00:00,23.2,36,7.5,0.0,18.6,313,36.7,990.3,143.0,33.3,354.0,9.1,12.7,140.0
2024-02-28 17:00:00,22.0,40,7.9,0.0,14.3,311,33.1,990.4,122.5,31.7,371.0,12.0,13.2,134.0
2024-02-28 18:00:00,19.6,48,8.4,0.0,11.3,307,24.1,990.6,123.9,39.7,490.0,21.8,16.1,112.0
2024-02-28 19:00:00,18.3,53,8.6,0.0,10.8,307,18.0,991.0,133.6,46.3,652.0,35.0,20.0,81.0
2024-02-28 20:00:00,17.3,57,8.7,0.0,10.5,311,17.3,991.5,143.4,50.4,765.0,43.4,22.6,58.0
2024-02-28 21:00:00,16.4,61,8.7,0.0,10.2,315,16.9,991.8,147.1,51.9,783.0,42.7,22.6,51.0
2024-02-28 22:00:00,15.4,65,8.8,0.0,10.4,314,16.6,991.8,146.2,52.3,751.0,37.2,21.3,51.0
2024-02-28 23:00:00,14.6,68,8.8,0.0,10.4,314,16.6,991.1,140.2,51.3,708.0,31.3,19.5,53.0
2024-02-29 00:00:00,14.0,71,8.8,0.0,10.3,306,16.6,990.5,129.5,48.8,660.0,26.0,17.3,54.0
2024-02-29 01:00:00,13.6,72,8.5,0.0,10.6,305,16.9,990.0,117.6,46.8,601.0,20.4,14.8,56.0
2024-02-29 02:00:00,13.1,72,8.2,0.0,10.9,304,17.3,989.5,105.7,45.1,555.0,16.1,12.9,57.0
2024-02-29 03:00:00,12.6,74,8.1,0.0,10.4,304,17.3,989.2,94.5,43.4,522.0,13.4,12.0,57.0
2024-02-29 04:00:00,12.2,76,8.0,0.0,11.5,302,18.0,988.9,85.2,41.8,502.0,12.0,11.9,57.0
2024-02-29 05:00:00,11.9,77,7.9,0.0,11.1,299,18.4,989.1,80.1,41.0,508.0,12.2,13.4,63.0
2024-02-29 06:00:00,12.2,80,8.9,0.0,10.6,294,19.1,990.2,78.5,41.1,619.0,17.7,15.2,57.0
2024-02-29 07:00:00,12.6,79,9.1,0.0,11.7,288,17.6,990.7,82.2,45.4,767.0,25.0,17.8,50.0
2024-02-29 08:00:00,15.2,71,9.9,0.0,10.0,285,19.4,991.7,84.3,48.5,834.0,28.3,19.7,55.0
2024-02-29 09:00:00,18.4,60,10.4,0.0,10.1,287,21.6,993.0,82.0,45.8,746.0,23.6,20.6,84.0
2024-02-29 10:00:00,21.2,49,10.0,0.0,12.6,297,25.6,993.3,73.6,41.9,578.0,14.8,20.8,125.0
2024-02-29 11:00:00,23.2,39,8.6,0.0,13.1,302,27.7,993.0,66.1,37.7,441.0,8.0,20.3,155.0
2024-02-29 12:00:00,24.5,34,7.8,0.0,12.6,307,27.7,992.3,62.4,33.4,373.0,5.1,18.5,163.0
2024-02-29 13:00:00,25.4,32,7.6,0.0,12.5,309,27.4,991.5,60.5,29.8,335.0,4.3,16.0,160.0
2024-02-29 14:00:00,25.9,31,7.3,0.0,11.8,310,27.0,990.7,60.1,27.2,324.0,5.3,14.2,153.0
2024-02-29 15:00:00,25.9,30,6.8,0.0,11.7,313,25.2,990.2,62.2,25.8,314.0,7.6,13.0,144.0
2024-02-29 16:00:00,25.5,30,6.7,0.0,11.5,316,23.4,990.2,65.7,25.3,331.0,11.8,12.6,130.0
2024-02-29 17:00:00,23.6,39,8.9,0.0,7.1,315,21.2,990.3,61.5,31.1,455.0,21.0,15.9,124.0
2024-02-29 18:00:00,19.5,52,9.4,0.0,10.0,308,12.2,990.5,79.2,42.4,719.0,35.9,22.3,99.0
2024-02-29 19:00:00,18.8,53,9.1,0.0,8.7,294,12.2,991.1,101.7,55.1,1088.0,56.4,31.4,64.0
2024-02-29 20:00:00,17.3,61,9.6,0.0,8.9,291,11.9,991.6,116.9,63.1,1396.0,71.6,39.5,37.0
2024-02-29 21:00:00,15.7,70,10.1,0.0,11.0,308,12.2,991.8,129.0,68.5,1595.0,76.9,46.5,25.0
2024-02-29 22:00:00,15.1,71,9.9,0.0,9.2,318,12.2,991.6,146.2,75.7,1732.0,76.9,52.6,20.0
2024-02-29 23:00:00,14.8,71,9.6,0.0,7.4,337,11.9,991.2,162.1,82.7,1784.0,73.9,54.4,18.0
2024-03-01 00:00:00,13.8,76,9.6,0.0,7.0,348,11.2,990.6,162.1,82.4,1712.0,67.3,48.6,18.0
2024-03-01 01:00:00,13.1,80,9.6,0.0,8.0,350,10.8,990.2,147.6,74.7,1554.0,57.9,38.6,20.0
2024-03-01 02:00:00,14.6,72,9.6,0.0,5.5,337,11.2,989.9,132.2,65.9,1398.0,50.0,30.8,22.0
2024-03-01 03:00:00,14.4,73,9.6,0.0,3.6,360,6.1,989.4,121.5,60.1,1229.0,44.3,27.4,23.0
2024-03-01 04:00:00,14.3,74,9.7,0.0,4.4,9,5.0,989.2,114.8,56.9,1063.0,40.3,26.3,25.0
2024-03-01 05:00:00,13.8,77,9.8,0.0,4.9,17,5.8,989.5,121.5,56.2,899.0,38.1,26.9,25.0
2024-03-01 06:00:00,12.1,91,10.6,0.0,4.4,35,5.0,990.6,124.8,59.6,1120.0,45.8,29.6,23.0
2024-03-01 07:00:00,13.6,85,11.0,0.0,4.6,18,6.5,991.4,138.3,72.9,1412.0,55.9,33.4,21.0
2024-03-01 08:00:00,16.9,74,12.2,0.0,3.4,252,10.1,992.8,136.9,78.2,1537.0,59.7,37.1,31.0
2024-03-01 09:00:00,20.2,63,13.1,0.0,0.8,297,10.4,993.7,129.0,74.0,1335.0,51.5,40.8,64.0
2024-03-01 10:00:00,22.5,56,13.2,0.0,4.4,189,14.8,994.1,126.2,67.8,966.0,37.0,44.3,109.0
2024-03-01 11:00:00,23.5,53,13.2,0.1,11.0,259,23.0,994.6,116.9,58.6,669.0,25.2,46.2,144.0
2024-03-01 12:00:00,23.0,53,12.9,0.0,3.6,360,23.8,992.7,97.1,49.5,539.0,19.3,45.5,160.0
2024-03-01 13:00:00,24.6,49,13.1,0.0,1.1,288,27.7,991.5,84.5,45.2,482.0,16.1,43.2,165.0
2024-03-01 14:00:00,25.7,46,13.2,0.0,7.0,102,16.9,990.2,76.1,42.7,450.0,15.1,40.6,163.0
2024-03-01 15:00:00,25.8,46,13.2,0.0,10.1,86,20.9,989.3,70.5,38.9,431.0,16.9,38.1,151.0
2024-03-01 16:00:00,25.7,46,13.1,0.0,13.3,103,25.6,988.3,68.7,37.6,438.0,20.9,35.5,131.0
2024-03-01 17:00:00,24.5,50,13.4,0.0,9.8,126,25.2,988.0,106.9,58.0,601.0,30.5,42.8,131.0
2024-03-01 18:00:00,24.1,44,11.2,0.0,13.3,139,26.6,988.0,117.3,67.5,718.0,37.9,45.1,113.0
2024-03-01 19:00:00,23.0,50,12.1,0.0,1.8,259,21.6,988.6,134.1,77.8,873.0,47.7,48.1,88.0
2024-03-01 20:00:00,20.7,59,12.3,0.0,9.3,77,15.8,988.4,123.9,71.7,953.0,52.0,48.2,70.0
2024-03-01 21:00:00,19.2,66,12.6,0.0,6.3,114,15.1,989.1,114.8,65.9,887.0,45.6,43.0,67.0
2024-03-01 22:00:00,20.2,60,12.1,0.0,12.3,97,22.3,988.0,104.1,59.3,744.0,33.6,35.0,71.0
2024-03-01 23:00:00,20.0,59,11.6,0.0,10.2,98,19.4,987.9,93.6,51.8,619.0,23.6,28.1,75.0
2024-03-02 00:00:00,19.4,62,11.9,0.0,10.0,116,16.2,988.2,84.8,44.6,541.0,18.4,23.5,75.0
2024-03-02 01:00:00,19.1,66,12.8,0.0,11.2,138,18.0,988.0,78.7,40.3,481.0,15.1,19.9,74.0
2024-03-02 02:00:00,18.7,70,13.2,0.0,13.2,154,20.5,987.5,71.7,38.0,442.0,13.1,17.5,72.0
2024-03-02 03:00:00,18.7,71,13.3,0.0,13.0,161,22.0,987.6,70.1,37.4,431.0,12.0,16.5,67.0
2024-03-02 04:00:00,18.5,71,13.1,0.0,14.5,173,21.6,987.4,69.2,37.5,441.0,12.1,16.7,61.0
2024-03-02 05:00:00,18.5,70,12.9,0.0,17.6,181,28.8,988.0,78.9,31.9,335.0,9.3,13.1,83.0
2024-03-02 06:00:00,18.4,75,13.8,0.0,10.0,120,18.0,989.0,79.4,32.0,396.0,14.5,14.5,74.0
2024-03-02 07:00:00,17.9,80,14.4,0.0,11.2,132,17.3,990.1,79.6,35.4,479.0,21.4,16.5,62.0
2024-03-02 08:00:00,18.4,80,14.9,0.0,11.3,99,20.2,990.4,77.5,38.6,530.0,25.2,18.4,59.0
2024-03-02 09:00:00,18.8,84,16.0,3.2,11.5,136,23.0,992.2,74.3,40.6,520.0,22.9,20.3,72.0
2024-03-02 10:00:00,19.9,83,16.8,0.0,17.4,96,29.9,990.8,71.7,41.3,479.0,17.5,22.0,93.0
2024-03-02 11:00:00,22.0,68,15.8,0.0,25.4,106,46.1,990.3,68.2,41.0,437.0,12.7,22.8,112.0
2024-03-02 12:00:00,23.6,61,15.6,0.0,27.7,106,50.4,988.7,77.8,41.8,398.0,9.4,21.8,127.0
2024-03-02 13:00:00,24.2,61,16.1,0.0,27.9,112,51.8,987.2,93.1,40.4,359.0,6.7,19.8,139.0
2024-03-02 14:00:00,24.2,57,15.2,0.2,30.0,128,56.2,986.2,92.9,39.2,340.0,6.3,18.3,143.0
2024-03-02 15:00:00,24.3,56,14.9,0.0,32.0,144,57.6,984.6,91.3,37.7,359.0,10.0,17.7,132.0
2024-03-02 16:00:00,23.8,57,14.9,0.3,26.9,142,55.4,984.3,98.5,39.3,399.0,15.9,17.5,113.0
2024-03-02 17:00:00,20.4,77,16.3,0.6,17.5,171,47.9,984.3,127.6,41.3,405.0,19.3,16.9,95.0
2024-03-02 18:00:00,19.0,83,15.9,3.9,16.5,203,52.9,985.7,136.9,44.4,420.0,20.5,18.3,91.0
2024-03-02 19:00:00,19.2,85,16.7,3.7,16.4,147,28.8,985.8,123.9,43.0,440.0,21.9,20.2,85.0
2024-03-02 20:00:00,17.9,90,16.2,1.2,16.4,151,34.6,986.8,95.2,40.2,446.0,22.2,21.1,80.0
2024-03-02 21:00:00,18.3,91,16.8,0.1,14.1,130,28.4,987.4,75.4,37.8,426.0,20.2,20.1,79.0
2024-03-02 22:00:00,17.6,92,16.4,1.7,12.5,139,23.4,987.6,59.0,33.4,393.0,17.0,18.0,79.0
2024-03-02 23:00:00,17.4,95,16.5,3.6,13.0,161,24.8,987.9,46.1,28.2,362.0,14.1,15.9,79.0
2024-03-03 00:00:00,17.2,94,16.3,0.2,12.8,142,21.6,987.5,41.2,24.9,337.0,11.9,13.7,77.0
2024-03-03 01:00:00,17.5,94,16.6,0.0,16.7,147,28.1,986.9,38.8,23.6,315.0,10.1,11.4,75.0
2024-03-03 02:00:00,16.4,97,15.9,0.5,6.8,288,27.0,987.1,40.7,22.2,299.0,8.9,10.0,72.0
2024-03-03 03:00:00,15.9,97,15.5,2.0,8.5,298,28.8,986.9,32.7,18.6,286.0,8.2,9.7,69.0
2024-03-03 04:00:00,16.0,96,15.4,0.2,5.1,266,24.5,986.5,27.6,16.4,280.0,8.2,10.3,67.0
2024-03-03 05:00:00,16.1,96,15.6,0.2,0.0,270,7.9,986.9,55.3,34.3,349.0,16.7,14.7,34.0
2024-03-03 06:00:00,14.6,97,14.0,0.0,8.3,214,10.1,988.6,61.2,37.5,433.0,20.1,17.6,32.0
2024-03-03 07:00:00,16.0,93,14.9,0.0,1.3,34,10.4,989.0,73.3,45.4,546.0,24.8,21.7,29.0
2024-03-03 08:00:00,17.1,86,14.8,0.0,6.0,33,13.7,989.4,67.8,41.7,609.0,27.5,26.0,34.0
2024-03-03 09:00:00,18.6,78,14.6,0.2,5.4,94,15.1,990.1,64.3,38.0,574.0,26.7,31.1,51.0
2024-03-03 10:00:00,19.8,69,13.9,0.3,5.9,133,16.9,990.2,66.8,37.4,489.0,23.9,36.4,75.0
2024-03-03 11:00:00,21.4,61,13.6,0.2,6.7,196,18.4,990.0,75.2,40.6,413.0,20.8,38.5,95.0
2024-03-03 12:00:00,22.2,56,13.1,0.2,7.4,203,20.2,989.3,80.3,42.0,363.0,17.0,34.7,109.0
2024-03-03 13:00:00,22.9,50,11.9,0.0,7.6,188,20.2,988.1,75.0,34.9,324.0,13.0,27.8,121.0
2024-03-03 14:00:00,23.3,44,10.5,0.0,8.9,220,21.2,987.0,69.6,29.0,306.0,11.2,22.5,126.0
2024-03-03 15:00:00,23.5,41,9.4,0.0,10.2,262,20.9,986.6,64.5,26.5,275.0,12.0,19.5,125.0
2024-03-03 16:00:00,22.5,37,7.2,0.0,14.2,277,25.2,986.7,66.4,26.3,266.0,15.1,18.1,119.0
2024-03-03 17:00:00,20.5,39,6.1,0.0,15.1,288,27.0,987.0,107.8,40.5,425.0,22.8,21.6,113.0
2024-03-03 18:00:00,17.2,90,15.6,1.0,6.8,93,18.7,987.5,130.4,52.0,512.0,30.1,21.5,95.0
2024-03-03 19:00:00,16.5,93,15.4,0.1,7.9,39,15.5,988.0,130.9,50.5,630.0,40.0,21.4,69.0
2024-03-03 20:00:00,15.2,96,14.6,0.0,9.8,36,16.9,988.9,125.7,45.5,708.0,45.6,20.8,50.0
2024-03-03 21:00:00,14.6,97,14.0,0.0,7.9,43,16.9,989.6,119.2,43.5,707.0,43.0,19.5,43.0
2024-03-03 22:00:00,13.9,97,13.4,0.0,8.1,21,13.7,989.9,111.3,44.0,667.0,36.1,17.8,41.0
2024-03-03 23:00:00,13.2,98,12.9,0.0,5.8,7,14.4,989.6,103.1,44.5,629.0,30.2,16.4,40.0
2024-03-04 00:00:00,11.9,99,11.8,0.0,6.9,332,10.1,989.8,94.8,43.9,607.0,27.1,15.3,36.0
2024-03-04 01:00:00,12.8,99,12.6,0.0,6.5,360,10.4,989.9,84.5,43.3,589.0,25.0,14.4,33.0
2024-03-04 02:00:00,12.6,99,12.4,0.0,7.6,355,12.2,989.7,79.2,42.7,578.0,23.8,14.2,29.0
2024-03-04 03:00:00,12.2,100,12.2,0.0,7.0,12,12.2,989.7,76.8,43.1,580.0,23.9,15.0,25.0
2024-03-04 04:00:00,12.3,100,12.3,0.0,7.0,12,13.0,990.0,75.7,43.9,589.0,24.9,16.4,21.0
2024-03-04 05:00:00,12.2,100,12.2,0.0,6.3,347,13.0,990.4,71.7,36.7,429.0,15.1,13.3,35.0
2024-03-04 06:00:00,12.2,96,11.6,0.0,7.9,360,14.4,991.1,75.7,38.5,515.0,18.3,15.8,32.0
2024-03-04 07:00:00,12.2,96,11.7,0.0,9.5,349,15.5,991.7,85.2,43.7,628.0,22.6,19.3,30.0
2024-03-04 08:00:00,14.2,92,12.9,0.0,7.6,352,16.9,992.6,94.3,45.2,671.0,24.1,21.6,37.0
2024-03-04 09:00:00,16.8,78,12.9,0.0,8.8,12,19.8,993.6,104.5,41.6,575.0,20.3,21.7,62.0
2024-03-04 10:00:00,19.5,49,8.5,0.0,10.7,12,23.4,993.8,99.2,32.9,409.0,13.7,20.7,96.0
2024-03-04 11:00:00,21.1,27,1.2,0.0,10.9,352,24.8,994.1,53.8,17.0,283.0,8.6,19.4,121.0
2024-03-04 12:00:00,21.9,23,-0.1,0.0,11.9,335,25.9,993.9,46.0,15.5,240.0,6.2,18.0,131.0
2024-03-04 13:00:00,22.1,23,-0.2,0.0,13.3,327,28.1,993.3,44.1,15.4,237.0,5.2,16.4,133.0
2024-03-04 14:00:00,22.0,23,0.2,0.0,14.1,320,28.4,992.6,44.7,15.2,250.0,5.8,15.2,130.0
2024-03-04 15:00:00,21.7,25,0.7,0.0,14.0,318,28.4,992.2,47.6,14.8,266.0,7.9,14.4,124.0
2024-03-04 16:00:00,21.0,28,1.6,0.0,13.7,315,27.0,991.8,52.6,14.7,299.0,11.6,13.9,114.0
2024-03-04 17:00:00,19.5,35,3.6,0.0,11.0,311,24.8,992.0,60.3,23.7,388.0,19.9,15.9,95.0
2024-03-04 18:00:00,17.2,44,4.8,0.0,10.2,315,15.8,992.8,68.7,30.7,491.0,28.2,17.9,77.0
2024-03-04 19:00:00,15.9,47,4.4,0.0,12.1,330,19.4,993.4,78.2,35.6,630.0,39.3,20.7,53.0
2024-03-04 20:00:00,14.9,49,4.2,0.0,12.7,345,20.5,993.8,83.8,37.6,718.0,45.8,22.2,36.0
2024-03-04 21:00:00,14.1,50,3.8,0.0,12.8,350,20.9,994.4,88.2,38.2,708.0,43.7,21.5,33.0
2024-03-04 22:00:00,13.2,51,3.5,0.0,12.7,353,20.9,994.4,93.4,38.5,647.0,36.9,19.5,37.0
2024-03-04 23:00:00,12.4,55,3.5,0.0,12.0,351,20.5,994.1,97.8,38.4,581.0,29.9,17.4,42.0
2024-03-05 00:00:00,11.8,56,3.4,0.0,10.7,346,19.4,993.7,97.3,37.4,520.0,23.3,15.4,47.0
2024-03-05 01:00:00,11.1,59,3.3,0.0,9.8,336,17.3,993.4,90.3,37.0,455.0,16.4,13.4,53.0
2024-03-05 02:00:00,10.6,61,3.2,0.0,11.1,331,17.6,992.9,82.2,36.6,407.0,11.3,11.8,58.0
2024-03-05 03:00:00,9.9,64,3.3,0.0,11.6,330,18.4,992.8,76.6,35.7,379.0,8.8,10.7,60.0
2024-03-05 04:00:00,9.4,67,3.5,0.0,11.1,324,18.7,992.7,72.9,34.8,369.0,8.2,10.2,61.0
2024-03-05 05:00:00,8.8,69,3.3,0.0,10.7,315,18.0,993.2,69.8,35.5,404.0,10.6,12.9,53.0
2024-03-05 06:00:00,9.0,75,4.8,0.0,9.0,307,14.4,993.8,72.2,36.2,486.0,14.2,13.7,49.0
2024-03-05 07:00:00,9.7,73,5.0,0.0,12.4,306,18.4,994.3,77.5,39.8,595.0,19.0,14.8,45.0
2024-03-05 08:00:00,12.2,65,5.8,0.0,11.1,299,21.2,995.3,82.2,42.3,646.0,21.2,15.7,49.0
2024-03-05 09:00:00,14.9,57,6.4,0.0,11.8,301,24.5,996.2,81.7,40.6,583.0,18.2,16.3,70.0
2024-03-05 10:00:00,17.4,48,6.2,0.0,13.3,308,27.7,996.1,73.8,37.4,463.0,12.5,16.8,100.0
2024-03-05 11:00:00,19.1,39,4.9,0.0,13.8,309,29.5,995.5,70.5,34.8,367.0,8.1,16.9,124.0
2024-03-05 12:00:00,20.2,35,4.4,0.0,14.3,304,29.9,994.2,73.6,34.3,326.0,6.0,16.3,137.0
2024-03-05 13:00:00,21.0,33,4.2,0.0,15.1,298,31.0,993.5,78.2,32.9,310.0,5.0,15.3,143.0
2024-03-05 14:00:00,21.2,33,4.4,0.0,15.8,294,31.7,992.6,83.6,29.8,312.0,5.8,14.6,144.0
2024-03-05 15:00:00,21.1,33,4.4,0.0,15.2,301,31.3,991.6,93.6,29.1,328.0,8.3,14.2,138.0
2024-03-05 16:00:00,20.5,35,4.4,0.0,15.6,299,29.5,991.4,105.7,30.0,362.0,12.5,14.0,127.0
2024-03-05 17:00:00,19.2,41,5.5,0.0,11.8,297,28.1,991.4,104.8,34.5,409.0,17.6,15.5,111.0
2024-03-05 18:00:00,16.1,50,5.8,0.0,7.7,311,20.9,991.7,108.0,41.2,495.0,24.9,17.4,94.0
2024-03-05 19:00:00,15.6,53,6.0,0.0,8.4,313,14.0,992.3,117.1,45.1,612.0,34.9,20.0,71.0
2024-03-05 20:00:00,15.9,51,5.8,0.0,12.5,327,20.2,992.9,125.7,48.2,699.0,41.5,21.8,53.0
2024-03-05 21:00:00,14.8,53,5.3,0.0,10.6,332,20.5,992.7,140.6,54.1,731.0,42.1,22.4,46.0
2024-03-05 22:00:00,13.2,59,5.3,0.0,10.4,314,16.9,992.7,145.8,55.6,732.0,39.4,22.3,44.0
2024-03-05 23:00:00,12.5,63,5.6,0.0,8.9,302,16.6,992.5,144.8,54.6,708.0,35.1,21.5,44.0
2024-03-06 00:00:00,12.9,62,5.8,0.0,10.2,318,16.6,991.6,138.8,52.6,647.0,28.8,19.6,46.0
2024-03-06 01:00:00,12.1,64,5.7,0.0,10.1,305,16.6,991.5,128.1,50.8,560.0,21.0,17.0,50.0
2024-03-06 02:00:00,12.2,62,5.2,0.0,11.6,306,18.7,991.2,115.5,49.4,491.0,14.9,15.2,54.0
2024-03-06 03:00:00,11.6,63,4.8,0.0,10.3,306,18.4,991.0,102.0,47.7,445.0,11.7,14.7,56.0
2024-03-06 04:00:00,10.1,69,4.6,0.0,9.7,301,16.9,991.0,90.3,45.9,417.0,10.2,14.9,57.0
2024-03-06 05:00:00,10.1,67,4.2,0.0,9.8,306,16.9,990.8,82.4,44.7,436.0,11.2,15.1,56.0
2024-03-06 06:00:00,9.3,67,3.5,0.0,9.6,304,15.1,991.6,80.6,44.5,525.0,15.5,16.4,51.0
2024-03-06 07:00:00,9.9,67,4.0,0.0,11.3,301,16.9,992.3,81.0,46.7,643.0,21.3,18.3,46.0
2024-03-06 08:00:00,12.4,62,5.2,0.0,9.2,296,19.1,993.3,82.7,49.2,698.0,23.8,20.2,51.0
2024-03-06 09:00:00,15.4,52,5.7,0.0,9.0,293,19.8,994.1,82.0,47.7,630.0,19.9,22.1,79.0
2024-03-06 10:00:00,17.9,42,4.6,0.0,12.1,300,25.6,994.1,77.3,45.1,499.0,12.9,23.9,117.0
2024-03-06 11:00:00,19.3,37,4.3,0.0,15.0,305,30.2,993.8,76.8,42.6,396.0,7.8,24.8,145.0
2024-03-06 12:00:00,19.9,36,4.4,0.0,13.8,309,30.6,992.8,78.9,41.0,353.0,6.3,24.1,152.0
2024-03-06 13:00:00,19.8,37,4.8,0.0,11.6,306,28.1,991.4,81.7,38.5,338.0,6.8,22.5,148.0
2024-03-06 14:00:00,20.0,39,5.8,0.0,12.1,287,25.2,990.9,87.8,37.0,350.0,9.1,21.0,139.0
2024-03-06 15:00:00,21.1,38,6.2,0.0,10.8,291,25.2,990.0,93.6,35.9,374.0,13.0,19.2,127.0
2024-03-06 16:00:00,21.0,38,6.2,0.0,11.0,289,22.7,989.6,95.0,36.4,424.0,18.7,17.6,111.0
2024-03-06 17:00:00,20.0,43,6.9,0.0,7.4,293,20.9,989.4,92.7,37.6,495.0,24.2,19.9,108.0
2024-03-06 18:00:00,17.9,56,9.0,0.0,7.2,297,11.9,990.2,112.0,49.5,824.0,39.9,27.5,86.0
2024-03-06 19:00:00,15.4,63,8.4,0.0,8.5,306,11.2,990.3,140.2,64.0,1281.0,61.5,38.2,55.0
2024-03-06 20:00:00,14.1,68,8.2,0.0,8.6,327,11.2,991.1,162.1,75.2,1651.0,76.8,47.4,31.0
2024-03-06 21:00:00,14.8,60,7.2,0.0,6.8,335,11.2,991.6,178.8,82.9,1850.0,80.1,53.9,21.0
2024-03-06 22:00:00,12.9,67,6.9,0.0,7.8,347,10.8,991.7,192.8,89.4,1962.0,77.3,59.0,19.0
2024-03-06 23:00:00,13.2,67,7.3,0.0,6.8,335,10.4,991.3,203.5,94.3,2020.0,73.5,61.2,17.0
2024-03-07 00:00:00,12.1,73,7.4,0.0,7.8,338,10.8,990.7,207.7,95.2,2039.0,70.5,59.8,15.0
2024-03-07 01:00:00,11.1,78,7.4,0.0,6.5,326,10.1,990.2,208.6,94.1,2004.0,66.6,55.6,14.0
2024-03-07 02:00:00,10.8,80,7.4,0.0,7.0,339,10.4,989.3,205.8,90.6,1907.0,62.2,50.1,14.0
2024-03-07 03:00:00,10.0,84,7.3,0.0,6.6,331,10.4,988.8,197.4,84.1,1699.0,56.6,42.6,14.0
2024-03-07 04:00:00,9.6,86,7.3,0.0,6.7,324,9.7,988.8,181.1,75.2,1428.0,50.5,33.9,16.0
2024-03-07 05:00:00,9.6,84,7.1,0.0,7.4,313,11.5,989.2,147.1,61.7,1062.0,40.4,24.5,24.0
2024-03-07 06:00:00,10.1,82,7.2,0.0,6.9,321,9.7,990.1,125.3,57.2,1085.0,41.2,24.9,29.0
2024-03-07 07:00:00,11.6,77,7.7,0.0,8.2,311,10.8,990.8,124.3,61.9,1109.0,41.9,25.6,38.0
2024-03-07 08:00:00,14.6,68,8.8,0.0,6.0,287,13.7,992.2,113.6,61.5,1060.0,39.5,26.3,54.0
2024-03-07 09:00:00,17.7,56,8.7,0.0,6.8,302,16.9,993.3,101.5,57.9,872.0,31.1,27.6,87.0
2024-03-07 10:00:00,20.1,45,7.8,0.0,9.5,307,22.0,993.5,82.7,49.1,613.0,19.6,29.0,127.0
2024-03-07 11:00:00,21.8,40,7.6,0.0,11.5,311,25.6,993.3,75.4,45.3,413.0,10.8,28.8,156.0
2024-03-07 12:00:00,23.1,35,6.9,0.0,12.3,308,27.0,992.4,72.2,41.3,327.0,6.6,25.7,164.0
2024-03-07 13:00:00,24.0,33,6.6,0.0,13.2,305,28.1,991.3,69.2,36.3,300.0,5.1,21.0,161.0
2024-03-07 14:00:00,24.4,32,6.6,0.0,14.2,306,28.8,990.2,68.7,33.3,300.0,5.7,17.5,154.0
2024-03-07 15:00:00,24.2,33,6.9,0.0,15.1,303,29.2,989.6,70.3,31.7,314.0,8.4,16.1,145.0
2024-03-07 16:00:00,23.6,35,7.4,0.0,15.0,300,28.8,989.7,72.4,31.2,355.0,13.3,15.8,131.0
2024-03-07 17:00:00,22.4,40,8.3,0.0,11.4,305,27.4,990.1,70.8,39.1,508.0,28.6,20.1,107.0
2024-03-07 18:00:00,20.0,48,8.6,0.0,7.4,317,13.7,990.6,79.9,45.8,655.0,38.3,23.4,88.0
2024-03-07 19:00:00,18.5,49,7.7,0.0,11.9,325,18.0,991.1,89.6,52.0,856.0,51.5,27.9,62.0
2024-03-07 20:00:00,18.1,47,6.8,0.0,14.0,337,22.7,991.9,94.5,54.9,991.0,59.9,31.1,42.0
2024-03-07 21:00:00,17.4,50,6.8,0.0,14.4,347,23.4,992.2,97.3,56.2,1010.0,59.7,32.1,35.0
2024-03-07 22:00:00,16.8,53,7.1,0.0,14.5,353,24.1,992.0,99.7,56.8,963.0,54.7,31.7,35.0
2024-03-07 23:00:00,16.0,54,6.8,0.0,12.2,358,23.4,991.3,96.4,53.2,882.0,47.6,29.9,38.0
2024-03-08 00:00:00,14.6,58,6.5,0.0,8.0,352,19.4,991.2,86.4,46.0,750.0,37.4,25.7,44.0
2024-03-08 01:00:00,12.8,67,6.8,0.0,10.0,347,11.9,990.8,76.1,40.7,583.0,25.1,20.2,52.0
2024-03-08 02:00:00,12.2,69,6.7,0.0,9.2,339,11.9,990.3,67.3,38.1,463.0,16.4,16.3,57.0
2024-03-08 03:00:00,11.9,70,6.7,0.0,6.9,313,11.2,990.2,62.4,37.1,419.0,13.7,15.5,55.0
2024-03-08 04:00:00,11.4,73,6.7,0.0,8.1,291,12.2,990.3,63.1,37.3,422.0,14.6,16.3,48.0
2024-03-08 05:00:00,11.2,74,6.7,0.0,8.6,303,13.3,990.6,64.0,38.5,446.0,14.5,16.8,49.0
2024-03-08 06:00:00,11.6,76,7.6,0.0,7.7,323,11.9,991.5,67.3,40.4,575.0,19.8,19.1,45.0
2024-03-08 07:00:00,12.9,72,8.0,0.0,11.4,332,16.6,992.2,76.6,47.1,747.0,26.8,22.2,40.0
2024-03-08 08:00:00,16.0,64,9.1,0.0,9.9,327,19.8,993.3,82.2,51.1,820.0,29.7,24.2,46.0
2024-03-08 09:00:00,19.0,56,10.1,0.0,10.1,305,21.2,994.1,84.3,51.0,700.0,24.5,24.1,73.0
2024-03-08 10:00:00,21.6,49,10.4,0.0,11.4,305,24.8,994.0,77.8,43.2,483.0,15.1,22.9,110.0
2024-03-08 11:00:00,23.8,39,8.9,0.0,13.8,321,28.4,993.7,65.2,30.5,316.0,7.8,21.1,138.0
2024-03-08 12:00:00,25.0,31,6.8,0.0,16.6,326,32.8,992.8,61.7,25.1,260.0,4.7,18.4,148.0
2024-03-08 13:00:00,25.5,30,6.7,0.0,16.3,319,33.1,992.0,63.8,22.8,254.0,3.6,15.1,148.0
2024-03-08 14:00:00,25.6,29,6.3,0.0,16.6,311,32.8,991.2,70.3,21.7,269.0,4.4,12.7,144.0
2024-03-08 15:00:00,25.4,29,6.2,0.0,17.0,306,32.8,990.8,82.7,22.5,287.0,6.8,11.7,138.0
2024-03-08 16:00:00,24.6,32,6.6,0.0,16.6,304,32.4,990.8,95.9,23.9,325.0,11.0,11.5,128.0
2024-03-08 17:00:00,23.1,36,7.4,0.0,12.4,306,29.9,990.8,83.4,30.9,421.0,20.5,14.3,110.0
2024-03-08 18:00:00,20.1,44,7.5,0.0,9.3,324,19.1,990.9,94.1,39.2,563.0,31.3,17.4,89.0
2024-03-08 19:00:00,18.6,47,7.2,0.0,10.7,340,16.9,991.4,108.3,45.5,755.0,45.8,21.5,61.0
2024-03-08 20:00:00,17.4,50,6.8,0.0,11.4,347,18.7,992.1,117.1,47.5,865.0,53.5,23.8,42.0
2024-03-08 21:00:00,16.2,52,6.4,0.0,11.4,342,18.4,992.7,124.3,46.6,818.0,48.2,22.8,43.0
2024-03-08 22:00:00,15.5,54,6.2,0.0,11.4,342,18.7,992.8,131.3,45.2,689.0,36.1,19.9,54.0
2024-03-08 23:00:00,14.8,56,6.2,0.0,12.1,337,19.1,992.4,130.9,43.0,574.0,25.5,17.3,64.0
2024-03-09 00:00:00,14.2,57,5.9,0.0,12.2,336,20.2,991.9,119.7,41.0,503.0,19.0,15.4,69.0
2024-03-09 01:00:00,13.9,57,5.5,0.0,11.8,333,19.8,991.5,105.7,40.4,445.0,13.9,13.7,73.0
2024-03-09 02:00:00,13.4,57,4.9,0.0,10.9,326,18.7,991.2,93.6,39.6,403.0,10.3,12.5,76.0
2024-03-09 03:00:00,13.0,56,4.4,0.0,11.0,319,18.0,990.7,84.5,38.4,372.0,8.2,12.0,78.0
2024-03-09 04:00:00,12.6,58,4.6,0.0,10.9,316,17.6,990.4,78.7,37.5,356.0,7.6,12.1,79.0
2024-03-09 05:00:00,11.9,62,5.0,0.0,11.2,312,17.6,990.6,73.8,37.1,370.0,8.9,12.8,80.0
2024-03-09 06:00:00,12.3,70,7.1,0.0,11.0,308,20.5,990.9,77.8,37.3,456.0,13.8,14.4,74.0
2024-03-09 07:00:00,13.0,69,7.5,0.0,12.2,289,18.7,991.8,83.8,40.3,571.0,20.3,16.6,66.0
2024-03-09 08:00:00,15.6,62,8.4,0.0,11.3,277,21.2,992.9,89.4,43.7,624.0,23.3,18.1,69.0
2024-03-09 09:00:00,18.5,53,8.7,0.0,13.0,284,25.6,993.5,88.7,41.8,554.0,19.1,18.5,91.0
2024-03-09 10:00:00,21.0,45,8.5,0.0,14.5,293,29.2,993.6,77.1,36.0,423.0,11.4,18.3,124.0
2024-03-09 11:00:00,22.9,37,7.5,0.0,15.6,304,32.0,993.3,72.4,28.1,322.0,5.6,17.8,149.0
2024-03-09 12:00:00,24.1,34,7.3,0.0,16.0,306,32.4,992.4,79.4,24.1,287.0,3.5,16.9,160.0
2024-03-09 13:00:00,25.0,31,6.8,0.0,16.4,303,32.8,991.8,98.5,23.7,283.0,3.3,15.7,163.0
2024-03-09 14:00:00,25.4,29,6.1,0.0,15.8,305,32.8,990.9,124.3,25.7,298.0,4.9,15.0,161.0
2024-03-09 15:00:00,25.3,29,5.8,0.0,14.6,303,31.7,990.5,148.5,27.7,311.0,8.0,14.5,154.0
2024-03-09 16:00:00,24.8,29,5.8,0.0,13.9,307,28.8,990.3,169.5,29.8,344.0,12.9,14.4,142.0
2024-03-09 17:00:00,23.4,36,7.3,0.0,10.3,306,25.2,990.4,154.6,30.3,448.0,20.5,16.2,130.0
2024-03-09 18:00:00,19.7,41,6.1,0.0,8.1,315,16.9,991.0,164.4,41.1,682.0,34.5,21.4,105.0
2024-03-09 19:00:00,19.0,44,6.3,0.0,8.9,313,13.3,991.5,197.9,53.4,1002.0,53.6,28.4,70.0
2024-03-09 20:00:00,18.2,45,6.0,0.0,9.5,323,15.5,992.1,214.7,60.1,1221.0,65.9,32.9,44.0
2024-03-09 21:00:00,16.9,48,5.9,0.0,8.1,328,14.8,992.4,231.0,63.8,1253.0,65.8,32.8,35.0
2024-03-09 22:00:00,15.4,55,6.2,0.0,7.3,327,11.9,992.0,223.1,64.5,1185.0,59.0,30.2,36.0
2024-03-09 23:00:00,14.9,57,6.5,0.0,6.9,309,10.8,991.6,197.4,59.0,1081.0,50.8,26.7,38.0
2024-03-10 00:00:00,14.2,61,6.7,0.0,7.0,305,10.4,991.2,170.4,51.8,941.0,41.6,22.1,41.0
2024-03-10 01:00:00,13.1,65,6.7,0.0,7.7,307,11.5,990.5,146.7,47.4,767.0,31.0,16.7,45.0
2024-03-10 02:00:00,13.4,65,6.8,0.0,8.6,303,13.0,989.9,125.7,44.6,630.0,22.7,12.7,49.0
2024-03-10 03:00:00,12.9,68,7.2,0.0,8.1,302,13.3,989.3,107.8,42.6,553.0,17.8,11.3,50.0
2024-03-10 04:00:00,12.5,71,7.4,0.0,7.6,295,12.2,989.3,92.9,41.0,513.0,15.3,11.3,50.0
2024-03-10 05:00:00,12.3,72,7.4,0.0,8.5,298,13.0,989.3,85.7,39.3,501.0,14.8,12.7,53.0
2024-03-10 06:00:00,11.4,77,7.6,0.0,7.4,299,13.7,990.5,80.1,39.3,606.0,19.7,14.4,49.0
2024-03-10 07:00:00,12.7,72,7.8,0.0,10.1,274,14.4,991.2,79.2,43.0,745.0,26.1,16.9,46.0
2024-03-10 08:00:00,15.9,62,8.6,0.0,8.0,278,16.9,991.9,80.3,46.3,803.0,28.7,18.9,55.0
2024-03-10 09:00:00,19.6,51,9.2,0.0,8.6,285,19.4,992.7,78.5,45.2,703.0,23.8,20.1,89.0
2024-03-10 10:00:00,22.6,40,8.2,0.0,10.8,291,23.8,993.0,72.2,41.2,522.0,15.2,20.9,135.0
2024-03-10 11:00:00,24.5,33,7.3,0.0,10.6,294,25.2,993.1,63.1,35.5,384.0,8.6,21.3,171.0
2024-03-10 12:00:00,25.6,31,7.4,0.0,10.0,291,24.5,992.4,63.8,35.0,330.0,5.4,21.1,187.0
2024-03-10 13:00:00,26.4,30,7.4,0.0,7.9,294,23.8,991.5,66.4,34.7,318.0,4.3,20.4,193.0
2024-03-10 14:00:00,26.9,29,7.4,0.0,8.6,292,21.2,991.0,69.4,34.1,345.0,6.9,20.0,188.0
2024-03-10 15:00:00,26.8,29,7.2,0.0,8.5,298,20.9,990.6,73.3,33.9,382.0,13.9,18.7,171.0
2024-03-10 16:00:00,26.0,31,7.4,0.0,7.9,313,19.8,990.4,76.8,34.0,459.0,24.6,17.7,143.0
2024-03-10 17:00:00,24.8,38,9.6,0.0,6.5,304,15.5,990.9,88.0,51.9,641.0,40.2,26.7,126.0
2024-03-10 18:00:00,21.0,51,10.6,0.0,9.3,344,11.2,991.4,117.6,71.5,1061.0,63.2,37.0,100.0
2024-03-10 19:00:00,21.2,49,10.1,0.0,6.5,357,11.2,991.5,142.0,88.0,1644.0,94.8,51.3,63.0
2024-03-10 20:00:00,20.1,50,9.5,0.0,8.0,5,11.9,992.0,161.1,100.6,2105.0,117.4,63.1,35.0
2024-03-10 21:00:00,20.0,50,9.2,0.0,9.5,29,15.1,992.3,173.7,109.0,2345.0,123.2,70.8,23.0
2024-03-10 22:00:00,19.2,54,9.6,0.0,9.2,48,15.1,992.4,182.5,115.5,2464.0,119.9,76.0,19.0
2024-03-10 23:00:00,19.0,56,10.0,0.0,6.1,40,15.1,992.4,188.6,120.1,2477.0,113.3,76.9,19.0
2024-03-11 00:00:00,17.9,63,10.8,0.0,6.8,93,9.0,992.3,186.3,118.3,2342.0,103.3,70.5,23.0
2024-03-11 01:00:00,16.7,69,10.9,0.0,5.3,152,9.4,992.4,177.0,111.1,2101.0,90.0,59.8,30.0
2024-03-11 02:00:00,17.7,63,10.4,0.0,3.2,360,6.1,992.3,164.8,101.5,1891.0,79.0,51.4,35.0
2024-03-11 03:00:00,15.6,74,10.9,0.0,5.8,356,6.5,991.9,159.7,96.9,1741.0,71.9,48.4,34.0
2024-03-11 04:00:00,17.0,66,10.6,0.0,7.1,45,11.5,991.7,157.9,94.8,1623.0,67.1,47.8,32.0
2024-03-11 05:00:00,17.2,66,10.9,0.0,6.4,52,12.6,992.1,137.4,79.4,947.0,41.1,36.5,36.0
2024-03-11 06:00:00,14.8,84,12.1,0.0,9.0,67,10.4,992.9,139.7,81.0,1193.0,51.1,37.8,38.0
2024-03-11 07:00:00,16.5,77,12.4,0.0,6.1,118,10.1,993.7,156.9,92.7,1516.0,64.1,39.7,44.0
2024-03-11 08:00:00,19.2,69,13.5,0.0,2.7,113,11.2,994.8,158.3,97.8,1637.0,68.5,42.5,63.0
2024-03-11 09:00:00,22.5,61,14.5,0.0,1.9,112,11.5,995.1,132.2,78.9,1358.0,56.2,47.8,109.0
2024-03-11 10:00:00,25.5,47,13.3,0.0,4.7,157,15.8,995.1,122.9,73.1,878.0,35.3,53.9,169.0
2024-03-11 11:00:00,27.3,36,10.9,0.0,5.1,176,17.6,994.5,110.6,64.7,510.0,18.8,56.1,214.0
2024-03-11 12:00:00,28.5,32,9.9,0.0,2.3,219,16.9,993.7,99.4,57.4,382.0,10.9,50.9,234.0
2024-03-11 13:00:00,29.2,29,9.5,0.0,2.7,247,14.0,992.5,92.7,52.3,366.0,7.4,41.7,239.0
2024-03-11 14:00:00,29.6,28,8.9,0.0,4.3,275,15.1,991.3,85.9,47.5,399.0,8.6,34.1,233.0
2024-03-11 15:00:00,29.8,27,8.6,0.0,8.3,288,18.7,990.5,80.3,43.8,469.0,16.0,29.6,213.0
2024-03-11 16:00:00,29.1,28,8.6,0.0,12.9,297,23.4,990.3,78.7,42.4,587.0,28.1,26.7,182.0
2024-03-11 17:00:00,27.4,34,10.2,0.0,12.8,310,25.2,990.5,107.3,60.1,797.0,45.6,26.3,150.0
2024-03-11 18:00:00,24.4,30,5.6,0.0,11.9,5,22.0,990.4,129.5,77.5,910.0,53.7,29.3,125.0
2024-03-11 19:00:00,23.0,32,5.4,0.0,13.4,20,20.5,990.9,129.0,78.0,1059.0,64.2,33.3,92.0
2024-03-11 20:00:00,21.3,34,5.0,0.0,10.6,35,23.0,991.7,116.6,71.0,1125.0,67.9,35.4,68.0
2024-03-11 21:00:00,20.1,37,5.1,0.0,12.1,23,19.1,991.9,108.7,65.9,1029.0,58.2,33.8,65.0
2024-03-11 22:00:00,19.5,43,6.8,0.0,11.1,25,19.1,991.9,102.2,62.2,850.0,41.7,30.2,72.0
2024-03-11 23:00:00,18.6,50,7.8,0.0,10.1,27,18.7,991.8,95.9,59.3,709.0,28.8,26.8,76.0
2024-03-12 00:00:00,17.7,53,7.9,0.0,8.9,32,15.8,991.4,89.2,56.7,658.0,24.1,24.3,71.0
2024-03-12 01:00:00,16.9,55,7.7,0.0,7.7,28,14.0,990.9,84.8,56.2,645.0,22.9,22.1,62.0
2024-03-12 02:00:00,16.5,55,7.5,0.0,7.2,18,14.0,990.3,86.8,55.9,633.0,21.8,20.3,55.0
2024-03-12 03:00:00,16.5,55,7.4,0.0,8.4,7,13.0,989.7,88.7,53.8,594.0,18.8,18.7,51.0
2024-03-12 04:00:00,15.1,61,7.6,0.0,6.2,353,13.3,989.3,88.2,51.2,556.0,15.9,17.5,49.0
2024-03-12 05:00:00,13.9,68,8.1,0.0,6.6,331,9.4,989.6,91.5,56.3,658.0,19.5,20.2,50.0
2024-03-12 06:00:00,15.4,71,10.1,0.0,5.8,338,15.1,990.8,89.4,55.1,782.0,25.2,21.6,45.0
2024-03-12 07:00:00,16.4,67,10.2,0.0,8.9,317,13.7,991.6,96.6,60.3,945.0,32.8,23.6,39.0
2024-03-12 08:00:00,19.0,59,10.9,0.0,6.4,308,14.8,992.4,99.9,63.3,1004.0,35.7,25.6,47.0
2024-03-12 09:00:00,22.4,52,11.9,0.0,8.4,301,19.4,993.2,100.8,62.2,861.0,29.6,28.4,81.0
2024-03-12 10:00:00,25.5,45,12.7,0.0,11.7,313,24.8,993.2,100.6,57.3,613.0,19.0,31.2,129.0
2024-03-12 11:00:00,27.2,39,11.9,0.0,13.0,321,28.4,992.8,94.3,46.3,414.0,10.5,31.6,162.0
2024-03-12 12:00:00,28.4,34,10.9,0.0,13.6,328,29.5,991.9,84.3,34.1,319.0,6.5,27.3,167.0
2024-03-12 13:00:00,29.1,30,9.8,0.0,12.8,322,29.5,991.0,81.0,27.1,272.0,4.7,20.5,157.0
2024-03-12 14:00:00,29.4,28,8.9,0.0,12.7,315,27.7,990.0,82.0,24.4,258.0,5.1,15.3,145.0
2024-03-12 15:00:00,29.3,27,8.5,0.0,13.3,311,27.0,989.1,85.9,23.6,260.0,7.6,12.8,134.0
2024-03-12 16:00:00,28.9,27,8.1,0.0,14.0,314,26.6,988.9,92.4,23.9,294.0,12.3,11.9,120.0
2024-03-12 17:00:00,27.4,32,9.1,0.0,11.8,320,25.6,988.9,101.7,34.0,433.0,22.8,14.8,105.0
2024-03-12 18:00:00,24.5,32,6.8,0.0,15.5,347,25.9,989.2,111.5,44.2,596.0,33.6,18.4,85.0
2024-03-12 19:00:00,23.1,36,7.3,0.0,16.4,351,26.6,989.5,121.5,51.3,821.0,48.5,23.5,57.0
2024-03-12 20:00:00,22.1,42,8.5,0.0,16.3,352,26.3,990.0,125.3,54.0,994.0,59.2,27.3,35.0
2024-03-12 21:00:00,21.5,45,8.9,0.0,17.5,351,28.4,990.4,129.5,55.4,1076.0,62.5,29.2,25.0
2024-03-12 22:00:00,20.9,47,9.1,0.0,17.9,351,28.8,990.1,135.5,58.8,1107.0,61.7,29.9,20.0
2024-03-12 23:00:00,20.0,50,9.2,0.0,15.5,359,28.8,989.4,143.9,62.6,1084.0,57.9,28.9,19.0
2024-03-13 00:00:00,19.0,54,9.4,0.0,13.3,357,25.2,988.8,151.8,61.7,982.0,50.1,24.8,22.0
2024-03-13 01:00:00,18.2,56,9.2,0.0,10.5,356,21.2,988.1,140.6,54.6,827.0,39.4,18.8,29.0
2024-03-13 02:00:00,15.8,66,9.6,0.0,10.7,340,16.6,987.2,130.4,49.7,699.0,30.5,14.6,34.0
2024-03-13 03:00:00,16.3,63,9.3,0.0,6.3,301,11.9,986.7,116.4,47.1,607.0,24.3,13.2,36.0
2024-03-13 04:00:00,14.1,74,9.5,0.0,7.6,275,9.0,986.5,103.6,45.8,543.0,19.9,13.4,36.0
2024-03-13 05:00:00,13.7,76,9.6,0.0,7.1,300,9.7,986.5,104.1,46.4,654.0,23.5,14.3,29.0
2024-03-13 06:00:00,13.7,84,11.1,0.0,5.6,297,8.6,987.7,106.9,48.3,818.0,30.0,17.5,29.0
2024-03-13 07:00:00,15.4,78,11.6,0.0,6.7,286,11.2,988.3,122.0,59.6,1034.0,38.5,22.2,30.0
2024-03-13 08:00:00,18.9,65,12.2,0.0,3.7,281,12.2,989.3,117.3,62.9,1126.0,42.3,27.4,44.0
2024-03-13 09:00:00,22.2,54,12.6,0.0,4.0,270,13.7,990.0,109.2,61.9,976.0,37.1,34.6,85.0
2024-03-13 10:00:00,25.0,45,12.2,0.0,3.2,270,14.0,990.0,106.4,59.4,703.0,27.1,42.4,138.0
2024-03-13 11:00:00,27.1,36,10.8,0.0,4.0,275,15.8,989.8,110.8,45.8,481.0,18.4,45.3,176.0
2024-03-13 12:00:00,28.7,29,8.9,0.0,7.2,267,22.3,989.2,89.9,33.4,372.0,12.2,38.9,185.0
2024-03-13 13:00:00,29.5,26,7.8,0.0,9.0,268,23.0,988.2,76.6,29.6,316.0,7.4,27.5,179.0
2024-03-13 14:00:00,29.9,25,7.6,0.0,12.7,263,25.6,987.2,72.2,27.8,305.0,6.5,19.1,168.0
2024-03-13 15:00:00,27.8,29,8.2,0.0,18.0,244,33.1,987.3,74.3,27.8,345.0,11.4,16.8,156.0
2024-03-13 16:00:00,26.6,34,9.6,0.0,2.7,247,33.5,986.8,79.6,29.0,430.0,20.4,17.4,139.0
2024-03-13 17:00:00,26.2,40,11.4,0.0,1.8,90,9.4,986.5,195.1,47.1,457.0,22.8,13.2,103.0
2024-03-13 18:00:00,23.2,45,10.4,0.0,15.8,24,28.1,987.1,233.8,56.6,440.0,21.1,14.2,100.0
2024-03-13 19:00:00,22.0,47,10.2,0.0,16.8,48,28.4,987.5,204.0,54.4,417.0,18.7,15.7,95.0
2024-03-13 20:00:00,20.6,55,11.2,0.0,13.8,28,27.7,988.8,154.1,47.8,397.0,16.7,16.6,92.0
2024-03-13 21:00:00,19.5,59,11.3,0.0,11.6,7,23.0,989.8,115.3,41.1,386.0,15.4,16.7,93.0
2024-03-13 22:00:00,18.1,66,11.6,0.0,8.5,12,18.7,990.1,88.0,36.9,380.0,14.3,16.3,96.0
2024-03-13 23:00:00,17.4,70,11.9,0.0,9.4,23,15.5,989.8,69.8,34.6,373.0,13.5,15.8,97.0
2024-03-14 00:00:00,16.8,75,12.2,0.0,9.3,13,15.1,989.5,58.2,32.2,363.0,12.7,15.2,94.0
2024-03-14 01:00:00,16.1,78,12.3,0.0,7.6,5,14.8,989.3,53.1,31.1,353.0,12.0,14.5,88.0
2024-03-14 02:00:00,15.4,82,12.3,0.0,7.4,14,12.6,988.7,51.1,30.5,351.0,12.1,14.2,82.0
2024-03-14 03:00:00,15.1,83,12.1,0.0,7.7,11,13.0,988.5,51.6,30.4,348.0,12.8,14.3,74.0
2024-03-14 04:00:00,14.6,85,12.0,0.0,6.8,357,12.6,988.8,53.0,30.6,354.0,14.2,14.8,64.0
2024-03-14 05:00:00,14.1,86,11.8,0.0,6.8,360,11.2,989.2,61.2,41.3,566.0,26.6,18.2,32.0
2024-03-14 06:00:00,14.8,88,12.9,0.0,9.3,324,16.9,990.3,62.9,42.0,666.0,28.9,19.3,32.0
2024-03-14 07:00:00,16.0,82,13.0,0.0,9.9,327,16.6,991.3,71.7,47.3,796.0,31.7,20.9,34.0
2024-03-14 08:00:00,18.9,68,12.8,0.0,7.6,352,16.9,992.4,78.5,49.8,846.0,31.7,22.8,46.0
2024-03-14 09:00:00,22.3,53,12.2,0.0,7.3,11,18.7,993.1,80.3,46.9,738.0,26.2,25.6,77.0
2024-03-14 10:00:00,26.0,40,11.3,0.0,10.4,20,23.0,993.1,92.9,45.3,548.0,17.9,28.7,117.0
2024-03-14 11:00:00,28.0,30,8.6,0.0,16.3,5,32.8,992.8,102.2,37.7,396.0,11.2,29.7,147.0
2024-03-14 12:00:00,28.5,28,8.4,0.0,15.9,356,33.5,992.2,108.0,32.8,325.0,7.3,26.9,159.0
2024-03-14 13:00:00,29.1,27,8.1,0.0,12.2,346,32.4,991.5,113.9,33.3,292.0,5.1,22.1,161.0
2024-03-14 14:00:00,29.0,27,8.1,0.0,11.7,342,27.0,990.6,116.9,32.9,284.0,5.0,18.4,158.0
2024-03-14 15:00:00,28.6,28,8.2,0.0,13.2,343,26.6,989.9,112.9,31.9,292.0,7.2,16.7,150.0
2024-03-14 16:00:00,28.0,28,7.9,0.0,13.2,334,26.6,989.4,110.1,31.5,324.0,11.7,16.0,137.0
2024-03-14 17:00:00,26.8,33,8.9,0.0,11.3,329,24.8,989.4,99.2,36.3,442.0,22.5,19.5,121.0
2024-03-14 18:00:00,24.2,36,8.1,0.0,14.0,337,22.7,989.8,105.0,43.2,543.0,31.5,21.3,99.0
2024-03-14 19:00:00,23.0,38,7.8,0.0,15.1,348,24.1,990.4,108.0,47.3,682.0,43.7,23.7,69.0
2024-03-14 20:00:00,21.8,41,7.8,0.0,14.0,334,24.1,991.0,110.6,50.1,786.0,51.6,25.1,46.0
2024-03-14 21:00:00,20.5,46,8.4,0.0,12.0,344,22.7,991.3,112.2,52.5,837.0,52.0,24.8,35.0
2024-03-14 22:00:00,19.3,48,8.1,0.0,10.7,348,19.1,991.1,115.3,54.1,853.0,48.2,23.5,32.0
2024-03-14 23:00:00,18.5,49,7.6,0.0,11.3,338,17.6,990.5,121.1,51.6,817.0,42.2,21.6,32.0
2024-03-15 00:00:00,18.1,48,6.8,0.0,13.4,329,21.2,990.0,129.0,46.9,690.0,33.1,18.8,38.0
2024-03-15 01:00:00,17.5,49,6.6,0.0,13.2,334,23.0,989.7,130.9,44.5,511.0,21.9,15.4,49.0
2024-03-15 02:00:00,16.5,54,7.1,0.0,12.0,327,21.2,989.1,122.9,41.3,375.0,13.6,12.7,56.0
2024-03-15 03:00:00,15.6,58,7.2,0.0,12.3,320,19.4,988.6,117.8,39.5,318.0,10.3,11.2,57.0
2024-03-15 04:00:00,14.8,60,7.1,0.0,11.2,310,19.4,988.3,115.0,38.9,303.0,10.0,10.3,55.0
2024-03-15 05:00:00,14.1,60,6.6,0.0,10.7,303,18.0,988.4,101.3,39.1,343.0,12.0,10.2,48.0
2024-03-15 06:00:00,14.8,67,8.6,0.0,10.3,299,18.4,989.7,104.8,39.3,420.0,15.2,11.6,45.0
2024-03-15 07:00:00,15.8,63,8.9,0.0,12.9,297,19.8,990.4,106.9,42.5,523.0,19.3,13.6,42.0
2024-03-15 08:00:00,18.3,56,9.4,0.0,12.7,299,23.8,991.2,113.2,43.8,569.0,21.0,15.1,48.0
2024-03-15 09:00:00,21.0,49,10.0,0.0,13.0,298,26.6,991.8,108.0,41.2,505.0,17.9,15.8,70.0
2024-03-15 10:00:00,23.9,41,9.8,0.0,13.8,298,28.4,991.9,95.5,36.8,384.0,12.3,16.1,100.0
2024-03-15 11:00:00,25.9,32,8.0,0.0,15.6,299,31.7,991.8,72.6,23.7,288.0,7.8,15.6,123.0
2024-03-15 12:00:00,27.0,27,6.3,0.0,15.9,298,32.8,991.0,72.4,19.6,246.0,5.4,13.9,134.0
2024-03-15 13:00:00,27.5,25,5.7,0.0,16.3,298,32.8,990.4,87.1,19.3,230.0,4.2,11.5,139.0
2024-03-15 14:00:00,27.7,24,5.4,0.0,16.5,302,32.4,989.5,109.9,20.2,233.0,4.7,9.9,138.0
2024-03-15 15:00:00,27.5,24,5.2,0.0,16.1,309,32.4,988.8,136.4,21.7,239.0,6.8,9.4,133.0
2024-03-15 16:00:00,26.8,25,5.2,0.0,15.6,308,31.3,988.7,160.7,23.6,265.0,10.7,9.7,123.0
2024-03-15 17:00:00,25.5,30,6.4,0.0,11.4,305,28.1,988.8,124.8,26.5,350.0,18.0,11.6,104.0
2024-03-15 18:00:00,22.5,32,5.1,0.0,9.6,304,18.7,989.1,127.6,34.6,518.0,29.2,15.1,83.0
2024-03-15 19:00:00,20.7,37,5.3,0.0,10.0,300,15.8,989.8,145.8,42.7,750.0,44.4,20.0,54.0
2024-03-15 20:00:00,19.1,39,4.8,0.0,9.2,309,15.8,990.8,158.3,47.5,918.0,54.6,23.4,33.0
2024-03-15 21:00:00,18.0,40,4.2,0.0,9.2,312,14.4,991.1,166.7,50.1,970.0,55.1,24.4,26.0
2024-03-15 22:00:00,16.6,44,4.3,0.0,8.1,315,14.0,991.3,170.9,51.1,957.0,50.5,24.0,26.0
2024-03-15 23:00:00,15.1,51,4.9,0.0,7.3,303,12.2,991.1,168.6,49.9,913.0,45.4,22.6,27.0
2024-03-16 00:00:00,13.9,58,5.6,0.0,7.2,297,10.8,990.7,163.0,47.3,832.0,41.3,19.7,26.0
2024-03-16 01:00:00,13.1,63,6.2,0.0,7.3,303,10.4,990.5,154.6,45.1,718.0,36.8,15.9,26.0
2024-03-16 02:00:00,12.3,67,6.4,0.0,7.2,323,10.4,990.1,142.5,43.0,618.0,32.0,13.0,27.0
2024-03-16 03:00:00,11.9,69,6.3,0.0,7.2,323,10.1,990.1,126.2,41.2,530.0,26.0,11.7,31.0
2024-03-16 04:00:00,12.0,66,5.9,0.0,8.7,318,12.6,990.5,108.3,39.8,456.0,19.9,11.4,35.0
2024-03-16 05:00:00,12.5,62,5.3,0.0,12.2,341,19.4,990.2,118.7,41.3,539.0,22.9,13.8,31.0
2024-03-16 06:00:00,11.9,77,7.9,0.0,7.3,340,13.3,991.9,98.3,40.5,621.0,25.1,15.2,32.0
2024-03-16 07:00:00,13.8,70,8.4,0.0,9.0,331,14.0,993.0,86.1,43.5,728.0,27.8,17.1,36.0
2024-03-16 08:00:00,17.1,61,9.4,0.0,4.8,318,14.8,994.1,77.5,44.2,764.0,28.0,19.0,48.0
2024-03-16 09:00:00,20.5,51,10.1,0.0,4.6,342,15.1,994.6,70.1,42.0,657.0,23.1,20.6,78.0
2024-03-16 10:00:00,23.4,44,10.3,0.0,6.2,339,18.0,994.2,60.1,36.8,479.0,15.6,22.2,116.0
2024-03-16 11:00:00,25.4,33,7.8,0.0,4.4,325,18.7,994.2,56.6,31.5,345.0,10.0,23.4,148.0
2024-03-16 12:00:00,26.4,27,5.9,0.0,3.3,264,16.2,993.4,59.4,29.5,303.0,7.7,24.3,167.0
2024-03-16 13:00:00,27.2,24,4.7,0.0,4.0,260,15.5,992.6,61.2,29.5,304.0,7.3,24.8,179.0
2024-03-16 14:00:00,27.9,22,4.1,0.0,4.7,279,16.2,991.4,61.7,29.3,320.0,8.4,24.6,183.0
2024-03-16 15:00:00,28.0,22,4.4,0.0,8.4,295,19.4,990.4,61.9,29.0,322.0,10.2,22.6,177.0
2024-03-16 16:00:00,27.4,24,5.1,0.0,12.9,306,23.8,990.4,62.2,28.3,338.0,13.5,19.8,162.0
2024-03-16 17:00:00,25.8,30,6.8,0.0,11.2,312,24.5,990.6,74.3,39.1,478.0,25.6,24.2,146.0
2024-03-16 18:00:00,23.0,30,4.8,0.0,10.2,318,17.6,990.5,87.1,50.4,690.0,40.3,27.1,116.0
2024-03-16 19:00:00,21.1,33,4.1,0.0,10.0,311,16.2,991.0,99.9,58.9,986.0,60.5,31.2,74.0
2024-03-16 20:00:00,20.1,36,4.8,0.0,11.8,320,18.7,991.7,107.1,63.1,1228.0,74.9,35.1,42.0
2024-03-16 21:00:00,19.4,42,6.2,0.0,10.8,323,18.7,992.3,114.3,66.8,1370.0,78.4,39.3,28.0
2024-03-16 22:00:00,17.5,49,6.7,0.0,8.2,322,16.9,992.1,125.7,72.9,1460.0,76.2,43.2,24.0
2024-03-16 23:00:00,16.1,55,7.0,0.0,7.7,323,12.2,992.0,135.5,77.3,1499.0,72.1,44.0,22.0
2024-03-17 00:00:00,15.3,58,7.2,0.0,7.8,338,11.5,991.4,138.3,77.8,1484.0,66.8,39.3,20.0
2024-03-17 01:00:00,14.9,59,7.0,0.0,8.6,338,13.0,990.7,130.4,73.6,1420.0,59.7,31.4,21.0
2024-03-17 02:00:00,13.8,63,6.8,0.0,7.5,343,13.0,990.0,114.6,63.8,1320.0,52.6,24.5,22.0
2024-03-17 03:00:00,12.9,67,6.8,0.0,7.7,332,10.8,989.7,101.7,53.6,1152.0,45.2,19.7,23.0
2024-03-17 04:00:00,12.6,67,6.7,0.0,7.1,319,10.4,989.9,96.2,48.0,950.0,37.8,15.8,23.0
2024-03-17 05:00:00,12.1,68,6.4,0.0,7.7,319,12.6,990.2,98.5,48.4,895.0,37.1,16.0,27.0
2024-03-17 06:00:00,13.0,77,9.1,0.0,6.9,298,11.5,991.4,92.2,46.0,965.0,37.5,17.0,27.0
2024-03-17 07:00:00,14.8,69,9.2,0.0,10.8,274,16.2,992.0,92.9,49.5,1052.0,37.8,18.4,29.0
2024-03-17 08:00:00,18.3,58,10.0,0.0,8.1,283,17.3,993.3,92.2,51.9,1047.0,35.5,20.1,42.0
2024-03-17 09:00:00,22.0,49,10.6,0.0,9.4,302,20.9,993.9,89.2,52.3,860.0,28.2,22.6,75.0
2024-03-17 10:00:00,24.8,40,10.1,0.0,9.0,307,22.3,994.1,76.4,46.4,580.0,18.2,25.3,120.0
2024-03-17 11:00:00,26.4,32,8.2,0.0,7.1,315,21.6,993.8,63.1,34.3,367.0,10.6,26.4,153.0
2024-03-17 12:00:00,27.5,28,7.4,0.0,8.0,333,21.6,992.8,58.7,29.9,287.0,6.8,24.5,167.0
2024-03-17 13:00:00,28.1,27,7.2,0.0,6.7,324,21.6,991.9,57.4,28.5,274.0,5.4,21.1,171.0
2024-03-17 14:00:00,28.5,25,6.8,0.0,5.9,317,19.1,991.0,57.3,27.4,290.0,6.6,18.4,167.0
2024-03-17 15:00:00,28.7,25,6.4,0.0,7.1,319,18.0,990.3,57.2,26.3,309.0,10.4,17.0,157.0
2024-03-17 16:00:00,28.2,25,6.4,0.0,8.8,325,18.7,990.1,58.6,25.7,358.0,16.8,16.3,140.0
2024-03-17 17:00:00,26.9,30,7.8,0.0,7.7,323,18.4,990.1,90.1,33.2,424.0,21.9,16.9,119.0
2024-03-17 18:00:00,22.7,41,8.7,0.0,7.7,323,11.2,990.1,108.0,45.4,705.0,38.4,22.9,94.0
2024-03-17 19:00:00,21.5,42,8.1,0.0,8.3,304,12.6,990.6,133.2,56.7,1094.0,61.1,31.2,59.0
2024-03-17 20:00:00,20.7,46,8.7,0.0,9.9,303,15.1,990.9,156.0,65.2,1408.0,77.3,38.0,32.0
2024-03-17 21:00:00,19.8,52,9.6,0.0,10.4,316,16.6,991.3,175.6,70.8,1594.0,81.8,42.7,19.0
2024-03-17 22:00:00,18.9,53,9.2,0.0,10.2,321,16.6,991.4,194.6,75.7,1703.0,79.9,45.8,14.0
2024-03-17 23:00:00,18.0,56,9.0,0.0,9.7,321,16.2,990.8,207.2,78.0,1706.0,74.9,45.2,13.0
2024-03-18 00:00:00,16.9,60,9.1,0.0,8.9,328,15.1,990.2,199.8,74.0,1549.0,66.6,38.2,16.0
2024-03-18 01:00:00,16.0,63,8.9,0.0,8.4,335,13.7,989.7,169.0,62.6,1285.0,55.2,27.4,23.0
2024-03-18 02:00:00,15.1,67,9.0,0.0,7.4,331,12.6,989.2,143.4,51.7,1047.0,44.9,18.8,29.0
2024-03-18 03:00:00,14.0,72,9.1,0.0,6.6,315,11.2,988.9,124.8,45.5,863.0,36.3,14.6,31.0
2024-03-18 04:00:00,13.6,74,9.0,0.0,7.7,311,11.9,988.7,107.6,42.5,705.0,28.6,12.6,31.0
2024-03-18 05:00:00,13.2,75,8.9,0.0,7.4,317,11.9,988.8,90.6,41.3,585.0,22.3,13.0,33.0
2024-03-18 06:00:00,12.4,83,9.6,0.0,7.3,290,10.1,989.9,84.8,41.9,683.0,25.5,14.7,32.0
2024-03-18 07:00:00,14.6,73,9.9,0.0,6.9,276,11.5,990.8,87.1,47.5,811.0,29.6,17.0,33.0
2024-03-18 08:00:00,18.1,61,10.6,0.0,4.0,270,11.9,991.7,88.0,50.1,853.0,30.4,18.7,44.0
2024-03-18 09:00:00,21.7,49,10.6,0.0,6.2,277,16.2,992.5,86.4,49.1,724.0,24.7,19.5,76.0
2024-03-18 10:00:00,24.6,39,9.9,0.0,8.1,291,20.5,992.5,80.6,45.8,508.0,15.6,19.8,119.0
2024-03-18 11:00:00,26.5,28,6.6,0.0,7.4,309,20.9,992.0,69.2,37.7,342.0,8.6,19.5,151.0
2024-03-18 12:00:00,27.5,26,6.5,0.0,7.1,311,20.9,991.1,68.5,36.1,281.0,5.5,18.1,164.0
2024-03-18 13:00:00,28.0,25,6.4,0.0,6.9,309,20.5,990.0,69.4,35.5,270.0,4.5,16.0,167.0
2024-03-18 14:00:00,28.5,24,6.2,0.0,7.9,300,20.5,989.0,69.4,34.3,280.0,5.5,14.5,164.0
2024-03-18 15:00:00,28.5,25,6.4,0.0,10.4,304,22.3,988.3,70.5,33.4,278.0,7.8,13.2,156.0
2024-03-18 16:00:00,28.0,26,6.7,0.0,12.0,311,23.0,987.9,72.4,32.4,297.0,12.1,12.3,141.0
2024-03-18 17:00:00,26.7,30,7.7,0.0,9.7,321,22.7,988.0,67.3,28.5,389.0,19.3,14.4,129.0
2024-03-18 18:00:00,23.0,40,8.6,0.0,7.4,337,18.0,988.3,80.3,39.5,690.0,37.2,21.6,102.0
2024-03-18 19:00:00,21.5,42,8.1,0.0,8.2,308,11.9,988.9,104.8,52.3,1108.0,61.9,31.5,65.0
2024-03-18 20:00:00,20.7,44,8.1,0.0,9.7,315,14.8,989.6,127.6,63.6,1447.0,79.6,39.0,35.0
2024-03-18 21:00:00,19.4,48,8.1,0.0,9.7,318,15.1,989.8,147.6,72.4,1663.0,84.8,42.8,21.0
2024-03-18 22:00:00,18.6,50,7.9,0.0,10.2,315,15.8,989.7,162.5,79.2,1799.0,83.0,44.3,14.0
2024-03-18 23:00:00,17.8,52,7.9,0.0,8.9,317,15.8,989.2,154.6,75.0,1787.0,77.4,42.3,12.0
2024-03-19 00:00:00,16.6,58,8.4,0.0,7.7,323,13.3,988.6,136.0,61.2,1523.0,67.0,34.3,16.0
2024-03-19 01:00:00,15.1,66,8.9,0.0,8.8,325,11.9,988.0,125.7,51.3,1111.0,52.8,22.8,25.0
2024-03-19 02:00:00,14.1,73,9.2,0.0,9.4,342,11.5,987.7,119.7,46.7,794.0,41.0,14.3,31.0
2024-03-19 03:00:00,13.6,75,9.4,0.0,8.6,345,10.8,987.5,113.6,45.1,663.0,33.5,11.5,30.0
2024-03-19 04:00:00,13.4,76,9.4,0.0,8.2,311,9.7,987.3,109.7,44.7,626.0,28.5,11.7,26.0
2024-03-19 05:00:00,12.7,80,9.2,0.0,8.2,311,9.7,987.8,171.8,66.1,1519.0,57.8,29.4,11.0
2024-03-19 06:00:00,12.9,86,10.6,0.0,6.6,347,8.6,989.2,147.6,58.8,1473.0,56.9,27.3,20.0
2024-03-19 07:00:00,15.2,77,11.2,0.0,5.9,349,10.8,990.5,149.5,62.4,1399.0,55.1,24.5,34.0
2024-03-19 08:00:00,19.0,64,11.9,0.0,3.4,328,11.5,991.5,144.4,63.1,1264.0,50.1,23.3,57.0
2024-03-19 09:00:00,22.6,52,12.3,0.0,3.2,333,13.0,992.2,142.5,59.6,1013.0,38.9,25.7,99.0
2024-03-19 10:00:00,25.6,43,11.9,0.0,4.0,333,15.5,992.3,139.7,54.9,702.0,24.5,29.5,151.0
2024-03-19 11:00:00,27.5,33,9.9,0.0,6.1,332,18.4,991.7,124.8,44.9,462.0,13.3,31.0,187.0
2024-03-19 12:00:00,28.6,27,7.9,0.0,7.9,330,21.2,990.7,102.4,39.7,352.0,7.7,27.5,197.0
2024-03-19 13:00:00,29.2,24,6.7,0.0,8.9,320,22.7,989.7,85.7,37.0,314.0,5.3,21.5,192.0
2024-03-19 14:00:00,29.8,21,4.9,0.0,13.0,309,27.0,988.8,69.2,32.2,303.0,5.3,16.9,181.0
2024-03-19 15:00:00,29.3,20,4.3,0.0,15.3,321,30.2,988.1,61.2,28.6,288.0,6.7,14.5,168.0
2024-03-19 16:00:00,28.6,21,4.2,0.0,14.6,322,29.9,987.9,61.0,27.3,301.0,10.5,13.4,150.0
2024-03-19 17:00:00,27.4,25,5.6,0.0,9.9,327,26.3,988.3,73.6,38.5,487.0,24.1,17.8,141.0
2024-03-19 18:00:00,23.2,37,7.8,0.0,10.2,337,14.4,987.9,78.9,44.2,618.0,35.8,20.4,114.0
2024-03-19 19:00:00,22.5,37,7.2,0.0,9.3,347,13.7,988.4,84.3,49.8,805.0,51.9,24.2,77.0
2024-03-19 20:00:00,21.3,41,7.6,0.0,9.4,2,16.6,989.3,89.6,55.6,982.0,64.2,28.5,48.0
2024-03-19 21:00:00,19.8,45,7.6,0.0,7.7,349,14.4,989.8,95.9,62.2,1141.0,69.1,34.3,35.0
2024-03-19 22:00:00,18.2,51,8.1,0.0,8.2,15,11.5,989.7,106.9,69.8,1291.0,70.0,40.6,29.0
2024-03-19 23:00:00,16.5,61,8.9,0.0,9.6,34,11.5,989.5,117.1,76.8,1397.0,69.3,43.8,24.0
2024-03-20 00:00:00,17.3,58,8.9,0.0,6.5,34,11.2,989.5,121.5,79.9,1443.0,67.3,41.8,18.0
2024-03-20 01:00:00,15.9,65,9.2,0.0,6.3,347,7.6,989.3,122.0,79.9,1445.0,63.6,36.7,12.0
2024-03-20 02:00:00,15.0,68,9.2,0.0,6.0,335,9.0,989.2,117.6,76.8,1415.0,59.2,31.6,9.0
2024-03-20 03:00:00,14.4,72,9.3,0.0,5.8,338,9.0,988.8,109.4,71.2,1330.0,53.1,26.8,8.0
2024-03-20 04:00:00,13.4,77,9.4,0.0,7.5,343,9.4,988.9,101.0,65.7,1215.0,46.2,22.0,10.0
2024-03-20 05:00:00,13.4,76,9.2,0.0,6.4,333,9.4,989.4,83.6,56.0,850.0,39.8,24.3,30.0
2024-03-20 06:00:00,14.8,77,10.8,0.0,7.6,335,14.0,989.9,86.8,58.4,1002.0,43.8,25.5,35.0
2024-03-20 07:00:00,16.6,70,11.2,0.0,9.8,336,16.2,990.7,101.5,68.9,1199.0,48.7,27.1,43.0
2024-03-20 08:00:00,20.7,60,12.6,0.0,7.6,329,16.9,991.8,100.1,68.7,1255.0,48.6,28.5,60.0
2024-03-20 09:00:00,24.8,46,12.5,0.0,5.8,330,16.6,992.5,92.9,63.8,1032.0,38.5,29.9,95.0
2024-03-20 10:00:00,27.7,36,11.1,0.0,6.9,332,18.4,992.4,78.0,53.3,668.0,23.3,31.1,138.0
2024-03-20 11:00:00,29.4,29,9.6,0.0,8.7,343,21.6,991.7,66.6,44.5,392.0,11.6,30.6,170.0
2024-03-20 12:00:00,30.5,26,8.6,0.0,7.2,360,22.0,990.8,61.0,40.0,299.0,6.4,26.9,181.0
2024-03-20 13:00:00,31.1,23,7.6,0.0,4.5,14,20.2,989.7,57.6,37.8,293.0,4.8,21.5,179.0
2024-03-20 14:00:00,31.5,21,6.8,0.0,3.6,360,16.6,988.8,56.8,37.1,321.0,6.4,17.7,172.0
2024-03-20 15:00:00,31.4,20,6.1,0.0,3.5,336,14.8,987.9,57.2,37.0,341.0,10.7,16.4,161.0
2024-03-20 16:00:00,31.0,20,5.7,0.0,5.9,317,13.3,987.6,58.0,37.4,394.0,18.2,16.6,145.0
2024-03-20 17:00:00,29.1,33,11.0,0.0,4.5,331,13.3,987.4,65.0,37.7,567.0,30.5,16.5,115.0
2024-03-20 18:00:00,25.9,28,6.0,0.0,10.9,304,11.5,987.2,84.5,49.8,902.0,47.6,24.2,91.0
2024-03-20 19:00:00,24.7,32,7.0,0.0,10.3,299,15.5,988.1,107.3,63.6,1361.0,70.9,34.7,57.0
2024-03-20 20:00:00,22.9,39,8.3,0.0,9.7,338,16.2,988.9,122.5,72.6,1678.0,85.9,42.1,32.0
2024-03-20 21:00:00,21.4,45,8.9,0.0,9.0,344,16.2,989.6,128.1,74.3,1742.0,85.4,44.1,24.0
2024-03-20 22:00:00,19.0,56,10.1,0.0,11.4,325,14.0,990.1,129.5,73.6,1665.0,76.5,42.9,24.0
2024-03-20 23:00:00,20.6,50,9.8,0.0,6.8,3,12.6,990.7,129.0,70.5,1518.0,66.3,39.2,26.0
2024-03-21 00:00:00,17.6,63,10.4,0.0,10.1,17,11.5,990.3,124.8,63.8,1274.0,55.9,31.3,28.0
2024-03-21 01:00:00,18.0,62,10.7,0.0,8.0,27,12.2,989.9,121.1,55.1,960.0,44.3,20.9,32.0
2024-03-21 02:00:00,18.7,59,10.5,0.0,17.9,65,29.9,989.8,118.0,49.4,726.0,34.8,13.5,35.0
2024-03-21 03:00:00,18.5,54,9.1,0.0,17.7,107,29.2,989.6,114.6,47.6,639.0,29.1,11.8,33.0
2024-03-21 04:00:00,18.0,63,10.8,0.0,16.6,117,28.8,989.2,111.1,47.0,632.0,25.6,13.1,30.0
2024-03-21 05:00:00,17.4,72,12.3,0.0,14.1,122,27.4,989.6,119.2,52.4,623.0,21.7,19.4,40.0
2024-03-21 06:00:00,16.6,91,15.1,0.0,12.9,113,20.9,990.7,151.8,60.1,615.0,21.3,19.8,43.0
2024-03-21 07:00:00,17.7,83,14.8,0.0,13.7,113,23.4,991.4,170.4,67.3,603.0,20.7,20.5,48.0
2024-03-21 08:00:00,19.6,71,14.3,0.0,17.3,121,31.7,992.1,205.4,72.9,581.0,19.3,21.6,60.0
2024-03-21 09:00:00,21.6,63,14.1,0.0,18.2,124,34.9,992.5,221.2,76.4,540.0,16.4,23.5,84.0
2024-03-21 10:00:00,23.5,55,14.1,0.0,16.7,123,34.9,992.3,234.2,77.8,490.0,12.8,25.8,115.0
2024-03-21 11:00:00,25.2,50,14.1,0.0,15.5,126,34.2,991.7,244.9,77.8,451.0,10.0,27.7,143.0
2024-03-21 12:00:00,26.8,45,13.9,0.0,14.1,128,32.8,990.9,246.8,76.6,432.0,8.3,28.9,168.0
2024-03-21 13:00:00,27.7,42,13.8,0.0,12.8,128,31.0,989.5,241.2,72.6,424.0,7.4,29.8,191.0
2024-03-21 14:00:00,28.3,40,13.5,0.0,9.9,134,28.8,988.4,230.5,68.7,426.0,7.9,30.4,204.0
2024-03-21 15:00:00,28.5,39,13.2,0.0,7.4,137,24.1,987.5,218.4,64.5,412.0,8.8,30.4,206.0
2024-03-21 16:00:00,28.3,38,12.8,0.0,6.6,135,19.1,987.1,208.2,61.5,407.0,11.2,30.2,198.0
2024-03-21 17:00:00,27.5,40,12.9,0.0,5.9,133,15.8,987.1,172.3,60.5,477.0,16.4,27.3,160.0
2024-03-21 18:00:00,24.0,55,14.2,0.0,7.2,117,16.2,987.5,159.3,68.9,650.0,31.1,28.9,126.0
2024-03-21 19:00:00,22.3,61,14.4,0.0,7.7,101,12.2,988.2,160.2,73.8,883.0,50.9,31.1,80.0
2024-03-21 20:00:00,21.6,63,14.3,0.0,9.7,112,15.1,988.9,151.3,71.5,1024.0,62.3,31.7,48.0
2024-03-21 21:00:00,21.0,65,14.1,0.0,8.7,120,15.5,989.3,138.8,66.4,984.0,57.3,29.6,43.0
2024-03-21 22:00:00,20.6,66,14.1,0.0,8.4,115,13.7,989.6,129.0,62.6,852.0,44.0,25.9,51.0
2024-03-21 23:00:00,20.9,64,13.9,0.0,11.4,101,18.4,989.4,122.5,59.6,738.0,32.7,22.7,58.0
2024-03-22 00:00:00,19.9,68,13.8,0.0,11.6,112,18.7,988.8,117.6,57.2,682.0,27.4,20.4,56.0
2024-03-22 01:00:00,19.4,70,13.8,0.0,10.5,117,19.4,988.2,115.0,56.0,645.0,24.2,18.5,53.0
2024-03-22 02:00:00,18.8,73,13.8,0.0,8.4,110,16.6,987.9,113.6,54.8,611.0,21.5,17.3,50.0
2024-03-22 03:00:00,18.4,74,13.7,0.0,9.2,121,14.4,987.6,112.5,53.1,568.0,18.6,16.9,49.0
2024-03-22 04:00:00,18.0,76,13.6,0.0,9.7,117,15.5,987.2,107.1,51.1,530.0,16.3,17.2,49.0
2024-03-22 05:00:00,17.5,78,13.6,0.0,10.1,117,16.6,987.2,103.1,49.5,500.0,14.3,19.5,56.0
2024-03-22 06:00:00,17.2,87,15.0,0.0,6.4,133,12.6,987.9,99.7,49.7,564.0,17.6,21.5,53.0
2024-03-22 07:00:00,18.9,80,15.3,0.0,9.0,113,15.5,988.4,97.6,52.5,650.0,22.0,24.3,50.0
2024-03-22 08:00:00,21.4,69,15.6,0.0,9.7,117,19.8,989.1,102.0,54.7,693.0,24.1,27.2,61.0
2024-03-22 09:00:00,24.0,60,15.7,0.0,10.9,136,24.1,989.3,108.0,55.9,655.0,21.7,30.5,96.0
2024-03-22 10:00:00,26.5,51,15.6,0.0,10.8,143,24.8,989.1,119.0,57.2,574.0,17.0,34.0,143.0
2024-03-22 11:00:00,28.4,44,15.1,0.0,10.2,148,24.8,988.6,127.6,56.2,506.0,13.0,36.0,183.0
2024-03-22 12:00:00,29.7,39,14.4,0.0,8.3,146,24.5,987.4,129.5,54.1,462.0,10.0,35.4,208.0
2024-03-22 13:00:00,30.6,35,13.6,0.0,5.9,137,22.0,985.9,125.7,51.0,431.0,7.7,33.3,225.0
2024-03-22 14:00:00,31.2,33,13.1,0.0,5.1,129,18.7,984.6,121.5,49.0,431.0,8.4,31.6,231.0
2024-03-22 15:00:00,31.4,33,12.9,0.0,5.2,102,16.9,983.7,120.1,48.5,437.0,11.7,29.7,226.0
2024-03-22 16:00:00,31.0,33,13.0,0.0,8.9,63,18.0,983.7,121.1,49.4,474.0,18.1,28.1,211.0
2024-03-22 17:00:00,29.4,37,13.2,0.0,11.7,56,23.8,983.4,115.0,63.6,603.0,26.5,29.7,185.0
2024-03-22 18:00:00,26.2,43,12.9,0.0,7.1,30,11.5,982.9,148.1,86.1,1023.0,54.9,37.2,144.0
2024-03-22 19:00:00,23.5,53,13.5,0.0,8.9,40,11.2,983.0,171.4,101.3,1593.0,93.3,47.4,88.0
2024-03-22 20:00:00,25.0,48,13.2,0.0,5.1,356,11.2,984.2,183.5,107.3,1954.0,116.7,53.8,47.0
2024-03-22 21:00:00,23.1,55,13.5,0.0,2.9,240,5.8,984.7,181.6,104.3,1921.0,111.4,53.3,36.0
2024-03-22 22:00:00,22.4,56,13.2,0.0,3.1,339,3.6,984.8,176.0,98.0,1678.0,91.0,48.9,39.0
2024-03-22 23:00:00,21.2,60,13.1,0.0,5.8,356,9.7,984.8,171.4,90.8,1420.0,71.4,43.4,45.0
2024-03-23 00:00:00,19.6,67,13.2,0.0,8.3,358,10.1,984.5,166.7,83.4,1192.0,57.5,36.9,50.0
2024-03-23 01:00:00,19.4,67,13.1,0.0,8.0,5,11.9,984.4,164.8,76.4,949.0,44.5,29.2,57.0
2024-03-23 02:00:00,18.8,71,13.4,0.0,8.3,358,13.0,984.2,159.7,68.5,748.0,33.6,22.8,61.0
2024-03-23 03:00:00,18.0,74,13.2,0.0,7.5,343,12.6,984.1,149.0,60.8,605.0,24.9,18.4,61.0
2024-03-23 04:00:00,17.9,74,13.1,0.0,8.0,333,12.2,984.0,137.8,54.9,504.0,18.2,15.4,58.0
2024-03-23 05:00:00,17.6,77,13.5,0.0,7.4,337,13.7,984.1,102.7,47.6,427.0,15.1,15.8,54.0
2024-03-23 06:00:00,18.1,86,15.8,0.0,6.8,335,12.2,984.8,104.3,47.8,517.0,19.3,17.4,51.0
2024-03-23 07:00:00,20.1,79,16.3,0.0,9.7,312,15.8,985.9,108.3,51.5,635.0,24.8,19.5,48.0
2024-03-23 08:00:00,23.2,68,17.0,0.0,7.1,294,16.2,986.6,112.9,53.0,688.0,27.0,21.0,56.0
2024-03-23 09:00:00,26.4,56,17.0,0.0,8.9,291,20.2,986.9,118.3,52.7,612.0,22.5,21.5,85.0
2024-03-23 10:00:00,29.2,43,15.6,0.0,11.3,292,24.8,986.9,117.8,50.2,470.0,14.7,21.4,124.0
2024-03-23 11:00:00,31.4,32,12.8,0.0,14.4,302,29.5,986.6,109.0,40.4,355.0,8.5,20.3,152.0
2024-03-23 12:00:00,32.7,26,10.4,0.0,16.7,307,32.8,985.9,102.9,34.1,298.0,5.4,17.3,160.0
2024-03-23 13:00:00,33.2,24,9.8,0.0,19.0,307,36.7,985.0,101.0,29.5,268.0,4.0,13.3,157.0
2024-03-23 14:00:00,33.5,23,9.5,0.0,19.3,307,37.1,984.1,108.0,27.5,263.0,4.5,10.5,151.0
2024-03-23 15:00:00,33.5,22,8.7,0.0,19.6,306,36.4,983.6,124.3,27.8,278.0,6.9,9.6,144.0
2024-03-23 16:00:00,32.8,23,9.1,0.0,19.5,308,36.0,983.4,142.0,29.7,318.0,11.3,9.8,133.0
2024-03-23 17:00:00,31.3,27,10.1,0.0,13.6,310,34.2,983.4,178.8,38.5,380.0,16.7,10.8,120.0
2024-03-23 18:00:00,28.1,28,7.7,0.0,10.3,324,21.6,983.9,177.4,47.3,558.0,29.2,14.8,96.0
2024-03-23 19:00:00,26.0,32,7.9,0.0,9.8,332,16.6,984.5,200.7,56.5,802.0,46.2,20.3,63.0
2024-03-23 20:00:00,23.9,36,8.0,0.0,8.2,331,15.1,985.0,223.1,63.1,967.0,57.5,24.0,39.0
2024-03-23 21:00:00,22.6,40,8.4,0.0,8.6,327,12.6,985.5,231.9,66.1,988.0,58.3,24.4,31.0
2024-03-23 22:00:00,21.9,44,9.1,0.0,9.2,329,13.7,985.4,231.4,67.1,930.0,53.5,23.0,30.0
2024-03-23 23:00:00,21.6,46,9.6,0.0,10.4,340,16.6,985.3,220.7,65.4,848.0,46.7,21.1,33.0
2024-03-24 00:00:00,21.5,48,9.9,0.0,12.6,355,19.1,984.8,204.4,61.9,743.0,37.8,18.6,38.0
2024-03-24 01:00:00,21.1,50,10.2,0.0,14.4,357,22.7,984.1,179.3,58.2,615.0,27.1,15.5,46.0
2024-03-24 02:00:00,20.7,52,10.5,0.0,13.0,3,22.7,983.8,147.1,53.9,514.0,19.1,13.5,52.0
2024-03-24 03:00:00,18.5,62,11.1,0.0,11.3,27,20.9,983.4,117.3,49.2,448.0,15.4,13.2,53.0
2024-03-24 04:00:00,18.0,62,10.7,0.0,4.3,204,12.6,983.8,96.4,45.2,410.0,14.6,14.0,53.0
2024-03-24 05:00:00,17.9,63,10.6,0.0,6.7,234,10.1,984.4,234.7,68.9,1083.0,40.5,28.0,22.0
2024-03-24 06:00:00,18.4,65,11.8,0.0,7.4,299,10.8,985.3,222.1,68.5,1166.0,47.2,28.3,26.0
2024-03-24 07:00:00,20.3,60,12.4,0.0,10.8,270,15.8,986.7,192.3,72.6,1269.0,55.9,28.7,34.0
2024-03-24 08:00:00,23.9,53,13.6,0.0,9.5,279,18.0,988.2,172.3,71.9,1259.0,57.8,28.4,48.0
2024-03-24 09:00:00,26.8,45,13.9,0.0,10.5,297,21.2,988.9,154.6,70.8,1025.0,46.3,26.9,76.0
2024-03-24 10:00:00,28.6,41,14.0,0.0,14.3,309,27.0,989.2,111.5,54.0,678.0,28.0,24.7,111.0
2024-03-24 11:00:00,29.3,36,12.5,0.0,20.7,329,38.5,989.3,99.2,44.1,418.0,14.0,22.7,136.0
2024-03-24 12:00:00,29.2,37,12.9,0.0,20.5,338,38.2,988.8,117.6,42.8,336.0,9.2,21.3,143.0
2024-03-24 13:00:00,30.5,32,12.1,0.0,22.3,337,41.0,988.2,152.3,42.8,341.0,8.7,20.1,140.0
2024-03-24 14:00:00,30.5,30,10.8,0.0,26.9,342,47.9,987.8,203.5,45.4,356.0,9.5,19.0,134.0
2024-03-24 15:00:00,29.1,31,10.2,0.0,33.9,356,58.7,987.5,224.4,48.8,340.0,9.8,17.3,129.0
2024-03-24 16:00:00,26.2,38,10.9,0.0,22.7,11,59.0,987.4,183.5,46.7,334.0,11.4,15.6,121.0
2024-03-24 17:00:00,25.8,43,12.1,0.0,10.0,30,38.9,986.9,75.9,34.9,390.0,17.0,13.7,109.0
2024-03-24 18:00:00,25.6,45,12.7,0.0,17.3,31,37.8,987.5,66.4,36.2,476.0,26.2,16.8,93.0
2024-03-24 19:00:00,23.2,54,13.4,0.0,11.2,57,28.4,987.3,63.6,37.8,600.0,38.9,21.1,70.0
2024-03-24 20:00:00,22.6,57,13.8,0.0,1.6,207,17.6,988.7,71.9,43.9,740.0,49.3,25.5,51.0
2024-03-24 21:00:00,20.1,68,14.1,0.0,4.7,274,5.0,989.4,88.0,53.6,925.0,55.5,30.6,38.0
2024-03-24 22:00:00,19.8,68,13.8,0.0,5.2,282,7.2,989.7,101.0,62.4,1126.0,59.3,35.7,28.0
2024-03-24 23:00:00,19.5,69,13.8,0.0,7.0,282,10.4,989.3,101.3,63.1,1231.0,60.0,37.5,21.0
2024-03-25 00:00:00,19.2,70,13.6,0.0,8.1,291,12.2,988.8,93.1,57.3,1171.0,56.3,33.2,19.0
2024-03-25 01:00:00,19.0,71,13.6,0.0,8.7,287,14.4,988.6,89.2,54.1,1015.0,49.4,25.6,20.0
2024-03-25 02:00:00,18.1,75,13.6,0.0,7.2,323,13.3,988.4,80.8,48.5,865.0,42.2,19.4,23.0
2024-03-25 03:00:00,17.0,81,13.9,0.0,6.3,336,11.2,988.1,73.8,43.1,730.0,34.2,16.3,27.0
2024-03-25 04:00:00,16.5,84,13.9,0.0,5.9,322,9.4,988.1,69.6,39.5,600.0,25.9,14.7,33.0
2024-03-25 05:00:00,16.2,86,13.9,0.0,6.4,322,9.7,988.5,72.6,40.7,554.0,22.2,16.8,37.0
2024-03-25 06:00:00,17.0,80,13.4,0.0,7.9,313,14.0,989.7,71.7,40.0,633.0,24.9,18.1,37.0
2024-03-25 07:00:00,19.2,71,13.8,0.0,9.7,315,16.2,990.5,77.1,43.4,736.0,28.3,19.8,39.0
2024-03-25 08:00:00,22.6,61,14.6,0.0,7.7,319,16.6,991.3,85.7,47.7,772.0,28.9,21.5,51.0
2024-03-25 09:00:00,26.1,52,15.6,0.0,8.0,333,19.4,991.6,101.0,49.6,680.0,24.1,23.3,85.0
2024-03-25 10:00:00,28.5,46,15.8,0.0,11.3,329,24.8,991.6,128.1,50.8,521.0,16.5,25.0,130.0
2024-03-25 11:00:00,30.0,38,14.2,0.0,13.0,316,28.4,991.0,154.6,41.9,392.0,10.3,25.2,162.0
2024-03-25 12:00:00,31.1,34,13.4,0.0,13.2,317,28.8,989.8,142.5,40.0,329.0,6.9,22.7,172.0
2024-03-25 13:00:00,31.9,32,12.9,0.0,15.3,313,31.3,988.7,141.1,36.4,297.0,4.9,18.7,169.0
2024-03-25 14:00:00,32.3,29,11.9,0.0,17.6,313,34.6,987.9,149.0,36.1,284.0,4.7,15.5,163.0
2024-03-25 15:00:00,32.5,26,10.6,0.0,20.4,312,37.4,987.1,155.5,34.9,283.0,6.2,13.7,155.0
2024-03-25 16:00:00,31.9,26,10.0,0.0,21.9,312,39.2,986.8,166.2,34.1,302.0,9.4,12.7,143.0
2024-03-25 17:00:00,30.5,30,10.8,0.0,17.6,311,38.9,986.5,139.7,34.2,389.0,18.0,14.1,130.0
2024-03-25 18:00:00,27.6,28,7.7,0.0,10.1,305,21.2,986.9,138.3,38.9,456.0,24.0,14.9,111.0
2024-03-25 19:00:00,25.9,34,8.7,0.0,11.9,305,18.4,987.4,148.1,42.0,545.0,32.0,16.0,86.0
2024-03-25 20:00:00,25.0,35,8.3,0.0,12.8,322,20.5,987.6,156.5,43.1,599.0,36.5,16.4,67.0
2024-03-25 21:00:00,23.8,38,8.6,0.0,11.8,322,20.9,988.1,160.7,43.1,584.0,34.4,15.4,61.0
2024-03-25 22:00:00,22.3,44,9.4,0.0,10.3,324,18.4,988.4,160.2,42.7,533.0,28.9,13.6,62.0
2024-03-25 23:00:00,21.2,48,9.9,0.0,9.8,324,16.2,988.1,153.2,42.3,482.0,23.7,12.2,64.0
2024-03-26 00:00:00,20.7,50,9.9,0.0,9.8,324,15.1,987.7,139.7,41.3,438.0,19.9,11.3,65.0
2024-03-26 01:00:00,20.2,51,9.9,0.0,9.7,318,15.5,986.9,125.7,40.9,394.0,16.4,10.8,66.0
2024-03-26 02:00:00,19.5,54,10.0,0.0,8.7,308,14.8,986.0,114.1,40.4,361.0,13.9,10.7,67.0
2024-03-26 03:00:00,18.8,57,10.2,0.0,8.7,294,13.3,985.6,104.3,40.0,336.0,12.2,11.2,68.0
2024-03-26 04:00:00,18.5,59,10.4,0.0,9.4,288,14.4,985.6,98.3,39.5,323.0,11.3,12.1,69.0
2024-03-26 05:00:00,18.0,62,10.6,0.0,8.3,288,14.4,985.9,116.4,42.7,354.0,12.8,13.2,64.0
2024-03-26 06:00:00,19.0,68,13.1,0.0,9.1,288,14.4,987.1,108.0,43.3,461.0,18.8,15.1,57.0
2024-03-26 07:00:00,20.8,64,13.6,0.0,11.8,282,18.0,988.2,106.2,47.3,604.0,26.8,17.8,48.0
2024-03-26 08:00:00,23.4,56,14.2,0.0,7.9,267,18.7,989.0,105.2,50.2,684.0,30.8,20.4,54.0
2024-03-26 09:00:00,26.0,49,14.4,0.0,7.6,267,17.3,989.8,108.0,50.4,642.0,27.0,23.4,88.0
2024-03-26 10:00:00,28.5,42,14.4,0.0,7.9,267,18.4,990.0,102.9,49.4,535.0,19.2,26.3,135.0
2024-03-26 11:00:00,30.5,34,13.1,0.0,10.2,278,22.0,989.9,95.7,46.6,441.0,12.6,27.1,170.0
2024-03-26 12:00:00,32.2,28,11.2,0.0,12.2,298,26.3,989.4,77.1,36.4,376.0,8.4,23.9,181.0
2024-03-26 13:00:00,33.2,25,10.2,0.0,14.1,308,29.2,988.4,75.2,31.5,323.0,5.5,18.6,180.0
2024-03-26 14:00:00,33.3,24,10.1,0.0,14.7,306,29.9,987.5,83.8,29.7,304.0,5.2,14.7,173.0
2024-03-26 15:00:00,33.3,24,10.3,0.0,13.5,304,29.2,986.8,97.8,29.9,317.0,7.9,13.2,162.0
2024-03-26 16:00:00,33.0,25,10.2,0.0,13.5,304,26.6,986.8,110.4,30.7,363.0,13.3,13.0,145.0
2024-03-26 17:00:00,31.5,29,11.5,0.0,9.2,301,24.8,986.8,105.2,39.1,467.0,22.7,15.5,120.0
2024-03-26 18:00:00,29.1,33,11.1,0.0,9.2,329,18.0,987.1,110.1,45.2,589.0,33.2,18.6,99.0
2024-03-26 19:00:00,27.4,37,11.4,0.0,10.6,342,16.6,987.9,122.0,51.1,757.0,47.6,22.8,70.0
2024-03-26 20:00:00,25.7,43,12.4,0.0,9.2,11,16.6,988.5,131.8,53.8,874.0,56.9,25.8,49.0
2024-03-26 21:00:00,24.2,51,13.4,0.0,8.2,23,14.8,988.8,142.5,55.5,899.0,56.9,26.6,42.0
2024-03-26 22:00:00,23.5,56,14.1,0.0,9.3,28,14.8,989.0,148.5,57.6,875.0,51.9,26.2,42.0
2024-03-26 23:00:00,22.5,61,14.7,0.0,9.8,36,14.8,988.9,141.6,55.5,832.0,46.2,25.2,43.0
2024-03-27 00:00:00,21.5,65,14.8,0.0,8.6,178,15.5,989.2,131.3,51.3,765.0,40.0,23.3,45.0
2024-03-27 01:00:00,23.1,54,13.4,0.0,5.0,201,21.6,988.9,123.9,48.8,680.0,33.0,20.8,48.0
2024-03-27 02:00:00,22.5,56,13.2,0.0,5.0,150,6.1,988.6,123.4,48.2,627.0,29.1,19.9,49.0
2024-03-27 03:00:00,20.5,65,13.6,0.0,6.8,148,8.6,988.2,124.3,49.0,621.0,30.5,21.8,42.0
2024-03-27 04:00:00,21.6,59,13.4,0.0,3.9,112,7.6,988.2,127.1,50.6,647.0,34.9,25.3,33.0
2024-03-27 05:00:00,19.0,72,13.9,0.0,4.5,29,5.4,988.5,144.8,60.1,913.0,47.6,33.1,28.0
2024-03-27 06:00:00,21.6,64,14.6,0.0,13.3,341,22.3,991.3,152.7,65.0,1057.0,54.3,36.0,34.0
2024-03-27 07:00:00,22.8,62,15.2,0.0,6.8,357,21.6,991.5,169.5,76.6,1243.0,62.9,40.1,44.0
2024-03-27 08:00:00,24.0,60,15.8,0.0,4.8,333,11.5,992.0,157.9,76.1,1295.0,64.4,42.9,65.0
2024-03-27 09:00:00,27.9,44,14.6,0.0,4.7,328,16.2,992.4,129.5,67.1,1087.0,52.2,44.1,108.0
2024-03-27 10:00:00,30.3,37,13.9,0.0,1.5,225,14.8,992.2,100.8,56.9,745.0,32.9,44.1,162.0
2024-03-27 11:00:00,31.8,31,12.6,0.0,2.3,39,13.0,991.8,92.7,49.7,475.0,17.7,42.1,200.0
2024-03-27 12:00:00,33.5,27,12.2,0.0,2.8,50,14.8,990.9,93.4,41.0,357.0,10.5,36.8,210.0
2024-03-27 13:00:00,34.5,26,12.2,0.0,5.4,356,16.9,990.1,99.2,35.7,310.0,7.3,29.5,205.0
2024-03-27 14:00:00,35.0,26,12.6,0.0,8.4,335,20.9,988.8,101.5,35.3,300.0,7.2,23.6,192.0
2024-03-27 15:00:00,35.2,25,12.4,0.0,10.0,330,22.0,987.9,102.9,35.2,315.0,10.4,20.3,174.0
2024-03-27 16:00:00,34.8,26,12.6,0.0,12.1,330,22.7,987.5,105.0,35.0,365.0,16.7,18.3,148.0
2024-03-27 17:00:00,33.5,30,13.8,0.0,8.9,317,23.8,987.4,136.4,41.0,397.0,22.4,15.4,103.0
2024-03-27 18:00:00,32.7,28,12.0,0.0,14.4,302,37.8,987.5,167.6,50.6,608.0,35.6,21.0,80.0
2024-03-27 19:00:00,30.3,33,12.2,0.0,11.2,318,23.0,988.2,202.6,60.3,893.0,53.5,28.4,48.0
2024-03-27 20:00:00,28.6,44,15.0,0.0,15.4,11,27.0,989.3,230.5,67.8,1051.0,63.7,32.7,26.0
2024-03-27 21:00:00,27.1,50,15.8,0.0,11.0,11,24.8,989.3,229.6,69.2,965.0,59.4,30.7,22.0
2024-03-27 22:00:00,25.7,53,15.3,0.0,8.3,355,17.6,989.2,206.8,63.8,754.0,47.5,25.5,28.0
2024-03-27 23:00:00,24.0,57,14.9,0.0,10.3,306,12.6,989.1,176.0,58.0,573.0,36.5,21.0,34.0
2024-03-28 00:00:00,23.5,57,14.6,0.0,4.3,222,11.5,988.5,142.0,52.7,475.0,28.6,18.5,38.0
2024-03-28 01:00:00,22.9,59,14.4,0.0,5.1,231,7.6,987.9,115.7,48.5,407.0,21.7,16.8,42.0
2024-03-28 02:00:00,22.0,61,14.2,0.0,6.1,270,9.0,987.1,98.3,45.4,366.0,17.4,16.1,43.0
2024-03-28 03:00:00,22.2,60,14.1,0.0,5.6,297,8.6,986.2,94.3,43.7,347.0,16.9,16.6,39.0
2024-03-28 04:00:00,21.3,63,14.1,0.0,5.9,308,9.4,985.7,96.9,43.2,356.0,19.1,18.1,33.0
2024-03-28 05:00:00,21.3,63,14.0,0.0,7.2,323,10.8,985.8,122.0,42.0,287.0,12.4,15.7,53.0
2024-03-28 06:00:00,22.4,58,13.6,0.0,8.1,302,19.4,987.4,127.1,43.1,378.0,17.0,16.6,48.0
2024-03-28 07:00:00,23.3,58,14.5,0.0,9.4,293,15.1,988.5,127.1,45.5,502.0,23.2,18.0,42.0
2024-03-28 08:00:00,25.5,53,15.1,0.0,8.6,303,18.0,989.1,130.9,47.1,580.0,26.6,19.9,51.0
2024-03-28 09:00:00,27.9,47,15.6,0.0,7.1,315,19.1,989.4,135.5,45.9,572.0,24.6,23.1,87.0
2024-03-28 10:00:00,30.0,42,15.8,0.0,5.0,300,18.4,989.3,140.6,47.4,519.0,19.8,26.7,137.0
2024-03-28 11:00:00,32.2,37,15.6,0.0,3.1,315,16.6,988.5,141.1,48.4,462.0,15.4,28.8,176.0
2024-03-28 12:00:00,33.8,34,15.6,0.0,3.3,347,15.5,987.5,136.0,48.2,403.0,11.4,28.0,195.0
2024-03-28 13:00:00,35.2,31,15.4,0.0,4.2,329,16.2,986.5,124.3,44.0,341.0,7.8,25.7,204.0
2024-03-28 14:00:00,36.2,27,14.3,0.0,6.9,321,18.4,985.4,113.2,38.2,315.0,7.5,23.2,200.0
2024-03-28 15:00:00,36.2,26,13.8,0.0,9.9,327,21.2,984.9,110.4,34.8,344.0,12.2,20.6,180.0
2024-03-28 16:00:00,35.8,27,13.6,0.0,13.3,319,24.1,984.8,109.2,33.3,408.0,20.1,17.9,147.0
2024-03-28 17:00:00,34.5,30,14.6,0.0,10.7,310,24.5,984.9,134.1,56.7,644.0,37.2,35.6,180.0
2024-03-28 18:00:00,31.5,31,12.5,0.0,9.5,11,25.2,985.1,160.7,78.2,788.0,47.4,36.3,147.0
2024-03-28 19:00:00,31.0,31,11.9,0.0,16.4,331,25.2,985.3,152.3,78.9,979.0,60.8,37.1,102.0
2024-03-28 20:00:00,29.7,35,12.8,0.0,17.2,349,27.4,985.9,137.4,70.5,1067.0,67.1,36.2,66.0
2024-03-28 21:00:00,28.3,41,13.8,0.0,16.7,354,29.2,986.7,126.7,59.5,949.0,58.9,32.3,51.0
2024-03-28 22:00:00,26.9,45,13.9,0.0,11.3,353,27.0,986.7,117.1,49.4,727.0,43.5,26.8,46.0
2024-03-28 23:00:00,25.4,50,14.1,0.0,8.4,350,18.0,986.2,103.8,43.4,559.0,31.9,22.3,41.0
2024-03-29 00:00:00,23.6,57,14.5,0.0,5.9,349,13.0,985.7,97.6,41.0,518.0,29.4,19.8,33.0
2024-03-29 01:00:00,22.5,63,14.9,0.0,6.9,351,8.6,985.0,101.5,41.6,531.0,30.8,18.3,24.0
2024-03-29 02:00:00,21.6,67,15.2,0.0,7.1,345,8.6,984.3,105.0,43.0,534.0,31.1,16.9,19.0
2024-03-29 03:00:00,21.2,69,15.4,0.0,6.8,342,8.6,983.8,113.2,45.4,488.0,27.7,15.0,18.0
2024-03-29 04:00:00,21.2,67,14.9,0.0,4.7,4,7.9,983.8,125.3,50.2,431.0,23.2,13.2,19.0
2024-03-29 05:00:00,20.1,72,14.9,0.0,5.2,16,7.6,984.1,172.8,60.8,461.0,23.8,13.7,19.0
2024-03-29 06:00:00,20.2,75,15.6,0.0,4.0,350,10.4,986.1,178.8,64.0,577.0,27.3,15.2,21.0
2024-03-29 07:00:00,21.9,69,15.9,0.0,5.8,360,11.9,987.1,184.9,70.3,732.0,32.0,17.5,26.0
2024-03-29 08:00:00,24.8,59,16.2,0.0,4.7,23,14.0,988.1,177.4,74.0,809.0,33.8,21.7,44.0
2024-03-29 09:00:00,27.8,50,16.4,0.0,6.4,63,17.6,989.0,162.1,70.5,733.0,30.4,29.6,85.0
2024-03-29 10:00:00,30.4,43,16.5,0.0,8.6,75,21.6,989.0,148.1,65.7,580.0,24.2,39.3,138.0
2024-03-29 11:00:00,32.5,38,16.4,0.0,8.3,85,22.3,988.7,141.1,58.7,457.0,18.7,45.8,182.0
2024-03-29 12:00:00,33.9,35,16.4,0.0,6.9,81,21.6,987.7,146.7,58.7,404.0,14.2,46.6,212.0
2024-03-29 13:00:00,35.0,33,16.2,0.0,6.5,71,20.5,986.7,149.0,57.7,381.0,10.3,44.1,233.0
2024-03-29 14:00:00,35.2,32,16.0,0.0,7.1,75,19.4,985.7,141.6,54.1,380.0,9.4,40.9,239.0
2024-03-29 15:00:00,35.1,31,15.6,0.0,4.3,90,22.0,985.0,129.9,50.2,396.0,12.9,37.0,222.0
2024-03-29 16:00:00,33.7,35,15.9,0.0,13.2,61,25.6,984.8,118.7,46.9,434.0,19.4,32.4,190.0
2024-03-29 17:00:00,32.3,38,16.0,0.0,10.1,174,25.6,985.2,116.6,47.6,624.0,39.9,23.9,118.0
2024-03-29 18:00:00,29.5,49,17.7,0.0,6.0,17,9.4,984.9,127.6,57.4,788.0,51.8,27.8,94.0
2024-03-29 19:00:00,28.0,48,16.0,0.0,4.7,293,9.4,985.7,130.9,62.4,1008.0,67.8,33.0,62.0
2024-03-29 20:00:00,26.4,53,16.0,0.0,5.2,214,6.8,986.0,126.2,64.5,1133.0,76.1,35.7,39.0
2024-03-29 21:00:00,26.0,50,14.9,0.0,11.2,140,18.4,986.1,128.5,63.3,1077.0,69.7,33.7,35.0
2024-03-29 22:00:00,25.8,51,14.8,0.0,12.5,141,19.8,986.0,148.1,61.9,927.0,55.7,29.2,42.0
2024-03-29 23:00:00,25.4,52,14.9,0.0,11.7,137,22.7,986.1,164.8,61.5,786.0,43.1,25.2,48.0
2024-03-30 00:00:00,25.1,54,15.1,0.0,9.8,152,18.4,985.8,168.6,60.5,695.0,35.3,22.8,51.0
2024-03-30 01:00:00,24.9,55,15.2,0.0,8.8,145,15.8,985.2,171.4,60.1,613.0,29.0,20.8,54.0
2024-03-30 02:00:00,24.8,54,14.9,0.0,8.2,151,14.0,984.4,169.0,57.6,528.0,23.1,18.7,60.0
2024-03-30 03:00:00,23.3,59,14.8,0.0,7.1,139,13.0,984.0,188.6,48.9,418.0,16.6,16.0,74.0
2024-03-30 04:00:00,22.9,60,14.6,0.0,7.8,158,11.2,984.1,110.8,35.5,305.0,10.4,13.1,90.0
2024-03-30 05:00:00,22.4,61,14.6,0.0,7.6,188,13.7,984.7,195.6,61.0,435.0,18.9,17.4,58.0
2024-03-30 06:00:00,23.5,55,14.1,0.0,16.7,354,23.8,986.2,151.8,55.6,511.0,22.4,17.9,57.0
2024-03-30 07:00:00,22.6,66,15.9,0.0,19.3,33,43.9,987.3,127.6,54.5,613.0,26.9,18.9,58.0
2024-03-30 08:00:00,25.6,57,16.5,0.0,14.4,32,33.1,988.6,128.5,54.8,665.0,28.6,20.8,71.0
2024-03-30 09:00:00,28.1,50,16.9,0.0,18.0,37,34.9,989.1,143.4,55.3,622.0,25.0,25.4,108.0
2024-03-30 10:00:00,30.7,39,15.1,0.0,16.9,50,36.7,989.1,156.9,55.9,530.0,18.5,31.0,157.0
2024-03-30 11:00:00,32.4,34,14.6,0.0,10.0,75,33.5,988.7,163.9,57.7,448.0,13.0,33.3,192.0
2024-03-30 12:00:00,33.4,32,14.3,0.0,4.5,76,24.8,988.2,165.8,57.5,391.0,9.2,29.2,201.0
2024-03-30 13:00:00,34.1,30,13.9,0.0,2.4,333,17.6,987.4,152.7,52.7,344.0,6.4,21.8,195.0
2024-03-30 14:00:00,34.5,27,12.9,0.0,4.2,301,19.8,986.5,131.8,40.9,320.0,5.8,15.9,182.0
2024-03-30 15:00:00,34.2,25,11.4,0.0,16.5,324,30.2,986.0,120.6,34.2,318.0,7.9,13.0,163.0
2024-03-30 16:00:00,32.7,27,11.1,0.0,14.2,330,32.4,985.6,113.9,30.7,339.0,12.3,11.6,138.0
2024-03-30 17:00:00,32.3,27,10.9,0.0,10.2,318,25.9,985.5,93.8,37.5,515.0,28.3,17.3,131.0
2024-03-30 18:00:00,30.1,29,10.1,0.0,8.7,355,13.3,985.1,97.6,40.7,525.0,29.2,18.7,117.0
2024-03-30 19:00:00,27.9,33,9.9,0.0,9.1,9,14.0,985.6,96.2,39.9,542.0,30.7,20.6,97.0
2024-03-30 20:00:00,26.5,38,10.8,0.0,9.4,4,15.1,986.2,90.1,39.5,570.0,32.8,22.3,79.0
2024-03-30 21:00:00,25.6,35,9.2,0.0,10.5,16,16.2,987.1,84.1,40.3,620.0,36.2,23.6,66.0
2024-03-30 22:00:00,25.3,35,8.9,0.0,12.0,16,20.5,987.5,83.1,42.0,681.0,40.2,24.6,55.0
2024-03-30 23:00:00,24.3,40,9.8,0.0,9.8,36,19.1,987.4,84.1,43.9,730.0,43.5,25.3,45.0
2024-03-31 00:00:00,22.9,45,10.4,0.0,7.4,61,17.3,987.2,83.8,44.4,754.0,45.5,25.2,37.0
2024-03-31 01:00:00,21.1,53,11.3,0.0,10.2,42,11.9,986.4,88.9,45.5,765.0,46.8,24.7,30.0
2024-03-31 02:00:00,22.7,48,11.1,0.0,5.9,47,11.9,986.3,95.0,47.4,777.0,47.6,24.8,25.0
2024-03-31 03:00:00,20.6,56,11.6,0.0,6.8,58,7.9,986.0,102.0,50.6,794.0,48.6,26.2,18.0
2024-03-31 04:00:00,19.5,60,11.6,0.0,4.8,42,8.6,985.8,106.2,53.0,811.0,49.1,28.2,13.0
2024-03-31 05:00:00,18.6,65,11.9,0.0,5.5,67,8.3,986.3,90.1,46.0,677.0,36.2,23.0,22.0
2024-03-31 06:00:00,21.0,67,14.6,0.0,6.0,245,14.8,987.6,138.3,51.0,643.0,31.0,20.5,32.0
2024-03-31 07:00:00,22.6,64,15.4,0.0,5.1,309,17.3,988.5,210.0,66.4,592.0,23.8,17.0,47.0
2024-03-31 08:00:00,25.3,58,16.4,0.0,8.7,318,17.6,989.5,208.6,60.8,532.0,17.5,14.7,66.0
2024-03-31 09:00:00,27.9,50,16.5,0.0,7.4,337,21.2,989.9,122.5,45.5,454.0,13.2,15.0,94.0
2024-03-31 10:00:00,30.2,45,17.0,0.0,6.4,313,19.1,989.9,72.4,33.5,367.0,9.8,16.4,127.0
2024-03-31 11:00:00,32.2,38,15.9,0.0,9.2,318,22.7,989.3,63.3,29.9,298.0,7.2,17.0,151.0
2024-03-31 12:00:00,33.4,29,12.8,0.0,12.1,297,26.6,988.8,65.7,28.6,258.0,5.1,15.4,158.0
2024-03-31 13:00:00,33.8,22,9.4,0.0,14.3,298,29.9,988.1,76.4,26.5,235.0,3.9,12.9,156.0
2024-03-31 14:00:00,34.1,21,8.6,0.0,14.5,312,30.2,987.1,82.2,22.2,229.0,4.0,11.2,151.0
2024-03-31 15:00:00,34.2,20,7.8,0.0,15.0,314,29.5,986.3,89.2,21.5,236.0,5.6,10.9,146.0
2024-03-31 16:00:00,33.5,20,7.4,0.0,18.3,313,33.1,985.9,96.2,22.3,258.0,8.6,11.3,138.0
2024-03-31 17:00:00,32.0,23,8.6,0.0,16.3,315,33.8,985.9,131.8,27.4,292.0,13.2,10.0,116.0
2024-03-31 18:00:00,28.8,20,3.8,0.0,13.7,333,27.7,986.5,127.6,33.4,363.0,19.8,11.7,99.0
2024-03-31 19:00:00,27.4,22,4.1,0.0,15.8,339,25.6,986.8,143.0,39.5,459.0,28.8,13.9,76.0
2024-03-31 20:00:00,26.8,24,4.7,0.0,15.3,345,25.6,987.1,162.5,43.4,513.0,33.7,15.2,60.0
2024-03-31 21:00:00,25.5,29,5.9,0.0,14.7,349,24.8,987.4,180.7,46.1,486.0,30.9,14.7,59.0
2024-03-31 22:00:00,24.5,35,7.8,0.0,15.7,349,25.2,987.3,190.0,48.1,418.0,24.1,13.3,65.0
2024-03-31 23:00:00,23.8,39,9.1,0.0,15.7,349,26.6,986.7,187.2,49.6,359.0,18.2,12.0,71.0
2024-04-01 00:00:00,22.5,44,9.6,0.0,13.2,343,25.6,986.3,176.5,50.1,325.0,14.7,11.2,73.0
2024-04-01 01:00:00,21.3,48,9.9,0.0,10.8,334,21.2,985.6,170.4,51.1,300.0,12.0,10.5,74.0
2024-04-01 02:00:00,20.4,51,10.0,0.0,9.7,321,16.9,985.3,165.8,51.5,285.0,10.3,9.9,74.0
2024-04-01 03:00:00,19.6,54,10.1,0.0,8.9,313,15.1,984.8,157.4,50.8,279.0,9.6,9.3,71.0
2024-04-01 04:00:00,18.9,58,10.4,0.0,8.7,294,14.0,984.8,148.1,49.1,282.0,9.9,8.9,66.0
2024-04-01 05:00:00,18.5,60,10.7,0.0,10.5,286,16.2,985.3,118.7,47.4,332.0,13.0,10.5,50.0
2024-04-01 06:00:00,19.1,71,13.8,0.0,10.7,290,17.3,986.2,121.1,46.7,392.0,15.2,11.5,50.0
2024-04-01 07:00:00,20.7,67,14.4,0.0,11.4,283,19.4,986.8,117.1,48.1,470.0,18.2,12.8,51.0
2024-04-01 08:00:00,23.0,60,14.6,0.0,13.6,281,25.6,987.4,126.2,47.3,501.0,18.9,13.6,59.0
2024-04-01 09:00:00,25.5,51,14.5,0.0,14.7,292,29.2,987.7,119.0,44.4,438.0,15.4,13.4,82.0
2024-04-01 10:00:00,27.5,41,13.2,0.0,15.1,295,30.6,987.4,100.8,36.1,328.0,9.7,12.6,113.0
2024-04-01 11:00:00,29.8,30,10.4,0.0,16.6,294,33.5,987.0,81.5,25.0,244.0,5.4,11.7,137.0
2024-04-01 12:00:00,30.9,24,7.9,0.0,17.9,300,36.0,986.0,89.4,23.6,219.0,3.7,10.7,149.0
2024-04-01 13:00:00,31.2,22,6.9,0.0,18.9,301,37.1,985.3,105.9,23.1,220.0,3.4,9.7,154.0
2024-04-01 14:00:00,31.1,21,6.3,0.0,19.4,301,37.1,984.6,133.6,23.7,229.0,3.9,9.1,155.0
2024-04-01 15:00:00,31.5,20,5.8,0.0,19.9,302,37.8,984.0,168.6,26.1,234.0,4.7,9.2,155.0
2024-04-01 16:00:00,30.9,21,5.8,0.0,19.7,305,37.1,983.6,203.5,28.9,246.0,6.5,9.7,150.0
2024-04-01 17:00:00,29.8,22,5.9,0.0,16.9,304,35.3,983.6,194.2,30.3,281.0,11.0,11.0,141.0
2024-04-01 18:00:00,26.8,26,5.7,0.0,9.0,323,25.9,984.5,177.9,36.4,381.0,20.0,13.7,120.0
2024-04-01 19:00:00,24.9,31,6.4,0.0,8.7,330,14.4,985.2,180.2,42.8,516.0,32.3,17.4,92.0
2024-04-01 20:00:00,23.0,34,6.6,0.0,9.0,323,13.7,985.7,192.8,46.3,603.0,39.8,19.7,71.0
2024-04-01 21:00:00,22.5,33,5.4,0.0,11.4,325,18.0,986.0,196.0,46.8,597.0,38.3,19.6,66.0
2024-04-01 22:00:00,21.8,32,4.4,0.0,11.4,332,18.7,985.6,186.7,45.8,543.0,32.0,18.2,68.0
2024-04-01 23:00:00,21.0,35,4.8,0.0,10.3,331,18.0,985.3,167.2,43.8,487.0,26.0,16.6,71.0
2024-04-02 00:00:00,20.2,38,5.3,0.0,10.6,336,16.9,984.9,141.1,40.4,441.0,21.6,14.7,71.0
2024-04-02 01:00:00,19.5,41,6.0,0.0,9.8,336,17.3,984.5,115.7,36.9,392.0,17.6,12.6,72.0
2024-04-02 02:00:00,18.3,47,6.7,0.0,7.9,330,15.8,983.8,94.3,33.5,356.0,14.6,11.1,71.0
2024-04-02 03:00:00,17.6,51,7.2,0.0,7.2,323,12.2,983.3,78.5,30.5,330.0,13.0,10.5,68.0
2024-04-02 04:00:00,17.1,53,7.5,0.0,7.2,323,10.8,983.2,68.9,28.2,317.0,12.6,10.6,64.0
2024-04-02 05:00:00,16.6,56,7.8,0.0,6.6,315,10.8,983.5,71.7,30.6,327.0,12.8,13.4,68.0
2024-04-02 06:00:00,18.0,63,10.9,0.0,8.4,301,12.6,984.3,72.2,31.7,397.0,16.0,15.0,68.0
2024-04-02 07:00:00,19.9,59,11.6,0.0,9.3,286,16.6,985.1,76.1,35.4,489.0,20.1,17.2,70.0
2024-04-02 08:00:00,22.8,50,11.9,0.0,8.6,285,19.1,985.8,79.4,37.1,531.0,21.6,18.5,79.0
2024-04-02 09:00:00,25.8,42,11.8,0.0,9.7,292,22.0,986.1,74.3,35.2,473.0,17.8,18.4,104.0
2024-04-02 10:00:00,28.5,32,10.1,0.0,12.1,297,26.3,986.0,61.9,28.6,364.0,11.4,17.5,137.0
2024-04-02 11:00:00,30.5,26,9.1,0.0,15.8,297,32.0,985.8,62.4,24.7,276.0,6.4,16.0,160.0
2024-04-02 12:00:00,31.8,22,7.2,0.0,19.6,302,37.8,985.2,67.5,21.4,237.0,4.2,13.6,164.0
2024-04-02 13:00:00,32.5,19,5.7,0.0,20.7,305,39.6,984.6,77.5,18.2,219.0,3.3,10.8,159.0
2024-04-02 14:00:00,32.8,17,4.6,0.0,21.3,307,40.7,983.7,90.8,15.5,216.0,3.8,8.8,151.0
2024-04-02 15:00:00,32.7,17,4.2,0.0,21.3,307,40.3,983.0,110.8,15.8,211.0,4.5,7.9,146.0
2024-04-02 16:00:00,32.0,17,3.7,0.0,19.4,310,38.9,982.7,132.7,17.7,221.0,6.6,8.0,139.0
2024-04-02 17:00:00,30.9,19,4.4,0.0,15.3,319,34.2,982.9,101.5,13.9,292.0,13.4,9.2,128.0
2024-04-02 18:00:00,28.0,20,3.2,0.0,10.6,332,25.2,983.4,103.1,21.8,447.0,27.3,13.2,104.0
2024-04-02 19:00:00,26.7,21,2.7,0.0,14.6,351,23.0,983.8,118.7,30.2,657.0,46.1,18.8,70.0
2024-04-02 20:00:00,26.5,21,2.5,0.0,14.1,357,24.8,984.4,140.6,36.7,788.0,57.4,22.4,47.0
2024-04-02 21:00:00,25.2,24,3.5,0.0,13.0,358,22.7,984.9,156.5,39.5,768.0,54.2,22.5,44.0
2024-04-02 22:00:00,24.4,27,4.2,0.0,10.5,356,20.9,985.1,161.6,39.1,668.0,43.4,20.7,52.0
2024-04-02 23:00:00,23.5,30,4.9,0.0,7.2,357,16.6,985.1,151.8,36.4,571.0,33.4,18.7,59.0
2024-04-03 00:00:00,22.5,33,5.3,0.0,7.2,360,10.8,984.7,129.0,32.7,495.0,26.5,16.6,64.0
2024-04-03 01:00:00,22.2,34,5.8,0.0,8.0,8,14.4,984.2,102.0,29.7,422.0,20.3,14.2,69.0
2024-04-03 02:00:00,22.0,36,6.1,0.0,3.8,107,12.2,984.3,80.1,27.7,374.0,16.4,12.8,71.0
2024-04-03 03:00:00,20.2,42,6.8,0.0,4.3,156,7.2,984.1,65.0,26.6,350.0,15.0,12.6,67.0
2024-04-03 04:00:00,20.7,39,6.2,0.0,1.6,297,4.7,984.3,54.2,26.0,352.0,15.7,13.4,60.0
2024-04-03 05:00:00,20.4,40,6.3,0.0,1.1,270,2.2,984.5,43.1,24.2,365.0,16.4,14.9,69.0
2024-04-03 06:00:00,19.7,46,7.9,0.0,1.8,281,5.8,985.5,44.5,27.0,523.0,25.1,18.7,66.0
2024-04-03 07:00:00,20.7,48,9.4,0.0,3.2,297,7.6,986.0,58.7,37.7,735.0,36.8,24.0,63.0
2024-04-03 08:00:00,24.6,39,9.9,0.0,3.9,338,11.5,986.8,63.1,42.0,848.0,42.8,28.6,73.0
2024-04-03 09:00:00,27.9,33,10.1,0.0,7.3,9,17.6,987.4,59.6,40.3,767.0,37.8,32.3,110.0
2024-04-03 10:00:00,31.4,23,8.0,0.0,9.4,18,22.3,987.6,60.1,40.0,587.0,27.0,35.2,159.0
2024-04-03 11:00:00,33.5,17,4.8,0.0,8.9,14,23.4,987.4,60.1,37.1,435.0,17.9,36.0,196.0
2024-04-03 12:00:00,34.0,15,3.8,0.0,7.2,3,22.3,986.8,57.4,31.4,349.0,12.0,32.9,208.0
2024-04-03 13:00:00,34.7,14,3.3,0.0,6.5,354,19.8,985.9,54.2,27.0,291.0,7.8,27.6,207.0
2024-04-03 14:00:00,35.1,14,3.2,0.0,8.0,355,20.5,984.9,54.2,25.3,280.0,7.8,23.6,199.0
2024-04-03 15:00:00,34.9,14,3.0,0.0,10.2,352,22.3,984.0,55.8,24.6,336.0,14.2,22.0,185.0
2024-04-03 16:00:00,34.4,14,2.8,0.0,10.6,350,22.7,983.6,58.3,25.4,439.0,24.7,21.6,164.0
2024-04-03 17:00:00,32.9,16,4.2,0.0,12.6,2,22.7,983.5,78.7,37.7,606.0,39.2,18.2,124.0
2024-04-03 18:00:00,29.6,18,2.8,0.0,15.3,19,29.2,984.0,93.1,47.1,622.0,40.8,19.1,105.0
2024-04-03 19:00:00,28.4,20,3.1,0.0,15.6,29,25.2,984.3,90.6,44.2,642.0,42.8,20.4,79.0
2024-04-03 20:00:00,27.8,24,5.1,0.0,14.9,32,28.1,984.8,77.8,37.1,632.0,42.1,20.9,61.0
2024-04-03 21:00:00,27.0,26,5.6,0.0,13.0,24,24.1,985.6,64.3,31.2,570.0,36.5,20.2,59.0
2024-04-03 22:00:00,26.1,29,6.8,0.0,13.2,29,21.6,985.7,57.4,28.3,480.0,28.2,18.7,66.0
2024-04-03 23:00:00,24.6,33,7.2,0.0,11.3,22,21.6,985.6,56.7,27.0,399.0,21.0,16.9,72.0
2024-04-04 00:00:00,23.6,35,7.4,0.0,5.9,14,18.4,985.6,54.8,24.9,340.0,16.1,14.7,76.0
2024-04-04 01:00:00,22.0,40,7.8,0.0,6.6,351,10.8,985.1,52.5,22.9,292.0,12.4,12.3,79.0
2024-04-04 02:00:00,22.1,40,7.8,0.0,10.2,352,16.2,984.7,52.3,21.1,255.0,9.7,10.4,82.0
2024-04-04 03:00:00,20.5,45,8.2,0.0,8.0,5,16.6,984.2,56.0,20.3,216.0,7.3,9.0,85.0
2024-04-04 04:00:00,19.5,50,8.7,0.0,8.6,33,10.8,983.8,54.9,20.1,189.0,6.0,8.0,88.0
2024-04-04 05:00:00,19.5,51,9.1,0.0,5.5,122,10.8,983.7,48.2,19.5,206.0,6.5,9.1,100.0
2024-04-04 06:00:00,22.1,52,11.9,0.0,7.6,3,11.2,985.4,49.6,21.2,272.0,10.9,10.6,94.0
2024-04-04 07:00:00,24.1,48,12.5,0.0,9.6,13,15.5,985.8,51.7,25.0,361.0,16.7,12.8,87.0
2024-04-04 08:00:00,27.8,40,12.8,0.0,5.7,18,16.2,986.6,55.9,28.1,410.0,19.8,14.6,89.0
2024-04-04 09:00:00,30.9,30,11.4,0.0,8.2,38,19.4,987.0,68.5,30.7,382.0,17.4,16.1,108.0
2024-04-04 10:00:00,33.5,21,8.1,0.0,11.5,39,25.6,987.1,82.4,33.2,316.0,12.1,17.2,136.0
2024-04-04 11:00:00,34.8,18,6.7,0.0,9.9,19,26.3,986.8,86.8,31.3,261.0,7.8,17.4,158.0
2024-04-04 12:00:00,35.5,17,6.3,0.0,8.4,340,24.1,986.3,90.1,30.5,235.0,5.5,15.9,167.0
2024-04-04 13:00:00,36.0,15,5.4,0.0,11.1,331,25.6,985.5,89.6,29.3,221.0,4.1,13.5,170.0
2024-04-04 14:00:00,35.8,15,4.8,0.0,14.6,327,30.2,984.8,92.9,29.0,222.0,4.3,11.6,167.0
2024-04-04 15:00:00,35.5,15,4.6,0.0,14.2,330,30.2,984.1,97.8,29.0,220.0,5.3,10.3,160.0
2024-04-04 16:00:00,34.8,16,4.9,0.0,14.2,339,28.4,983.9,101.7,28.8,232.0,8.0,9.6,148.0
2024-04-04 17:00:00,33.2,18,5.9,0.0,11.8,12,27.0,983.7,71.9,27.0,374.0,21.6,12.2,123.0
2024-04-04 18:00:00,31.2,17,3.7,0.0,12.0,351,18.4,984.0,82.7,33.8,469.0,29.7,14.7,103.0
2024-04-04 19:00:00,29.5,20,4.1,0.0,16.7,354,28.1,984.3,94.8,38.9,597.0,40.6,18.1,76.0
2024-04-04 20:00:00,28.0,22,4.2,0.0,12.7,7,27.4,984.9,98.7,40.5,679.0,47.1,20.5,57.0
2024-04-04 21:00:00,26.8,24,4.8,0.0,12.1,348,20.2,985.7,97.8,39.9,674.0,45.4,21.0,52.0
2024-04-04 22:00:00,25.8,27,5.5,0.0,9.9,350,19.4,985.6,96.6,39.3,621.0,39.4,20.5,55.0
2024-04-04 23:00:00,24.5,29,5.3,0.0,9.4,360,15.8,985.2,93.6,38.0,560.0,33.0,19.4,58.0
2024-04-05 00:00:00,23.6,31,5.3,0.0,7.7,11,14.8,984.8,89.2,35.6,495.0,26.9,17.3,60.0
2024-04-05 01:00:00,22.2,36,6.5,0.0,10.5,16,11.9,984.3,82.9,33.3,421.0,20.5,14.7,63.0
2024-04-05 02:00:00,21.6,39,6.9,0.0,9.1,7,11.9,984.1,75.2,31.1,364.0,15.9,12.8,64.0
2024-04-05 03:00:00,22.2,36,6.3,0.0,5.4,323,10.1,983.8,66.1,29.0,326.0,13.7,12.4,62.0
2024-04-05 04:00:00,20.1,42,6.9,0.0,6.8,295,8.3,983.6,60.8,27.6,305.0,13.3,12.7,58.0
2024-04-05 05:00:00,19.9,42,6.6,0.0,6.3,283,9.4,984.0,41.2,21.0,317.0,12.8,13.6,62.0
2024-04-05 06:00:00,23.1,35,7.1,0.0,9.0,331,16.2,984.8,42.6,21.1,419.0,18.5,15.8,59.0
2024-04-05 07:00:00,25.1,33,7.8,0.0,13.3,319,20.9,985.6,55.2,30.5,555.0,26.0,18.7,56.0
2024-04-05 08:00:00,27.5,30,8.4,0.0,12.8,310,24.5,986.4,65.0,33.1,627.0,29.7,21.0,63.0
2024-04-05 09:00:00,30.1,27,9.2,0.0,9.9,314,24.5,987.0,83.1,35.2,575.0,26.0,22.2,89.0
2024-04-05 10:00:00,33.2,21,7.8,0.0,14.5,330,28.4,986.8,99.2,38.1,458.0,18.5,22.7,124.0
2024-04-05 11:00:00,34.5,16,4.9,0.0,18.7,332,37.8,986.5,96.6,35.5,356.0,12.3,21.8,147.0
2024-04-05 12:00:00,35.2,15,4.7,0.0,17.6,313,36.0,985.6,96.2,29.4,291.0,8.9,18.3,147.0
2024-04-05 13:00:00,35.9,14,4.7,0.0,22.7,303,41.8,984.7,121.1,30.2,241.0,6.8,13.5,135.0
2024-04-05 14:00:00,34.4,15,4.4,0.0,22.5,302,43.2,983.7,146.7,33.1,215.0,6.4,9.9,124.0
2024-04-05 15:00:00,35.0,15,4.1,0.0,25.9,309,45.7,983.3,165.8,37.6,207.0,6.6,8.3,120.0
2024-04-05 16:00:00,32.9,17,4.7,0.0,23.6,309,46.4,983.5,149.9,35.4,225.0,8.4,7.9,117.0
2024-04-05 17:00:00,32.3,18,5.1,0.0,20.2,269,39.6,983.5,125.3,26.6,299.0,16.0,8.7,106.0
2024-04-05 18:00:00,30.1,22,6.3,0.0,11.3,233,24.8,983.9,119.0,31.7,451.0,26.9,12.8,87.0
2024-04-05 19:00:00,28.3,23,5.5,0.0,8.6,248,18.4,984.2,125.3,37.6,659.0,41.8,18.4,62.0
2024-04-05 20:00:00,26.0,27,5.6,0.0,8.2,299,12.6,984.8,135.5,42.8,799.0,51.8,22.2,43.0
2024-04-05 21:00:00,27.3,23,4.6,0.0,12.7,325,20.9,985.7,142.0,45.8,818.0,53.2,22.5,37.0
2024-04-05 22:00:00,25.9,26,4.7,0.0,10.0,347,20.5,985.8,142.5,45.6,769.0,49.7,21.0,37.0
2024-04-05 23:00:00,24.0,28,4.5,0.0,9.0,344,15.8,985.3,139.2,42.8,694.0,43.7,19.1,42.0
2024-04-06 00:00:00,23.1,28,3.7,0.0,10.4,346,16.9,984.9,133.6,39.5,585.0,34.2,16.8,53.0
2024-04-06 01:00:00,22.1,29,3.1,0.0,9.7,345,16.6,984.4,127.6,38.3,450.0,22.3,14.1,67.0
2024-04-06 02:00:00,21.4,30,3.0,0.0,9.1,351,15.5,984.0,121.1,38.4,351.0,13.6,12.2,76.0
2024-04-06 03:00:00,20.9,31,3.0,0.0,9.8,352,15.8,983.7,114.8,38.8,308.0,10.6,11.6,74.0
2024-04-06 04:00:00,20.2,32,2.8,0.0,8.9,346,15.8,983.6,108.3,39.0,301.0,10.8,11.8,67.0
2024-04-06 05:00:00,19.6,32,2.7,0.0,8.1,339,14.0,983.8,100.8,38.8,400.0,16.2,11.4,50.0
2024-04-06 06:00:00,19.2,38,4.4,0.0,7.9,313,11.9,985.1,96.6,39.7,503.0,20.7,13.4,50.0
2024-04-06 07:00:00,22.0,34,5.4,0.0,10.4,304,17.6,985.9,94.3,43.2,640.0,26.6,16.2,51.0
2024-04-06 08:00:00,25.5,28,5.9,0.0,8.5,306,18.4,986.9,92.7,46.3,700.0,29.1,19.0,63.0
2024-04-06 09:00:00,28.5,23,5.7,0.0,9.4,302,21.6,987.4,82.7,44.0,611.0,24.9,22.2,96.0
2024-04-06 10:00:00,31.1,19,5.1,0.0,11.5,309,25.6,987.3,69.6,38.0,446.0,17.2,25.2,140.0
2024-04-06 11:00:00,33.0,15,3.0,0.0,14.1,322,30.2,986.9,62.4,31.4,314.0,10.8,25.9,172.0
2024-04-06 12:00:00,34.2,13,1.9,0.0,16.6,321,34.2,986.2,56.0,24.9,255.0,7.1,22.0,181.0
2024-04-06 13:00:00,34.6,13,2.2,0.0,19.1,313,37.8,985.0,54.5,21.8,228.0,4.6,15.8,177.0
2024-04-06 14:00:00,34.7,13,2.2,0.0,19.5,308,38.2,984.0,61.0,20.5,221.0,4.0,11.1,170.0
2024-04-06 15:00:00,34.5,13,1.9,0.0,19.2,308,37.8,983.2,72.2,19.6,224.0,5.0,9.5,164.0
2024-04-06 16:00:00,34.0,11,-0.1,0.0,18.8,299,36.4,982.7,87.3,19.3,247.0,7.8,9.5,156.0
2024-04-06 17:00:00,33.0,13,0.8,0.0,13.3,289,33.8,982.6,98.3,19.7,313.0,14.0,11.4,143.0
2024-04-06 18:00:00,29.8,19,3.6,0.0,10.6,336,26.3,983.0,105.0,27.4,409.0,22.7,13.7,121.0
2024-04-06 19:00:00,27.5,20,2.6,0.0,10.3,348,17.3,983.7,119.0,33.2,540.0,34.6,16.9,91.0
2024-04-06 20:00:00,25.8,21,2.0,0.0,9.5,351,16.6,984.4,130.9,36.2,630.0,42.4,19.0,68.0
2024-04-06 21:00:00,24.7,22,1.5,0.0,8.8,351,15.1,985.0,137.8,38.0,645.0,42.4,19.2,59.0
2024-04-06 22:00:00,23.9,22,0.9,0.0,9.1,342,14.0,985.0,141.1,39.3,618.0,38.3,18.2,58.0
2024-04-06 23:00:00,23.4,22,0.6,0.0,9.2,334,14.4,984.8,137.4,39.3,580.0,33.6,16.9,58.0
2024-04-07 00:00:00,21.4,27,1.4,0.0,11.4,325,14.4,984.3,126.7,37.5,528.0,28.6,14.9,59.0
2024-04-07 01:00:00,20.9,28,1.8,0.0,10.6,332,14.0,984.0,113.4,35.5,465.0,23.0,12.5,62.0
2024-04-07 02:00:00,21.4,27,1.5,0.0,8.6,303,11.9,983.8,100.6,34.0,420.0,19.1,10.9,62.0
2024-04-07 03:00:00,19.9,30,1.6,0.0,7.1,255,9.4,983.5,88.5,33.1,396.0,17.9,10.5,57.0
2024-04-07 04:00:00,17.7,35,2.1,0.0,9.0,254,10.1,983.6,80.6,32.6,392.0,18.5,10.8,49.0
2024-04-07 05:00:00,17.0,36,1.8,0.0,7.9,294,11.2,984.0,76.1,35.7,495.0,24.9,14.1,41.0
2024-04-07 06:00:00,18.0,39,4.0,0.0,6.2,291,9.4,985.1,83.4,39.5,665.0,32.0,17.4,46.0
2024-04-07 07:00:00,21.2,34,4.8,0.0,8.0,306,13.7,986.1,95.5,50.4,890.0,41.3,21.7,53.0
2024-04-07 08:00:00,25.0,28,5.3,0.0,6.6,279,16.2,987.1,89.9,52.2,980.0,44.3,24.2,70.0
2024-04-07 09:00:00,28.6,22,4.8,0.0,7.5,287,19.1,987.4,70.5,43.8,805.0,34.7,23.1,105.0
2024-04-07 10:00:00,31.5,17,3.8,0.0,10.0,300,23.4,987.2,54.4,32.7,496.0,18.8,20.2,148.0
2024-04-07 11:00:00,33.5,12,0.6,0.0,16.8,312,33.5,986.7,36.7,20.7,261.0,6.7,17.2,178.0
2024-04-07 12:00:00,34.3,12,1.1,0.0,18.6,319,37.8,985.9,33.2,15.5,190.0,2.7,14.5,184.0
2024-04-07 13:00:00,35.0,10,-0.8,0.0,17.1,316,37.4,984.8,39.7,14.9,193.0,2.7,11.8,177.0
2024-04-07 14:00:00,35.2,10,-1.6,0.0,18.3,315,36.0,983.9,50.3,15.0,210.0,3.9,9.9,168.0
2024-04-07 15:00:00,34.8,9,-2.3,0.0,18.6,311,36.0,983.1,68.0,15.0,207.0,4.6,8.8,162.0
2024-04-07 16:00:00,34.5,9,-2.8,0.0,18.4,301,35.3,982.9,92.7,16.2,219.0,6.6,8.4,155.0
2024-04-07 17:00:00,33.2,11,-1.6,0.0,18.0,296,33.8,983.2,62.6,13.4,289.0,13.2,9.9,142.0
2024-04-07 18:00:00,31.1,11,-2.9,0.0,16.6,300,29.2,983.2,70.3,19.7,429.0,26.3,13.2,117.0
2024-04-07 19:00:00,29.8,11,-3.4,0.0,14.3,321,27.4,983.6,88.9,27.0,620.0,44.1,17.8,82.0
2024-04-07 20:00:00,27.0,14,-2.7,0.0,8.2,311,22.7,984.0,106.2,31.8,750.0,55.6,21.0,56.0
2024-04-07 21:00:00,25.5,16,-1.9,0.0,10.4,316,16.2,985.0,118.5,34.1,764.0,55.2,21.6,49.0
2024-04-07 22:00:00,24.1,20,0.1,0.0,9.0,323,16.6,985.4,124.3,35.7,717.0,48.4,20.7,51.0
2024-04-07 23:00:00,23.4,23,0.9,0.0,9.7,329,15.5,985.2,124.8,37.0,663.0,41.4,19.4,53.0
2024-04-08 00:00:00,22.0,25,1.0,0.0,7.4,321,15.1,984.7,119.2,36.4,610.0,35.3,17.4,53.0
2024-04-08 01:00:00,20.9,28,1.5,0.0,7.6,289,10.8,984.3,112.5,35.9,549.0,28.9,14.9,53.0
2024-04-08 02:00:00,19.3,33,2.5,0.0,10.4,290,12.2,983.7,104.8,35.4,508.0,24.7,13.4,52.0
2024-04-08 03:00:00,18.8,34,2.5,0.0,8.1,291,11.9,983.5,97.3,34.9,484.0,23.6,13.5,46.0
2024-04-08 04:00:00,18.5,35,2.6,0.0,7.2,276,10.4,983.8,92.9,34.7,478.0,24.8,14.6,39.0
2024-04-08 05:00:00,17.9,36,2.7,0.0,8.7,277,10.8,984.2,87.8,35.4,534.0,31.5,17.3,29.0
2024-04-08 06:00:00,18.7,39,4.6,0.0,6.5,326,10.1,985.5,80.1,36.7,629.0,33.0,18.1,35.0
2024-04-08 07:00:00,22.0,35,5.8,0.0,9.2,349,15.5,986.3,76.6,40.5,754.0,34.8,19.3,45.0
2024-04-08 08:00:00,26.5,29,7.1,0.0,4.2,340,15.8,987.3,74.0,42.0,797.0,33.8,20.8,64.0
2024-04-08 09:00:00,30.4,22,6.5,0.0,2.9,300,13.3,988.0,66.4,38.6,679.0,27.5,23.4,100.0
2024-04-08 10:00:00,33.1,17,4.9,0.0,4.9,306,16.6,988.2,55.5,32.7,479.0,18.3,26.2,144.0
2024-04-08 11:00:00,34.6,14,3.3,0.0,7.4,321,20.9,988.0,46.1,26.4,323.0,11.0,26.5,176.0
2024-04-08 12:00:00,35.7,12,1.4,0.0,10.2,312,24.5,987.4,45.1,23.9,260.0,6.9,22.0,185.0
2024-04-08 13:00:00,36.2,11,0.8,0.0,12.5,311,28.4,986.8,43.5,21.0,241.0,4.5,15.0,181.0
2024-04-08 14:00:00,36.5,11,0.9,0.0,15.3,317,31.3,986.0,39.5,16.8,242.0,4.2,9.8,173.0
2024-04-08 15:00:00,36.0,11,1.1,0.0,19.3,327,36.7,985.2,43.9,15.6,242.0,5.2,7.9,165.0
2024-04-08 16:00:00,35.5,11,0.2,0.0,17.6,316,36.7,984.9,54.5,15.9,261.0,8.2,7.9,154.0
2024-04-08 17:00:00,34.6,11,0.3,0.0,14.1,320,32.0,984.8,70.3,17.1,327.0,14.9,9.7,133.0
2024-04-08 18:00:00,31.4,11,-3.2,0.0,12.7,352,27.7,984.5,81.0,23.9,449.0,25.7,13.0,110.0
2024-04-08 19:00:00,29.2,12,-2.6,0.0,12.6,357,20.9,985.0,98.3,31.1,616.0,40.5,17.5,79.0
2024-04-08 20:00:00,27.5,15,-1.8,0.0,12.2,2,20.5,986.0,112.2,36.1,736.0,50.5,20.8,55.0
2024-04-08 21:00:00,26.3,17,-0.5,0.0,10.8,2,19.8,986.6,120.6,39.1,766.0,51.1,21.6,46.0
2024-04-08 22:00:00,25.2,19,-0.1,0.0,9.5,11,17.6,986.7,122.5,40.6,749.0,46.9,21.1,45.0
2024-04-08 23:00:00,23.8,22,0.6,0.0,7.6,19,15.1,986.4,118.0,40.0,725.0,42.8,20.4,45.0
2024-04-09 00:00:00,25.0,20,0.8,0.0,2.6,146,13.0,986.3,108.5,37.8,697.0,39.9,19.5,43.0
2024-04-09 01:00:00,20.6,29,2.0,0.0,6.1,183,7.2,985.6,102.2,37.3,661.0,37.0,18.4,43.0
2024-04-09 02:00:00,21.4,27,1.6,0.0,5.7,215,7.2,985.4,102.2,38.1,643.0,36.0,18.2,40.0
2024-04-09 03:00:00,19.5,31,1.9,0.0,8.4,227,9.4,985.3,104.8,39.6,648.0,38.1,19.5,31.0
2024-04-09 04:00:00,19.8,30,1.5,0.0,5.9,284,9.7,985.3,108.0,41.3,672.0,42.1,21.8,21.0
2024-04-09 05:00:00,18.2,33,1.9,0.0,7.1,294,8.6,985.6,60.8,31.7,533.0,23.8,14.8,38.0
2024-04-09 06:00:00,19.9,38,4.9,0.0,8.0,352,12.2,986.4,62.9,34.7,673.0,29.8,17.0,43.0
2024-04-09 07:00:00,22.4,36,6.8,0.0,0.4,180,14.0,987.6,69.8,42.6,857.0,37.6,20.1,50.0
2024-04-09 08:00:00,26.1,30,7.2,0.0,0.0,270,10.8,988.5,69.6,44.4,930.0,40.7,23.7,67.0
2024-04-09 09:00:00,29.8,24,6.9,0.0,1.1,18,11.2,988.9,64.3,41.0,784.0,34.6,28.5,100.0
2024-04-09 10:00:00,32.5,18,5.3,0.0,1.8,53,12.6,988.9,68.7,34.0,528.0,23.8,33.8,142.0
2024-04-09 11:00:00,34.2,16,4.5,0.0,1.0,45,13.0,988.6,70.8,32.9,333.0,15.0,36.3,176.0
2024-04-09 12:00:00,35.6,14,4.2,0.0,1.8,349,13.7,988.0,63.8,30.9,270.0,10.2,33.9,195.0
2024-04-09 13:00:00,36.8,10,0.7,0.0,7.4,317,21.2,987.1,64.7,29.0,268.0,7.5,28.8,206.0
2024-04-09 14:00:00,37.4,9,-1.3,0.0,13.1,323,28.1,986.0,68.7,28.0,287.0,7.4,24.2,207.0
2024-04-09 15:00:00,37.0,8,-2.6,0.0,19.0,323,35.3,985.0,68.0,26.4,311.0,10.3,20.6,195.0
2024-04-09 16:00:00,36.3,8,-2.8,0.0,18.0,327,36.0,984.4,66.6,25.3,357.0,16.0,17.5,173.0
2024-04-09 17:00:00,35.0,9,-1.9,0.0,11.8,333,32.4,984.3,64.5,19.5,316.0,15.4,10.0,134.0
2024-04-09 18:00:00,31.9,10,-3.0,0.0,16.9,20,28.4,984.8,69.2,27.5,418.0,23.9,13.1,115.0
2024-04-09 19:00:00,30.4,11,-2.8,0.0,17.0,17,31.3,985.4,71.5,32.6,558.0,35.7,17.4,88.0
2024-04-09 20:00:00,29.1,13,-1.9,0.0,14.0,26,27.4,986.1,65.7,33.8,662.0,43.8,20.7,68.0
2024-04-09 21:00:00,27.2,17,-0.2,0.0,10.0,13,23.0,986.6,59.8,34.1,694.0,44.7,21.9,61.0
2024-04-09 22:00:00,26.0,19,0.3,0.0,8.4,25,15.8,986.8,57.0,35.4,689.0,42.1,22.1,59.0
2024-04-09 23:00:00,25.0,19,-0.2,0.0,9.2,26,13.7,986.6,56.2,37.7,686.0,40.2,22.5,58.0
2024-04-10 00:00:00,24.5,20,-0.2,0.0,9.5,29,15.5,986.3,57.9,39.8,695.0,40.6,23.3,54.0
2024-04-10 01:00:00,22.0,26,1.8,0.0,8.0,100,15.1,985.9,61.0,42.1,705.0,41.8,24.1,50.0
2024-04-10 02:00:00,21.0,27,1.0,0.0,7.6,188,12.2,985.9,64.7,44.2,717.0,43.3,25.4,45.0
2024-04-10 03:00:00,22.5,24,0.6,0.0,1.9,292,11.2,985.7,69.2,46.3,722.0,45.1,27.2,37.0
2024-04-10 04:00:00,19.1,31,1.6,0.0,6.9,298,7.9,985.7,73.6,48.1,729.0,47.2,29.4,30.0
2024-04-10 05:00:00,19.2,32,2.0,0.0,6.3,301,9.0,986.0,53.4,33.4,511.0,20.9,17.5,61.0
2024-04-10 06:00:00,21.4,45,8.9,0.0,6.8,3,12.6,986.8,53.9,34.1,601.0,25.5,18.9,67.0
2024-04-10 07:00:00,23.9,41,9.8,0.0,3.0,346,10.4,988.2,57.3,37.4,719.0,31.5,20.8,76.0
2024-04-10 08:00:00,27.4,35,10.7,0.0,3.2,63,11.9,988.9,61.5,40.6,761.0,33.6,22.6,94.0
2024-04-10 09:00:00,31.1,28,10.6,0.0,6.6,68,18.4,989.1,65.2,41.0,654.0,27.9,24.5,128.0
2024-04-10 10:00:00,34.0,23,9.9,0.0,6.8,90,19.8,988.9,65.0,36.9,472.0,18.3,26.3,171.0
2024-04-10 11:00:00,35.5,21,9.9,0.0,4.0,85,19.8,988.4,65.2,30.9,329.0,10.6,26.5,202.0
2024-04-10 12:00:00,36.9,16,6.8,0.0,7.4,43,19.4,987.6,65.9,25.6,268.0,6.7,23.8,211.0
2024-04-10 13:00:00,36.7,14,4.6,0.0,13.4,54,30.6,987.0,62.6,22.5,246.0,4.8,19.5,209.0
2024-04-10 14:00:00,36.2,13,3.8,0.0,4.3,360,29.9,986.1,63.6,21.8,252.0,5.5,16.5,202.0
2024-04-10 15:00:00,36.9,10,0.8,0.0,10.0,249,23.0,985.2,66.4,22.1,256.0,7.6,15.1,194.0
2024-04-10 16:00:00,36.9,10,0.7,0.0,9.7,270,23.4,984.3,70.1,22.5,288.0,12.4,14.9,182.0
2024-04-10 17:00:00,35.6,12,2.1,0.0,11.9,325,21.6,984.1,53.6,24.4,383.0,19.6,12.7,141.0
2024-04-10 18:00:00,32.1,13,-0.2,0.0,7.8,77,30.6,984.5,75.2,40.9,698.0,40.7,20.2,112.0
2024-04-10 19:00:00,28.9,16,0.9,0.0,7.9,90,12.6,985.2,89.6,53.9,1125.0,69.4,30.4,71.0
2024-04-10 20:00:00,27.2,19,1.4,0.0,8.2,105,13.0,986.1,91.0,57.9,1394.0,87.7,36.8,40.0
2024-04-10 21:00:00,25.4,22,2.1,0.0,7.3,79,12.6,986.7,87.1,53.4,1350.0,85.3,35.5,29.0
2024-04-10 22:00:00,24.4,25,3.2,0.0,8.7,95,10.4,987.1,79.6,49.7,1149.0,72.5,30.4,28.0
2024-04-10 23:00:00,23.8,26,3.2,0.0,8.2,128,10.4,986.8,71.5,47.7,987.0,61.7,26.3,28.0
2024-04-11 00:00:00,23.5,27,3.5,0.0,8.0,144,9.7,986.5,71.2,46.6,948.0,57.8,25.0,25.0
2024-04-11 01:00:00,23.5,27,3.2,0.0,8.6,182,12.6,986.3,76.6,47.6,948.0,56.0,24.7,24.0
2024-04-11 02:00:00,21.9,32,4.3,0.0,10.7,135,14.0,985.8,80.1,47.8,934.0,53.7,24.6,23.0
2024-04-11 03:00:00,21.0,34,4.3,0.0,8.0,117,12.2,985.6,80.1,45.9,866.0,49.5,24.2,21.0
2024-04-11 04:00:00,20.8,34,4.5,0.0,7.4,133,11.5,985.8,68.5,43.2,784.0,44.9,24.0,21.0
2024-04-11 05:00:00,20.7,36,4.9,0.0,8.7,156,14.0,986.3,107.3,47.0,627.0,36.0,24.7,32.0
2024-04-11 06:00:00,22.1,32,4.5,0.0,4.9,54,7.6,987.5,109.2,50.8,767.0,40.6,25.9,41.0
2024-04-11 07:00:00,24.4,30,5.6,0.0,8.8,279,14.0,988.9,109.4,58.7,951.0,46.5,27.7,54.0
2024-04-11 08:00:00,28.1,25,6.4,0.0,10.2,8,21.6,989.7,105.2,59.4,1022.0,47.6,30.2,77.0
2024-04-11 09:00:00,31.2,20,5.5,0.0,9.0,16,23.0,990.2,99.9,57.5,870.0,39.3,34.7,118.0
2024-04-11 10:00:00,33.6,16,4.4,0.0,12.6,20,27.4,990.4,92.2,53.8,604.0,26.2,39.8,168.0
2024-04-11 11:00:00,34.8,15,4.0,0.0,10.2,51,28.4,989.9,83.1,45.4,396.0,15.6,41.4,205.0
2024-04-11 12:00:00,36.7,14,4.6,0.0,10.8,64,26.3,989.2,80.8,41.3,316.0,10.1,36.5,218.0
2024-04-11 13:00:00,37.8,11,2.4,0.0,7.9,66,26.3,988.1,81.7,40.6,293.0,7.1,28.1,218.0
2024-04-11 14:00:00,37.9,11,2.0,0.0,4.0,85,21.6,987.0,83.8,39.8,292.0,6.3,21.6,214.0
2024-04-11 15:00:00,37.8,11,2.5,0.0,1.8,79,16.2,986.1,85.4,39.2,303.0,8.1,18.9,208.0
2024-04-11 16:00:00,37.2,12,2.5,0.0,5.2,25,13.3,985.7,86.6,38.5,336.0,12.1,18.0,198.0
2024-04-11 17:00:00,35.8,13,3.2,0.0,8.9,40,16.6,985.7,88.9,35.0,391.0,19.7,15.0,146.0
2024-04-11 18:00:00,32.0,18,5.1,0.0,7.7,53,20.2,986.1,88.2,38.4,398.0,20.1,15.3,133.0
2024-04-11 19:00:00,30.4,19,4.2,0.0,9.4,182,13.7,986.8,89.2,37.5,408.0,20.7,15.8,114.0
2024-04-11 20:00:00,29.0,24,6.7,0.0,3.9,68,15.1,987.6,82.7,35.4,419.0,21.4,16.1,98.0
2024-04-11 21:00:00,28.0,24,5.3,0.0,10.2,48,16.9,988.0,71.7,33.4,431.0,22.3,16.1,88.0
2024-04-11 22:00:00,26.0,28,5.8,0.0,9.7,94,16.2,987.7,65.7,33.2,443.0,23.4,15.9,81.0
2024-04-11 23:00:00,24.9,31,6.4,0.0,11.9,65,13.7,987.4,65.2,34.0,456.0,24.6,15.8,74.0
2024-04-12 00:00:00,25.1,29,5.8,0.0,8.2,23,13.3,987.0,65.7,34.6,467.0,25.8,16.0,65.0
2024-04-12 01:00:00,24.5,30,5.9,0.0,8.3,34,14.4,986.5,67.1,35.6,478.0,27.0,16.3,56.0
2024-04-12 02:00:00,22.2,37,7.0,0.0,10.7,70,12.6,986.2,70.3,37.1,492.0,28.4,16.6,48.0
2024-04-12 03:00:00,22.0,37,6.6,0.0,7.4,61,11.9,986.0,72.9,38.2,496.0,29.8,16.7,38.0
2024-04-12 04:00:00,21.5,40,7.2,0.0,8.4,100,11.9,985.9,74.5,38.6,504.0,31.3,16.8,30.0
2024-04-12 05:00:00,22.5,37,7.0,0.0,5.9,43,9.4,986.6,53.7,32.2,443.0,20.6,15.8,57.0
2024-04-12 06:00:00,22.4,38,7.3,0.0,6.8,205,11.9,987.7,57.0,33.8,555.0,26.6,18.3,57.0
2024-04-12 07:00:00,24.8,35,8.4,0.0,6.2,339,11.5,988.2,67.1,39.7,704.0,34.5,21.7,59.0
2024-04-12 08:00:00,28.2,29,8.4,0.0,4.0,280,13.0,989.2,75.9,43.4,769.0,37.7,25.0,73.0
2024-04-12 09:00:00,31.6,24,8.4,0.0,5.8,4,16.6,989.4,86.6,43.4,669.0,31.7,28.4,109.0
2024-04-12 10:00:00,34.7,19,8.1,0.0,6.4,52,19.1,989.3,99.7,41.2,485.0,21.0,31.6,156.0
2024-04-12 11:00:00,36.5,14,4.6,0.0,6.9,81,20.9,988.8,107.8,36.7,341.0,12.3,32.3,192.0
2024-04-12 12:00:00,37.2,12,3.6,0.0,4.7,58,20.5,988.1,103.8,34.9,284.0,8.0,28.5,206.0
2024-04-12 13:00:00,37.6,12,3.6,0.0,3.8,49,18.0,987.1,89.2,32.2,268.0,5.7,22.2,208.0
2024-04-12 14:00:00,37.8,12,3.5,0.0,3.6,45,16.9,986.0,83.8,30.6,271.0,5.6,17.5,205.0
2024-04-12 15:00:00,37.7,12,3.2,0.0,4.6,39,16.2,984.8,82.4,30.4,273.0,6.6,15.8,201.0
2024-04-12 16:00:00,37.3,12,2.8,0.0,7.5,55,18.0,984.2,81.7,30.4,294.0,9.7,15.6,192.0
2024-04-12 17:00:00,36.5,12,2.5,0.0,10.9,63,20.2,984.0,96.6,33.8,347.0,14.7,16.6,174.0
2024-04-12 18:00:00,33.1,13,1.3,0.0,9.9,33,22.0,984.9,104.1,48.1,442.0,22.2,18.1,149.0
2024-04-12 19:00:00,30.0,16,1.8,0.0,8.7,45,15.8,985.3,102.9,48.9,570.0,32.3,20.1,115.0
2024-04-12 20:00:00,29.0,18,2.0,0.0,8.5,62,16.2,986.2,92.9,42.6,648.0,38.3,21.0,89.0
2024-04-12 21:00:00,27.4,20,2.5,0.0,7.4,119,14.0,986.6,84.1,37.0,627.0,36.3,19.9,80.0
2024-04-12 22:00:00,26.1,23,3.5,0.0,9.4,92,12.6,986.3,75.4,34.0,556.0,30.2,17.7,79.0
2024-04-12 23:00:00,25.9,24,3.8,0.0,8.4,97,12.6,985.9,72.2,33.2,497.0,25.1,15.9,77.0
2024-04-13 00:00:00,25.5,24,3.6,0.0,10.6,145,16.6,986.0,72.9,32.6,470.0,22.5,14.8,72.0
2024-04-13 01:00:00,25.1,23,2.7,0.0,9.9,147,16.6,985.7,86.8,34.1,455.0,20.9,14.1,66.0
2024-04-13 02:00:00,25.8,22,2.3,0.0,12.7,151,20.2,985.4,109.9,38.8,453.0,20.3,14.0,60.0
2024-04-13 03:00:00,25.4,26,4.7,0.0,10.0,150,20.5,985.4,120.6,44.1,456.0,20.7,14.6,51.0
2024-04-13 04:00:00,24.0,32,6.4,0.0,7.4,166,15.5,985.4,119.0,48.4,473.0,22.2,15.8,42.0
2024-04-13 05:00:00,23.6,35,7.2,0.0,7.6,199,13.0,986.0,103.6,49.0,548.0,26.8,17.5,35.0
2024-04-13 06:00:00,24.1,42,10.3,0.0,11.6,158,19.1,986.9,107.1,53.2,623.0,30.1,19.2,41.0
2024-04-13 07:00:00,26.0,40,11.3,0.0,7.7,143,18.0,987.7,115.3,61.0,722.0,34.4,21.5,50.0
2024-04-13 08:00:00,28.7,36,12.2,0.0,4.6,135,14.4,988.5,105.5,58.3,762.0,35.3,23.6,70.0
2024-04-13 09:00:00,31.7,32,13.0,0.0,4.6,135,16.2,988.7,96.6,54.6,689.0,29.6,25.3,111.0
2024-04-13 10:00:00,34.3,27,12.8,0.0,4.2,110,16.9,988.3,94.1,54.2,557.0,20.5,26.8,163.0
2024-04-13 11:00:00,36.5,21,10.7,0.0,7.4,129,20.5,987.5,100.4,55.5,449.0,13.4,27.6,201.0
2024-04-13 12:00:00,37.9,14,5.4,0.0,13.8,131,29.9,986.4,101.5,53.3,394.0,10.4,27.1,215.0
2024-04-13 13:00:00,38.5,13,4.7,0.0,12.0,131,31.0,985.4,99.4,49.5,363.0,9.4,25.9,216.0
2024-04-13 14:00:00,38.5,12,4.3,0.0,9.8,152,27.7,984.3,98.3,45.6,348.0,9.7,24.8,212.0
2024-04-13 15:00:00,38.2,13,4.4,0.0,11.8,160,24.1,983.4,104.3,44.2,313.0,8.6,22.9,207.0
2024-04-13 16:00:00,37.8,13,4.2,0.0,14.6,170,27.7,983.0,111.8,44.0,294.0,8.8,21.2,196.0
2024-04-13 17:00:00,36.7,13,4.3,0.0,10.9,172,27.4,983.0,110.8,56.2,736.0,49.2,32.6,133.0
2024-04-13 18:00:00,27.4,62,19.4,2.1,9.8,298,39.2,986.5,136.0,66.1,733.0,47.2,30.3,119.0
2024-04-13 19:00:00,24.6,62,16.9,1.1,10.9,287,25.9,986.0,161.1,70.1,726.0,44.1,27.1,100.0
2024-04-13 20:00:00,25.6,59,17.0,0.0,9.1,326,17.6,986.4,231.9,74.0,690.0,39.4,23.8,87.0
2024-04-13 21:00:00,26.5,45,13.8,0.0,10.1,354,16.6,986.7,326.0,85.0,600.0,31.8,20.3,85.0
2024-04-13 22:00:00,26.6,40,11.9,0.0,7.3,9,15.8,986.7,338.1,91.5,481.0,22.7,16.8,88.0
2024-04-13 23:00:00,26.0,41,11.6,0.0,7.1,49,11.2,986.6,283.1,87.5,390.0,15.5,14.4,91.0
2024-04-14 00:00:00,24.2,45,11.4,0.0,7.9,93,12.6,986.9,205.8,77.3,351.0,11.5,13.9,94.0
2024-04-14 01:00:00,23.2,48,11.5,0.0,8.4,353,11.9,987.2,152.3,68.5,339.0,9.5,14.6,97.0
2024-04-14 02:00:00,22.9,47,10.9,0.0,7.6,25,15.1,986.7,125.7,63.6,340.0,8.7,15.5,96.0
2024-04-14 03:00:00,22.3,51,11.6,0.0,7.0,348,11.5,986.9,112.7,60.8,346.0,9.2,16.2,88.0
2024-04-14 04:00:00,21.9,56,12.6,0.0,6.9,351,10.4,986.9,101.5,58.9,364.0,11.0,17.1,77.0
2024-04-14 05:00:00,22.5,57,13.4,0.0,9.2,339,14.4,987.1,230.0,85.0,384.0,13.0,15.1,74.0
2024-04-14 06:00:00,25.5,55,15.8,0.3,5.9,322,30.2,988.3,248.7,88.2,471.0,18.9,16.8,69.0
2024-04-14 07:00:00,24.6,71,19.0,0.3,4.7,203,7.6,989.4,238.0,92.0,586.0,26.8,19.1,62.0
2024-04-14 08:00:00,26.0,61,17.9,0.0,6.6,292,14.0,990.5,234.2,89.9,644.0,30.7,21.0,67.0
2024-04-14 09:00:00,27.0,51,16.0,0.0,11.7,288,20.9,991.3,193.7,80.6,589.0,26.8,22.3,92.0
2024-04-14 10:00:00,27.6,46,14.9,0.0,11.2,312,25.6,991.5,158.3,71.0,476.0,19.0,23.1,128.0
2024-04-14 11:00:00,29.7,39,14.4,0.0,13.3,360,27.4,990.8,138.8,61.2,382.0,12.4,23.0,157.0
2024-04-14 12:00:00,32.5,32,13.5,0.0,11.3,7,31.0,990.1,145.3,57.2,335.0,8.9,21.3,171.0
2024-04-14 13:00:00,32.0,33,13.6,0.0,6.0,343,26.6,989.2,146.7,54.1,308.0,6.8,18.7,178.0
2024-04-14 14:00:00,33.0,31,13.4,0.2,9.0,53,25.2,987.7,142.5,52.4,294.0,6.0,16.7,180.0
2024-04-14 15:00:00,33.5,28,12.4,0.0,7.6,45,23.0,986.9,140.6,53.1,291.0,6.8,15.9,177.0
2024-04-14 16:00:00,33.5,26,11.6,0.0,7.4,47,20.9,986.3,137.8,54.2,303.0,8.9,15.7,169.0
2024-04-14 17:00:00,32.8,27,11.1,0.0,8.2,52,18.0,986.3,111.5,46.9,322.0,11.4,13.0,142.0
2024-04-14 18:00:00,28.3,44,14.8,0.0,19.6,32,38.2,986.9,98.3,48.3,371.0,15.3,14.1,126.0
2024-04-14 19:00:00,27.1,47,14.7,0.0,14.0,18,33.8,988.4,97.3,50.1,438.0,20.7,15.5,104.0
2024-04-14 20:00:00,26.4,52,15.7,0.0,15.2,5,25.2,988.8,96.2,52.3,488.0,24.4,16.4,87.0
2024-04-14 21:00:00,26.0,53,15.8,0.0,13.2,29,24.8,988.8,100.6,54.6,507.0,25.0,16.4,79.0
2024-04-14 22:00:00,25.8,53,15.4,0.0,9.9,46,22.0,988.7,104.8,56.3,509.0,24.0,15.8,76.0
2024-04-14 23:00:00,25.4,53,15.2,0.0,6.5,34,16.2,988.5,103.1,56.7,504.0,22.6,15.1,73.0
2024-04-15 00:00:00,24.7,55,15.0,0.0,5.5,23,10.4,988.0,98.5,55.4,490.0,20.9,14.1,69.0
2024-04-15 01:00:00,23.9,57,14.8,0.0,5.8,353,9.7,987.6,93.1,53.8,467.0,18.9,12.9,65.0
2024-04-15 02:00:00,22.8,61,14.8,0.0,5.4,4,9.0,987.1,90.6,51.8,451.0,17.9,12.4,62.0
2024-04-15 03:00:00,22.1,63,14.9,0.0,5.0,339,7.6,987.0,88.0,49.4,437.0,18.1,12.7,60.0
2024-04-15 04:00:00,21.8,64,14.7,0.0,4.9,343,7.9,987.0,87.1,47.4,428.0,19.3,13.6,58.0
2024-04-15 05:00:00,21.9,65,14.9,0.0,5.9,11,8.6,987.2,95.9,54.5,543.0,25.9,16.7,40.0
2024-04-15 06:00:00,22.9,73,17.6,0.2,23.1,217,48.2,989.8,98.3,55.3,600.0,29.2,19.5,45.0
2024-04-15 07:00:00,23.9,75,19.1,0.7,1.8,127,35.3,988.8,108.0,56.9,673.0,33.3,23.4,52.0
2024-04-15 08:00:00,24.8,75,20.0,0.1,8.6,90,18.7,989.3,122.5,59.5,689.0,34.1,26.5,67.0
2024-04-15 09:00:00,29.3,51,18.0,0.0,9.9,316,22.0,990.5,132.7,56.6,591.0,28.2,28.5,96.0
2024-04-15 10:00:00,31.5,39,15.8,0.0,5.5,281,22.3,990.6,125.7,48.1,436.0,18.9,29.7,131.0
2024-04-15 11:00:00,33.7,33,15.3,0.0,4.7,274,19.4,990.1,121.1,39.5,315.0,11.5,28.9,156.0
2024-04-15 12:00:00,35.0,30,14.7,0.0,4.0,275,18.4,989.0,122.0,32.0,268.0,8.0,24.4,160.0
2024-04-15 13:00:00,35.5,28,14.4,0.0,5.4,266,18.7,987.8,127.6,33.3,257.0,6.5,17.8,153.0
2024-04-15 14:00:00,36.7,25,13.3,0.0,10.4,250,25.2,986.4,132.7,34.7,257.0,6.2,12.8,145.0
2024-04-15 15:00:00,36.2,23,11.9,0.0,13.1,261,27.4,985.4,136.4,36.4,219.0,5.0,9.5,140.0
2024-04-15 16:00:00,36.0,23,11.8,0.0,13.6,258,28.1,985.0,135.0,37.8,192.0,5.0,7.8,134.0
2024-04-15 17:00:00,35.2,23,11.2,0.0,16.7,277,27.7,985.3,115.9,32.7,319.0,13.0,9.6,122.0
2024-04-15 18:00:00,30.9,42,16.6,0.0,6.4,333,28.8,986.4,109.2,40.7,565.0,26.6,17.2,98.0
2024-04-15 19:00:00,29.6,46,16.6,0.0,9.3,347,15.5,987.0,126.7,52.0,903.0,45.2,27.6,65.0
2024-04-15 20:00:00,28.1,50,16.6,0.0,5.8,353,14.8,987.6,134.6,60.1,1149.0,58.6,35.4,40.0
2024-04-15 21:00:00,26.9,53,16.6,0.0,7.6,355,11.2,987.9,136.9,64.0,1224.0,62.0,38.6,33.0
2024-04-15 22:00:00,26.0,57,16.8,0.0,7.6,352,12.2,987.6,133.2,63.8,1207.0,60.1,39.3,36.0
2024-04-15 23:00:00,25.0,60,16.8,0.0,5.5,302,8.6,987.5,137.4,65.4,1150.0,56.9,37.8,37.0
2024-04-16 00:00:00,24.9,61,16.9,0.0,4.8,297,7.6,987.3,145.8,67.1,1057.0,53.5,33.3,33.0
2024-04-16 01:00:00,24.5,62,16.7,0.0,6.4,297,9.4,986.8,131.3,61.9,925.0,48.8,26.8,29.0
2024-04-16 02:00:00,24.6,60,16.2,0.0,10.1,287,15.8,987.0,113.2,53.2,793.0,42.8,21.3,28.0
2024-04-16 03:00:00,24.5,60,16.4,0.0,7.7,298,15.8,986.8,125.7,51.1,658.0,34.2,17.8,34.0
2024-04-16 04:00:00,23.9,63,16.5,0.0,8.8,305,13.0,986.6,145.8,53.7,523.0,24.3,15.4,43.0
2024-04-16 05:00:00,23.5,64,16.2,0.0,9.8,306,16.2,986.7,131.8,58.0,796.0,44.7,23.8,25.0
2024-04-16 06:00:00,24.7,59,16.2,0.0,11.1,283,17.3,987.1,136.9,58.1,793.0,41.6,23.7,33.0
2024-04-16 07:00:00,26.8,49,15.2,0.0,12.3,291,21.6,988.2,134.1,60.5,782.0,36.9,23.4,45.0
2024-04-16 08:00:00,29.9,39,14.4,0.0,12.4,292,24.5,988.4,140.2,62.6,727.0,30.9,22.5,62.0
2024-04-16 09:00:00,32.2,33,13.8,0.0,17.0,306,33.5,988.6,148.1,63.3,585.0,22.2,20.6,89.0
2024-04-16 10:00:00,33.2,30,13.2,0.0,16.5,302,33.8,988.1,145.3,53.1,399.0,12.1,18.1,120.0
2024-04-16 11:00:00,34.1,27,12.6,0.0,18.4,298,36.7,988.1,121.1,38.8,261.0,4.8,15.5,142.0
2024-04-16 12:00:00,35.0,24,11.4,0.0,18.2,295,37.8,987.5,130.9,34.1,214.0,2.2,12.8,148.0
2024-04-16 13:00:00,35.6,22,10.4,0.0,18.4,298,37.4,986.4,156.0,31.9,215.0,2.4,10.1,144.0
2024-04-16 14:00:00,35.8,21,10.0,0.0,19.2,298,38.2,985.5,191.4,33.3,224.0,3.4,8.2,140.0
2024-04-16 15:00:00,35.8,21,9.8,0.0,20.0,300,38.2,984.6,221.7,34.6,228.0,4.7,7.6,138.0
2024-04-16 16:00:00,35.2,21,9.4,0.0,20.2,305,38.2,984.1,251.5,36.9,241.0,6.8,7.8,134.0
2024-04-16 17:00:00,34.4,20,8.4,0.0,19.9,305,36.7,984.1,224.9,31.2,238.0,9.0,7.9,129.0
2024-04-16 18:00:00,32.8,22,8.1,0.0,17.1,318,34.9,985.0,236.1,38.3,283.0,13.3,9.6,117.0
2024-04-16 19:00:00,30.9,24,7.7,0.0,15.9,322,28.4,985.3,245.9,45.6,343.0,19.1,11.8,101.0
2024-04-16 20:00:00,30.1,24,7.3,0.0,19.1,328,31.3,986.0,275.7,51.6,382.0,22.6,13.2,89.0
2024-04-16 21:00:00,29.5,25,7.7,0.0,19.0,327,32.0,986.4,291.5,55.8,378.0,21.6,12.9,87.0
2024-04-16 22:00:00,28.3,28,8.1,0.0,17.1,316,31.3,986.5,272.9,56.9,353.0,18.2,11.6,90.0
2024-04-16 23:00:00,27.0,31,8.4,0.0,15.0,300,27.7,986.2,237.5,55.1,330.0,15.2,10.7,92.0
2024-04-17 00:00:00,25.8,34,8.6,0.0,15.4,303,24.8,985.9,203.5,53.1,316.0,13.2,10.5,93.0
2024-04-17 01:00:00,25.1,35,8.8,0.0,16.6,309,27.4,985.7,180.2,51.2,304.0,11.5,10.5,93.0
2024-04-17 02:00:00,24.5,39,9.6,0.0,15.6,308,27.4,985.0,167.6,50.4,298.0,10.5,10.7,92.0
2024-04-17 03:00:00,23.6,43,10.4,0.0,15.5,312,25.2,984.8,161.1,50.1,298.0,10.3,11.0,87.0
2024-04-17 04:00:00,22.9,47,10.8,0.0,15.0,316,25.2,984.5,156.9,49.9,305.0,10.8,11.5,81.0
2024-04-17 05:00:00,22.0,50,11.1,0.0,13.8,317,24.5,984.6,155.5,50.6,326.0,11.7,12.3,78.0
2024-04-17 06:00:00,22.9,49,11.4,0.0,13.0,321,23.4,985.0,156.0,52.7,377.0,13.8,14.0,79.0
2024-04-17 07:00:00,24.8,45,11.9,0.0,13.0,312,23.0,986.2,147.1,55.4,443.0,16.4,16.3,81.0
2024-04-17 08:00:00,27.2,39,12.1,0.0,14.3,311,28.1,986.7,150.9,53.3,469.0,17.1,17.5,90.0
2024-04-17 09:00:00,30.0,31,10.8,0.0,17.9,308,33.5,986.9,118.7,45.8,415.0,13.7,16.7,112.0
2024-04-17 10:00:00,31.9,23,7.9,0.0,20.8,304,40.3,987.0,83.6,31.2,320.0,8.3,14.9,141.0
2024-04-17 11:00:00,33.2,19,6.8,0.0,20.2,301,40.3,986.5,90.6,26.8,247.0,4.3,13.0,162.0
2024-04-17 12:00:00,34.4,17,5.9,0.0,19.8,299,40.3,985.7,110.1,23.4,223.0,2.9,11.4,170.0
2024-04-17 13:00:00,35.2,16,5.2,0.0,21.9,297,42.5,985.0,141.6,21.8,222.0,2.9,9.7,171.0
2024-04-17 14:00:00,35.5,15,4.8,0.0,23.8,295,44.6,984.2,181.6,23.7,227.0,3.6,8.5,168.0
2024-04-17 15:00:00,35.5,14,4.1,0.0,26.5,292,48.2,983.8,220.7,26.0,233.0,5.1,7.7,164.0
2024-04-17 16:00:00,34.9,14,3.2,0.0,28.7,297,50.4,983.7,253.3,28.2,246.0,7.3,7.3,156.0
2024-04-17 17:00:00,34.0,14,3.2,0.0,28.2,297,50.4,983.8,231.9,21.6,255.0,9.4,6.9,158.0
2024-04-17 18:00:00,32.6,13,1.1,0.0,22.1,289,40.7,984.6,245.9,27.6,287.0,12.7,8.4,144.0
2024-04-17 19:00:00,31.8,14,0.9,0.0,24.6,291,40.7,985.1,251.5,33.5,331.0,17.1,10.5,124.0
2024-04-17 20:00:00,31.2,14,0.9,0.0,20.9,311,41.0,985.2,244.0,38.5,364.0,20.3,11.9,107.0
2024-04-17 21:00:00,30.2,16,1.6,0.0,15.5,298,34.6,985.6,243.1,43.7,379.0,21.2,11.9,97.0
2024-04-17 22:00:00,28.5,18,2.2,0.0,12.1,293,25.2,985.3,240.3,45.5,384.0,20.8,11.1,90.0
2024-04-17 23:00:00,27.9,20,2.6,0.0,14.7,298,23.4,985.4,213.3,43.4,377.0,19.6,10.2,85.0
2024-04-18 00:00:00,27.1,21,3.2,0.0,13.4,290,23.4,985.1,172.3,39.2,351.0,17.3,9.0,83.0
2024-04-18 01:00:00,25.9,24,4.0,0.0,12.5,288,22.0,984.6,134.1,34.2,313.0,14.3,7.7,83.0
2024-04-18 02:00:00,25.0,27,4.6,0.0,9.8,294,20.2,984.0,111.1,31.2,287.0,12.1,6.9,82.0
2024-04-18 03:00:00,24.4,29,5.2,0.0,9.4,302,15.5,983.7,102.7,29.9,277.0,11.4,6.9,80.0
2024-04-18 04:00:00,23.9,31,5.6,0.0,9.4,302,15.1,983.5,102.9,30.3,279.0,11.5,7.4,77.0
2024-04-18 05:00:00,23.4,32,5.8,0.0,9.4,302,15.1,983.7,88.9,31.4,326.0,14.3,9.4,67.0
2024-04-18 06:00:00,24.3,33,7.2,0.0,10.3,306,16.2,984.4,93.1,34.1,397.0,17.6,11.6,68.0
2024-04-18 07:00:00,26.5,31,7.9,0.0,11.3,287,18.7,985.3,94.5,37.7,490.0,22.0,14.5,71.0
2024-04-18 08:00:00,29.5,26,8.1,0.0,11.8,290,23.4,985.8,97.1,38.3,531.0,23.3,16.5,80.0
2024-04-18 09:00:00,31.8,23,8.2,0.0,12.8,302,27.0,986.0,85.9,36.1,467.0,18.8,16.7,104.0
2024-04-18 10:00:00,34.2,20,8.1,0.0,14.7,306,31.0,985.9,72.6,31.0,350.0,11.2,15.9,134.0
2024-04-18 11:00:00,35.8,19,8.6,0.0,15.3,309,32.4,985.5,96.6,27.5,259.0,5.5,14.7,155.0
2024-04-18 12:00:00,36.8,18,8.8,0.0,15.6,304,33.1,984.8,120.1,24.7,225.0,3.4,12.8,157.0
2024-04-18 13:00:00,37.5,18,8.9,0.0,15.0,300,33.1,983.7,123.9,22.4,218.0,3.2,10.5,150.0
2024-04-18 14:00:00,37.9,17,9.0,0.0,15.6,296,32.4,982.8,125.7,22.4,218.0,3.7,8.8,142.0
2024-04-18 15:00:00,38.0,17,8.9,0.0,17.1,288,33.1,982.0,130.4,22.7,199.0,3.1,7.6,139.0
2024-04-18 16:00:00,37.2,17,8.6,0.0,20.5,280,38.2,981.9,136.0,23.2,188.0,3.4,7.0,135.0
2024-04-18 17:00:00,36.5,18,8.3,0.0,15.1,282,37.8,981.5,79.2,20.3,304.0,15.2,8.8,107.0
2024-04-18 18:00:00,34.3,21,8.8,0.0,7.9,357,27.4,981.7,84.5,28.8,410.0,24.6,11.7,88.0
2024-04-18 19:00:00,32.3,24,8.9,0.0,10.8,26,17.6,981.7,103.8,34.7,550.0,37.1,15.5,63.0
2024-04-18 20:00:00,31.1,25,8.9,0.0,11.4,18,18.7,982.6,137.8,38.5,608.0,42.6,17.0,47.0
2024-04-18 21:00:00,29.8,28,9.1,0.0,7.4,14,18.7,983.3,174.6,39.0,500.0,33.6,13.7,50.0
2024-04-18 22:00:00,27.8,32,9.4,0.0,5.1,219,11.2,983.7,341.8,57.7,309.0,17.6,8.0,61.0
2024-04-18 23:00:00,28.5,32,10.1,0.0,5.4,278,12.6,983.8,190.5,51.6,176.0,6.8,4.3,68.0
2024-04-19 00:00:00,27.5,33,9.9,0.0,7.7,229,10.1,983.6,101.5,39.7,166.0,7.3,4.8,63.0
2024-04-19 01:00:00,28.0,34,10.6,0.0,8.2,299,11.5,983.0,79.4,32.9,212.0,13.0,7.4,54.0
2024-04-19 02:00:00,27.0,39,11.6,0.0,10.0,283,15.8,982.6,81.7,31.9,254.0,18.0,9.5,46.0
2024-04-19 03:00:00,25.8,43,12.2,0.0,8.9,284,15.5,982.2,87.5,31.8,264.0,20.0,10.2,40.0
2024-04-19 04:00:00,25.2,45,12.4,0.0,10.6,294,17.3,982.1,84.8,30.4,269.0,21.2,10.5,36.0
2024-04-19 05:00:00,24.9,46,12.4,0.0,11.3,307,17.6,982.4,159.7,53.3,404.0,32.3,15.5,14.0
2024-04-19 06:00:00,27.1,39,12.1,0.0,9.5,307,16.6,982.4,149.9,54.2,464.0,32.1,16.7,25.0
2024-04-19 07:00:00,28.9,37,12.6,0.0,8.7,308,16.6,983.1,159.7,58.1,542.0,31.5,18.2,40.0
2024-04-19 08:00:00,31.2,32,12.6,0.0,10.4,304,21.2,983.9,184.9,59.5,563.0,28.8,18.9,58.0
2024-04-19 09:00:00,33.3,29,13.1,0.0,13.3,308,27.4,984.0,207.2,52.4,472.0,21.9,18.0,80.0
2024-04-19 10:00:00,35.2,26,12.8,0.0,12.8,310,29.5,984.1,248.7,49.1,323.0,12.8,16.3,105.0
2024-04-19 11:00:00,36.5,23,12.2,0.0,12.4,287,29.5,983.3,243.1,45.9,212.0,6.0,14.3,123.0
2024-04-19 12:00:00,37.2,21,11.3,0.0,13.0,267,29.5,982.6,191.4,37.6,178.0,3.4,12.1,131.0
2024-04-19 13:00:00,37.8,18,9.8,0.0,15.5,257,32.0,981.6,161.1,33.2,181.0,3.1,9.7,132.0
2024-04-19 14:00:00,37.9,19,9.9,0.0,16.3,252,33.1,980.7,150.9,32.1,191.0,3.8,7.9,129.0
2024-04-19 15:00:00,36.8,21,10.8,0.0,13.1,286,35.3,980.0,145.8,31.7,161.0,3.7,6.0,123.0
2024-04-19 16:00:00,38.2,18,9.9,0.0,12.8,281,28.4,978.9,143.9,31.2,138.0,4.5,4.8,112.0
2024-04-19 17:00:00,35.2,24,11.6,0.0,15.1,342,28.4,979.0,113.6,24.3,237.0,11.8,6.9,97.0
2024-04-19 18:00:00,34.2,21,8.9,0.0,7.3,11,11.2,978.3,122.0,36.6,487.0,26.1,14.4,78.0
2024-04-19 19:00:00,32.2,23,8.3,0.0,12.6,27,22.7,979.0,149.5,49.6,831.0,45.7,24.7,52.0
2024-04-19 20:00:00,29.5,27,8.6,0.0,7.7,37,20.5,980.0,163.4,57.5,1090.0,59.5,32.4,32.0
2024-04-19 21:00:00,28.5,30,9.1,0.0,6.1,332,11.5,980.7,164.8,61.2,1194.0,62.2,35.4,23.0
2024-04-19 22:00:00,27.0,33,9.4,0.0,6.3,283,7.2,980.6,162.1,64.7,1213.0,59.1,35.7,21.0
2024-04-19 23:00:00,27.0,33,9.3,0.0,8.4,280,11.9,981.0,158.3,66.6,1177.0,54.6,33.9,19.0
2024-04-20 00:00:00,26.7,35,10.1,0.0,12.7,313,21.6,981.2,149.9,65.4,1073.0,49.5,28.9,17.0
2024-04-20 01:00:00,25.5,37,9.6,0.0,9.3,324,20.2,980.5,132.2,60.3,914.0,43.0,21.9,17.0
2024-04-20 02:00:00,25.0,34,8.1,0.0,10.7,327,17.3,980.0,112.5,52.0,769.0,37.6,16.3,16.0
2024-04-20 03:00:00,24.6,32,6.9,0.0,10.1,333,17.3,979.7,97.8,45.6,650.0,34.0,13.6,13.0
2024-04-20 04:00:00,23.5,34,6.8,0.0,7.9,309,16.2,979.6,85.7,41.3,546.0,31.5,12.4,11.0
2024-04-20 05:00:00,22.5,36,6.6,0.0,10.1,274,16.2,980.2,218.4,55.3,631.0,44.1,15.7,2.0
2024-04-20 06:00:00,23.5,52,13.1,0.0,6.8,273,9.0,980.9,188.1,56.0,670.0,41.8,16.8,18.0
2024-04-20 07:00:00,26.5,44,13.3,0.0,11.6,292,20.2,981.9,166.7,56.6,716.0,38.2,18.1,40.0
2024-04-20 08:00:00,28.0,41,13.8,0.0,17.0,291,32.0,983.0,153.7,55.3,698.0,32.6,18.0,64.0
2024-04-20 09:00:00,30.4,35,13.2,0.0,16.9,304,34.2,983.6,146.7,47.3,554.0,23.2,15.2,90.0
2024-04-20 10:00:00,33.0,25,10.3,0.0,16.6,338,34.2,983.5,284.1,34.5,345.0,11.8,11.0,116.0
2024-04-20 11:00:00,35.0,22,9.9,0.0,14.2,330,34.2,982.9,311.1,33.4,193.0,3.6,7.7,136.0
2024-04-20 12:00:00,35.9,19,8.9,0.0,12.0,314,31.3,981.9,260.8,29.4,153.0,1.2,6.4,144.0
2024-04-20 13:00:00,36.8,18,8.3,0.0,13.5,304,29.5,980.9,210.0,25.5,168.0,2.1,6.1,145.0
2024-04-20 14:00:00,36.7,18,8.5,0.0,20.8,288,39.2,980.1,173.7,22.6,188.0,3.5,6.0,143.0
2024-04-20 15:00:00,35.9,19,8.9,0.0,20.5,285,41.0,979.8,156.0,21.2,193.0,4.3,5.6,142.0
2024-04-20 16:00:00,35.4,19,8.3,0.0,18.1,283,38.2,979.6,157.9,21.6,203.0,5.6,5.5,138.0
2024-04-20 17:00:00,34.5,19,7.8,0.0,17.5,279,33.1,979.6,184.9,27.0,271.0,13.5,7.4,120.0
2024-04-20 18:00:00,34.4,19,7.2,0.0,8.1,291,23.8,979.9,159.7,30.7,332.0,19.1,9.6,106.0
2024-04-20 19:00:00,32.2,21,7.4,0.0,13.2,299,20.2,980.6,154.6,35.2,414.0,26.5,12.6,87.0
2024-04-20 20:00:00,31.2,23,7.6,0.0,18.5,307,30.2,981.2,160.7,36.9,459.0,30.5,14.5,74.0
2024-04-20 21:00:00,29.9,23,6.8,0.0,14.3,321,30.2,981.9,166.2,37.3,434.0,27.8,14.3,74.0
2024-04-20 22:00:00,28.8,24,6.4,0.0,13.7,337,23.8,982.2,172.3,37.7,372.0,21.5,13.0,79.0
2024-04-20 23:00:00,27.9,26,6.8,0.0,10.8,323,22.0,982.1,175.6,38.8,319.0,16.3,12.0,84.0
2024-04-21 00:00:00,26.6,29,7.2,0.0,10.1,325,16.9,982.0,170.9,40.5,288.0,13.6,11.7,85.0
2024-04-21 01:00:00,25.7,32,7.6,0.0,10.0,330,15.8,981.6,164.8,42.5,266.0,11.8,11.8,85.0
2024-04-21 02:00:00,25.3,33,7.9,0.0,11.1,335,18.0,981.4,162.5,44.1,254.0,10.9,12.0,84.0
2024-04-21 03:00:00,24.6,35,8.1,0.0,11.0,337,17.6,981.4,159.7,45.3,253.0,10.9,12.4,79.0
2024-04-21 04:00:00,24.1,37,8.4,0.0,10.8,330,18.0,981.6,156.5,46.1,263.0,11.7,13.0,73.0
2024-04-21 05:00:00,23.5,38,8.5,0.0,9.5,323,16.9,982.0,121.5,41.6,299.0,14.6,12.9,62.0
2024-04-21 06:00:00,24.9,42,10.9,0.0,12.1,323,18.7,982.8,130.9,44.0,352.0,16.0,14.6,65.0
2024-04-21 07:00:00,26.8,39,11.6,0.0,12.2,315,21.6,983.8,140.2,47.8,421.0,17.8,16.8,71.0
2024-04-21 08:00:00,29.0,36,12.4,0.0,13.2,315,26.3,984.6,160.7,49.4,448.0,17.7,17.8,82.0
2024-04-21 09:00:00,31.6,31,12.6,0.0,13.0,314,27.4,985.1,151.8,46.9,392.0,14.1,16.6,105.0
2024-04-21 10:00:00,33.8,24,10.4,0.0,14.5,316,30.6,985.1,102.0,33.1,295.0,8.6,14.1,133.0
2024-04-21 11:00:00,35.4,17,6.6,0.0,15.7,307,33.1,984.9,66.8,22.2,220.0,4.5,11.8,153.0
2024-04-21 12:00:00,36.1,16,5.9,0.0,15.6,310,33.5,983.7,67.3,18.8,196.0,3.0,9.9,159.0
2024-04-21 13:00:00,36.7,15,6.1,0.0,15.3,313,32.8,982.6,80.8,17.6,195.0,2.8,8.1,156.0
2024-04-21 14:00:00,36.1,16,6.3,0.0,14.1,302,32.8,981.9,100.1,17.6,200.0,3.3,6.9,152.0
2024-04-21 15:00:00,35.8,16,6.4,0.0,15.0,294,28.4,981.3,118.7,18.2,198.0,3.6,6.2,149.0
2024-04-21 16:00:00,35.5,17,6.6,0.0,14.6,290,28.1,981.3,136.0,18.9,203.0,4.6,6.1,144.0
2024-04-21 17:00:00,35.2,17,6.7,0.0,12.3,275,27.0,981.0,113.9,16.8,223.0,7.7,6.7,140.0
2024-04-21 18:00:00,32.5,21,7.6,0.0,6.5,273,22.0,981.2,102.2,23.5,365.0,21.3,10.7,115.0
2024-04-21 19:00:00,29.8,25,7.5,0.0,8.4,310,11.9,981.4,106.9,30.6,558.0,39.7,16.1,80.0
2024-04-21 20:00:00,29.1,26,7.6,0.0,7.4,346,11.2,981.9,115.5,34.5,675.0,50.6,19.3,56.0
2024-04-21 21:00:00,28.0,27,7.3,0.0,8.0,10,13.0,982.5,124.3,35.6,648.0,47.2,18.4,53.0
2024-04-21 22:00:00,26.9,28,6.8,0.0,7.2,357,12.6,983.0,133.2,34.1,546.0,36.5,15.3,60.0
2024-04-21 23:00:00,26.0,31,7.7,0.0,8.4,340,10.4,983.2,132.7,32.4,450.0,26.8,12.6,67.0
2024-04-22 00:00:00,26.1,30,7.2,0.0,7.3,303,10.4,983.0,128.1,31.4,383.0,20.8,11.0,71.0
2024-04-22 01:00:00,26.5,30,7.3,0.0,17.0,356,25.2,982.6,124.3,31.8,321.0,15.9,9.8,75.0
2024-04-22 02:00:00,26.1,34,8.9,0.0,13.3,347,29.9,982.0,117.1,32.5,279.0,12.7,9.3,77.0
2024-04-22 03:00:00,25.9,35,9.4,0.0,10.7,327,21.6,981.9,105.7,32.5,260.0,11.9,9.6,74.0
2024-04-22 04:00:00,25.6,36,9.4,0.0,11.2,354,18.7,982.4,93.4,31.9,259.0,12.8,10.5,68.0
2024-04-22 05:00:00,24.0,37,8.4,0.0,6.5,357,18.0,982.6,76.1,23.2,222.0,10.6,10.0,91.0
2024-04-22 06:00:00,25.2,44,12.2,0.0,25.0,317,41.4,984.7,81.0,26.0,273.0,13.4,11.5,89.0
2024-04-22 07:00:00,26.1,44,12.9,0.0,24.2,318,40.7,985.4,84.1,29.4,340.0,17.0,13.4,86.0
2024-04-22 08:00:00,30.5,33,12.3,0.0,14.4,328,40.3,985.4,84.8,29.4,373.0,18.2,14.5,91.0
2024-04-22 09:00:00,33.7,22,9.1,0.0,11.0,293,27.4,985.7,68.9,28.2,336.0,14.7,13.9,111.0
2024-04-22 10:00:00,34.9,20,8.4,0.0,12.2,251,27.7,985.5,46.4,20.4,264.0,8.9,12.3,138.0
2024-04-22 11:00:00,36.0,18,8.0,0.0,11.5,270,27.7,985.1,49.2,19.7,208.0,4.5,10.7,158.0
2024-04-22 12:00:00,36.8,17,8.1,0.0,14.5,276,31.0,984.7,53.0,18.1,190.0,3.0,9.2,164.0
2024-04-22 13:00:00,37.2,17,7.8,0.0,15.5,275,32.8,983.6,58.9,16.7,190.0,2.8,7.6,162.0
2024-04-22 14:00:00,37.3,16,7.4,0.0,16.9,272,34.2,982.9,68.7,16.5,194.0,3.3,6.5,158.0
2024-04-22 15:00:00,37.0,16,7.1,0.0,16.6,272,34.2,982.0,80.1,16.5,182.0,2.6,5.6,156.0
2024-04-22 16:00:00,36.5,16,6.6,0.0,16.1,280,32.4,981.4,91.5,16.6,174.0,2.6,5.1,153.0
2024-04-22 17:00:00,35.3,16,5.8,0.0,15.1,273,29.9,981.4,55.6,15.1,204.0,6.8,7.7,151.0
2024-04-22 18:00:00,32.9,18,5.8,0.0,6.1,357,19.4,981.4,60.5,23.2,393.0,23.6,12.6,121.0
2024-04-22 19:00:00,30.8,20,5.4,0.0,7.8,347,11.5,981.7,73.6,31.2,652.0,46.5,19.2,79.0
2024-04-22 20:00:00,30.4,20,4.6,0.0,15.1,1,23.4,982.5,84.1,36.2,837.0,62.5,24.0,48.0
2024-04-22 21:00:00,30.5,21,5.8,0.0,14.6,50,27.0,983.4,89.4,37.5,882.0,65.1,25.2,38.0
2024-04-22 22:00:00,28.4,27,7.4,0.0,6.9,47,23.4,983.6,91.0,37.3,853.0,60.7,24.5,38.0
2024-04-22 23:00:00,25.6,33,8.1,0.0,6.2,350,10.8,983.6,94.3,37.4,809.0,55.7,23.0,39.0
2024-04-23 00:00:00,24.2,37,8.4,0.0,6.2,339,8.6,983.1,99.7,37.4,765.0,52.0,20.7,37.0
2024-04-23 01:00:00,24.5,37,8.8,0.0,4.0,333,8.3,982.6,103.1,37.1,705.0,47.5,17.6,35.0
2024-04-23 02:00:00,23.6,39,8.8,0.0,4.2,301,5.0,982.0,103.6,36.6,645.0,42.6,15.2,34.0
2024-04-23 03:00:00,23.0,40,8.5,0.0,6.9,351,10.1,981.9,104.1,35.7,572.0,36.0,13.7,34.0
2024-04-23 04:00:00,21.9,44,9.1,0.0,7.6,5,10.8,981.7,100.6,35.2,498.0,28.9,12.9,35.0
2024-04-23 05:00:00,21.8,45,9.4,0.0,6.6,45,8.6,981.8,94.1,43.4,778.0,54.0,30.1,17.0
2024-04-23 06:00:00,24.9,38,9.4,0.0,8.2,299,18.0,983.0,103.4,50.1,877.0,55.0,33.1,45.0
2024-04-23 07:00:00,26.6,35,9.9,0.0,7.3,290,15.1,983.6,108.0,57.2,1002.0,55.7,37.1,85.0
2024-04-23 08:00:00,29.7,30,10.1,0.0,6.2,339,16.2,984.2,111.5,58.7,1017.0,51.8,38.4,121.0
2024-04-23 09:00:00,32.9,24,9.8,0.0,7.7,319,19.8,984.8,114.3,55.6,815.0,38.6,35.0,149.0
2024-04-23 10:00:00,35.4,19,8.6,0.0,10.1,305,23.8,984.6,105.5,43.1,504.0,20.7,29.0,174.0
2024-04-23 11:00:00,36.7,15,5.7,0.0,8.1,302,24.1,984.3,90.6,29.5,269.0,7.3,23.1,188.0
2024-04-23 12:00:00,37.5,15,6.2,0.0,9.2,315,23.8,983.7,85.2,24.7,196.0,2.6,17.8,188.0
2024-04-23 13:00:00,37.9,14,5.7,0.0,10.0,319,24.8,982.8,85.9,22.8,201.0,2.5,12.6,179.0
2024-04-23 14:00:00,38.0,13,4.7,0.0,12.0,311,27.0,981.8,83.1,20.3,214.0,3.6,8.8,167.0
2024-04-23 15:00:00,37.8,12,3.8,0.0,18.6,306,34.9,981.0,76.1,18.2,213.0,5.0,6.9,154.0
2024-04-23 16:00:00,36.3,13,3.8,0.0,25.4,297,44.6,981.0,71.9,17.2,222.0,7.7,6.4,138.0
2024-04-23 17:00:00,35.2,14,3.9,0.0,25.7,290,46.4,981.2,117.3,23.7,243.0,10.7,8.6,126.0
2024-04-23 18:00:00,32.0,23,8.4,0.0,10.7,346,22.3,982.6,112.5,26.0,298.0,16.5,11.0,112.0
2024-04-23 19:00:00,29.0,28,8.8,0.0,6.1,3,18.0,982.7,101.5,28.8,380.0,24.9,14.7,93.0
2024-04-23 20:00:00,27.9,31,8.9,0.0,8.9,14,13.0,983.0,112.0,35.0,494.0,34.6,19.1,74.0
2024-04-23 21:00:00,27.2,32,9.0,0.0,9.0,37,15.8,983.4,131.3,44.4,670.0,47.1,25.4,57.0
2024-04-23 22:00:00,25.9,36,9.6,0.0,8.3,56,14.4,983.4,153.7,52.9,879.0,60.9,32.6,40.0
2024-04-23 23:00:00,25.0,38,9.7,0.0,7.9,39,13.3,983.0,170.0,57.4,1030.0,70.5,37.1,27.0
2024-04-24 00:00:00,24.2,40,9.6,0.0,8.2,23,13.3,982.4,178.3,58.1,1081.0,73.3,37.1,19.0
2024-04-24 01:00:00,22.9,43,9.8,0.0,7.8,22,13.0,981.7,182.1,58.4,1076.0,72.0,34.4,14.0
2024-04-24 02:00:00,22.8,44,9.9,0.0,7.2,3,11.2,981.4,181.1,57.9,1055.0,69.1,31.3,11.0
2024-04-24 03:00:00,21.6,48,10.1,0.0,6.9,351,8.3,981.2,169.5,55.9,1028.0,64.6,27.9,6.0
2024-04-24 04:00:00,23.0,42,9.6,0.0,2.3,288,8.3,981.6,155.1,52.9,987.0,58.6,24.1,3.0
2024-04-24 05:00:00,20.6,51,10.1,0.0,5.9,223,8.3,981.8,155.5,56.0,1116.0,59.8,27.8,1.0
2024-04-24 06:00:00,20.9,56,11.9,0.0,6.1,298,7.9,983.0,150.9,58.1,1052.0,55.5,26.9,29.0
2024-04-24 07:00:00,24.0,48,12.4,0.0,7.3,279,15.1,983.9,148.1,59.8,957.0,49.2,25.5,68.0
2024-04-24 08:00:00,28.0,37,12.1,0.0,4.7,274,15.1,984.8,152.3,56.9,833.0,41.3,24.4,105.0
2024-04-24 09:00:00,31.5,29,11.1,0.0,3.6,315,14.4,985.2,149.0,47.7,653.0,30.4,24.2,137.0
2024-04-24 10:00:00,33.6,23,9.8,0.0,3.9,304,15.5,985.0,146.2,36.3,443.0,17.9,24.2,167.0
2024-04-24 11:00:00,35.2,20,8.6,0.0,6.9,279,21.2,984.9,105.7,26.7,285.0,8.5,22.5,185.0
2024-04-24 12:00:00,36.2,16,6.8,0.0,12.7,285,28.8,984.2,75.4,20.9,219.0,4.3,17.4,185.0
2024-04-24 13:00:00,36.9,15,6.1,0.0,15.0,281,32.4,983.3,66.4,17.1,206.0,3.2,10.6,173.0
2024-04-24 14:00:00,37.1,15,6.0,0.0,17.4,288,34.9,982.5,70.5,15.3,205.0,3.3,5.8,162.0
2024-04-24 15:00:00,36.8,15,5.9,0.0,19.5,286,37.1,981.8,85.0,15.7,195.0,3.1,4.3,159.0
2024-04-24 16:00:00,36.5,14,5.1,0.0,20.5,271,36.7,981.3,104.3,16.9,198.0,4.1,4.8,156.0
2024-04-24 17:00:00,35.5,15,4.9,0.0,21.7,275,39.2,981.1,143.0,14.0,253.0,9.8,7.0,152.0
2024-04-24 18:00:00,33.5,17,5.0,0.0,11.5,309,27.0,982.0,147.1,22.6,382.0,22.0,11.0,128.0
2024-04-24 19:00:00,31.2,18,4.2,0.0,12.0,314,18.7,982.4,163.4,33.6,556.0,38.4,16.5,95.0
2024-04-24 20:00:00,31.1,16,2.7,0.0,14.5,314,23.8,982.8,182.5,41.1,657.0,47.5,20.1,74.0
2024-04-24 21:00:00,30.9,16,2.4,0.0,14.3,298,22.7,983.2,178.8,42.8,612.0,42.1,19.9,76.0
2024-04-24 22:00:00,28.6,19,2.8,0.0,12.6,340,22.3,983.5,144.4,40.9,495.0,29.5,17.9,89.0
2024-04-24 23:00:00,27.4,22,3.8,0.0,13.7,333,22.3,983.5,102.9,37.1,404.0,20.0,16.1,97.0
2024-04-25 00:00:00,26.5,24,4.1,0.0,11.7,351,22.3,982.9,78.2,34.5,381.0,17.8,15.3,92.0
2024-04-25 01:00:00,24.4,29,5.1,0.0,7.2,357,18.7,982.3,68.0,33.4,386.0,18.7,14.9,82.0
2024-04-25 02:00:00,23.0,33,6.1,0.0,6.6,331,11.2,982.0,65.0,32.9,396.0,20.0,14.6,72.0
2024-04-25 03:00:00,22.0,37,6.7,0.0,6.4,322,11.2,982.0,62.9,32.8,401.0,21.0,14.4,62.0
2024-04-25 04:00:00,21.4,40,7.2,0.0,6.4,317,9.4,982.3,60.5,32.8,411.0,22.4,14.5,53.0
2024-04-25 05:00:00,20.5,43,7.6,0.0,7.2,288,9.4,982.8,54.1,36.0,443.0,23.1,14.9,52.0
2024-04-25 06:00:00,21.4,44,8.6,0.0,6.5,264,8.3,984.0,63.3,39.5,525.0,25.8,16.9,59.0
2024-04-25 07:00:00,24.5,38,9.2,0.0,8.1,291,15.5,984.9,70.1,43.7,632.0,29.3,19.8,71.0
2024-04-25 08:00:00,27.6,31,9.2,0.0,5.8,300,15.8,985.4,75.0,45.9,672.0,29.6,22.0,90.0
2024-04-25 09:00:00,30.9,27,9.6,0.0,6.6,299,18.4,985.6,71.9,42.8,582.0,23.9,23.6,124.0
2024-04-25 10:00:00,33.7,22,9.1,0.0,8.3,304,21.2,985.5,68.9,38.1,426.0,15.0,24.5,165.0
2024-04-25 11:00:00,35.8,19,8.2,0.0,11.3,307,25.9,985.2,67.5,33.9,302.0,8.1,23.6,192.0
2024-04-25 12:00:00,37.2,14,5.7,0.0,17.1,311,34.2,984.4,61.9,27.1,248.0,5.0,19.2,194.0
2024-04-25 13:00:00,37.8,13,4.7,0.0,20.5,309,39.6,983.6,59.8,21.5,226.0,3.7,12.8,181.0
2024-04-25 14:00:00,38.0,12,3.4,0.0,21.0,308,40.0,982.5,67.8,19.6,217.0,3.6,8.1,169.0
2024-04-25 15:00:00,37.8,12,3.3,0.0,22.2,306,40.7,981.8,81.5,18.5,202.0,3.3,6.1,164.0
2024-04-25 16:00:00,37.2,13,3.9,0.0,22.2,302,41.0,981.5,100.4,18.5,200.0,4.1,5.7,159.0
2024-04-25 17:00:00,36.4,13,3.5,0.0,17.1,298,39.6,981.0,118.0,15.7,254.0,10.9,7.8,150.0
2024-04-25 18:00:00,34.3,17,5.6,0.0,10.7,282,28.4,981.6,114.8,25.0,464.0,29.6,13.8,120.0
2024-04-25 19:00:00,31.1,21,6.2,0.0,10.0,283,16.9,981.5,137.8,35.5,752.0,55.0,21.9,78.0
2024-04-25 20:00:00,29.7,22,5.9,0.0,10.6,325,14.4,981.9,164.8,44.5,951.0,72.1,27.4,47.0
2024-04-25 21:00:00,28.3,25,6.6,0.0,7.6,329,13.3,982.5,191.9,51.2,990.0,73.8,28.1,36.0
2024-04-25 22:00:00,27.0,28,7.1,0.0,7.8,338,11.5,982.6,204.4,53.6,940.0,67.0,26.1,35.0
2024-04-25 23:00:00,26.0,30,7.2,0.0,7.6,352,11.5,982.2,183.5,46.6,848.0,57.6,23.3,39.0
2024-04-26 00:00:00,24.8,34,7.8,0.0,10.9,351,13.0,981.8,147.6,38.3,697.0,44.8,19.6,48.0
2024-04-26 01:00:00,25.4,32,7.3,0.0,9.4,356,12.2,981.6,108.5,32.4,504.0,29.4,15.1,60.0
2024-04-26 02:00:00,26.1,29,6.8,0.0,7.5,325,10.4,981.4,77.1,27.6,364.0,18.7,12.1,68.0
2024-04-26 03:00:00,25.5,30,6.8,0.0,7.3,327,8.3,981.0,57.2,24.4,316.0,16.7,11.8,64.0
2024-04-26 04:00:00,24.8,32,7.1,0.0,4.0,260,8.3,981.3,46.6,22.8,321.0,19.5,13.1,55.0
2024-04-26 05:00:00,22.3,38,7.4,0.0,6.7,234,9.0,981.6,54.1,21.9,334.0,21.8,16.3,62.0
2024-04-26 06:00:00,22.9,41,8.8,0.0,4.0,270,7.2,982.5,69.6,29.6,421.0,25.6,19.3,67.0
2024-04-26 07:00:00,26.0,37,10.1,0.0,3.1,234,7.9,983.0,74.7,36.6,537.0,30.5,23.5,76.0
2024-04-26 08:00:00,30.3,26,8.6,0.0,10.6,235,20.5,984.1,78.7,37.3,594.0,32.1,27.0,94.0
2024-04-26 09:00:00,34.0,19,7.2,0.0,9.5,245,22.0,984.6,78.5,37.3,535.0,27.2,29.8,130.0
2024-04-26 10:00:00,36.5,16,7.1,0.0,6.9,276,21.2,984.3,77.5,37.0,415.0,18.9,31.8,174.0
2024-04-26 11:00:00,38.2,13,5.6,0.0,6.3,283,19.1,983.9,77.1,33.6,317.0,12.0,31.2,203.0
2024-04-26 12:00:00,38.9,13,5.5,0.0,6.0,287,19.1,983.1,86.1,23.1,268.0,8.0,25.9,205.0
2024-04-26 13:00:00,39.5,13,5.6,0.0,9.3,286,22.7,982.3,99.7,22.9,241.0,5.3,17.9,191.0
2024-04-26 14:00:00,39.6,13,5.6,0.0,12.6,268,26.6,981.5,102.7,22.4,227.0,4.4,11.9,175.0
2024-04-26 15:00:00,39.2,13,5.8,0.0,16.7,256,31.3,980.5,99.9,21.1,225.0,5.5,9.7,160.0
2024-04-26 16:00:00,38.5,14,5.8,0.0,17.8,252,31.7,980.1,94.8,19.7,238.0,8.3,9.4,142.0
2024-04-26 17:00:00,37.3,15,6.5,0.0,12.8,259,31.7,979.8,60.3,18.9,275.0,12.7,10.4,136.0
2024-04-26 18:00:00,35.1,19,7.9,0.0,25.2,224,28.1,980.6,86.6,36.7,300.0,15.5,11.2,118.0
2024-04-26 19:00:00,34.3,19,7.7,0.0,15.8,197,59.8,980.7,135.5,40.0,337.0,19.6,12.4,93.0
2024-04-26 20:00:00,31.5,24,8.6,0.0,9.7,138,25.2,981.0,114.8,28.1,383.0,24.1,13.7,71.0
2024-04-26 21:00:00,31.8,22,7.4,0.0,11.6,206,16.2,981.5,69.8,24.3,454.0,30.2,15.5,55.0
2024-04-26 22:00:00,29.8,27,8.8,0.0,10.0,218,18.7,981.4,63.3,27.3,535.0,36.7,17.4,42.0
2024-04-26 23:00:00,30.1,29,10.2,0.0,15.1,232,23.0,981.6,71.7,30.5,570.0,39.8,18.1,34.0
2024-04-27 00:00:00,30.5,29,10.6,0.0,17.3,249,28.4,981.5,73.6,28.6,519.0,36.1,16.3,35.0
2024-04-27 01:00:00,30.0,31,11.1,0.0,15.2,248,28.1,981.4,62.4,25.6,423.0,28.9,13.3,41.0
2024-04-27 02:00:00,29.1,35,12.1,0.0,11.6,254,24.8,980.9,51.3,23.9,354.0,24.0,11.4,45.0
2024-04-27 03:00:00,28.2,38,12.6,0.0,10.8,255,18.4,980.6,48.7,24.0,340.0,24.3,11.5,42.0
2024-04-27 04:00:00,27.5,41,12.9,0.0,9.9,260,16.9,980.6,49.6,25.0,353.0,27.0,12.7,37.0
2024-04-27 05:00:00,27.1,42,12.9,0.0,10.4,268,16.2,981.0,84.8,29.5,337.0,21.4,14.5,44.0
2024-04-27 06:00:00,25.3,49,13.7,0.0,1.3,124,6.1,982.3,93.6,31.5,377.0,22.4,16.7,48.0
2024-04-27 07:00:00,28.2,44,15.0,0.0,2.1,149,7.6,983.5,89.9,33.9,431.0,23.7,19.8,56.0
2024-04-27 08:00:00,30.9,36,14.0,0.0,8.4,230,17.3,984.7,96.6,35.4,458.0,23.4,22.8,72.0
2024-04-27 09:00:00,32.8,30,13.0,0.0,12.0,279,24.8,985.0,107.6,39.2,436.0,20.3,26.3,106.0
2024-04-27 10:00:00,34.7,25,11.7,0.0,12.3,291,27.4,984.9,115.5,43.4,388.0,15.8,29.8,150.0
2024-04-27 11:00:00,36.3,21,10.3,0.0,12.7,285,32.4,984.5,123.9,40.0,339.0,11.6,29.9,178.0
2024-04-27 12:00:00,37.5,17,8.3,0.0,16.3,275,32.8,983.9,136.0,28.2,292.0,8.2,23.9,179.0
2024-04-27 13:00:00,38.1,15,7.0,0.0,19.8,267,37.8,982.9,131.3,26.8,245.0,5.2,14.5,164.0
2024-04-27 14:00:00,38.0,15,6.6,0.0,20.7,262,40.3,982.0,131.8,26.0,215.0,3.7,7.6,151.0
2024-04-27 15:00:00,37.7,15,6.2,0.0,18.4,272,39.2,981.5,136.4,25.3,200.0,3.2,5.2,146.0
2024-04-27 16:00:00,37.1,15,6.1,0.0,17.9,295,34.9,981.1,143.9,25.0,201.0,4.2,5.2,141.0
2024-04-27 17:00:00,36.1,16,5.9,0.0,17.0,306,32.4,981.0,153.2,24.3,243.0,8.9,6.7,131.0
2024-04-27 18:00:00,34.0,17,5.8,0.0,13.9,323,28.1,981.5,134.1,29.9,342.0,18.2,9.9,112.0
2024-04-27 19:00:00,31.9,19,5.7,0.0,13.2,331,22.7,981.9,115.3,35.3,477.0,30.9,14.3,86.0
2024-04-27 20:00:00,31.0,20,5.3,0.0,20.6,333,31.0,982.9,95.9,36.1,562.0,38.7,17.2,67.0
2024-04-27 21:00:00,29.5,28,9.3,0.0,18.8,357,38.5,983.9,84.5,34.5,551.0,36.8,17.0,63.0
2024-04-27 22:00:00,28.2,31,9.7,0.0,12.3,3,30.6,984.0,74.0,32.7,491.0,30.0,15.3,65.0
2024-04-27 23:00:00,27.1,34,9.9,0.0,12.6,2,20.5,984.0,66.6,31.4,440.0,24.7,13.8,66.0
2024-04-28 00:00:00,26.3,37,10.4,0.0,10.9,6,20.5,983.5,62.9,30.3,416.0,22.7,12.9,62.0
2024-04-28 01:00:00,25.4,40,10.7,0.0,8.0,10,17.6,983.1,62.2,29.8,402.0,22.1,12.3,55.0
2024-04-28 02:00:00,24.4,43,10.9,0.0,7.2,357,13.0,982.9,64.5,30.0,404.0,23.6,12.6,48.0
2024-04-28 03:00:00,23.6,45,11.1,0.0,6.8,357,11.2,982.8,70.8,31.1,424.0,28.7,14.5,36.0
2024-04-28 04:00:00,23.0,47,11.2,0.0,6.9,354,10.4,982.7,77.3,33.1,461.0,35.8,17.4,24.0
2024-04-28 05:00:00,22.5,49,11.3,0.0,6.5,357,10.1,983.1,71.5,28.4,381.0,23.6,13.4,38.0
2024-04-28 06:00:00,23.9,46,11.7,0.0,7.9,360,12.6,984.4,81.3,30.5,443.0,25.7,15.2,45.0
2024-04-28 07:00:00,25.9,42,12.0,0.0,5.6,297,13.0,985.1,87.5,34.7,523.0,28.2,17.7,56.0
2024-04-28 08:00:00,28.2,36,11.7,0.0,8.0,306,19.1,985.9,103.6,36.3,547.0,27.7,18.6,71.0
2024-04-28 09:00:00,31.2,30,11.4,0.0,5.3,332,18.7,986.1,131.3,36.6,460.0,21.2,16.7,96.0
2024-04-28 10:00:00,33.8,23,10.1,0.0,5.2,348,17.3,985.7,126.2,28.1,316.0,11.7,13.4,125.0
2024-04-28 11:00:00,35.7,19,8.9,0.0,9.2,349,23.0,985.6,121.1,23.7,209.0,4.6,10.6,147.0
2024-04-28 12:00:00,36.8,18,8.2,0.0,9.2,309,24.1,985.1,125.7,23.3,180.0,2.4,9.1,157.0
2024-04-28 13:00:00,37.2,16,7.6,0.0,12.7,299,27.7,984.3,121.5,22.9,187.0,2.6,8.2,159.0
2024-04-28 14:00:00,37.5,16,7.4,0.0,15.9,303,32.0,983.5,116.6,22.5,199.0,3.5,7.6,159.0
2024-04-28 15:00:00,37.3,16,7.2,0.0,16.6,300,33.5,982.8,115.3,22.0,183.0,2.6,6.8,159.0
2024-04-28 16:00:00,36.8,16,6.8,0.0,16.3,298,32.0,982.3,116.6,21.9,172.0,2.5,6.3,156.0
2024-04-28 17:00:00,35.8,16,6.1,0.0,15.9,295,30.2,982.0,133.2,26.0,262.0,11.1,11.2,152.0
2024-04-28 18:00:00,33.0,22,8.4,0.0,6.5,341,20.5,982.4,125.7,35.3,563.0,35.9,19.6,119.0
2024-04-28 19:00:00,31.2,23,7.6,0.0,9.0,337,13.7,982.7,154.6,51.2,976.0,69.8,31.0,74.0
2024-04-28 20:00:00,30.5,23,6.9,0.0,9.0,337,16.2,983.2,170.4,61.0,1269.0,93.3,38.6,39.0
2024-04-28 21:00:00,30.3,23,6.6,0.0,9.0,355,14.4,983.5,166.7,64.5,1341.0,97.7,38.9,22.0
2024-04-28 22:00:00,28.5,25,6.7,0.0,7.2,360,14.0,983.5,155.1,63.6,1291.0,91.8,35.4,16.0
2024-04-28 23:00:00,26.2,30,7.4,0.0,8.7,355,11.2,983.2,133.2,58.7,1190.0,82.0,31.1,15.0
2024-04-29 00:00:00,26.1,29,6.7,0.0,8.2,15,13.0,982.8,106.6,49.1,1025.0,67.8,26.2,23.0
2024-04-29 01:00:00,25.6,29,6.2,0.0,8.4,25,13.0,982.4,86.4,41.0,807.0,49.8,20.5,36.0
2024-04-29 02:00:00,24.6,32,7.0,0.0,6.9,47,13.0,982.0,71.5,35.6,640.0,36.4,16.6,46.0
2024-04-29 03:00:00,23.9,36,7.8,0.0,6.9,47,10.4,981.8,60.3,32.2,565.0,31.7,15.5,44.0
2024-04-29 04:00:00,23.4,39,8.4,0.0,7.4,51,10.8,981.6,54.2,30.7,541.0,31.6,16.2,38.0
2024-04-29 05:00:00,22.3,43,9.1,0.0,9.1,108,11.2,981.9,38.9,25.5,500.0,30.3,16.2,38.0
2024-04-29 06:00:00,24.2,41,10.1,0.0,2.9,187,7.2,983.2,41.0,26.7,553.0,31.5,17.9,51.0
2024-04-29 07:00:00,27.0,34,9.8,0.0,4.5,241,12.6,984.5,47.1,30.4,622.0,32.8,20.3,71.0
2024-04-29 08:00:00,29.9,28,9.5,0.0,3.3,311,11.5,984.9,54.4,33.3,642.0,31.6,22.4,98.0
2024-04-29 09:00:00,32.0,25,9.4,0.0,6.4,344,19.1,984.9,61.7,34.1,566.0,25.5,24.3,137.0
2024-04-29 10:00:00,34.3,22,9.2,0.0,3.6,37,18.7,984.6,74.7,34.8,441.0,16.8,26.1,183.0
2024-04-29 11:00:00,36.0,19,9.1,0.0,0.5,315,15.8,984.3,96.6,37.5,342.0,10.0,26.5,217.0
2024-04-29 12:00:00,37.3,18,8.9,0.0,4.9,287,17.6,983.4,104.1,35.3,301.0,6.8,24.8,230.0
2024-04-29 13:00:00,38.0,16,7.8,0.0,10.0,285,24.5,982.7,104.1,32.7,286.0,5.6,21.8,231.0
2024-04-29 14:00:00,38.5,14,6.3,0.0,14.0,271,28.4,981.9,102.9,32.6,281.0,5.5,19.2,227.0
2024-04-29 15:00:00,38.0,14,5.8,0.0,18.8,266,34.6,981.3,104.8,33.1,282.0,6.6,17.5,220.0
2024-04-29 16:00:00,37.3,15,6.6,0.0,18.8,275,35.6,981.2,107.8,32.7,293.0,8.8,16.3,207.0
2024-04-29 17:00:00,36.2,17,6.9,0.0,17.0,287,34.2,980.9,217.0,35.9,252.0,8.8,13.0,165.0
2024-04-29 18:00:00,34.3,20,7.8,0.0,18.3,286,37.1,981.8,202.1,43.7,312.0,14.8,15.2,145.0
2024-04-29 19:00:00,33.0,22,8.6,0.0,17.3,306,30.2,982.4,198.8,49.2,394.0,23.0,18.1,118.0
2024-04-29 20:00:00,30.8,28,10.3,0.0,25.3,330,42.1,984.0,204.0,51.8,456.0,29.1,20.3,95.0
2024-04-29 21:00:00,29.5,31,10.8,0.0,21.9,337,42.1,985.1,192.8,52.3,480.0,31.2,21.2,83.0
2024-04-29 22:00:00,28.5,34,11.1,0.0,17.0,356,36.4,985.0,166.2,50.3,484.0,31.3,21.3,76.0
2024-04-29 23:00:00,27.4,36,11.1,0.0,14.5,14,27.4,984.3,130.9,45.8,479.0,30.4,20.6,69.0
2024-04-30 00:00:00,26.6,36,10.4,0.0,13.7,18,23.8,983.4,106.6,42.0,465.0,28.6,18.4,61.0
2024-04-30 01:00:00,26.1,35,9.6,0.0,15.1,360,24.5,983.2,108.5,42.5,443.0,26.0,15.4,54.0
2024-04-30 02:00:00,25.6,35,9.1,0.0,15.8,343,25.6,982.8,141.6,47.3,425.0,23.4,13.1,49.0
2024-04-30 03:00:00,25.0,36,8.8,0.0,12.0,339,25.6,982.4,177.4,54.4,414.0,21.0,12.1,46.0
2024-04-30 04:00:00,23.9,39,8.9,0.0,11.5,316,19.4,982.7,187.7,58.8,408.0,18.7,11.8,46.0
2024-04-30 05:00:00,23.0,41,9.0,0.0,10.9,314,18.7,983.1,163.9,50.8,349.0,17.3,11.2,59.0
2024-04-30 06:00:00,24.1,48,12.4,0.0,12.3,308,19.4,984.4,177.4,53.6,396.0,18.6,12.8,66.0
2024-04-30 07:00:00,25.9,45,13.1,0.0,10.2,293,19.8,984.9,184.9,57.0,457.0,20.2,14.9,77.0
2024-04-30 08:00:00,29.3,38,13.7,0.0,11.3,287,22.7,985.1,211.9,56.3,476.0,19.9,16.2,92.0
2024-04-30 09:00:00,32.3,23,8.6,0.0,15.9,295,31.0,985.0,217.5,49.4,411.0,15.6,15.9,115.0
2024-04-30 10:00:00,33.5,18,6.1,0.0,15.0,294,32.0,984.4,174.2,35.9,304.0,9.4,14.6,142.0
2024-04-30 11:00:00,34.5,16,5.4,0.0,13.6,287,31.3,983.8,138.8,27.2,223.0,4.8,13.3,162.0
2024-04-30 12:00:00,35.5,15,4.6,0.0,13.6,281,29.9,982.7,121.1,25.2,198.0,3.3,12.0,170.0
2024-04-30 13:00:00,36.2,13,3.5,0.0,13.9,280,30.2,981.7,110.6,23.4,200.0,3.5,10.7,172.0
2024-04-30 14:00:00,36.5,12,2.6,0.0,15.4,281,31.7,980.5,104.3,21.4,206.0,4.2,9.4,170.0
2024-04-30 15:00:00,36.2,12,1.8,0.0,17.8,277,34.6,979.6,106.9,20.0,200.0,4.3,7.9,166.0
2024-04-30 16:00:00,35.5,11,0.7,0.0,19.9,274,35.6,979.0,119.0,19.8,200.0,4.9,6.6,159.0
2024-04-30 17:00:00,34.4,11,-0.6,0.0,20.2,273,36.0,978.8,107.8,17.3,230.0,9.0,6.7,152.0
2024-04-30 18:00:00,32.5,14,1.5,0.0,14.1,274,29.9,979.5,105.0,23.2,379.0,24.8,11.0,125.0
2024-04-30 19:00:00,30.2,15,1.0,0.0,11.4,288,23.0,979.9,110.8,30.6,591.0,46.7,17.1,87.0
2024-04-30 20:00:00,28.3,18,1.5,0.0,9.7,329,17.6,980.0,138.3,40.3,796.0,63.3,23.6,57.0
2024-04-30 21:00:00,26.5,19,1.2,0.0,7.6,329,15.1,980.2,175.6,50.3,1013.0,70.6,32.0,42.0
2024-04-30 22:00:00,24.6,23,2.3,0.0,9.9,303,13.0,979.8,203.0,58.8,1224.0,72.6,40.7,35.0
2024-04-30 23:00:00,27.0,18,0.9,0.0,6.6,351,11.2,979.2,225.4,63.8,1299.0,70.1,43.9,32.0
2024-05-01 00:00:00,22.9,25,1.9,0.0,9.9,57,10.8,978.3,253.3,66.6,1135.0,61.6,36.6,33.0
2024-05-01 01:00:00,25.0,20,0.2,0.0,4.8,347,11.2,978.4,263.6,64.7,836.0,48.7,23.8,39.0
2024-05-01 02:00:00,22.6,23,0.6,0.0,13.6,302,23.4,978.6,304.5,68.7,585.0,36.6,13.8,46.0
2024-05-01 03:00:00,21.9,25,1.0,0.0,12.7,325,21.6,978.2,345.5,81.0,449.0,26.5,10.2,55.0
2024-05-01 04:00:00,21.3,30,2.8,0.0,14.1,322,24.5,978.5,353.9,90.6,362.0,17.2,9.6,65.0
2024-05-01 05:00:00,20.5,33,3.8,0.0,11.7,315,23.0,978.9,431.2,98.5,328.0,12.3,10.6,67.0
2024-05-01 06:00:00,21.5,42,7.9,0.0,14.8,319,23.4,980.3,469.4,111.5,332.0,12.6,11.2,76.0
2024-05-01 07:00:00,23.4,38,8.4,0.0,14.8,319,26.3,981.2,491.7,114.1,336.0,12.9,11.9,89.0
2024-05-01 08:00:00,25.9,32,8.1,0.0,16.8,318,31.3,981.4,439.6,102.2,326.0,12.3,12.0,104.0
2024-05-01 09:00:00,28.4,24,6.0,0.0,20.9,319,38.9,982.1,281.3,68.7,288.0,9.8,10.9,124.0
2024-05-01 10:00:00,30.4,17,3.0,0.0,22.9,315,42.8,982.1,183.0,40.6,235.0,6.4,9.2,146.0
2024-05-01 11:00:00,31.7,14,0.7,0.0,23.6,309,45.4,981.8,144.8,25.3,195.0,3.9,7.6,161.0
2024-05-01 12:00:00,32.5,12,-0.3,0.0,22.3,308,45.0,981.3,136.0,17.4,177.0,2.9,6.4,165.0
2024-05-01 13:00:00,32.8,12,-0.4,0.0,21.6,307,43.6,980.8,180.7,18.0,171.0,2.7,5.3,163.0
2024-05-01 14:00:00,32.7,12,0.1,0.0,22.1,298,42.5,980.3,258.0,23.6,172.0,3.1,4.7,160.0
2024-05-01 15:00:00,32.5,12,-0.3,0.0,21.7,291,42.1,979.8,337.1,30.7,177.0,3.7,4.5,157.0
2024-05-01 16:00:00,31.8,13,-0.3,0.0,24.1,292,43.2,979.5,394.9,36.8,188.0,4.9,4.7,153.0
2024-05-01 17:00:00,30.6,14,0.4,0.0,23.5,295,43.2,979.4,273.8,25.1,218.0,6.7,5.2,147.0
2024-05-01 18:00:00,29.5,14,-0.9,0.0,16.1,318,38.2,979.9,268.2,31.8,270.0,11.7,7.4,133.0
2024-05-01 19:00:00,28.0,16,0.2,0.0,14.0,318,27.0,980.7,259.8,39.5,341.0,18.5,10.5,115.0
2024-05-01 20:00:00,27.3,19,1.5,0.0,14.9,328,23.8,981.2,273.8,46.9,393.0,23.3,12.7,100.0
2024-05-01 21:00:00,26.0,23,3.1,0.0,14.6,350,27.7,981.7,286.8,53.7,411.0,24.2,13.3,94.0
2024-05-01 22:00:00,24.4,27,4.2,0.0,9.5,351,24.1,981.9,283.1,57.4,410.0,23.0,12.9,92.0
2024-05-01 23:00:00,22.8,31,4.8,0.0,7.2,342,15.1,981.7,258.9,57.6,400.0,21.1,12.4,92.0
2024-05-02 00:00:00,22.0,33,5.1,0.0,8.7,315,13.7,981.5,225.4,56.3,378.0,18.5,11.6,93.0
2024-05-02 01:00:00,21.1,35,5.2,0.0,7.7,311,13.7,981.0,191.4,53.7,346.0,15.2,10.6,96.0
2024-05-02 02:00:00,20.3,38,5.4,0.0,7.2,307,12.2,980.6,166.2,51.0,324.0,12.9,10.0,97.0
2024-05-02 03:00:00,19.8,39,5.5,0.0,8.7,300,13.7,980.5,151.8,49.1,316.0,12.3,9.9,93.0
2024-05-02 04:00:00,19.4,40,5.4,0.0,8.5,298,14.0,980.3,144.4,48.0,318.0,12.6,10.2,87.0
2024-05-02 05:00:00,19.0,41,5.3,0.0,9.0,299,14.0,980.7,156.0,53.4,355.0,15.5,11.2,75.0
2024-05-02 06:00:00,20.4,43,7.5,0.0,11.0,289,16.9,981.5,149.5,53.8,396.0,16.8,13.6,80.0
2024-05-02 07:00:00,23.1,38,8.1,0.0,12.0,286,20.9,982.4,142.5,55.3,449.0,18.3,17.0,88.0
2024-05-02 08:00:00,26.2,32,8.4,0.0,12.9,293,25.6,982.6,138.3,52.5,465.0,18.1,18.9,103.0
2024-05-02 09:00:00,29.0,25,7.2,0.0,18.0,299,34.2,983.4,112.9,44.5,408.0,14.4,18.3,131.0
2024-05-02 10:00:00,31.0,21,5.9,0.0,16.8,313,35.6,983.3,91.3,32.9,313.0,8.9,16.3,165.0
2024-05-02 11:00:00,32.6,18,5.2,0.0,17.1,318,34.9,982.8,102.2,31.8,242.0,4.8,14.4,191.0
2024-05-02 12:00:00,33.9,16,4.2,0.0,17.8,318,36.4,982.3,124.8,32.7,221.0,3.5,13.0,201.0
2024-05-02 13:00:00,34.8,15,4.1,0.0,18.2,321,36.7,981.6,150.4,31.9,222.0,3.5,11.6,202.0
2024-05-02 14:00:00,35.2,16,5.2,0.0,17.8,315,36.7,980.8,176.5,26.8,228.0,4.1,10.4,199.0
2024-05-02 15:00:00,35.4,16,5.4,0.0,17.6,311,35.6,980.0,217.5,28.2,220.0,4.1,9.2,195.0
2024-05-02 16:00:00,35.0,16,5.3,0.0,17.3,313,33.8,979.5,258.9,30.6,216.0,4.7,8.2,187.0
2024-05-02 17:00:00,34.2,17,5.4,0.0,15.3,311,32.4,979.2,305.5,37.6,266.0,8.7,8.3,182.0
2024-05-02 18:00:00,31.5,22,6.9,0.0,6.7,324,24.5,980.2,264.5,41.7,349.0,16.2,10.6,159.0
2024-05-02 19:00:00,28.4,26,6.9,0.0,8.4,301,11.5,980.9,246.8,48.7,462.0,26.4,13.7,127.0
2024-05-02 20:00:00,28.2,24,5.9,0.0,10.5,297,15.8,981.5,254.3,53.2,539.0,33.1,15.8,103.0
2024-05-02 21:00:00,27.6,24,5.2,0.0,10.0,319,16.9,982.2,248.7,54.4,549.0,33.1,15.9,95.0
2024-05-02 22:00:00,26.3,26,5.2,0.0,9.0,323,15.5,982.2,234.2,54.2,523.0,29.5,14.9,96.0
2024-05-02 23:00:00,25.0,28,5.5,0.0,8.9,310,14.8,982.3,210.9,52.0,488.0,25.5,13.8,97.0
2024-05-03 00:00:00,23.2,32,5.7,0.0,7.2,307,13.7,981.8,179.7,48.9,443.0,21.4,12.6,98.0
2024-05-03 01:00:00,22.0,34,5.6,0.0,7.9,309,11.2,981.1,152.7,46.4,389.0,16.9,11.2,101.0
2024-05-03 02:00:00,21.8,34,5.1,0.0,7.9,321,11.9,981.0,138.3,45.2,354.0,14.0,10.3,100.0
2024-05-03 03:00:00,21.0,34,4.7,0.0,7.7,311,11.9,980.9,131.3,44.9,346.0,13.9,10.1,91.0
2024-05-03 04:00:00,20.9,35,4.8,0.0,8.0,297,11.9,981.2,125.7,45.2,357.0,15.4,10.3,79.0
2024-05-03 05:00:00,20.2,37,4.9,0.0,7.6,301,12.2,981.6,163.4,54.4,384.0,15.7,12.0,78.0
2024-05-03 06:00:00,22.5,36,6.7,0.0,8.4,310,13.3,982.2,155.1,56.6,459.0,18.9,14.2,85.0
2024-05-03 07:00:00,25.5,32,7.8,0.0,9.0,293,16.6,982.9,143.4,58.0,557.0,23.0,17.1,95.0
2024-05-03 08:00:00,29.1,27,8.2,0.0,9.6,283,19.8,983.5,131.3,56.1,596.0,24.0,18.6,110.0
2024-05-03 09:00:00,32.3,22,7.7,0.0,13.4,284,27.0,984.0,100.4,46.3,517.0,18.8,17.3,135.0
2024-05-03 10:00:00,34.8,17,5.7,0.0,16.6,294,32.8,983.9,71.2,32.5,379.0,10.5,14.5,166.0
2024-05-03 11:00:00,36.2,14,4.4,0.0,21.6,300,40.7,983.5,71.7,25.6,274.0,4.4,12.2,187.0
2024-05-03 12:00:00,37.3,12,3.6,0.0,24.2,303,45.7,982.6,94.5,25.5,241.0,2.4,10.8,193.0
2024-05-03 13:00:00,37.9,12,3.2,0.0,24.4,307,46.8,981.7,121.5,24.9,241.0,2.5,9.9,191.0
2024-05-03 14:00:00,38.0,12,3.3,0.0,23.1,309,46.1,981.0,150.9,22.0,254.0,4.0,9.4,185.0
2024-05-03 15:00:00,38.0,12,3.2,0.0,20.2,309,43.2,980.6,190.0,25.3,266.0,6.3,9.2,178.0
2024-05-03 16:00:00,37.7,12,3.2,0.0,19.7,301,37.4,980.5,225.4,28.4,291.0,10.0,9.6,167.0
2024-05-03 17:00:00,36.9,12,3.2,0.0,16.7,295,34.9,980.7,163.0,36.1,366.0,18.3,10.5,142.0
2024-05-03 18:00:00,34.7,15,4.3,0.0,10.0,308,24.8,981.5,166.7,42.8,531.0,32.9,14.7,115.0
2024-05-03 19:00:00,33.0,17,4.9,0.0,10.8,285,16.6,982.3,196.0,53.0,756.0,52.7,20.4,77.0
2024-05-03 20:00:00,31.9,18,4.8,0.0,12.9,293,20.5,982.9,207.7,57.7,908.0,65.6,24.4,49.0
2024-05-03 21:00:00,30.8,19,4.3,0.0,11.5,314,20.5,983.3,222.6,60.8,927.0,65.8,25.1,41.0
2024-05-03 22:00:00,29.5,20,4.2,0.0,11.0,319,18.4,983.2,237.0,63.3,873.0,59.2,24.0,42.0
2024-05-03 23:00:00,28.9,21,4.4,0.0,9.3,324,17.6,982.9,230.5,62.6,796.0,51.1,22.4,46.0
2024-05-04 00:00:00,28.2,23,4.9,0.0,8.4,317,15.1,982.3,207.2,59.8,693.0,41.6,20.2,52.0
2024-05-04 01:00:00,27.5,24,5.3,0.0,7.7,319,12.6,981.9,176.0,56.3,568.0,30.6,17.6,59.0
2024-05-04 02:00:00,27.6,24,5.4,0.0,7.2,333,12.6,981.5,142.0,51.9,480.0,23.6,16.0,63.0
2024-05-04 03:00:00,27.0,26,5.7,0.0,6.4,333,11.2,981.4,117.1,48.0,449.0,23.5,16.3,57.0
2024-05-04 04:00:00,26.5,27,6.2,0.0,6.9,332,9.4,981.5,107.6,46.2,455.0,27.3,17.7,47.0
2024-05-04 05:00:00,26.5,28,6.8,0.0,1.5,194,10.8,981.9,160.2,57.7,651.0,45.3,23.0,28.0
2024-05-04 06:00:00,26.7,30,7.8,0.0,11.9,275,18.4,983.8,131.3,57.7,727.0,45.1,23.8,42.0
2024-05-04 07:00:00,28.5,28,8.2,0.0,13.0,298,22.3,984.4,116.2,60.1,823.0,44.3,24.8,64.0
2024-05-04 08:00:00,31.1,23,7.8,0.0,13.8,311,25.9,985.1,101.3,58.8,837.0,40.4,25.0,89.0
2024-05-04 09:00:00,33.8,21,8.1,0.0,14.9,302,28.8,984.9,74.0,46.4,686.0,30.2,24.0,123.0
2024-05-04 10:00:00,37.0,16,7.2,0.0,15.3,311,31.0,984.7,62.6,36.7,452.0,16.9,22.1,161.0
2024-05-04 11:00:00,39.3,10,2.7,0.0,13.8,313,31.0,984.0,61.2,31.2,276.0,7.0,19.8,188.0
2024-05-04 12:00:00,40.2,10,2.7,0.0,11.0,302,29.2,983.2,61.0,28.3,220.0,3.3,16.6,195.0
2024-05-04 13:00:00,40.7,10,2.9,0.0,13.9,291,29.2,982.5,63.6,26.1,222.0,3.0,12.9,191.0
2024-05-04 14:00:00,40.8,10,3.5,0.0,17.1,288,33.8,981.4,68.0,25.3,238.0,4.1,10.2,184.0
2024-05-04 15:00:00,40.5,10,2.8,0.0,18.6,280,34.9,980.7,73.3,25.0,240.0,4.8,8.8,179.0
2024-05-04 16:00:00,40.0,10,2.4,0.0,19.5,274,35.3,980.1,78.9,25.0,255.0,7.0,8.4,172.0
2024-05-04 17:00:00,38.5,11,3.2,0.0,18.5,297,35.3,980.1,56.2,23.5,364.0,17.0,10.5,170.0
2024-05-04 18:00:00,36.7,12,3.0,0.0,11.6,277,29.9,979.9,74.7,37.0,628.0,40.9,17.6,139.0
2024-05-04 19:00:00,34.0,15,3.7,0.0,10.1,305,18.7,979.9,99.4,51.3,994.0,73.6,27.6,95.0
2024-05-04 20:00:00,32.1,18,5.1,0.0,9.5,323,15.5,979.9,109.7,56.8,1279.0,96.5,35.6,61.0
2024-05-04 21:00:00,30.1,21,5.6,0.0,8.1,291,14.4,980.2,112.0,58.9,1417.0,100.8,40.4,46.0
2024-05-04 22:00:00,28.6,24,5.9,0.0,8.2,308,13.0,980.3,120.1,63.3,1475.0,95.3,43.2,40.0
2024-05-04 23:00:00,28.0,24,5.6,0.0,8.1,347,13.3,980.3,117.3,63.3,1471.0,88.0,43.4,37.0
2024-05-05 00:00:00,27.1,25,5.5,0.0,7.9,317,11.9,979.2,110.6,61.5,1390.0,80.3,39.5,35.0
2024-05-05 01:00:00,26.2,27,5.9,0.0,9.2,339,11.2,978.5,98.0,55.4,1246.0,70.8,33.0,35.0
2024-05-05 02:00:00,25.6,30,6.7,0.0,9.5,349,12.2,978.0,77.3,45.6,1103.0,62.7,27.7,35.0
2024-05-05 03:00:00,26.3,28,6.6,0.0,5.0,291,10.4,977.8,66.1,38.8,968.0,57.6,25.1,30.0
2024-05-05 04:00:00,25.0,30,6.2,0.0,7.8,236,10.8,978.0,60.5,34.7,834.0,53.8,23.7,25.0
2024-05-05 05:00:00,25.2,29,6.1,0.0,10.1,287,15.5,978.4,60.1,35.2,770.0,52.3,22.6,34.0
2024-05-05 06:00:00,26.4,31,7.8,0.0,11.3,287,17.3,978.5,85.2,42.5,787.0,48.6,22.5,57.0
2024-05-05 07:00:00,29.0,29,8.9,0.0,11.8,290,20.5,979.3,102.0,47.8,803.0,43.1,22.3,90.0
2024-05-05 08:00:00,31.9,24,8.9,0.0,12.1,300,23.8,980.0,122.0,50.9,764.0,36.2,21.9,119.0
2024-05-05 09:00:00,35.4,18,7.6,0.0,12.9,306,26.6,980.4,118.3,44.6,616.0,26.6,21.6,140.0
2024-05-05 10:00:00,38.0,14,5.4,0.0,13.0,316,28.1,980.2,116.2,38.8,413.0,15.7,21.1,158.0
2024-05-05 11:00:00,39.4,13,6.2,0.0,13.2,338,28.8,979.6,112.7,32.8,262.0,7.5,19.7,170.0
2024-05-05 12:00:00,40.5,13,6.7,0.0,13.4,324,29.5,979.0,100.6,26.4,212.0,4.0,16.5,174.0
2024-05-05 13:00:00,41.0,12,6.2,0.0,14.6,310,31.0,978.1,114.8,25.0,214.0,3.3,12.3,172.0
2024-05-05 14:00:00,41.1,12,6.1,0.0,16.0,301,32.0,977.2,138.8,22.8,227.0,3.7,9.3,168.0
2024-05-05 15:00:00,40.8,12,5.9,0.0,19.3,297,36.4,976.7,183.9,26.2,233.0,4.5,8.1,165.0
2024-05-05 16:00:00,40.1,12,5.4,0.0,20.3,303,37.4,976.3,239.3,30.6,249.0,6.4,8.1,161.0
2024-05-05 17:00:00,39.2,13,5.4,0.0,16.3,315,36.4,976.3,203.5,30.2,304.0,10.7,9.2,155.0
2024-05-05 18:00:00,36.7,16,6.7,0.0,10.1,343,23.8,976.8,204.4,38.9,388.0,18.7,11.6,134.0
2024-05-05 19:00:00,34.8,16,5.7,0.0,11.8,340,19.8,977.4,214.2,46.6,502.0,29.6,14.8,104.0
2024-05-05 20:00:00,32.8,19,6.0,0.0,9.9,316,18.7,978.0,239.3,51.7,571.0,36.1,16.8,83.0
2024-05-05 21:00:00,31.5,20,6.1,0.0,10.5,319,16.6,978.5,258.9,55.6,554.0,34.2,16.4,79.0
2024-05-05 22:00:00,30.5,20,5.4,0.0,9.8,336,16.6,978.8,261.7,58.7,493.0,28.0,14.7,82.0
2024-05-05 23:00:00,29.6,22,5.5,0.0,9.6,340,15.5,978.9,242.1,59.1,435.0,22.3,13.2,86.0
2024-05-06 00:00:00,29.5,23,6.2,0.0,12.1,333,18.7,978.7,212.3,58.2,393.0,18.5,12.4,87.0
2024-05-06 01:00:00,29.0,25,6.8,0.0,11.3,333,19.4,978.4,191.9,57.6,356.0,15.2,11.8,88.0
2024-05-06 02:00:00,28.0,27,7.3,0.0,9.8,332,17.6,978.3,178.8,57.6,334.0,13.4,11.5,86.0
2024-05-06 03:00:00,27.2,29,7.8,0.0,9.4,328,15.5,978.6,171.4,57.9,332.0,13.8,11.6,77.0
2024-05-06 04:00:00,26.4,31,8.1,0.0,8.2,311,14.8,979.0,167.6,58.1,346.0,15.7,12.0,66.0
2024-05-06 05:00:00,25.5,34,8.4,0.0,7.7,307,12.6,979.4,156.0,58.7,427.0,23.0,13.6,48.0
2024-05-06 06:00:00,27.6,34,10.2,0.0,8.4,320,12.6,980.5,150.4,60.1,506.0,25.4,15.8,59.0
2024-05-06 07:00:00,30.3,30,11.0,0.0,8.9,302,16.2,981.4,143.4,62.6,608.0,28.3,18.7,76.0
2024-05-06 08:00:00,33.1,26,11.2,0.0,9.7,297,20.2,982.2,141.6,61.7,644.0,28.1,20.2,96.0
2024-05-06 09:00:00,35.7,23,11.3,0.0,10.8,300,23.8,982.6,129.0,55.3,547.0,21.6,19.0,123.0
2024-05-06 10:00:00,37.8,19,10.3,0.0,12.0,309,26.3,982.7,114.3,44.1,383.0,12.0,16.3,152.0
2024-05-06 11:00:00,39.2,16,8.8,0.0,15.9,303,33.5,982.5,93.8,31.8,260.0,4.8,13.8,173.0
2024-05-06 12:00:00,39.7,15,8.4,0.0,17.9,298,36.0,981.8,91.0,28.9,224.0,2.5,11.8,178.0
2024-05-06 13:00:00,40.4,14,7.9,0.0,18.5,299,37.1,980.9,96.2,28.8,229.0,2.7,10.0,174.0
2024-05-06 14:00:00,40.5,14,7.7,0.0,21.2,305,40.3,980.0,104.8,28.7,239.0,3.6,8.7,168.0
2024-05-06 15:00:00,40.2,14,7.5,0.0,22.3,304,41.4,979.3,116.4,28.0,229.0,3.5,7.6,165.0
2024-05-06 16:00:00,39.8,15,7.8,0.0,20.5,304,41.4,978.9,129.9,25.9,225.0,4.1,7.0,160.0
2024-05-06 17:00:00,39.4,15,7.7,0.0,15.0,294,37.1,978.8,113.6,28.0,291.0,9.0,7.9,167.0
2024-05-06 18:00:00,36.7,17,7.2,0.0,7.7,298,24.8,979.3,106.4,36.0,525.0,31.1,14.7,133.0
2024-05-06 19:00:00,34.1,19,7.3,0.0,8.5,298,13.0,979.8,130.4,47.3,848.0,61.3,24.0,86.0
2024-05-06 20:00:00,33.0,21,7.6,0.0,10.5,292,16.2,980.2,156.9,56.5,1087.0,81.6,30.7,50.0
2024-05-06 21:00:00,32.0,22,7.8,0.0,9.7,297,16.6,980.8,174.2,61.9,1176.0,82.9,32.7,37.0
2024-05-06 22:00:00,31.0,24,7.9,0.0,9.3,306,16.2,981.0,183.9,63.8,1181.0,74.3,32.2,36.0
2024-05-06 23:00:00,29.2,26,8.1,0.0,7.9,344,14.0,981.1,184.9,60.8,1132.0,65.0,30.1,36.0
2024-05-07 00:00:00,27.9,29,8.1,0.0,8.0,355,11.9,980.5,179.7,55.8,1002.0,56.7,25.6,36.0
2024-05-07 01:00:00,26.6,32,8.5,0.0,8.0,355,10.8,979.9,174.6,52.7,816.0,47.8,19.6,37.0
2024-05-07 02:00:00,25.9,33,8.6,0.0,7.5,343,10.1,979.9,165.8,51.2,684.0,42.1,15.7,36.0
2024-05-07 03:00:00,25.2,36,9.0,0.0,7.8,347,10.8,980.3,159.7,50.8,651.0,42.6,15.5,26.0
2024-05-07 04:00:00,26.5,32,8.4,0.0,4.5,346,8.6,980.7,162.1,51.3,671.0,46.4,17.3,13.0
2024-05-07 05:00:00,26.8,31,8.1,0.0,4.0,63,5.4,981.0,117.1,47.3,533.0,28.7,13.4,36.0
2024-05-07 06:00:00,26.9,38,11.4,0.0,4.7,148,11.9,981.9,109.0,48.4,604.0,31.7,16.4,46.0
2024-05-07 07:00:00,29.4,33,11.2,0.0,2.8,130,10.4,982.9,104.5,52.0,698.0,35.5,20.6,61.0
2024-05-07 08:00:00,32.5,27,11.3,0.0,2.4,27,10.4,983.7,105.9,53.6,740.0,35.6,24.1,89.0
2024-05-07 09:00:00,34.7,24,11.3,0.0,12.0,44,25.9,984.5,107.3,53.7,681.0,28.4,26.6,142.0
2024-05-07 10:00:00,37.3,22,12.0,0.0,9.0,74,25.9,984.4,127.6,58.4,570.0,17.4,28.4,208.0
2024-05-07 11:00:00,39.1,20,11.9,0.0,7.2,90,23.4,984.3,151.3,61.0,474.0,9.1,28.9,253.0
2024-05-07 12:00:00,40.2,16,9.5,0.0,0.7,270,21.2,983.5,167.6,60.1,414.0,6.1,27.1,261.0
2024-05-07 13:00:00,40.9,14,8.3,0.0,6.9,321,19.8,982.5,169.5,54.9,369.0,5.6,23.8,248.0
2024-05-07 14:00:00,41.2,13,7.8,0.0,11.9,325,26.3,981.6,160.2,48.5,342.0,6.3,21.4,235.0
2024-05-07 15:00:00,41.7,12,6.8,0.0,14.7,332,29.9,980.9,149.9,45.1,333.0,7.5,20.6,231.0
2024-05-07 16:00:00,39.7,16,9.0,0.0,13.8,51,29.9,981.1,140.2,44.2,343.0,9.9,20.7,226.0
2024-05-07 17:00:00,36.6,25,13.4,0.0,22.3,90,38.9,981.3,122.9,39.7,387.0,13.5,17.4,193.0
2024-05-07 18:00:00,37.0,17,7.9,0.0,12.1,37,28.1,981.0,115.5,51.5,514.0,23.8,19.8,160.0
2024-05-07 19:00:00,34.7,21,9.1,0.0,13.5,81,20.2,981.4,111.1,54.8,688.0,38.0,23.2,115.0
2024-05-07 20:00:00,32.5,36,15.4,0.0,15.5,102,30.2,982.1,104.3,54.5,814.0,47.9,25.5,79.0
2024-05-07 21:00:00,31.5,38,15.6,0.0,11.2,111,25.2,982.6,99.7,54.2,854.0,50.1,26.0,63.0
2024-05-07 22:00:00,30.6,40,15.4,0.0,10.7,140,18.4,982.8,98.5,54.9,846.0,48.0,25.4,57.0
2024-05-07 23:00:00,29.6,42,15.4,0.0,8.5,144,18.0,983.2,101.5,54.9,813.0,44.5,24.2,54.0
2024-05-08 00:00:00,27.6,49,15.9,0.0,8.5,102,13.0,983.0,107.1,53.4,751.0,39.6,22.1,54.0
2024-05-08 01:00:00,27.9,48,15.9,0.0,7.3,147,11.2,982.7,115.5,53.0,664.0,33.2,19.5,56.0
2024-05-08 02:00:00,27.0,52,16.2,0.0,7.2,143,11.2,982.4,125.7,53.4,589.0,27.6,17.4,59.0
2024-05-08 03:00:00,26.9,53,16.4,0.0,11.8,149,17.6,982.4,133.6,53.8,539.0,23.8,16.2,58.0
2024-05-08 04:00:00,26.8,53,16.4,0.0,12.2,146,22.3,982.5,143.9,53.7,502.0,20.8,15.6,57.0
2024-05-08 05:00:00,26.0,55,16.4,0.0,10.0,111,19.4,983.3,180.7,55.9,472.0,15.6,15.4,69.0
2024-05-08 06:00:00,27.8,62,19.9,0.0,19.1,112,33.1,984.0,227.7,59.8,463.0,15.3,16.9,80.0
2024-05-08 07:00:00,28.8,60,20.2,0.0,19.9,107,34.9,984.7,270.1,66.1,450.0,14.8,19.0,97.0
2024-05-08 08:00:00,30.2,57,20.6,0.0,21.3,102,39.6,985.0,272.9,67.3,435.0,13.7,20.7,118.0
2024-05-08 09:00:00,32.2,50,20.4,0.0,20.0,104,39.6,985.0,261.7,65.7,418.0,11.5,21.7,145.0
2024-05-08 10:00:00,34.3,43,19.9,0.0,17.8,108,38.5,984.8,255.2,62.9,399.0,8.7,22.5,176.0
2024-05-08 11:00:00,36.2,37,19.3,0.0,16.9,117,36.0,984.2,254.3,61.2,384.0,6.6,23.0,202.0
2024-05-08 12:00:00,37.5,33,18.5,0.0,14.5,125,34.9,983.4,257.0,60.3,377.0,5.8,23.6,220.0
2024-05-08 13:00:00,38.3,28,16.7,0.0,7.7,127,32.0,982.3,261.7,59.8,374.0,5.7,24.0,232.0
2024-05-08 14:00:00,38.3,25,14.6,0.0,3.4,122,22.3,981.4,257.0,58.4,372.0,6.3,23.8,238.0
2024-05-08 15:00:00,38.8,22,13.2,0.0,3.2,63,15.1,980.7,226.8,53.1,344.0,5.6,22.0,238.0
2024-05-08 16:00:00,38.5,22,12.9,0.0,8.7,42,18.4,980.6,188.1,47.4,317.0,5.5,19.5,232.0
2024-05-08 17:00:00,35.9,28,14.4,0.0,19.2,96,33.5,980.6,292.4,56.2,436.0,13.4,24.1,222.0
2024-05-08 18:00:00,35.3,25,12.4,0.0,8.0,98,25.2,981.4,243.1,65.7,547.0,22.3,26.6,189.0
2024-05-08 19:00:00,33.0,34,14.9,0.0,11.9,115,19.4,981.4,209.5,71.0,694.0,34.3,29.9,144.0
2024-05-08 20:00:00,31.9,37,15.3,0.0,12.2,104,20.2,982.0,184.9,66.6,768.0,40.2,31.1,113.0
2024-05-08 21:00:00,31.5,37,15.0,0.0,12.7,98,20.9,982.5,185.8,65.7,698.0,34.3,28.3,112.0
2024-05-08 22:00:00,31.1,37,14.8,0.0,16.9,106,25.9,982.8,218.9,67.3,554.0,22.5,23.5,127.0
2024-05-08 23:00:00,30.5,39,14.8,0.0,19.4,121,32.4,982.5,255.2,69.4,437.0,13.1,19.9,137.0
2024-05-09 00:00:00,29.5,41,14.8,0.0,17.8,126,32.4,982.7,248.7,67.8,386.0,9.5,18.8,136.0
2024-05-09 01:00:00,28.5,46,15.8,0.0,16.0,134,29.5,981.9,226.8,65.7,363.0,8.3,18.9,132.0
2024-05-09 02:00:00,27.8,50,16.4,0.0,14.7,126,27.0,981.6,217.0,67.1,351.0,7.9,19.0,126.0
2024-05-09 03:00:00,27.2,52,16.5,0.0,14.3,115,24.1,981.6,204.0,66.8,349.0,8.1,18.5,117.0
2024-05-09 04:00:00,26.6,55,16.8,0.0,15.0,107,24.8,982.0,186.7,64.5,358.0,9.2,18.1,107.0
2024-05-09 05:00:00,26.1,58,17.1,0.0,15.7,101,25.9,982.3,146.2,61.0,374.0,9.0,15.2,109.0
2024-05-09 06:00:00,27.7,56,18.0,0.0,20.9,66,34.6,984.6,146.2,60.5,380.0,9.4,15.3,113.0
2024-05-09 07:00:00,28.5,54,18.3,0.0,22.7,92,42.1,984.6,152.7,55.4,387.0,9.9,15.5,119.0
2024-05-09 08:00:00,30.1,50,18.5,0.0,20.2,95,40.0,985.0,183.9,56.1,391.0,9.9,16.2,131.0
2024-05-09 09:00:00,31.5,46,18.5,0.0,21.3,96,41.4,984.8,225.4,61.0,386.0,8.8,17.9,154.0
2024-05-09 10:00:00,33.5,42,18.6,0.0,18.2,115,41.0,983.9,248.7,65.2,377.0,7.3,20.0,183.0
2024-05-09 11:00:00,35.2,38,18.5,0.0,13.9,107,36.7,983.4,250.5,66.8,372.0,6.1,21.9,208.0
2024-05-09 12:00:00,36.7,34,18.2,0.0,10.6,114,31.0,982.5,244.0,67.3,372.0,5.6,23.0,226.0
2024-05-09 13:00:00,37.7,31,17.6,0.0,7.8,112,26.6,981.6,244.9,67.8,376.0,5.5,23.8,240.0
2024-05-09 14:00:00,38.3,28,16.5,0.0,4.3,90,22.7,980.6,249.6,68.7,384.0,6.2,24.9,251.0
2024-05-09 15:00:00,38.7,25,15.2,0.0,4.0,27,17.3,979.8,252.4,69.4,385.0,7.1,26.7,262.0
2024-05-09 16:00:00,38.7,23,14.0,0.0,5.7,18,16.2,979.2,257.0,70.8,391.0,8.8,28.9,270.0
2024-05-09 17:00:00,38.2,23,13.8,0.0,7.5,35,16.2,979.6,170.4,62.2,450.0,11.4,23.0,231.0
2024-05-09 18:00:00,34.4,29,14.1,0.0,4.7,90,7.9,981.0,150.9,65.2,585.0,22.6,25.9,192.0
2024-05-09 19:00:00,32.7,29,12.4,0.0,7.4,129,11.5,980.7,149.0,71.5,768.0,37.7,29.8,138.0
2024-05-09 20:00:00,31.4,32,12.4,0.0,7.4,104,12.6,981.5,151.8,73.1,879.0,46.9,31.9,98.0
2024-05-09 21:00:00,30.7,34,12.9,0.0,11.3,97,17.6,982.0,153.2,72.4,856.0,44.7,30.6,86.0
2024-05-09 22:00:00,30.2,36,13.3,0.0,12.2,109,21.2,981.7,153.7,68.9,762.0,36.5,27.4,89.0
2024-05-09 23:00:00,29.2,38,13.3,0.0,11.7,124,19.8,981.4,153.7,63.3,667.0,28.5,24.3,94.0
2024-05-10 00:00:00,28.8,38,13.2,0.0,12.0,123,19.4,981.5,156.9,59.0,587.0,22.5,21.6,100.0
2024-05-10 01:00:00,28.4,39,13.2,0.0,12.2,114,19.4,981.2,163.9,57.7,506.0,16.7,19.0,109.0
2024-05-10 02:00:00,27.7,42,13.6,0.0,13.0,114,20.9,981.1,171.8,58.0,443.0,12.5,17.5,115.0
2024-05-10 03:00:00,26.9,45,14.1,0.0,9.7,141,20.9,981.5,185.8,59.6,406.0,10.7,17.7,113.0
2024-05-10 04:00:00,26.1,49,14.4,0.0,9.0,127,15.8,982.0,194.6,60.8,386.0,10.6,19.0,107.0
2024-05-10 05:00:00,25.8,51,14.9,0.0,10.9,99,17.6,983.0,159.3,52.9,369.0,8.8,16.4,119.0
2024-05-10 06:00:00,26.2,64,18.9,0.0,18.4,93,42.5,984.9,148.1,50.2,381.0,9.6,15.8,121.0
2024-05-10 07:00:00,28.5,58,19.5,0.0,16.0,98,31.3,985.4,173.2,51.1,397.0,10.7,15.2,124.0
2024-05-10 08:00:00,30.5,55,20.5,0.0,20.5,80,37.8,986.5,203.0,50.3,406.0,10.9,15.4,134.0
2024-05-10 09:00:00,31.8,52,20.8,0.0,22.0,95,42.1,986.3,236.1,51.6,402.0,9.5,17.4,156.0
2024-05-10 10:00:00,33.8,46,20.5,0.0,19.5,113,42.1,985.2,273.8,56.6,392.0,7.4,20.2,184.0
2024-05-10 11:00:00,35.8,40,20.0,0.0,16.0,121,38.5,984.3,305.5,61.2,385.0,5.8,22.4,207.0
2024-05-10 12:00:00,37.5,35,19.5,0.0,12.4,126,34.2,983.5,324.1,60.3,383.0,5.2,23.1,222.0
2024-05-10 13:00:00,38.5,32,18.6,0.0,7.7,131,28.8,982.4,339.9,61.5,383.0,5.2,23.0,232.0
2024-05-10 14:00:00,39.2,29,17.9,0.0,5.4,138,22.0,981.2,351.1,62.9,387.0,5.9,23.2,238.0
2024-05-10 15:00:00,36.5,34,18.0,0.4,10.1,6,23.0,981.6,356.7,63.8,387.0,6.9,23.9,243.0
2024-05-10 16:00:00,36.4,32,16.9,0.0,12.1,30,23.0,980.9,356.7,64.0,392.0,8.7,24.9,244.0
2024-05-10 17:00:00,35.5,37,18.4,0.0,8.7,38,26.3,980.5,334.3,58.7,439.0,15.0,25.1,209.0
2024-05-10 18:00:00,33.1,40,17.9,0.0,4.7,86,18.0,981.4,303.6,67.1,556.0,24.5,27.5,186.0
2024-05-10 19:00:00,31.2,47,18.6,0.0,2.4,333,8.3,982.0,286.8,74.3,715.0,37.3,30.7,155.0
2024-05-10 20:00:00,30.0,52,19.0,0.0,3.1,21,3.6,982.5,255.2,75.4,807.0,44.2,32.2,131.0
2024-05-10 21:00:00,30.4,51,19.2,0.0,3.7,29,7.6,983.1,240.3,72.9,771.0,39.7,30.4,124.0
2024-05-10 22:00:00,30.1,52,19.2,0.0,1.9,292,4.3,982.9,205.8,69.6,669.0,29.4,26.8,125.0
2024-05-10 23:00:00,29.2,56,19.5,0.0,3.3,41,4.0,982.7,160.7,62.4,581.0,21.1,23.7,124.0
2024-05-11 00:00:00,29.6,53,19.1,0.0,4.7,122,4.7,982.3,121.1,56.1,535.0,17.7,21.6,116.0
2024-05-11 01:00:00,27.9,58,19.0,0.0,7.1,131,10.1,981.9,104.3,53.9,504.0,16.4,19.9,106.0
2024-05-11 02:00:00,27.4,58,18.5,0.0,6.6,119,13.3,981.9,99.9,54.0,482.0,15.6,18.9,97.0
2024-05-11 03:00:00,26.0,65,18.8,0.0,8.0,108,9.7,982.4,100.4,54.5,469.0,15.2,18.7,90.0
2024-05-11 04:00:00,26.0,63,18.5,0.0,5.9,142,9.4,982.9,102.9,55.2,466.0,15.4,19.2,85.0
2024-05-11 05:00:00,25.9,61,17.9,0.0,6.4,128,9.7,983.7,235.2,71.0,566.0,23.6,21.4,77.0
2024-05-11 06:00:00,28.0,56,18.5,0.0,9.5,323,16.9,987.9,258.0,78.7,594.0,23.6,25.3,90.0
2024-05-11 07:00:00,29.4,53,18.8,0.0,7.4,317,19.1,988.1,308.3,87.1,630.0,23.5,30.7,109.0
2024-05-11 08:00:00,31.0,49,19.0,0.1,10.0,77,21.2,988.0,305.5,91.5,643.0,22.1,35.0,135.0
2024-05-11 09:00:00,32.0,46,18.8,0.0,10.9,124,25.6,986.9,271.9,92.0,615.0,18.3,37.8,177.0
2024-05-11 10:00:00,32.5,43,18.2,0.0,3.3,257,23.8,986.7,238.4,91.0,565.0,13.2,39.5,227.0
2024-05-11 11:00:00,34.3,37,17.7,0.0,3.3,276,16.6,986.3,207.7,84.3,515.0,9.1,38.7,260.0
2024-05-11 12:00:00,36.3,31,16.7,0.0,2.3,321,15.5,985.6,181.1,73.8,470.0,6.8,33.8,264.0
2024-05-11 13:00:00,38.2,25,14.5,0.0,9.7,312,23.8,985.0,163.9,65.4,425.0,5.5,26.4,251.0
2024-05-11 14:00:00,38.8,22,13.1,0.0,15.0,316,31.3,983.7,155.5,61.2,391.0,5.0,20.3,235.0
2024-05-11 15:00:00,38.7,21,12.8,0.0,17.6,319,34.9,982.9,153.7,58.2,370.0,5.2,16.8,220.0
2024-05-11 16:00:00,38.0,23,13.0,0.0,16.3,315,34.2,982.5,156.5,55.9,361.0,6.2,14.5,203.0
2024-05-11 17:00:00,37.5,23,12.9,0.0,15.1,310,31.7,982.6,190.5,46.9,340.0,8.7,12.8,191.0
2024-05-11 18:00:00,35.2,30,15.1,0.1,5.4,356,23.8,984.4,191.9,47.1,447.0,19.9,15.7,160.0
2024-05-11 19:00:00,32.2,37,15.6,0.0,6.4,106,8.6,984.0,175.1,50.2,594.0,35.3,19.7,117.0
2024-05-11 20:00:00,31.5,37,15.2,0.0,6.3,59,9.7,984.1,190.9,54.7,698.0,46.0,22.4,83.0
2024-05-11 21:00:00,30.2,41,15.4,0.0,6.4,38,10.4,984.6,215.6,58.2,725.0,48.3,22.8,69.0
2024-05-11 22:00:00,28.9,45,15.9,0.0,6.0,33,10.1,984.4,223.1,58.8,709.0,46.0,21.9,64.0
2024-05-11 23:00:00,27.9,51,16.6,0.0,7.2,37,9.7,984.5,225.8,57.7,674.0,41.9,20.5,62.0
2024-05-12 00:00:00,27.4,53,17.0,0.0,7.3,110,9.4,984.2,222.6,58.0,610.0,35.4,18.2,61.0
2024-05-12 01:00:00,27.9,51,16.8,0.0,5.8,158,8.3,983.7,215.6,59.6,527.0,27.2,15.3,63.0
2024-05-12 02:00:00,26.2,56,16.7,0.0,7.9,180,9.4,982.7,210.0,61.7,473.0,22.2,13.5,63.0
2024-05-12 03:00:00,26.0,55,16.4,0.0,6.6,171,9.7,982.8,206.8,63.6,468.0,23.7,13.4,54.0
2024-05-12 04:00:00,26.3,54,16.3,0.0,8.1,167,12.2,983.2,217.0,65.7,493.0,28.5,14.3,44.0
2024-05-12 05:00:00,26.2,56,16.7,0.0,8.0,172,13.0,984.1,246.8,72.2,382.0,16.0,13.3,87.0
2024-05-12 06:00:00,28.8,56,19.2,0.0,11.2,266,17.3,986.2,268.2,75.0,418.0,17.0,16.0,95.0
2024-05-12 07:00:00,30.0,52,19.1,0.0,9.8,287,18.0,986.5,273.8,78.5,467.0,18.2,19.7,107.0
2024-05-12 08:00:00,32.2,44,18.5,0.0,11.2,303,22.7,986.9,283.1,80.8,493.0,17.9,22.5,125.0
2024-05-12 09:00:00,34.7,36,17.3,0.0,14.0,318,28.8,987.3,261.7,79.9,477.0,14.7,23.8,155.0
2024-05-12 10:00:00,36.2,31,16.5,0.0,14.1,328,30.2,986.5,228.6,74.0,439.0,10.0,24.3,191.0
2024-05-12 11:00:00,36.8,27,14.6,0.0,16.9,1,36.7,986.0,208.2,68.7,404.0,6.4,23.9,216.0
2024-05-12 12:00:00,36.2,30,15.7,0.0,13.6,343,35.6,986.0,190.9,64.3,379.0,4.9,22.0,222.0
2024-05-12 13:00:00,36.4,28,15.1,0.0,7.4,39,31.0,985.4,174.6,60.1,357.0,4.6,19.3,217.0
2024-05-12 14:00:00,37.2,26,14.4,0.0,3.6,53,20.9,984.6,159.3,56.0,341.0,4.8,17.1,209.0
2024-05-12 15:00:00,37.8,25,14.6,0.0,7.2,3,19.4,983.8,147.6,53.7,315.0,4.1,15.7,204.0
2024-05-12 16:00:00,36.8,25,13.4,0.0,16.3,319,31.3,983.9,139.2,51.1,296.0,3.9,14.9,198.0
2024-05-12 17:00:00,35.4,28,14.3,0.0,18.3,15,30.6,983.8,177.4,49.6,356.0,9.7,12.1,179.0
2024-05-12 18:00:00,35.0,27,13.2,0.0,7.0,78,22.0,982.9,159.3,55.3,523.0,25.1,16.9,148.0
2024-05-12 19:00:00,32.5,33,13.9,0.0,7.4,113,11.2,982.8,167.6,63.1,750.0,45.8,23.5,106.0
2024-05-12 20:00:00,31.5,35,13.9,0.0,7.4,51,11.5,983.5,172.8,66.1,892.0,58.7,27.8,75.0
2024-05-12 21:00:00,29.5,39,14.2,0.0,6.7,54,11.9,983.8,171.8,64.0,865.0,55.5,27.7,68.0
2024-05-12 22:00:00,29.4,38,13.6,0.0,7.4,61,11.2,983.9,164.4,60.8,754.0,44.3,25.5,72.0
2024-05-12 23:00:00,29.0,38,13.2,0.0,8.5,36,13.0,984.2,143.4,56.7,670.0,36.2,23.5,73.0
2024-05-13 00:00:00,28.1,41,13.5,0.0,6.5,71,14.0,984.3,117.8,52.7,654.0,35.4,22.4,65.0
2024-05-13 01:00:00,27.6,43,13.9,0.0,6.8,122,10.8,984.0,103.8,51.0,665.0,37.7,21.7,54.0
2024-05-13 02:00:00,26.5,48,14.4,0.0,7.7,139,10.4,983.7,112.9,55.1,696.0,41.5,22.2,43.0
2024-05-13 03:00:00,26.6,47,14.4,0.0,8.6,165,12.6,983.9,134.6,62.6,759.0,48.5,24.9,27.0
2024-05-13 04:00:00,26.0,50,14.8,0.0,7.3,189,13.3,984.1,156.9,68.5,842.0,57.0,28.9,12.0
2024-05-13 05:00:00,26.4,50,15.1,0.0,7.8,193,11.2,984.6,124.3,52.0,496.0,36.1,25.0,43.0
2024-05-13 06:00:00,28.2,56,18.5,0.0,9.1,34,15.1,986.3,130.9,54.9,534.0,34.6,28.7,62.0
2024-05-13 07:00:00,30.5,51,19.1,0.0,5.9,52,14.8,986.8,139.2,60.1,582.0,32.2,34.0,91.0
2024-05-13 08:00:00,32.9,45,19.5,0.0,9.0,53,20.5,987.2,165.8,68.7,596.0,28.7,38.2,123.0
2024-05-13 09:00:00,35.0,41,19.9,0.0,7.4,47,20.9,987.1,194.2,75.9,545.0,23.3,41.6,165.0
2024-05-13 10:00:00,36.8,35,19.0,0.0,5.5,32,20.2,986.3,186.3,67.8,460.0,16.7,44.0,211.0
2024-05-13 11:00:00,38.5,25,15.1,0.0,6.6,331,20.2,985.6,155.1,56.1,383.0,11.3,42.7,240.0
2024-05-13 12:00:00,39.5,21,13.0,0.0,13.5,318,29.9,985.8,117.3,40.7,326.0,7.8,34.4,240.0
2024-05-13 13:00:00,39.2,15,8.1,0.0,9.2,315,29.9,985.0,92.0,31.5,277.0,5.5,22.3,224.0
2024-05-13 14:00:00,40.2,13,6.4,0.0,12.5,321,26.6,984.0,82.4,28.2,243.0,4.3,13.1,208.0
2024-05-13 15:00:00,40.1,13,6.1,0.0,16.8,332,32.8,983.1,82.9,26.9,212.0,2.9,9.2,200.0
2024-05-13 16:00:00,39.8,12,4.6,0.0,14.9,340,32.8,982.7,91.3,25.9,196.0,2.6,8.2,192.0
2024-05-13 17:00:00,39.2,10,2.0,0.0,15.8,339,28.1,982.6,118.3,30.6,267.0,8.6,10.2,181.0
2024-05-13 18:00:00,35.8,13,3.1,0.0,7.8,13,27.0,983.7,104.3,34.9,404.0,21.6,14.1,153.0
2024-05-13 19:00:00,32.5,16,3.5,0.0,7.7,49,12.2,983.8,107.3,41.2,599.0,39.9,19.7,113.0
2024-05-13 20:00:00,31.7,18,4.3,0.0,7.6,5,11.9,983.9,122.9,48.9,795.0,56.2,25.5,79.0
2024-05-13 21:00:00,28.9,23,5.4,0.0,9.7,329,11.9,984.1,149.5,58.8,1018.0,70.1,32.8,55.0
2024-05-13 22:00:00,28.3,23,5.2,0.0,9.0,358,12.6,984.1,175.1,67.5,1241.0,82.0,40.4,37.0
2024-05-13 23:00:00,27.2,26,5.8,0.0,7.7,319,11.9,984.1,177.0,69.4,1327.0,85.7,43.2,27.0
2024-05-14 00:00:00,26.0,29,6.4,0.0,8.2,308,11.5,984.2,160.2,61.7,1164.0,75.2,37.1,31.0
2024-05-14 01:00:00,25.2,28,5.7,0.0,11.1,335,13.3,984.1,126.2,48.7,864.0,56.5,26.3,43.0
2024-05-14 02:00:00,25.3,27,4.9,0.0,9.7,345,13.3,984.1,93.4,37.1,620.0,41.5,18.0,53.0
2024-05-14 03:00:00,24.5,29,5.5,0.0,10.6,332,12.2,984.4,69.4,30.0,502.0,34.8,15.2,52.0
2024-05-14 04:00:00,23.8,32,5.9,0.0,9.3,306,12.2,984.4,55.8,26.2,440.0,31.7,15.0,49.0
2024-05-14 05:00:00,23.1,34,6.5,0.0,8.4,295,10.8,985.0,63.1,29.7,439.0,31.4,15.3,47.0
2024-05-14 06:00:00,26.4,40,11.9,0.0,4.0,350,8.6,986.7,65.4,32.9,489.0,31.4,17.5,64.0
2024-05-14 07:00:00,29.2,36,12.4,0.0,4.4,9,10.8,987.3,62.9,34.8,554.0,31.2,20.6,88.0
2024-05-14 08:00:00,32.3,30,12.4,0.0,4.3,24,14.0,988.1,59.0,34.7,570.0,28.8,22.3,114.0
2024-05-14 09:00:00,35.0,25,11.8,0.0,4.4,35,15.8,987.9,56.8,34.3,489.0,22.2,21.8,144.0
2024-05-14 10:00:00,37.5,18,9.2,0.0,5.0,21,17.6,987.5,47.7,28.1,358.0,13.5,20.0,175.0
2024-05-14 11:00:00,39.0,15,7.6,0.0,7.8,338,21.6,986.9,44.8,23.9,257.0,6.9,17.9,196.0
2024-05-14 12:00:00,40.1,13,6.8,0.0,13.5,312,29.2,986.3,46.4,21.5,219.0,4.1,15.3,200.0
2024-05-14 13:00:00,40.5,13,6.6,0.0,18.8,306,37.4,985.5,53.0,21.1,211.0,3.5,12.3,193.0
2024-05-14 14:00:00,40.8,12,5.6,0.0,17.5,302,38.2,984.4,63.3,21.0,211.0,3.6,10.0,185.0
2024-05-14 15:00:00,40.9,10,3.5,0.0,19.2,308,36.0,983.2,76.1,20.9,196.0,2.7,8.3,182.0
2024-05-14 16:00:00,40.2,10,2.4,0.0,21.1,314,40.0,982.7,91.0,20.9,190.0,2.5,7.3,179.0
2024-05-14 17:00:00,39.5,10,2.2,0.0,14.6,322,37.8,982.8,88.0,20.3,350.0,13.9,9.4,169.0
2024-05-14 18:00:00,37.2,9,-1.2,0.0,15.7,351,32.4,983.2,105.7,28.5,463.0,24.1,12.7,143.0
2024-05-14 19:00:00,34.8,9,-2.1,0.0,17.5,351,28.4,983.2,135.5,37.5,617.0,37.9,17.2,106.0
2024-05-14 20:00:00,34.0,11,-0.7,0.0,9.2,339,28.1,983.8,165.3,41.6,711.0,46.2,19.9,80.0
2024-05-14 21:00:00,31.5,15,1.6,0.0,8.0,297,14.0,983.8,186.7,43.9,688.0,43.5,19.1,73.0
2024-05-14 22:00:00,30.5,20,4.8,0.0,11.5,302,16.9,983.7,195.1,45.6,606.0,35.2,16.5,77.0
2024-05-14 23:00:00,31.5,19,5.4,0.0,14.6,310,23.8,983.6,189.5,46.4,535.0,28.4,14.3,79.0
2024-05-15 00:00:00,30.7,21,6.1,0.0,12.4,306,23.0,983.5,171.4,46.3,496.0,25.1,12.9,77.0
2024-05-15 01:00:00,29.2,24,6.7,0.0,11.2,310,19.4,983.2,156.0,46.8,469.0,23.2,11.9,74.0
2024-05-15 02:00:00,27.8,27,7.2,0.0,9.2,312,17.6,982.9,156.0,48.2,464.0,24.3,12.0,69.0
2024-05-15 03:00:00,25.5,33,7.9,0.0,7.1,311,14.0,982.8,167.2,50.4,489.0,30.5,13.8,55.0
2024-05-15 04:00:00,24.5,36,8.6,0.0,8.1,302,10.1,983.0,172.8,52.6,537.0,39.6,16.8,38.0
2024-05-15 05:00:00,23.6,40,9.2,0.0,6.6,202,10.4,983.9,275.7,68.5,1356.0,83.4,40.2,2.0
2024-05-15 06:00:00,27.3,37,11.4,0.0,7.4,313,12.2,985.6,243.1,66.4,1239.0,72.3,35.8,37.0
2024-05-15 07:00:00,30.5,32,11.9,0.0,6.1,273,13.0,986.3,196.5,63.8,1069.0,56.5,29.7,86.0
2024-05-15 08:00:00,34.0,27,12.4,0.0,4.3,294,14.0,987.2,172.8,63.1,889.0,41.4,24.3,129.0
2024-05-15 09:00:00,37.0,21,11.4,0.0,2.9,300,14.0,987.4,130.9,51.7,689.0,27.6,20.5,160.0
2024-05-15 10:00:00,39.3,14,6.9,0.0,5.8,356,18.0,987.0,86.1,40.9,479.0,14.5,17.4,185.0
2024-05-15 11:00:00,40.7,11,4.2,0.0,9.0,331,22.7,986.2,51.9,28.2,324.0,5.2,14.7,201.0
2024-05-15 12:00:00,41.5,9,2.1,0.0,12.5,316,27.7,985.6,46.0,22.9,262.0,1.8,12.3,205.0
2024-05-15 13:00:00,42.0,9,2.0,0.0,15.6,320,32.4,984.7,50.4,21.7,255.0,2.4,10.4,199.0
2024-05-15 14:00:00,42.1,8,1.9,0.0,15.9,332,33.1,983.8,58.9,21.7,260.0,3.7,9.2,193.0
2024-05-15 15:00:00,41.8,8,1.6,0.0,15.4,349,32.8,982.9,71.0,22.2,241.0,3.0,8.2,191.0
2024-05-15 16:00:00,41.6,8,0.9,0.0,15.8,360,31.0,982.7,84.8,22.8,235.0,3.1,7.8,189.0
2024-05-15 17:00:00,40.8,8,0.4,0.0,15.4,11,30.2,982.9,98.3,30.2,370.0,12.4,9.7,178.0
2024-05-15 18:00:00,37.8,12,3.0,0.0,14.3,332,23.0,983.4,97.8,39.2,624.0,36.0,17.3,143.0
2024-05-15 19:00:00,34.6,13,2.0,0.0,9.4,7,23.4,984.1,118.0,52.2,974.0,68.5,27.8,95.0
2024-05-15 20:00:00,32.2,14,1.2,0.0,7.7,28,14.8,984.5,129.5,62.6,1236.0,91.5,35.7,58.0
2024-05-15 21:00:00,30.5,15,1.4,0.0,7.4,43,11.5,984.9,129.0,68.2,1324.0,96.1,38.5,42.0
2024-05-15 22:00:00,30.1,16,1.6,0.0,9.5,53,14.4,985.1,120.6,68.2,1324.0,91.3,38.7,37.0
2024-05-15 23:00:00,28.7,20,3.7,0.0,8.2,41,14.8,985.1,114.8,68.0,1303.0,86.1,38.1,34.0
2024-05-16 00:00:00,27.2,21,3.3,0.0,6.2,201,9.0,984.9,111.5,67.3,1278.0,83.5,37.1,30.0
2024-05-16 01:00:00,26.6,23,3.6,0.0,10.0,165,11.5,984.4,110.4,66.8,1233.0,80.5,35.4,28.0
2024-05-16 02:00:00,26.2,24,3.8,0.0,11.2,132,12.2,984.0,109.0,65.9,1190.0,77.4,33.7,26.0
2024-05-16 03:00:00,26.0,24,4.0,0.0,9.2,169,13.0,984.0,108.3,65.2,1151.0,74.8,31.8,17.0
2024-05-16 04:00:00,25.0,26,4.4,0.0,10.6,198,12.6,984.3,109.2,64.7,1113.0,72.2,30.0,8.0
2024-05-16 05:00:00,26.2,25,4.3,0.0,2.6,56,11.9,985.1,83.8,49.0,820.0,38.8,19.9,42.0
2024-05-16 06:00:00,26.2,36,10.1,0.0,8.9,21,13.3,986.3,85.9,47.4,836.0,36.8,21.7,67.0
2024-05-16 07:00:00,29.0,32,10.8,0.0,4.5,14,15.8,987.2,89.9,49.6,854.0,33.9,24.2,104.0
2024-05-16 08:00:00,32.6,26,10.4,0.0,2.3,18,11.9,987.3,102.0,52.7,836.0,30.0,27.3,147.0
2024-05-16 09:00:00,35.9,21,10.4,0.0,6.1,360,17.3,987.5,114.8,56.9,754.0,24.5,32.3,204.0
2024-05-16 10:00:00,38.5,18,10.2,0.0,8.3,2,22.3,987.0,128.5,60.8,636.0,18.1,37.7,267.0
2024-05-16 11:00:00,40.6,15,8.9,0.0,10.2,352,24.8,986.2,140.6,60.8,533.0,12.7,39.2,305.0
2024-05-16 12:00:00,42.0,11,5.7,0.0,10.6,336,25.9,985.1,149.5,57.9,458.0,8.8,33.0,299.0
2024-05-16 13:00:00,42.6,10,5.2,0.0,12.1,330,27.4,984.0,125.3,44.9,397.0,5.8,22.7,269.0
2024-05-16 14:00:00,43.0,10,4.6,0.0,14.3,321,29.5,982.9,101.5,37.8,356.0,4.5,15.0,240.0
2024-05-16 15:00:00,42.6,10,4.3,0.0,18.1,316,34.9,982.0,93.6,34.9,308.0,2.3,11.7,226.0
2024-05-16 16:00:00,42.1,10,4.6,0.0,15.4,307,34.9,981.6,90.1,33.1,281.0,1.7,10.9,214.0
2024-05-16 17:00:00,41.5,11,5.1,0.0,11.3,292,28.8,981.1,99.4,39.6,452.0,15.1,16.8,214.0
2024-05-16 18:00:00,37.4,18,8.9,0.0,8.5,28,18.7,980.2,103.1,47.4,633.0,30.9,21.7,177.0
2024-05-16 19:00:00,34.5,18,6.7,0.0,9.0,37,13.3,980.7,120.1,57.0,890.0,53.1,28.6,126.0
2024-05-16 20:00:00,32.8,19,6.3,0.0,8.7,85,12.6,981.2,136.0,65.4,1130.0,72.5,35.2,83.0
2024-05-16 21:00:00,30.9,23,7.6,0.0,10.1,86,11.5,981.9,152.3,74.5,1341.0,86.7,41.5,56.0
2024-05-16 22:00:00,32.9,20,7.0,0.0,3.2,180,11.5,982.4,171.8,83.1,1536.0,98.1,47.5,36.0
2024-05-16 23:00:00,31.5,22,7.3,0.0,3.3,257,3.6,982.2,196.5,88.0,1662.0,104.6,50.6,23.0
2024-05-17 00:00:00,28.6,26,7.3,0.0,8.5,208,11.9,981.7,210.0,88.5,1677.0,103.0,48.6,18.0
2024-05-17 01:00:00,28.9,24,6.2,0.0,8.9,201,13.0,981.2,220.3,87.8,1623.0,96.4,43.8,19.0
2024-05-17 02:00:00,28.8,23,5.6,0.0,8.9,201,13.0,981.1,238.4,88.2,1579.0,92.0,40.1,19.0
2024-05-17 03:00:00,29.0,22,5.1,0.0,9.5,209,14.0,981.3,250.5,88.7,1592.0,95.0,39.6,9.0
2024-05-17 04:00:00,28.0,23,5.2,0.0,10.2,222,14.0,981.4,258.0,89.4,1615.0,100.2,40.2,0.0
2024-05-17 05:00:00,26.8,27,6.1,0.0,11.9,245,14.0,981.7,255.2,84.3,1482.0,91.5,29.0,2.0
2024-05-17 06:00:00,28.7,32,10.4,0.0,10.6,350,15.8,983.1,282.2,90.3,1535.0,86.0,30.7,52.0
2024-05-17 07:00:00,31.1,29,11.2,0.0,5.9,322,17.3,983.5,293.4,98.7,1592.0,77.6,32.8,122.0
2024-05-17 08:00:00,34.8,25,11.6,0.0,3.1,306,12.6,983.8,287.8,104.1,1525.0,65.7,33.6,180.0
2024-05-17 09:00:00,38.4,20,11.4,0.0,6.7,324,17.6,983.9,260.8,95.9,1217.0,47.0,32.1,218.0
2024-05-17 10:00:00,40.9,16,10.2,0.0,9.3,332,23.0,983.7,185.3,76.6,785.0,24.8,29.3,243.0
2024-05-17 11:00:00,42.5,13,8.7,0.0,10.3,324,28.8,983.0,111.1,51.0,451.0,8.5,25.6,253.0
2024-05-17 12:00:00,43.8,10,5.8,0.0,15.3,317,31.7,982.2,78.2,34.5,312.0,2.5,20.5,238.0
2024-05-17 13:00:00,44.2,10,5.1,0.0,16.9,320,33.8,981.3,73.3,28.9,270.0,2.3,14.6,207.0
2024-05-17 14:00:00,44.0,10,5.2,0.0,16.2,323,33.8,980.2,77.5,26.3,256.0,3.7,10.3,180.0
2024-05-17 15:00:00,43.8,9,4.4,0.0,14.3,319,32.4,979.3,86.8,24.9,244.0,4.6,8.6,169.0
2024-05-17 16:00:00,43.5,9,4.2,0.0,13.2,305,28.4,978.8,99.0,24.4,261.0,7.1,8.6,163.0
2024-05-17 17:00:00,42.2,10,4.4,0.0,16.3,298,28.1,978.6,83.6,29.7,381.0,15.4,12.7,173.0
2024-05-17 18:00:00,39.7,12,5.2,0.0,7.6,93,16.9,978.0,100.1,42.0,692.0,42.9,20.9,137.0
2024-05-17 19:00:00,36.7,17,7.3,0.0,8.5,36,11.9,978.7,133.6,56.5,1109.0,79.8,31.9,87.0
2024-05-17 20:00:00,36.0,19,8.5,0.0,5.9,313,9.7,979.4,174.2,66.6,1336.0,100.1,37.8,53.0
2024-05-17 21:00:00,35.3,18,7.4,0.0,9.4,328,13.0,980.1,229.6,71.9,1191.0,87.7,33.6,50.0
2024-05-17 22:00:00,34.6,18,7.1,0.0,9.7,345,16.6,980.3,283.1,71.0,856.0,58.6,24.2,61.0
2024-05-17 23:00:00,32.1,22,7.9,0.0,7.4,309,14.8,980.2,297.1,70.3,578.0,34.8,16.5,71.0
2024-05-18 00:00:00,30.7,25,8.7,0.0,8.2,311,13.0,979.8,258.0,67.5,446.0,24.6,13.0,73.0
2024-05-18 01:00:00,29.5,29,9.4,0.0,9.5,323,11.9,979.2,218.9,63.8,372.0,19.8,11.2,72.0
2024-05-18 02:00:00,29.5,29,9.4,0.0,7.2,288,11.2,979.2,195.1,61.0,331.0,17.7,10.3,69.0
2024-05-18 03:00:00,29.2,29,9.4,0.0,8.9,284,13.7,979.3,183.5,59.6,323.0,18.4,10.0,59.0
2024-05-18 04:00:00,28.0,31,9.6,0.0,7.4,299,13.3,979.5,176.0,58.9,349.0,21.8,10.6,47.0
2024-05-18 05:00:00,26.6,36,10.2,0.0,7.6,295,11.2,979.3,249.6,66.4,328.0,14.6,12.2,91.0
2024-05-18 06:00:00,30.5,37,14.1,0.0,1.1,270,2.5,980.2,187.2,59.6,389.0,17.7,13.9,97.0
2024-05-18 07:00:00,33.3,32,14.3,0.0,8.4,295,16.2,981.1,166.7,58.1,471.0,21.7,16.2,107.0
2024-05-18 08:00:00,37.0,26,14.4,0.0,4.1,285,15.8,981.3,146.7,54.2,514.0,23.0,18.3,123.0
2024-05-18 09:00:00,39.7,21,13.4,0.0,1.8,259,13.0,981.2,126.7,49.6,483.0,19.1,20.4,155.0
2024-05-18 10:00:00,42.0,14,9.3,0.0,3.6,315,14.4,980.6,112.7,45.6,413.0,12.4,22.2,193.0
2024-05-18 11:00:00,43.7,10,5.8,0.0,12.3,310,27.4,980.0,109.7,44.5,348.0,7.2,22.2,216.0
2024-05-18 12:00:00,44.3,10,5.5,0.0,17.3,301,34.9,978.9,104.5,40.6,300.0,4.8,18.9,211.0
2024-05-18 13:00:00,44.3,10,6.5,0.0,20.3,303,39.2,978.2,95.9,34.0,258.0,3.8,13.8,191.0
2024-05-18 14:00:00,44.2,11,6.8,0.0,20.0,293,39.6,977.3,94.1,27.0,232.0,3.8,9.8,172.0
2024-05-18 15:00:00,44.2,10,6.4,0.0,20.5,285,38.9,976.3,112.9,23.5,222.0,4.5,8.0,161.0
2024-05-18 16:00:00,43.9,11,6.6,0.0,19.5,293,38.5,975.8,149.0,23.1,228.0,6.1,7.4,151.0
2024-05-18 17:00:00,43.3,11,6.8,0.0,16.8,298,35.6,975.4,265.4,34.0,290.0,10.9,8.0,142.0
2024-05-18 18:00:00,40.5,13,6.7,0.0,18.4,287,33.1,975.6,320.4,46.8,327.0,14.7,9.9,132.0
2024-05-18 19:00:00,39.3,12,5.0,0.0,19.2,298,30.6,976.0,357.6,59.3,378.0,19.8,12.5,118.0
2024-05-18 20:00:00,38.1,13,4.8,0.0,15.7,302,32.4,976.7,385.6,69.4,415.0,23.4,14.3,105.0
2024-05-18 21:00:00,36.5,15,5.2,0.0,14.4,302,25.6,977.2,385.6,76.4,426.0,24.1,14.4,97.0
2024-05-18 22:00:00,35.0,16,5.2,0.0,13.8,313,22.7,977.6,366.9,79.9,424.0,23.2,13.6,90.0
2024-05-18 23:00:00,34.6,16,5.1,0.0,16.1,336,26.3,977.8,338.1,80.3,416.0,22.1,12.8,84.0
2024-05-19 00:00:00,34.0,17,5.2,0.0,15.5,347,27.0,977.3,302.7,78.5,401.0,20.8,12.3,78.0
2024-05-19 01:00:00,32.8,18,5.4,0.0,11.2,345,24.8,977.0,272.9,75.9,382.0,19.4,11.8,72.0
2024-05-19 02:00:00,31.7,20,5.7,0.0,11.0,328,18.0,977.1,246.8,73.1,372.0,19.0,11.6,66.0
2024-05-19 03:00:00,30.4,21,5.9,0.0,8.6,327,17.6,977.0,223.5,69.8,373.0,20.4,11.8,57.0
2024-05-19 04:00:00,28.5,25,6.4,0.0,7.7,311,13.0,977.1,202.1,66.6,384.0,22.8,12.4,47.0
2024-05-19 05:00:00,28.1,26,6.7,0.0,7.1,285,11.2,977.4,158.3,63.6,426.0,25.9,12.4,38.0
2024-05-19 06:00:00,30.5,26,8.6,0.0,6.8,302,10.8,978.5,162.1,64.5,505.0,28.4,14.3,50.0
2024-05-19 07:00:00,32.9,23,9.4,0.0,4.2,250,10.8,979.2,155.1,66.6,610.0,31.6,17.0,68.0
2024-05-19 08:00:00,35.5,20,8.9,0.0,7.2,264,20.9,979.7,159.3,67.1,658.0,31.5,19.2,94.0
2024-05-19 09:00:00,38.0,18,9.2,0.0,10.2,278,22.7,979.8,144.8,63.8,597.0,25.3,20.8,138.0
2024-05-19 10:00:00,40.2,16,9.7,0.0,9.9,289,24.5,979.4,130.9,58.7,480.0,15.8,21.9,190.0
2024-05-19 11:00:00,42.5,14,9.3,0.0,8.6,292,23.4,978.8,115.9,48.8,375.0,8.4,21.2,221.0
2024-05-19 12:00:00,44.3,10,6.2,0.0,10.9,287,26.3,977.8,94.8,32.9,304.0,5.0,17.1,212.0
2024-05-19 13:00:00,45.2,9,4.9,0.0,19.5,300,37.4,976.6,83.6,23.7,247.0,3.6,11.1,182.0
2024-05-19 14:00:00,45.0,9,5.2,0.0,21.7,306,41.8,975.8,88.0,19.5,211.0,3.4,6.8,157.0
2024-05-19 15:00:00,44.8,9,4.8,0.0,23.5,311,42.5,974.9,107.6,17.9,200.0,3.8,5.4,149.0
2024-05-19 16:00:00,44.0,9,4.4,0.0,25.8,298,45.4,974.6,143.4,20.0,212.0,5.3,5.6,147.0
2024-05-19 17:00:00,43.0,10,4.4,0.0,25.1,297,45.4,974.5,342.7,41.0,278.0,10.8,6.9,137.0
2024-05-19 18:00:00,41.7,9,2.9,0.0,24.7,304,46.8,974.5,341.8,50.1,338.0,16.9,9.6,122.0
2024-05-19 19:00:00,40.3,10,3.3,0.0,21.4,306,40.7,975.0,342.7,58.8,418.0,25.2,13.3,101.0
2024-05-19 20:00:00,38.9,11,3.7,0.0,15.3,333,36.0,975.6,370.7,66.4,469.0,30.4,15.7,85.0
2024-05-19 21:00:00,35.2,15,4.3,0.0,7.5,305,24.5,976.2,382.8,71.2,460.0,29.6,15.6,80.0
2024-05-19 22:00:00,33.8,16,4.7,0.0,7.8,292,12.2,976.7,341.8,70.3,422.0,25.8,14.2,80.0
2024-05-19 23:00:00,32.8,18,5.1,0.0,8.2,285,12.2,976.8,273.8,65.4,388.0,22.8,12.9,78.0
2024-05-20 00:00:00,32.0,19,5.7,0.0,8.0,324,11.9,976.3,221.2,60.8,369.0,21.8,12.0,72.0
2024-05-20 01:00:00,31.1,21,6.2,0.0,7.3,349,11.9,976.0,190.9,58.3,356.0,21.6,11.1,64.0
2024-05-20 02:00:00,29.9,23,6.8,0.0,7.4,309,10.8,976.0,175.1,56.7,354.0,22.5,10.7,56.0
2024-05-20 03:00:00,29.5,24,6.8,0.0,8.6,270,12.6,976.4,164.4,55.2,362.0,25.5,10.8,44.0
2024-05-20 04:00:00,29.7,25,7.3,0.0,7.4,293,14.8,977.0,159.3,54.0,382.0,29.7,11.4,33.0
2024-05-20 05:00:00,28.6,28,8.1,0.0,4.7,23,11.5,978.0,408.9,81.5,730.0,56.1,20.9,13.0
2024-05-20 06:00:00,31.0,27,9.6,0.0,11.2,358,19.4,978.8,377.2,83.4,739.0,51.0,22.1,37.0
2024-05-20 07:00:00,33.2,25,10.2,0.0,8.9,14,19.8,979.7,336.2,84.1,748.0,43.6,23.8,72.0
2024-05-20 08:00:00,35.0,24,11.4,0.0,7.5,35,18.7,980.4,316.6,83.1,734.0,35.7,25.4,113.0
2024-05-20 09:00:00,37.1,23,12.7,0.0,5.9,14,18.7,980.9,286.8,83.8,683.0,26.8,27.6,170.0
2024-05-20 10:00:00,39.0,21,12.8,0.0,5.1,8,18.0,980.7,266.4,82.7,608.0,17.4,29.7,233.0
2024-05-20 11:00:00,40.7,18,11.9,0.0,5.8,356,19.1,980.4,244.9,80.1,528.0,10.1,29.2,269.0
2024-05-20 12:00:00,42.0,16,11.0,0.0,6.9,317,24.1,979.6,206.3,69.8,438.0,6.2,23.9,257.0
2024-05-20 13:00:00,43.3,13,9.1,0.0,10.7,290,25.9,978.5,172.8,54.4,342.0,4.4,16.0,219.0
2024-05-20 14:00:00,44.2,11,7.6,0.0,16.9,286,33.5,977.4,156.9,36.6,275.0,3.8,10.1,187.0
2024-05-20 15:00:00,43.7,12,7.7,0.0,19.7,298,37.4,976.5,173.2,32.8,235.0,2.8,7.7,175.0
2024-05-20 16:00:00,43.3,11,7.1,0.0,18.4,305,37.8,975.9,189.5,32.9,223.0,2.9,7.4,168.0
2024-05-20 17:00:00,42.5,12,6.9,0.0,23.7,306,41.4,976.0,225.8,30.3,259.0,9.6,7.2,147.0
2024-05-20 18:00:00,39.4,18,10.6,0.0,10.1,358,38.9,976.1,192.3,36.3,404.0,24.4,11.8,121.0
2024-05-20 19:00:00,36.8,20,10.4,0.0,10.3,54,18.4,977.0,190.0,46.0,606.0,44.7,18.3,86.0
2024-05-20 20:00:00,34.4,23,10.3,0.0,9.0,61,16.2,977.5,209.1,54.1,780.0,59.7,23.4,57.0
2024-05-20 21:00:00,33.5,25,10.6,0.0,8.3,85,11.5,977.6,227.2,60.5,907.0,64.7,26.0,41.0
2024-05-20 22:00:00,34.5,22,9.8,0.0,3.0,194,9.4,978.4,233.8,65.4,1005.0,64.4,27.2,31.0
2024-05-20 23:00:00,31.9,26,10.1,0.0,7.3,191,11.2,978.2,212.8,67.1,1042.0,61.6,27.5,28.0
2024-05-21 00:00:00,31.1,27,10.0,0.0,7.8,202,11.9,978.0,180.7,64.7,981.0,56.0,26.5,34.0
2024-05-21 01:00:00,31.1,27,10.1,0.0,9.4,212,14.0,977.9,147.1,61.2,860.0,47.9,24.5,47.0
2024-05-21 02:00:00,29.5,31,10.6,0.0,10.8,201,15.5,977.5,142.5,63.3,759.0,40.7,23.2,57.0
2024-05-21 03:00:00,30.3,29,10.1,0.0,8.0,207,13.0,977.6,158.3,69.2,712.0,35.9,23.2,59.0
2024-05-21 04:00:00,28.1,32,9.8,0.0,10.6,215,11.9,977.7,170.0,73.8,686.0,32.1,23.8,60.0
2024-05-21 05:00:00,28.9,29,9.2,0.0,8.0,207,15.8,978.2,187.2,73.6,553.0,19.6,22.3,82.0
2024-05-21 06:00:00,28.5,48,16.5,0.0,12.0,99,22.3,980.3,176.5,72.2,550.0,18.1,22.4,93.0
2024-05-21 07:00:00,30.2,47,17.6,0.0,15.1,93,27.7,980.7,169.0,68.2,546.0,15.8,22.6,110.0
2024-05-21 08:00:00,32.3,45,19.0,0.0,15.9,95,31.3,981.4,173.7,67.3,537.0,13.6,23.6,132.0
2024-05-21 09:00:00,34.5,41,19.3,0.0,15.3,98,31.3,981.7,198.8,70.5,521.0,11.3,26.2,165.0
2024-05-21 10:00:00,36.6,35,18.7,0.0,13.5,106,31.7,981.3,219.3,68.5,500.0,9.1,29.6,204.0
2024-05-21 11:00:00,38.5,30,18.0,0.0,11.1,103,29.9,980.8,236.1,69.4,477.0,7.3,31.4,233.0
2024-05-21 12:00:00,39.9,27,17.2,0.0,9.1,108,27.0,979.7,232.8,69.2,453.0,6.2,30.5,248.0
2024-05-21 13:00:00,41.0,24,16.3,0.0,5.8,97,24.5,978.7,208.6,65.4,427.0,5.7,28.2,253.0
2024-05-21 14:00:00,41.8,20,14.1,0.0,3.6,360,19.4,977.9,179.3,60.5,405.0,5.7,25.5,251.0
2024-05-21 15:00:00,42.3,17,12.4,0.0,7.7,323,20.9,977.3,151.8,55.9,353.0,3.6,21.7,243.0
2024-05-21 16:00:00,42.7,14,9.6,0.0,13.3,327,25.6,977.0,128.5,51.5,305.0,2.1,17.6,228.0
2024-05-21 17:00:00,41.2,16,10.5,0.0,20.5,322,36.0,976.9,103.4,42.3,386.0,9.6,19.1,220.0
2024-05-21 18:00:00,39.7,21,12.9,0.0,2.6,74,14.4,978.0,99.4,48.1,567.0,25.0,23.7,184.0
2024-05-21 19:00:00,35.8,28,14.4,0.0,5.5,101,6.1,978.0,109.9,57.2,817.0,46.2,30.0,134.0
2024-05-21 20:00:00,35.2,27,13.3,0.0,8.0,98,12.6,977.9,115.9,61.7,1004.0,61.4,34.4,93.0
2024-05-21 21:00:00,33.4,30,13.6,0.0,6.8,65,13.3,978.5,115.9,63.8,1078.0,65.4,35.5,71.0
2024-05-21 22:00:00,32.8,33,14.4,0.0,10.4,46,15.8,978.5,113.6,65.2,1090.0,63.4,34.7,58.0
2024-05-21 23:00:00,32.5,35,15.1,0.0,10.4,90,18.0,978.7,113.2,63.8,1059.0,58.9,33.0,51.0
2024-05-22 00:00:00,31.6,37,15.3,0.0,8.5,118,16.9,978.7,114.3,61.0,976.0,51.8,30.1,51.0
2024-05-22 01:00:00,30.8,41,15.9,0.0,7.6,98,13.7,978.7,120.6,59.3,851.0,42.2,26.2,57.0
2024-05-22 02:00:00,30.6,44,16.9,0.0,10.7,110,16.9,978.8,127.1,57.5,736.0,33.7,23.1,63.0
2024-05-22 03:00:00,30.4,46,17.5,0.0,11.5,129,18.7,979.0,134.1,54.8,643.0,27.2,21.3,67.0
2024-05-22 04:00:00,30.0,48,17.8,0.0,10.9,124,18.7,979.3,145.3,53.4,560.0,21.8,20.3,71.0
2024-05-22 05:00:00,29.6,50,18.2,0.0,10.8,120,17.6,980.0,125.7,47.1,578.0,21.4,18.3,73.0
2024-05-22 06:00:00,31.6,49,19.5,0.0,13.0,95,24.8,981.3,129.5,47.7,573.0,20.8,19.7,85.0
2024-05-22 07:00:00,32.8,48,20.4,0.0,20.8,113,36.7,981.8,159.7,52.5,565.0,19.7,21.6,104.0
2024-05-22 08:00:00,34.7,44,20.6,0.0,18.9,114,37.8,982.1,192.8,59.6,551.0,17.9,23.1,128.0
2024-05-22 09:00:00,36.1,41,20.8,0.0,21.3,96,39.6,982.7,227.2,66.1,526.0,14.5,24.2,164.0
2024-05-22 10:00:00,36.8,39,20.8,0.0,23.2,103,45.7,982.1,246.8,64.0,494.0,10.2,24.9,207.0
2024-05-22 11:00:00,38.8,34,20.1,0.0,19.0,119,44.6,981.1,257.0,62.2,465.0,7.0,24.8,237.0
2024-05-22 12:00:00,40.4,30,19.6,0.0,16.9,119,38.2,979.9,270.1,61.5,439.0,5.5,23.4,246.0
2024-05-22 13:00:00,41.5,27,18.6,0.0,18.3,133,36.7,978.8,284.1,61.0,416.0,5.0,21.1,244.0
2024-05-22 14:00:00,39.2,29,17.6,0.2,16.3,194,41.8,979.2,281.3,58.1,401.0,5.3,19.5,239.0
2024-05-22 15:00:00,38.9,27,16.5,0.0,1.5,225,33.5,978.3,268.2,53.4,387.0,6.0,18.9,239.0
2024-05-22 16:00:00,39.6,25,15.7,0.0,4.8,48,14.0,977.6,256.1,50.6,381.0,7.5,18.8,236.0
2024-05-22 17:00:00,39.2,25,15.7,0.0,9.5,65,19.8,977.1,237.0,51.8,397.0,11.9,19.4,198.0
2024-05-22 18:00:00,37.5,32,17.8,0.0,18.9,77,36.0,977.1,181.6,48.0,449.0,16.8,20.6,175.0
2024-05-22 19:00:00,35.7,37,18.8,0.0,21.5,76,38.9,977.2,138.8,49.6,521.0,23.4,22.1,144.0
2024-05-22 20:00:00,35.1,37,18.3,0.0,17.9,68,36.0,977.8,123.9,49.2,573.0,27.9,23.0,119.0
2024-05-22 21:00:00,34.8,37,17.8,0.0,15.8,90,29.9,978.3,120.1,49.1,587.0,28.3,22.7,108.0
2024-05-22 22:00:00,33.9,39,18.0,0.0,14.3,108,26.3,978.4,117.8,49.6,581.0,26.6,21.6,103.0
2024-05-22 23:00:00,33.4,40,18.0,0.0,12.1,100,24.1,978.7,115.7,49.9,566.0,24.2,20.7,100.0
2024-05-23 00:00:00,32.8,41,18.0,0.0,11.4,118,19.4,978.5,112.5,49.5,541.0,21.3,20.1,97.0
2024-05-23 01:00:00,32.2,42,17.9,0.0,10.6,125,18.7,978.3,110.8,49.1,506.0,17.7,19.5,96.0
2024-05-23 02:00:00,31.6,45,18.1,0.0,10.7,138,17.3,978.4,117.1,48.9,476.0,15.1,18.9,94.0
2024-05-23 03:00:00,31.1,47,18.5,0.0,10.5,131,17.3,978.7,128.1,48.9,454.0,14.2,17.9,89.0
2024-05-23 04:00:00,30.8,48,18.6,0.0,13.3,128,21.2,979.2,133.2,48.7,436.0,14.1,16.8,83.0
2024-05-23 05:00:00,30.5,49,18.5,0.0,14.3,118,23.8,979.6,133.2,45.5,405.0,12.3,16.7,89.0
2024-05-23 06:00:00,31.5,53,20.8,0.0,18.6,122,32.0,980.4,138.3,45.3,406.0,12.5,16.8,97.0
2024-05-23 07:00:00,32.4,52,21.2,0.0,21.7,137,38.5,980.3,149.9,46.0,407.0,12.6,17.0,109.0
2024-05-23 08:00:00,34.2,47,21.2,0.0,18.5,111,38.5,980.9,163.9,44.6,402.0,12.1,17.2,125.0
2024-05-23 09:00:00,36.2,41,21.0,0.0,19.4,112,37.1,981.1,196.0,49.0,386.0,10.2,17.6,148.0
2024-05-23 10:00:00,38.1,36,20.5,0.0,19.5,118,39.2,981.1,227.2,52.4,365.0,7.7,18.0,175.0
2024-05-23 11:00:00,38.4,35,20.4,0.4,17.0,111,38.9,980.7,246.8,53.6,348.0,5.8,18.0,195.0
2024-05-23 12:00:00,40.3,30,19.1,0.0,14.8,119,34.6,979.4,267.3,54.4,338.0,4.9,17.2,202.0
2024-05-23 13:00:00,41.0,26,18.0,0.0,10.7,130,32.0,978.4,282.2,54.1,333.0,4.7,16.1,203.0
2024-05-23 14:00:00,41.6,24,17.0,0.0,7.3,147,25.9,977.4,281.3,51.9,332.0,5.2,15.4,202.0
2024-05-23 15:00:00,41.8,23,16.5,0.0,3.2,153,20.5,976.5,270.1,48.4,328.0,5.8,15.5,205.0
2024-05-23 16:00:00,41.7,22,15.6,0.0,1.5,76,14.0,976.1,262.6,46.8,328.0,7.1,16.1,206.0
2024-05-23 17:00:00,41.0,23,15.6,0.0,7.9,47,15.5,975.9,289.6,54.2,376.0,11.8,16.0,180.0
2024-05-23 18:00:00,38.8,20,12.1,0.0,13.2,119,23.8,976.7,224.4,58.2,442.0,17.7,18.2,158.0
2024-05-23 19:00:00,36.8,25,13.6,0.0,14.6,123,25.2,976.9,210.0,60.3,531.0,25.6,21.0,128.0
2024-05-23 20:00:00,35.7,29,14.9,0.0,12.2,109,24.5,977.6,211.9,62.2,587.0,30.4,22.7,106.0
2024-05-23 21:00:00,34.8,32,15.9,0.0,13.2,107,21.2,978.0,209.1,62.4,577.0,29.0,22.0,100.0
2024-05-23 22:00:00,34.2,36,16.8,0.0,12.6,110,21.6,978.1,204.4,62.6,534.0,24.4,20.0,101.0
2024-05-23 23:00:00,33.5,38,17.4,0.0,11.2,138,20.9,978.3,200.7,62.6,495.0,20.5,18.2,101.0
2024-05-24 00:00:00,33.0,40,17.7,0.0,12.7,125,20.9,978.1,196.0,62.2,474.0,18.7,17.1,95.0
2024-05-24 01:00:00,32.2,43,18.1,0.0,12.4,116,21.2,978.0,190.0,61.9,457.0,17.5,16.3,88.0
2024-05-24 02:00:00,31.6,47,18.8,0.0,12.0,136,20.2,978.2,183.9,60.8,441.0,16.9,15.7,82.0
2024-05-24 03:00:00,31.2,49,19.2,0.0,12.2,135,19.8,978.3,180.7,59.4,424.0,17.0,15.4,75.0
2024-05-24 04:00:00,31.0,50,19.4,0.0,14.0,134,23.0,978.7,180.2,58.3,408.0,17.5,15.3,70.0
2024-05-24 05:00:00,30.5,52,19.4,0.0,13.5,134,23.0,979.2,132.7,50.4,444.0,16.8,15.8,66.0
2024-05-24 06:00:00,31.7,50,19.9,0.0,11.8,102,19.8,980.5,132.2,50.6,444.0,17.0,17.2,78.0
2024-05-24 07:00:00,33.0,47,20.2,0.0,17.6,79,32.0,981.5,156.0,52.2,442.0,17.1,19.0,94.0
2024-05-24 08:00:00,34.7,43,20.4,0.0,17.9,112,33.8,981.5,162.1,51.0,431.0,16.1,19.9,114.0
2024-05-24 09:00:00,36.5,38,20.0,0.0,20.1,117,38.5,981.5,149.9,44.8,401.0,13.0,19.1,139.0
2024-05-24 10:00:00,38.0,34,19.4,0.0,18.9,121,40.0,981.3,152.7,43.5,362.0,8.7,17.3,166.0
2024-05-24 11:00:00,39.0,31,18.6,0.0,13.4,117,37.8,980.8,149.5,41.9,333.0,5.6,15.9,187.0
2024-05-24 12:00:00,40.0,28,17.9,0.0,9.0,90,29.5,979.7,141.1,40.9,323.0,4.4,15.2,198.0
2024-05-24 13:00:00,40.5,26,17.3,0.0,7.2,63,24.5,978.7,135.0,41.0,324.0,4.3,14.9,203.0
2024-05-24 14:00:00,40.9,25,17.1,0.0,6.1,28,21.2,977.6,126.2,41.1,329.0,4.9,14.9,205.0
2024-05-24 15:00:00,41.0,25,17.0,0.0,8.4,7,21.2,976.9,119.7,42.1,314.0,4.0,14.7,209.0
2024-05-24 16:00:00,40.5,26,17.0,0.0,10.1,358,23.0,976.2,115.9,44.8,304.0,3.8,14.8,210.0
2024-05-24 17:00:00,40.0,26,16.9,0.0,4.9,343,22.0,975.9,83.6,36.3,343.0,9.7,12.4,174.0
2024-05-24 18:00:00,39.0,25,15.2,0.0,6.3,114,17.6,976.2,81.0,43.4,587.0,32.3,18.9,138.0
2024-05-24 19:00:00,37.0,28,15.2,0.0,6.9,133,11.2,976.3,97.1,56.3,920.0,63.0,27.7,88.0
2024-05-24 20:00:00,35.5,30,15.5,0.0,6.0,115,11.2,976.7,110.6,65.2,1141.0,82.8,33.5,50.0
2024-05-24 21:00:00,34.8,32,15.8,0.0,8.3,88,13.0,977.4,116.4,67.5,1154.0,82.0,33.7,37.0
2024-05-24 22:00:00,33.8,35,16.2,0.0,6.5,87,13.3,978.1,116.6,65.4,1056.0,70.4,30.9,36.0
2024-05-24 23:00:00,32.3,41,17.5,0.0,7.1,75,10.4,978.2,111.5,60.1,938.0,58.1,27.8,39.0
2024-05-25 00:00:00,31.7,43,17.7,0.0,7.6,149,8.3,978.0,107.8,54.9,811.0,47.3,24.7,45.0
2024-05-25 01:00:00,32.0,41,17.1,0.0,6.9,171,10.1,977.4,107.3,52.0,663.0,35.8,21.1,54.0
2024-05-25 02:00:00,31.6,43,17.5,0.0,7.5,163,11.9,977.0,109.2,51.1,552.0,27.8,18.7,60.0
2024-05-25 03:00:00,31.0,46,17.9,0.0,7.3,160,11.9,976.9,112.5,51.2,504.0,25.9,17.8,56.0
2024-05-25 04:00:00,30.4,48,18.2,0.0,6.6,151,11.2,977.0,117.8,52.2,494.0,27.5,18.0,48.0
2024-05-25 05:00:00,29.9,51,18.5,0.0,6.8,155,10.1,977.3,99.2,54.4,661.0,34.4,18.1,35.0
2024-05-25 06:00:00,32.5,45,19.2,0.0,3.5,114,7.6,978.3,96.2,55.4,685.0,32.8,20.7,62.0
2024-05-25 07:00:00,34.0,42,19.2,0.0,3.1,159,10.1,978.8,97.8,58.3,713.0,30.4,24.4,101.0
2024-05-25 08:00:00,36.2,38,19.4,0.0,3.4,252,12.2,979.3,99.2,59.5,706.0,26.8,28.0,142.0
2024-05-25 09:00:00,38.0,35,19.6,0.0,5.2,245,15.8,979.3,100.1,59.5,630.0,21.0,32.0,188.0
2024-05-25 10:00:00,40.1,30,19.0,0.0,7.6,267,20.5,978.8,110.8,63.6,519.0,14.0,35.8,235.0
2024-05-25 11:00:00,41.5,24,17.0,0.0,14.1,310,30.6,978.3,141.6,69.8,428.0,8.5,36.5,263.0
2024-05-25 12:00:00,42.5,21,15.7,0.0,12.9,324,31.7,977.4,168.6,65.2,381.0,5.7,31.5,260.0
2024-05-25 13:00:00,43.5,18,14.2,0.0,13.0,326,30.2,976.4,170.0,58.9,356.0,4.5,23.4,238.0
2024-05-25 14:00:00,44.5,16,12.7,0.0,16.3,325,33.1,975.1,162.5,53.8,340.0,4.2,16.8,216.0
2024-05-25 15:00:00,44.3,15,11.6,0.0,18.4,332,36.4,974.1,163.9,50.4,320.0,3.8,13.1,200.0
2024-05-25 16:00:00,44.2,13,10.1,0.0,20.1,327,36.0,973.5,178.8,47.0,309.0,4.4,10.9,183.0
2024-05-25 17:00:00,43.3,13,8.9,0.0,21.8,326,39.2,973.3,183.9,41.1,361.0,11.4,11.3,169.0
2024-05-25 18:00:00,42.2,13,8.1,0.0,12.2,358,20.5,973.6,206.3,47.0,448.0,19.3,13.6,148.0
2024-05-25 19:00:00,39.8,13,6.8,0.0,12.0,344,21.6,974.2,242.1,55.8,566.0,30.1,16.8,119.0
2024-05-25 20:00:00,38.3,14,6.1,0.0,13.7,333,22.3,975.0,290.6,60.8,639.0,36.5,18.7,99.0
2024-05-25 21:00:00,35.5,17,6.4,0.0,7.5,325,22.3,975.5,309.2,62.2,625.0,34.5,18.1,95.0
2024-05-25 22:00:00,34.2,18,6.8,0.0,7.5,325,11.2,975.8,290.6,62.9,567.0,28.1,16.3,100.0
2024-05-25 23:00:00,32.2,22,7.9,0.0,10.3,348,12.2,975.9,251.5,59.8,514.0,22.7,14.9,104.0
2024-05-26 00:00:00,32.8,21,7.5,0.0,5.2,56,11.5,975.7,207.7,55.9,480.0,19.9,14.4,104.0
2024-05-26 01:00:00,30.2,25,8.1,0.0,6.6,112,7.6,975.3,169.5,52.5,452.0,18.0,14.4,104.0
2024-05-26 02:00:00,30.0,26,8.2,0.0,7.6,180,9.0,975.2,142.5,49.7,436.0,17.2,14.4,101.0
2024-05-26 03:00:00,28.8,27,8.1,0.0,7.2,288,9.4,975.3,127.6,48.2,433.0,18.2,14.3,91.0
2024-05-26 04:00:00,29.0,26,7.8,0.0,5.8,4,9.0,975.5,120.1,47.8,443.0,20.4,14.4,79.0
2024-05-26 05:00:00,28.4,28,7.9,0.0,7.3,351,10.8,976.0,212.3,61.2,603.0,36.5,17.0,43.0
2024-05-26 06:00:00,31.2,26,9.6,0.0,12.3,328,19.4,976.7,175.6,61.0,653.0,35.6,18.5,67.0
2024-05-26 07:00:00,33.6,25,10.8,0.0,9.8,324,20.2,977.1,147.1,60.5,717.0,34.1,20.5,100.0
2024-05-26 08:00:00,36.5,22,11.4,0.0,10.1,333,20.9,977.3,124.3,58.8,725.0,30.5,21.9,134.0
2024-05-26 09:00:00,39.3,19,11.6,0.0,11.3,338,24.5,977.5,88.5,47.1,623.0,22.9,22.3,168.0
2024-05-26 10:00:00,42.0,15,10.4,0.0,14.1,345,29.5,977.1,71.9,39.6,466.0,13.2,22.0,202.0
2024-05-26 11:00:00,43.8,11,7.3,0.0,14.7,349,32.0,976.7,70.1,35.7,341.0,6.0,20.9,223.0
2024-05-26 12:00:00,44.9,9,5.6,0.0,15.0,343,31.7,975.8,68.5,31.9,286.0,3.5,18.3,221.0
2024-05-26 13:00:00,45.5,9,5.3,0.0,15.8,333,32.4,974.9,67.3,29.7,265.0,3.5,14.9,205.0
2024-05-26 14:00:00,45.7,10,6.2,0.0,17.8,328,35.3,973.8,68.9,29.2,256.0,4.2,12.3,191.0
2024-05-26 15:00:00,45.7,10,7.2,0.0,17.1,330,35.3,972.9,74.3,29.3,228.0,2.5,10.6,186.0
2024-05-26 16:00:00,45.7,10,7.0,0.0,19.2,326,34.2,972.0,82.7,29.6,212.0,1.6,9.8,182.0
2024-05-26 17:00:00,44.0,11,7.6,0.0,26.8,306,46.4,971.7,118.0,27.5,305.0,10.9,9.4,158.0
2024-05-26 18:00:00,42.7,11,6.2,0.0,22.1,316,36.4,971.8,128.1,35.6,454.0,25.2,13.9,132.0
2024-05-26 19:00:00,41.5,12,6.2,0.0,25.1,309,41.4,972.3,161.6,45.9,657.0,44.7,20.1,95.0
2024-05-26 20:00:00,40.9,12,6.2,0.0,15.3,300,41.0,972.6,199.8,51.6,791.0,57.4,24.2,68.0
2024-05-26 21:00:00,38.4,15,6.9,0.0,8.9,313,24.1,972.8,230.0,54.6,792.0,57.2,24.3,59.0
2024-05-26 22:00:00,37.1,16,7.1,0.0,11.8,337,18.7,973.3,244.9,56.9,723.0,50.2,22.3,58.0
2024-05-26 23:00:00,35.3,18,7.5,0.0,9.1,353,19.4,973.3,240.3,57.7,653.0,43.5,20.1,59.0
2024-05-27 00:00:00,33.8,21,8.1,0.0,7.7,11,14.4,972.9,223.1,56.9,592.0,38.5,17.9,59.0
2024-05-27 01:00:00,32.7,23,9.0,0.0,9.3,16,12.6,972.6,200.2,55.6,529.0,33.7,15.5,60.0
2024-05-27 02:00:00,31.4,24,8.2,0.0,7.6,115,11.2,972.7,185.3,54.6,498.0,32.0,14.5,57.0
2024-05-27 03:00:00,31.3,25,8.6,0.0,6.6,119,11.9,972.7,188.1,55.2,520.0,36.1,15.7,42.0
2024-05-27 04:00:00,28.9,32,10.3,0.0,6.9,81,7.9,972.7,180.2,55.8,575.0,43.4,18.2,23.0
2024-05-27 05:00:00,28.6,35,11.7,0.0,5.0,69,9.0,973.0,162.5,58.1,918.0,58.3,29.1,21.0
2024-05-27 06:00:00,32.5,39,16.8,0.0,3.5,66,9.4,974.1,165.8,64.5,966.0,56.3,32.6,70.0
2024-05-27 07:00:00,34.2,34,16.0,0.0,6.1,93,14.8,974.3,170.4,72.4,1024.0,53.0,37.3,138.0
2024-05-27 08:00:00,36.7,29,15.9,0.0,5.4,94,15.8,974.3,195.6,79.6,1014.0,46.9,40.0,201.0
2024-05-27 09:00:00,39.2,28,17.1,0.0,4.1,75,16.2,974.3,202.1,84.3,878.0,35.4,39.7,257.0
2024-05-27 10:00:00,41.6,25,17.7,0.0,4.2,20,16.9,974.2,180.7,81.7,674.0,21.2,37.5,307.0
2024-05-27 11:00:00,43.8,16,12.4,0.0,10.9,333,25.2,973.6,125.3,63.8,499.0,10.3,33.4,329.0
2024-05-27 12:00:00,44.8,13,10.4,0.0,13.5,312,29.5,972.9,81.5,41.1,383.0,5.4,25.8,301.0
2024-05-27 13:00:00,45.5,10,6.7,0.0,17.2,307,34.6,972.1,62.4,27.8,296.0,3.8,16.3,244.0
2024-05-27 14:00:00,45.8,9,4.8,0.0,17.1,309,36.0,971.0,63.3,23.9,244.0,3.9,9.5,198.0
2024-05-27 15:00:00,46.0,8,3.8,0.0,18.4,318,34.2,970.3,77.5,22.9,216.0,3.4,7.0,183.0
2024-05-27 16:00:00,45.4,7,1.4,0.0,20.7,321,37.4,969.9,102.7,23.1,224.0,4.6,7.2,179.0
2024-05-27 17:00:00,44.3,7,1.4,0.0,19.5,309,37.4,969.6,109.9,23.9,317.0,13.1,9.2,167.0
2024-05-27 18:00:00,42.5,8,1.2,0.0,16.7,295,34.6,969.8,121.5,33.1,476.0,28.0,13.8,139.0
2024-05-27 19:00:00,39.8,9,0.7,0.0,14.2,324,27.7,970.2,154.6,43.9,690.0,48.1,20.0,100.0
2024-05-27 20:00:00,38.2,9,0.1,0.0,11.2,315,23.4,970.7,192.3,49.9,814.0,59.6,23.7,73.0
2024-05-27 21:00:00,35.9,11,0.9,0.0,9.2,329,16.9,971.1,224.4,52.5,761.0,54.0,22.5,70.0
2024-05-27 22:00:00,35.0,12,1.4,0.0,8.6,338,15.1,971.4,234.2,54.0,617.0,39.9,18.8,78.0
2024-05-27 23:00:00,32.6,15,2.6,0.0,10.1,17,13.0,970.9,215.1,53.3,500.0,29.0,15.8,84.0
2024-05-28 00:00:00,31.5,17,3.5,0.0,10.6,35,12.6,970.6,188.6,52.0,452.0,25.8,14.7,83.0
2024-05-28 01:00:00,32.3,17,3.8,0.0,7.4,23,12.2,970.4,177.4,52.0,429.0,25.8,14.3,79.0
2024-05-28 02:00:00,32.8,16,3.5,0.0,4.7,4,8.3,969.9,189.1,53.4,423.0,27.3,14.2,72.0
2024-05-28 03:00:00,32.1,17,3.7,0.0,1.5,194,5.4,969.7,195.6,54.9,429.0,30.5,14.2,57.0
2024-05-28 04:00:00,28.6,21,4.2,0.0,7.2,233,9.0,969.5,173.2,54.6,452.0,35.2,14.5,40.0
2024-05-28 05:00:00,27.8,24,5.4,0.0,11.0,218,11.2,969.8,222.1,61.9,566.0,45.1,20.8,35.0
2024-05-28 06:00:00,28.5,28,8.4,0.0,13.9,37,22.3,971.8,229.1,67.5,618.0,42.6,21.4,59.0
2024-05-28 07:00:00,31.3,26,9.8,0.0,7.9,43,22.7,972.0,209.1,70.1,685.0,38.8,22.4,93.0
2024-05-28 08:00:00,34.7,23,10.8,0.0,9.1,56,20.2,972.6,191.4,71.0,700.0,33.8,23.8,129.0
2024-05-28 09:00:00,38.0,19,10.2,0.0,7.4,51,21.2,972.6,159.3,65.7,613.0,26.6,26.7,171.0
2024-05-28 10:00:00,40.6,13,7.3,0.0,5.4,37,19.8,972.6,129.0,59.5,473.0,18.1,30.1,215.0
2024-05-28 11:00:00,42.4,10,4.6,0.0,4.1,15,18.4,972.2,99.2,49.5,360.0,11.4,30.9,244.0
2024-05-28 12:00:00,43.8,9,3.8,0.0,6.1,320,19.1,971.8,83.1,42.6,304.0,7.6,26.7,246.0
2024-05-28 13:00:00,44.9,8,3.8,0.0,9.5,307,23.4,970.9,74.0,37.4,275.0,5.6,19.9,233.0
2024-05-28 14:00:00,45.8,7,2.4,0.0,13.7,305,28.4,970.2,67.8,32.7,261.0,5.1,14.5,217.0
2024-05-28 15:00:00,45.6,7,2.1,0.0,17.3,312,33.1,969.4,64.0,28.3,231.0,3.7,11.3,205.0
2024-05-28 16:00:00,45.5,6,0.3,0.0,15.9,308,33.8,968.8,63.3,25.3,216.0,3.8,9.5,192.0
2024-05-28 17:00:00,44.8,7,0.8,0.0,19.9,316,33.5,968.5,76.1,18.5,380.0,20.2,10.6,165.0
2024-05-28 18:00:00,43.0,5,-4.2,0.0,19.1,314,42.1,969.1,115.7,25.3,438.0,26.0,13.3,144.0
2024-05-28 19:00:00,40.0,8,-1.1,0.0,10.2,18,30.2,969.0,131.8,33.6,526.0,34.5,17.3,115.0
2024-05-28 20:00:00,40.6,7,-1.5,0.0,8.4,329,11.5,969.5,149.9,39.0,643.0,44.3,22.1,88.0
2024-05-28 21:00:00,35.4,10,-0.8,0.0,9.0,275,12.2,970.1,180.2,45.4,825.0,57.0,29.0,68.0
2024-05-28 22:00:00,33.9,13,1.4,0.0,7.9,317,12.6,970.4,218.4,54.2,1037.0,70.9,36.6,50.0
2024-05-28 23:00:00,35.9,11,0.5,0.0,3.1,315,9.0,970.3,235.2,62.2,1172.0,79.9,40.9,37.0
2024-05-29 00:00:00,35.0,12,1.1,0.0,4.1,322,4.3,970.1,226.8,65.9,1175.0,80.9,38.9,29.0
2024-05-29 01:00:00,31.3,17,3.1,0.0,6.8,342,8.6,969.8,185.8,62.4,1103.0,76.8,33.6,26.0
2024-05-29 02:00:00,29.8,18,3.1,0.0,7.4,203,9.4,970.1,167.6,59.1,1014.0,70.8,28.9,25.0
2024-05-29 03:00:00,29.4,19,3.2,0.0,7.8,248,10.4,970.1,163.9,58.8,910.0,62.3,26.3,22.0
2024-05-29 04:00:00,30.8,17,3.2,0.0,10.4,270,14.8,970.6,165.3,59.5,791.0,51.8,24.3,22.0
2024-05-29 05:00:00,32.4,22,8.0,0.0,10.3,258,18.7,971.1,199.8,64.0,898.0,62.5,24.3,14.0
2024-05-29 06:00:00,33.7,29,13.4,0.0,9.8,264,13.0,971.7,209.1,69.6,897.0,56.6,25.7,53.0
2024-05-29 07:00:00,36.7,28,15.0,0.0,1.5,76,16.2,972.7,211.9,78.7,892.0,48.0,27.7,108.0
2024-05-29 08:00:00,38.5,25,14.8,0.0,4.0,85,16.6,973.1,273.8,80.1,852.0,38.8,28.6,163.0
2024-05-29 09:00:00,40.0,27,17.2,0.0,7.1,255,18.7,973.4,280.3,77.5,750.0,28.5,27.9,219.0
2024-05-29 10:00:00,41.4,24,17.0,0.0,6.4,297,20.2,973.4,255.2,71.9,613.0,17.7,26.3,274.0
2024-05-29 11:00:00,42.8,22,16.3,0.0,4.6,315,19.1,973.1,216.1,64.5,498.0,9.6,24.2,307.0
2024-05-29 12:00:00,44.2,19,15.1,0.0,4.6,315,18.0,972.5,171.4,58.2,424.0,6.1,21.7,304.0
2024-05-29 13:00:00,45.4,14,12.1,0.0,7.9,300,21.6,972.1,133.2,50.4,371.0,5.3,18.8,278.0
2024-05-29 14:00:00,45.5,10,7.3,0.0,10.2,312,23.0,971.8,103.4,39.1,332.0,5.6,16.2,251.0
2024-05-29 15:00:00,44.8,10,6.7,0.0,13.0,326,25.6,971.5,86.4,29.7,290.0,5.4,13.6,229.0
2024-05-29 16:00:00,45.2,9,5.8,0.0,13.8,327,27.7,971.1,82.4,26.4,261.0,6.2,11.3,205.0
2024-05-29 17:00:00,44.4,9,4.8,0.0,10.8,15,26.3,970.9,75.4,32.1,486.0,28.0,16.2,171.0
2024-05-29 18:00:00,41.5,10,3.2,0.0,6.4,43,10.8,970.6,85.4,40.7,557.0,32.0,19.1,154.0
2024-05-29 19:00:00,41.3,9,2.3,0.0,17.3,69,28.1,971.5,87.1,43.7,655.0,37.4,23.1,131.0
2024-05-29 20:00:00,40.3,11,4.2,0.0,13.1,106,28.8,972.0,85.7,43.1,720.0,40.9,25.8,110.0
2024-05-29 21:00:00,38.3,12,3.8,0.0,8.4,140,22.0,972.3,89.9,42.3,727.0,41.2,26.1,94.0
2024-05-29 22:00:00,35.9,16,5.9,0.0,10.7,132,13.7,972.2,102.4,44.1,702.0,39.6,25.0,81.0
2024-05-29 23:00:00,35.0,17,5.9,0.0,6.1,230,12.2,972.3,133.2,49.6,667.0,37.0,23.9,73.0
2024-05-30 00:00:00,34.5,16,4.7,0.0,10.8,210,15.8,972.6,177.4,58.0,626.0,32.9,23.3,74.0
2024-05-30 01:00:00,34.8,15,4.2,0.0,7.9,156,18.7,972.6,207.2,65.7,576.0,27.7,22.6,81.0
2024-05-30 02:00:00,33.8,18,5.8,0.0,8.9,194,13.3,972.5,204.0,67.5,520.0,23.6,21.0,82.0
2024-05-30 03:00:00,35.1,19,7.8,0.0,17.3,239,26.3,973.1,197.4,64.7,451.0,21.6,17.7,70.0
2024-05-30 04:00:00,35.0,21,9.1,0.0,14.9,255,30.6,974.0,207.7,59.5,378.0,20.6,13.5,54.0
2024-05-30 05:00:00,33.7,26,11.3,0.0,10.5,254,23.8,974.4,231.9,70.8,588.0,39.1,18.9,36.0
2024-05-30 06:00:00,33.2,27,11.6,0.0,3.6,276,8.3,975.1,226.3,69.8,633.0,35.9,18.0,63.0
2024-05-30 07:00:00,35.4,26,13.2,0.0,5.2,344,11.5,976.2,205.4,70.5,689.0,31.2,16.6,100.0
2024-05-30 08:00:00,37.3,34,18.9,0.0,18.7,281,32.4,976.7,191.4,66.4,689.0,25.6,15.0,134.0
2024-05-30 09:00:00,40.0,25,16.0,0.0,24.0,283,43.6,977.0,163.4,55.8,579.0,18.2,13.2,161.0
2024-05-30 10:00:00,41.9,20,14.2,0.0,22.1,296,43.9,976.8,141.1,37.4,412.0,9.9,11.1,184.0
2024-05-30 11:00:00,43.7,14,10.3,0.0,19.2,310,41.4,976.4,121.1,20.8,282.0,3.9,9.4,197.0
2024-05-30 12:00:00,45.1,10,6.2,0.0,15.0,316,37.8,976.0,125.3,14.1,227.0,1.9,8.1,196.0
2024-05-30 13:00:00,45.9,8,4.7,0.0,13.2,299,31.7,975.0,143.4,14.6,208.0,2.4,7.1,185.0
2024-05-30 14:00:00,46.3,8,4.0,0.0,15.5,269,31.0,974.1,159.3,15.5,202.0,3.5,6.5,175.0
2024-05-30 15:00:00,46.2,7,1.5,0.0,19.1,258,36.0,973.6,167.6,16.2,175.0,2.4,5.7,171.0
2024-05-30 16:00:00,46.1,5,-1.4,0.0,17.3,274,36.0,973.3,170.0,16.7,160.0,2.1,5.4,168.0
2024-05-30 17:00:00,45.0,6,-0.2,0.0,15.8,287,31.3,973.4,159.7,18.4,253.0,12.1,7.7,147.0
2024-05-30 18:00:00,43.3,5,-5.4,0.0,19.6,263,50.8,974.2,148.5,27.0,454.0,32.2,13.8,119.0
2024-05-30 19:00:00,40.0,6,-5.5,0.0,12.2,313,31.7,974.8,177.4,40.2,733.0,59.7,22.2,80.0
2024-05-30 20:00:00,37.9,6,-5.8,0.0,10.9,17,19.8,975.2,207.2,49.7,960.0,79.6,29.1,49.0
2024-05-30 21:00:00,36.0,7,-5.9,0.0,8.4,40,17.3,975.2,227.7,56.0,1089.0,84.6,33.0,33.0
2024-05-30 22:00:00,34.0,8,-4.8,0.0,11.4,55,13.7,975.2,236.6,60.1,1166.0,82.0,35.4,25.0
2024-05-30 23:00:00,33.8,8,-5.7,0.0,9.1,56,14.4,975.8,235.2,62.2,1193.0,77.9,36.0,21.0
2024-05-31 00:00:00,31.8,9,-5.2,0.0,7.8,124,14.4,975.5,216.1,60.8,1147.0,73.4,34.2,22.0
2024-05-31 01:00:00,30.4,13,-1.1,0.0,11.3,117,13.3,975.1,189.1,57.5,1052.0,67.4,30.6,27.0
2024-05-31 02:00:00,31.0,14,0.2,0.0,8.2,128,13.0,974.8,166.7,54.8,975.0,63.5,27.8,30.0
2024-05-31 03:00:00,29.5,16,0.6,0.0,8.7,138,13.0,974.6,170.0,56.6,955.0,64.9,26.9,22.0
2024-05-31 04:00:00,31.2,14,0.3,0.0,4.2,121,12.6,975.3,175.6,57.3,953.0,68.4,26.6,11.0
2024-05-31 05:00:00,29.0,18,2.3,0.0,3.6,360,5.0,975.4,128.5,46.6,519.0,34.3,13.9,40.0
2024-05-31 06:00:00,29.5,38,13.5,0.0,6.1,40,18.0,976.2,149.0,53.7,642.0,39.3,17.9,64.0
2024-05-31 07:00:00,32.0,33,13.9,0.0,3.9,292,10.4,977.9,166.7,60.5,804.0,45.6,23.4,100.0
2024-05-31 08:00:00,34.8,29,13.9,0.0,4.1,315,13.3,978.5,170.9,66.1,872.0,46.6,27.1,136.0
2024-05-31 09:00:00,37.4,24,13.6,0.0,4.9,306,15.5,978.9,185.8,67.5,757.0,37.3,28.1,178.0
2024-05-31 10:00:00,40.0,21,13.4,0.0,11.8,308,26.3,978.9,192.3,62.6,548.0,22.8,27.4,221.0
2024-05-31 11:00:00,42.4,18,12.9,0.0,12.5,321,28.8,978.6,183.5,42.3,377.0,11.3,24.9,244.0
2024-05-31 12:00:00,44.3,13,10.3,0.0,14.3,319,34.2,977.8,191.4,32.4,292.0,6.1,19.2,232.0
2024-05-31 13:00:00,45.7,7,1.9,0.0,18.1,316,34.9,976.8,184.4,24.6,244.0,4.1,11.8,201.0
2024-05-31 14:00:00,45.9,6,0.3,0.0,20.9,319,40.0,975.7,170.9,21.5,222.0,3.7,6.6,176.0
2024-05-31 15:00:00,45.7,6,0.3,0.0,19.5,326,40.0,975.3,169.0,20.7,219.0,4.4,5.5,170.0
2024-05-31 16:00:00,45.3,6,0.1,0.0,16.1,333,36.7,975.0,176.0,21.0,242.0,6.8,6.7,171.0
2024-05-31 17:00:00,44.8,7,0.5,0.0,14.8,319,29.5,974.7,149.5,24.1,324.0,12.2,9.1,164.0
2024-05-31 18:00:00,42.2,9,3.0,0.0,13.6,343,32.0,975.3,147.6,33.9,460.0,24.6,12.9,138.0
2024-05-31 19:00:00,39.3,11,3.1,0.0,11.9,335,22.7,975.4,172.8,43.1,645.0,41.4,18.2,103.0
2024-05-31 20:00:00,37.8,12,3.4,0.0,11.1,331,19.1,976.1,196.5,48.4,768.0,52.1,21.5,76.0
2024-05-31 21:00:00,36.1,13,3.2,0.0,8.5,332,17.6,976.3,207.7,50.9,769.0,50.9,21.2,66.0
2024-05-31 22:00:00,33.9,15,3.8,0.0,7.9,300,12.6,976.6,203.5,51.8,707.0,43.7,19.0,64.0
2024-05-31 23:00:00,33.8,15,3.8,0.0,9.0,286,14.0,976.5,189.5,51.6,646.0,37.1,16.8,63.0
2024-06-01 00:00:00,32.5,16,3.9,0.0,9.2,281,13.7,975.9,174.6,50.4,602.0,33.1,15.2,60.0
2024-06-01 01:00:00,31.4,18,4.2,0.0,10.0,291,13.0,975.3,165.3,49.7,558.0,29.8,13.7,58.0
2024-06-01 02:00:00,31.7,16,3.2,0.0,10.7,290,16.2,975.3,164.4,49.6,530.0,28.5,12.7,54.0
2024-06-01 03:00:00,31.0,16,2.7,0.0,8.2,293,16.6,975.7,170.9,49.6,528.0,31.0,12.8,44.0
2024-06-01 04:00:00,30.8,17,2.9,0.0,9.9,314,15.8,976.2,183.9,51.2,542.0,35.6,13.4,32.0
2024-06-01 05:00:00,30.5,18,3.5,0.0,10.3,295,15.8,976.6,157.9,49.5,356.0,23.2,9.1,46.0
2024-06-01 06:00:00,35.1,14,3.5,0.0,17.7,290,28.1,977.8,172.8,48.3,370.0,22.6,9.8,58.0
2024-06-01 07:00:00,37.0,16,6.9,0.0,19.1,306,32.0,978.6,170.0,47.5,387.0,21.7,10.6,76.0
2024-06-01 08:00:00,38.5,16,8.6,0.0,17.6,317,31.3,979.4,186.7,43.2,380.0,19.4,11.0,95.0
2024-06-01 09:00:00,40.0,17,10.0,0.0,17.3,324,32.4,979.7,186.7,38.8,328.0,14.6,10.4,115.0
2024-06-01 10:00:00,42.5,16,11.4,0.0,18.4,321,36.4,979.5,183.9,31.8,253.0,8.6,9.3,136.0
2024-06-01 11:00:00,43.8,14,10.3,0.0,16.6,309,38.2,979.1,245.9,32.7,196.0,4.2,8.2,150.0
2024-06-01 12:00:00,43.2,12,7.8,0.0,10.0,291,34.6,978.6,308.3,36.1,173.0,2.5,7.3,153.0
2024-06-01 13:00:00,44.6,10,5.9,0.0,8.6,268,21.6,977.9,315.7,36.2,169.0,2.5,6.4,149.0
2024-06-01 14:00:00,44.4,9,4.7,0.0,14.1,230,27.4,977.1,318.5,36.6,176.0,3.6,6.0,144.0
2024-06-01 15:00:00,44.1,10,5.1,0.0,17.8,249,32.8,976.6,329.7,37.4,189.0,5.4,6.0,140.0
2024-06-01 16:00:00,43.4,10,4.9,0.0,22.3,267,39.2,976.5,351.1,38.0,213.0,8.4,6.4,134.0
2024-06-01 17:00:00,41.5,13,7.2,0.0,20.8,280,40.3,977.1,167.6,27.0,230.0,9.2,8.4,140.0
2024-06-01 18:00:00,38.3,17,9.1,0.0,23.6,304,38.9,979.2,150.9,38.9,329.0,17.9,10.1,120.0
2024-06-01 19:00:00,37.1,20,10.8,0.0,18.6,324,40.0,979.9,197.9,51.7,462.0,29.5,12.5,92.0
2024-06-01 20:00:00,35.0,25,11.9,0.0,16.2,360,31.0,979.6,299.9,59.1,533.0,36.2,13.8,74.0
2024-06-01 21:00:00,34.0,27,12.2,0.0,4.6,342,27.0,979.6,297.1,72.9,477.0,32.5,12.9,75.0
2024-06-01 22:00:00,33.6,27,12.1,0.0,7.7,191,11.5,979.2,183.5,60.8,360.0,23.8,11.0,85.0
2024-06-01 23:00:00,33.5,26,11.6,0.0,8.9,223,14.0,979.0,117.3,48.5,277.0,18.2,9.8,89.0
2024-06-02 00:00:00,33.8,25,11.2,0.0,16.0,239,24.5,978.4,90.8,42.1,275.0,19.7,10.1,80.0
2024-06-02 01:00:00,33.3,29,12.8,0.0,17.0,249,31.3,978.2,82.7,39.7,308.0,24.2,11.1,65.0
2024-06-02 02:00:00,32.5,30,12.9,0.0,13.0,28,26.6,979.3,84.5,39.7,335.0,27.9,11.8,53.0
2024-06-02 03:00:00,32.0,30,12.2,0.0,4.9,73,20.9,979.1,96.6,40.9,334.0,29.2,11.4,43.0
2024-06-02 04:00:00,32.0,30,12.5,0.0,5.0,120,13.0,979.2,111.1,41.9,326.0,29.7,10.8,36.0
2024-06-02 05:00:00,32.7,29,12.4,0.0,3.0,76,8.3,979.3,83.1,31.0,268.0,20.4,10.2,65.0
2024-06-02 06:00:00,30.9,43,17.0,0.0,8.2,52,15.8,980.1,96.2,33.9,304.0,21.7,12.0,70.0
2024-06-02 07:00:00,31.8,42,17.1,0.0,7.7,49,14.8,980.8,101.7,38.0,353.0,23.3,14.6,78.0
2024-06-02 08:00:00,34.7,33,16.2,0.0,4.1,38,15.8,981.3,120.1,40.9,381.0,23.2,17.5,95.0
2024-06-02 09:00:00,37.2,28,15.5,0.0,8.9,14,22.0,982.1,138.3,43.4,372.0,20.1,21.6,133.0
2024-06-02 10:00:00,38.8,24,14.5,0.0,5.4,48,22.3,981.9,145.3,43.2,344.0,15.4,26.0,181.0
2024-06-02 11:00:00,40.1,21,13.9,0.0,2.6,106,18.7,981.4,149.9,41.9,312.0,11.2,27.4,211.0
2024-06-02 12:00:00,40.9,20,13.6,0.0,2.8,140,18.0,980.8,150.9,40.4,277.0,8.1,23.0,208.0
2024-06-02 13:00:00,41.5,19,13.1,0.0,6.0,197,19.4,980.0,143.0,36.3,239.0,5.7,15.5,188.0
2024-06-02 14:00:00,42.2,18,12.9,0.0,6.8,270,20.2,978.9,129.0,32.6,216.0,4.4,9.9,171.0
2024-06-02 15:00:00,42.3,16,11.4,0.0,14.8,317,29.9,978.2,127.1,31.1,205.0,3.8,7.8,166.0
2024-06-02 16:00:00,41.3,17,11.4,0.0,19.6,316,36.4,977.9,134.1,30.6,209.0,4.3,7.5,163.0
2024-06-02 17:00:00,40.5,18,11.6,0.0,17.9,300,37.1,978.2,240.3,36.3,276.0,8.8,8.8,162.0
2024-06-02 18:00:00,40.4,10,2.3,0.0,12.0,249,20.9,977.2,195.1,44.8,470.0,27.4,14.0,133.0
2024-06-02 19:00:00,39.2,10,2.5,0.0,13.2,259,20.9,977.4,203.0,54.9,739.0,53.0,21.2,92.0
2024-06-02 20:00:00,38.5,11,3.0,0.0,15.8,294,25.2,978.0,205.4,58.7,941.0,71.8,26.3,60.0
2024-06-02 21:00:00,35.7,15,4.8,0.0,7.0,291,26.6,978.5,206.3,60.3,1026.0,78.5,27.8,45.0
2024-06-02 22:00:00,34.4,22,9.7,0.0,16.9,254,26.3,979.2,205.8,61.5,1045.0,78.4,27.3,38.0
2024-06-02 23:00:00,33.6,31,14.1,0.0,17.1,262,29.9,979.2,195.1,59.3,1011.0,74.2,25.5,37.0
2024-06-03 00:00:00,32.7,33,14.4,0.0,14.9,263,27.4,978.7,178.8,54.2,901.0,64.5,21.8,42.0
2024-06-03 01:00:00,32.0,35,14.8,0.0,15.2,266,24.1,978.4,170.4,50.3,738.0,50.5,16.7,52.0
2024-06-03 02:00:00,31.5,37,14.9,0.0,15.2,265,24.8,978.0,165.8,48.1,603.0,39.2,12.8,60.0
2024-06-03 03:00:00,30.9,39,15.1,0.0,12.8,260,24.1,978.1,166.2,47.3,522.0,32.9,10.8,60.0
2024-06-03 04:00:00,30.3,41,15.4,0.0,11.9,256,20.2,978.3,174.2,48.3,468.0,29.2,9.8,58.0
2024-06-03 05:00:00,29.6,43,15.6,0.0,11.5,284,19.4,979.1,164.4,49.2,520.0,38.0,11.8,37.0
2024-06-03 06:00:00,30.2,45,17.0,0.0,10.0,330,23.0,979.9,170.0,54.1,567.0,37.2,13.4,55.0
2024-06-03 07:00:00,32.3,42,17.8,0.0,10.1,305,19.1,980.6,168.6,58.9,627.0,35.7,15.7,80.0
2024-06-03 08:00:00,34.7,38,18.2,0.0,14.5,325,27.7,980.8,178.3,58.6,637.0,32.1,17.1,108.0
2024-06-03 09:00:00,37.2,32,17.9,0.0,16.8,325,33.1,980.9,176.5,58.2,552.0,24.3,17.2,140.0
2024-06-03 10:00:00,39.8,25,16.1,0.0,18.1,329,35.6,980.6,174.2,55.4,418.0,14.4,16.4,174.0
2024-06-03 11:00:00,42.0,18,12.7,0.0,18.0,327,36.7,979.9,168.1,43.9,310.0,6.9,15.2,196.0
2024-06-03 12:00:00,42.9,15,10.4,0.0,17.3,317,36.0,979.2,170.9,38.6,256.0,3.8,13.2,196.0
2024-06-03 13:00:00,43.8,13,8.9,0.0,16.4,308,35.3,978.4,163.9,33.6,228.0,3.1,10.8,183.0
2024-06-03 14:00:00,44.3,12,8.4,0.0,15.1,303,33.8,977.2,163.0,31.1,220.0,3.8,9.2,171.0
2024-06-03 15:00:00,44.3,11,7.3,0.0,15.7,307,31.7,976.4,168.1,30.6,209.0,3.5,8.2,169.0
2024-06-03 16:00:00,43.9,11,7.2,0.0,17.1,312,32.0,975.7,177.0,31.3,217.0,4.5,8.0,168.0
2024-06-03 17:00:00,43.2,11,6.8,0.0,16.4,322,32.0,975.4,181.1,33.8,294.0,12.9,9.4,156.0
2024-06-03 18:00:00,41.6,11,5.6,0.0,12.8,310,33.8,975.2,170.0,42.1,469.0,29.6,13.8,127.0
2024-06-03 19:00:00,38.0,13,4.8,0.0,8.8,305,21.2,975.8,187.7,52.5,708.0,52.5,19.9,87.0
2024-06-03 20:00:00,36.5,15,5.6,0.0,8.6,292,12.6,976.5,201.2,58.0,873.0,67.9,23.9,56.0
2024-06-03 21:00:00,37.5,13,4.1,0.0,7.9,357,9.7,977.2,210.9,60.1,900.0,69.0,24.2,44.0
2024-06-03 22:00:00,33.3,17,5.3,0.0,8.3,72,11.5,977.6,224.0,60.8,852.0,62.7,22.5,42.0
2024-06-03 23:00:00,32.0,23,8.4,0.0,9.5,155,12.6,977.0,231.9,60.8,785.0,55.9,20.2,42.0
2024-06-04 00:00:00,32.0,22,7.4,0.0,6.5,214,12.2,976.4,223.1,59.1,707.0,50.7,17.5,42.0
2024-06-04 01:00:00,31.6,19,5.4,0.0,10.3,234,15.5,976.1,211.4,58.0,609.0,45.0,14.4,44.0
2024-06-04 02:00:00,30.4,21,5.3,0.0,7.7,242,15.8,975.9,219.8,57.9,520.0,39.4,11.8,45.0
2024-06-04 03:00:00,29.6,22,5.5,0.0,7.5,235,11.5,975.9,212.3,57.2,444.0,33.5,10.2,43.0
2024-06-04 04:00:00,29.2,22,5.6,0.0,8.2,247,11.9,976.5,187.7,54.2,377.0,27.6,9.3,40.0
2024-06-04 05:00:00,29.8,22,5.9,0.0,9.6,283,14.4,977.4,125.7,46.8,439.0,33.1,19.3,48.0
2024-06-04 06:00:00,31.7,30,12.2,0.0,2.5,315,11.2,978.9,117.8,51.0,526.0,35.5,23.9,71.0
2024-06-04 07:00:00,34.1,28,12.8,0.0,3.0,284,10.8,979.4,127.1,57.4,640.0,38.3,30.0,103.0
2024-06-04 08:00:00,36.7,24,12.7,0.0,3.4,238,11.5,980.4,143.9,62.9,679.0,37.2,32.6,131.0
2024-06-04 09:00:00,38.8,20,12.1,0.0,6.0,287,17.6,980.8,143.0,62.6,572.0,28.1,28.4,152.0
2024-06-04 10:00:00,41.0,16,9.9,0.0,5.0,291,17.6,980.6,143.9,53.8,390.0,15.0,20.7,168.0
2024-06-04 11:00:00,42.3,14,8.9,0.0,7.7,311,21.6,980.2,150.4,33.5,252.0,5.3,14.5,178.0
2024-06-04 12:00:00,43.0,13,9.1,0.0,9.8,287,23.8,979.0,187.2,33.9,208.0,2.3,11.8,178.0
2024-06-04 13:00:00,43.2,14,9.9,0.0,15.8,282,31.0,978.1,221.2,35.7,206.0,2.7,10.7,171.0
2024-06-04 14:00:00,43.3,15,11.0,0.0,22.1,298,40.7,977.5,240.3,37.0,214.0,3.9,9.9,164.0
2024-06-04 15:00:00,43.0,16,12.2,0.0,16.9,299,41.4,976.8,247.7,37.4,188.0,2.0,8.1,162.0
2024-06-04 16:00:00,42.8,16,12.1,0.0,21.1,307,36.7,976.2,247.7,37.4,172.0,0.9,6.7,160.0
2024-06-04 17:00:00,41.8,16,11.2,0.0,20.5,301,40.7,976.2,227.7,39.7,285.0,11.7,11.3,161.0
2024-06-04 18:00:00,40.3,15,9.1,0.0,7.6,275,26.3,976.6,202.1,46.4,351.0,17.8,12.5,141.0
2024-06-04 19:00:00,38.3,16,8.4,0.0,10.1,243,15.1,976.5,218.4,53.3,445.0,26.5,14.4,113.0
2024-06-04 20:00:00,37.2,17,8.3,0.0,11.3,279,17.6,976.9,238.0,56.8,547.0,35.9,16.9,87.0
2024-06-04 21:00:00,34.8,20,8.6,0.0,8.4,290,17.6,977.2,264.5,61.5,655.0,46.0,20.5,67.0
2024-06-04 22:00:00,33.8,21,8.1,0.0,7.6,275,11.5,977.5,321.3,68.7,770.0,56.7,24.8,49.0
2024-06-04 23:00:00,32.9,21,8.0,0.0,7.6,278,10.8,977.8,373.5,75.9,870.0,65.6,28.3,34.0
2024-06-05 00:00:00,31.6,24,8.3,0.0,7.5,287,11.5,977.8,402.3,79.6,968.0,73.0,30.9,22.0
2024-06-05 01:00:00,31.5,23,7.9,0.0,7.2,276,11.2,977.5,415.4,81.3,1052.0,78.5,32.8,13.0
2024-06-05 02:00:00,29.9,27,8.8,0.0,9.0,275,11.5,976.9,409.8,82.4,1065.0,78.9,32.6,9.0
2024-06-05 03:00:00,29.5,28,9.0,0.0,8.5,282,10.4,976.8,350.2,79.2,958.0,71.3,29.1,12.0
2024-06-05 04:00:00,30.4,24,7.4,0.0,10.2,260,15.5,977.9,241.2,68.5,779.0,58.6,23.6,20.0
2024-06-05 05:00:00,31.0,22,6.8,0.0,11.9,284,18.4,978.6,176.5,57.7,632.0,49.1,23.5,22.0
2024-06-05 06:00:00,33.2,27,11.8,0.0,17.4,276,27.7,979.2,183.5,61.0,625.0,44.1,23.0,47.0
2024-06-05 07:00:00,36.0,26,13.8,0.0,19.5,266,31.7,980.0,180.7,62.9,611.0,36.9,22.1,83.0
2024-06-05 08:00:00,37.3,26,14.6,0.0,21.7,285,38.5,980.9,210.0,55.3,564.0,29.1,20.2,112.0
2024-06-05 09:00:00,38.5,26,15.8,0.0,23.3,308,42.1,981.7,283.1,55.1,452.0,20.3,16.5,129.0
2024-06-05 10:00:00,39.5,24,15.2,0.0,21.2,310,43.2,981.0,409.8,64.0,308.0,11.0,11.7,139.0
2024-06-05 11:00:00,41.5,20,13.7,0.0,19.2,310,39.6,980.4,547.6,75.4,203.0,4.3,8.3,146.0
2024-06-05 12:00:00,41.9,17,12.1,0.0,26.4,290,47.2,980.4,640.7,82.4,171.0,1.9,7.2,151.0
2024-06-05 13:00:00,42.2,16,11.3,0.0,19.6,296,49.3,979.5,655.7,82.7,177.0,2.2,7.4,152.0
2024-06-05 14:00:00,40.5,21,13.8,0.0,21.3,264,43.2,978.9,597.9,75.4,193.0,3.6,7.7,150.0
2024-06-05 15:00:00,41.2,18,12.4,0.0,23.5,285,42.5,978.5,536.4,68.2,211.0,6.0,7.7,145.0
2024-06-05 16:00:00,40.7,18,11.5,0.0,20.6,299,43.2,978.1,495.5,63.1,238.0,9.6,7.9,136.0
2024-06-05 17:00:00,39.7,21,13.5,0.0,16.8,301,37.1,977.9,201.2,37.8,282.0,14.8,7.9,126.0
2024-06-05 18:00:00,41.4,12,6.3,0.0,20.5,280,43.6,976.4,151.3,38.0,401.0,27.0,11.1,103.0
2024-06-05 19:00:00,37.8,19,9.9,0.0,12.2,34,33.1,977.6,127.1,40.4,561.0,43.4,15.4,71.0
2024-06-05 20:00:00,35.3,33,16.8,0.0,11.1,77,24.8,978.6,116.6,39.9,658.0,52.9,18.0,49.0
2024-06-05 21:00:00,35.0,32,16.0,0.0,7.2,96,17.6,978.9,131.3,42.5,627.0,48.6,17.2,48.0
2024-06-05 22:00:00,33.7,34,15.6,0.0,5.6,135,11.9,979.1,174.6,48.8,531.0,37.6,14.7,58.0
2024-06-05 23:00:00,33.0,35,15.6,0.0,9.2,191,14.8,979.4,182.5,52.3,457.0,29.4,13.2,66.0
2024-06-06 00:00:00,32.9,36,15.9,0.0,4.0,85,14.8,979.6,159.7,51.3,435.0,28.0,13.9,68.0
2024-06-06 01:00:00,31.0,41,16.1,0.0,5.4,98,6.8,979.0,168.1,52.4,434.0,29.6,15.6,67.0
2024-06-06 02:00:00,30.4,41,15.8,0.0,8.3,162,9.7,978.8,195.1,56.3,446.0,32.4,17.2,63.0
2024-06-06 03:00:00,31.0,39,15.6,0.0,3.0,104,10.1,979.1,214.7,61.0,476.0,37.1,18.4,49.0
2024-06-06 04:00:00,31.6,37,15.1,0.0,5.5,212,5.0,979.3,225.8,64.5,519.0,43.0,19.4,31.0
2024-06-06 05:00:00,28.8,39,13.4,0.0,10.3,282,13.0,979.7,68.0,44.4,386.0,28.4,20.6,62.0
2024-06-06 06:00:00,27.3,55,17.6,0.0,9.7,202,15.8,982.7,102.4,49.8,466.0,31.6,23.4,74.0
2024-06-06 07:00:00,29.9,47,17.5,0.0,12.2,272,21.6,984.6,127.1,56.3,571.0,35.5,26.9,91.0
2024-06-06 08:00:00,32.0,41,17.0,0.0,13.8,313,33.1,985.3,166.7,61.9,610.0,35.4,28.0,108.0
2024-06-06 09:00:00,34.2,34,16.0,0.0,19.2,343,36.7,985.9,191.4,55.2,519.0,27.3,24.1,123.0
2024-06-06 10:00:00,35.7,27,14.1,0.0,8.0,10,37.4,985.3,217.0,45.6,362.0,15.2,17.7,138.0
2024-06-06 11:00:00,37.5,24,13.7,0.0,8.2,15,23.0,984.3,359.5,60.1,240.0,6.2,12.7,147.0
2024-06-06 12:00:00,38.8,23,13.8,0.0,8.7,336,23.4,983.3,443.3,83.4,197.0,3.5,10.7,147.0
2024-06-06 13:00:00,40.2,21,13.9,0.0,13.9,307,29.5,982.2,421.0,79.4,190.0,3.9,10.2,141.0
2024-06-06 14:00:00,41.4,19,13.0,0.0,17.3,306,33.8,981.1,407.9,70.3,191.0,4.9,9.9,136.0
2024-06-06 15:00:00,41.4,17,11.6,0.0,19.7,301,36.7,980.1,379.0,63.1,183.0,4.8,9.3,135.0
2024-06-06 16:00:00,41.0,17,11.2,0.0,20.8,298,37.4,979.3,335.3,57.4,182.0,5.3,8.9,135.0
2024-06-06 17:00:00,40.3,18,11.6,0.0,21.1,295,37.4,979.0,324.1,55.3,228.0,9.1,10.7,129.0
2024-06-06 18:00:00,38.3,16,7.7,0.0,12.4,324,28.8,979.3,285.0,62.6,336.0,20.1,13.6,107.0
2024-06-06 19:00:00,36.5,19,9.1,0.0,14.7,338,23.0,979.2,291.5,70.8,481.0,35.0,17.4,76.0
2024-06-06 20:00:00,35.7,23,11.2,0.0,18.6,338,30.6,979.8,338.1,79.9,564.0,43.6,19.7,55.0
2024-06-06 21:00:00,34.8,26,12.6,0.0,12.4,330,30.2,980.1,392.1,88.9,525.0,39.6,18.9,53.0
2024-06-06 22:00:00,33.5,30,13.4,0.0,9.2,318,19.8,980.1,398.6,94.5,424.0,29.5,16.5,61.0
2024-06-06 23:00:00,32.7,32,13.9,0.0,9.2,315,14.8,980.1,363.2,92.9,347.0,21.9,14.7,66.0
2024-06-07 00:00:00,31.7,35,14.1,0.0,7.6,315,14.4,979.6,331.6,88.7,329.0,20.8,14.3,64.0
2024-06-07 01:00:00,30.9,37,14.4,0.0,7.5,305,11.9,979.1,312.9,85.2,334.0,22.4,14.4,59.0
2024-06-07 02:00:00,30.3,38,14.4,0.0,8.0,297,12.2,978.9,297.1,82.0,343.0,24.0,14.6,54.0
2024-06-07 03:00:00,29.9,39,14.4,0.0,8.2,293,13.3,978.9,278.5,79.9,345.0,25.1,14.6,47.0
2024-06-07 04:00:00,29.3,40,14.4,0.0,8.0,288,13.0,979.2,258.9,78.7,350.0,26.3,14.6,40.0
2024-06-07 05:00:00,29.0,41,14.4,0.0,9.4,293,14.4,979.9,355.8,83.1,298.0,22.3,14.5,56.0
2024-06-07 06:00:00,30.9,45,17.6,0.0,9.8,294,14.8,980.9,328.8,87.1,318.0,21.3,15.3,65.0
2024-06-07 07:00:00,32.4,42,17.8,0.0,12.9,293,23.0,981.0,349.2,91.7,344.0,19.8,16.4,79.0
2024-06-07 08:00:00,34.2,37,17.6,0.0,14.9,290,28.8,981.5,367.9,86.4,352.0,17.5,16.7,95.0
2024-06-07 09:00:00,36.2,32,17.0,0.0,14.8,288,29.9,981.5,299.0,73.8,324.0,13.5,15.8,117.0
2024-06-07 10:00:00,38.1,26,15.5,0.0,16.7,289,33.1,981.3,247.7,62.4,277.0,8.6,14.2,143.0
2024-06-07 11:00:00,39.8,22,14.3,0.0,19.7,294,38.2,980.7,227.7,54.0,239.0,5.0,12.4,159.0
2024-06-07 12:00:00,41.0,20,13.5,0.0,20.6,297,40.0,979.9,223.5,48.4,221.0,3.5,10.5,160.0
2024-06-07 13:00:00,42.0,18,12.9,0.0,21.6,300,41.8,978.8,240.3,46.9,213.0,3.3,8.4,153.0
2024-06-07 14:00:00,42.5,17,12.4,0.0,21.4,303,41.8,977.6,264.5,46.3,210.0,3.6,6.9,145.0
2024-06-07 15:00:00,42.8,16,11.2,0.0,20.3,297,41.0,976.4,282.2,46.0,208.0,4.0,6.1,140.0
2024-06-07 16:00:00,42.0,16,10.6,0.0,22.0,288,39.2,975.7,329.7,49.7,211.0,5.0,5.8,136.0
2024-06-07 17:00:00,41.3,15,9.8,0.0,22.8,282,39.6,975.6,272.9,46.7,244.0,9.8,7.7,134.0
2024-06-07 18:00:00,38.0,23,13.2,0.0,27.6,299,45.0,976.7,258.9,52.6,309.0,16.2,10.0,118.0
2024-06-07 19:00:00,35.3,28,14.2,0.0,15.5,295,46.4,976.8,250.5,58.2,396.0,24.7,13.2,96.0
2024-06-07 20:00:00,34.7,29,13.9,0.0,20.3,297,33.5,977.4,268.2,62.4,450.0,29.7,15.4,82.0
2024-06-07 21:00:00,34.2,29,13.6,0.0,15.5,306,32.8,978.0,283.1,66.1,440.0,27.6,15.5,84.0
2024-06-07 22:00:00,33.6,30,13.5,0.0,14.3,313,24.8,978.2,285.9,68.7,396.0,22.0,14.6,94.0
2024-06-07 23:00:00,32.8,31,13.4,0.0,13.0,304,23.0,978.3,292.4,73.3,356.0,17.0,13.8,103.0
2024-06-08 00:00:00,32.0,32,13.3,0.0,12.7,299,21.2,978.1,318.5,81.7,329.0,14.1,13.4,107.0
2024-06-08 01:00:00,31.3,33,13.1,0.0,11.4,294,20.5,977.6,330.6,88.9,306.0,11.9,13.1,108.0
2024-06-08 02:00:00,30.7,34,13.0,0.0,11.6,296,18.7,977.5,324.1,92.4,293.0,10.7,13.1,108.0
2024-06-08 03:00:00,30.0,35,13.0,0.0,10.0,300,18.7,977.6,307.3,92.4,291.0,11.0,13.3,103.0
2024-06-08 04:00:00,29.2,37,12.9,0.0,9.0,299,16.2,977.8,284.1,89.9,300.0,12.4,13.9,96.0
2024-06-08 05:00:00,28.5,38,12.9,0.0,7.7,298,14.0,978.1,403.3,109.9,331.0,13.1,15.4,96.0
2024-06-08 06:00:00,30.1,41,15.3,0.0,9.7,274,15.8,979.5,396.7,110.4,358.0,14.2,16.8,101.0
2024-06-08 07:00:00,32.0,37,15.6,0.0,9.9,280,18.7,980.0,393.0,107.3,394.0,15.5,18.6,108.0
2024-06-08 08:00:00,34.7,32,15.7,0.0,14.5,293,27.4,980.3,354.8,94.1,408.0,15.4,19.5,120.0
2024-06-08 09:00:00,37.2,25,14.1,0.0,21.4,303,38.5,980.3,290.6,77.8,378.0,12.4,18.8,141.0
2024-06-08 10:00:00,39.1,19,11.6,0.0,24.1,309,44.3,979.9,263.6,65.0,326.0,8.0,17.2,167.0
2024-06-08 11:00:00,40.4,17,10.6,0.0,24.7,313,46.1,979.5,273.8,59.8,283.0,4.7,15.3,183.0
2024-06-08 12:00:00,40.7,17,10.5,0.0,26.3,318,48.6,978.8,310.1,59.3,260.0,3.5,13.2,183.0
2024-06-08 13:00:00,40.7,17,10.7,0.0,23.9,314,49.0,978.0,359.5,60.3,247.0,3.3,10.9,175.0
2024-06-08 14:00:00,40.8,17,11.1,0.0,23.5,295,45.0,977.5,393.9,59.8,237.0,3.7,9.1,165.0
2024-06-08 15:00:00,40.2,18,11.1,0.0,24.3,282,46.1,977.1,421.9,59.3,222.0,3.8,7.9,157.0
2024-06-08 16:00:00,39.8,18,10.9,0.0,20.3,295,44.6,976.1,428.4,58.7,211.0,4.5,7.1,147.0
2024-06-08 17:00:00,39.5,17,10.2,0.0,17.2,303,36.7,975.6,272.9,45.6,234.0,8.5,7.7,138.0
2024-06-08 18:00:00,38.2,20,11.1,0.0,11.0,328,26.3,976.2,224.4,48.1,373.0,22.6,11.7,113.0
2024-06-08 19:00:00,36.0,22,11.1,0.0,10.2,328,18.4,976.3,200.2,53.7,561.0,41.7,17.1,79.0
2024-06-08 20:00:00,35.0,23,11.1,0.0,12.1,330,20.2,977.0,208.6,58.9,679.0,53.6,20.5,54.0
2024-06-08 21:00:00,34.1,24,10.9,0.0,13.6,328,21.2,977.7,216.1,61.2,664.0,51.5,20.1,48.0
2024-06-08 22:00:00,33.1,28,12.4,0.0,12.6,333,22.3,978.0,224.0,60.8,579.0,42.2,17.7,51.0
2024-06-08 23:00:00,32.5,31,12.9,0.0,12.6,333,20.5,978.0,225.8,59.1,493.0,33.2,15.3,55.0
2024-06-09 00:00:00,31.5,33,13.1,0.0,10.1,325,20.2,978.0,214.7,57.7,421.0,26.6,13.5,59.0
2024-06-09 01:00:00,30.4,35,13.2,0.0,8.7,315,16.2,977.6,197.4,56.7,349.0,20.3,11.7,64.0
2024-06-09 02:00:00,29.9,35,12.9,0.0,9.7,318,15.1,977.5,183.0,56.2,301.0,16.3,10.7,67.0
2024-06-09 03:00:00,29.5,35,12.4,0.0,10.2,328,16.2,977.4,176.5,56.7,289.0,15.8,10.7,63.0
2024-06-09 04:00:00,28.8,36,12.3,0.0,9.5,331,15.8,977.6,177.4,57.7,301.0,17.6,11.4,57.0
2024-06-09 05:00:00,28.1,38,12.4,0.0,8.7,322,15.1,977.6,137.8,50.9,307.0,20.1,12.2,62.0
2024-06-09 06:00:00,29.2,40,14.2,0.0,11.4,305,17.3,979.1,141.6,52.7,352.0,20.8,13.9,73.0
2024-06-09 07:00:00,31.1,37,14.5,0.0,12.0,286,21.6,979.7,148.1,56.8,412.0,21.6,16.3,88.0
2024-06-09 08:00:00,33.5,32,14.4,0.0,14.1,302,27.0,980.1,153.7,58.6,435.0,20.5,17.5,106.0
2024-06-09 09:00:00,36.0,26,13.8,0.0,16.8,313,32.4,980.2,141.1,56.2,388.0,15.8,16.8,130.0
2024-06-09 10:00:00,38.0,22,12.6,0.0,18.1,314,36.0,980.1,130.4,49.7,304.0,9.2,14.9,156.0
2024-06-09 11:00:00,39.6,19,11.4,0.0,18.1,313,36.4,979.6,124.3,38.8,239.0,4.4,13.0,174.0
2024-06-09 12:00:00,41.0,15,9.7,0.0,17.7,308,36.0,978.7,141.1,31.7,213.0,2.8,11.1,176.0
2024-06-09 13:00:00,41.9,13,7.6,0.0,19.5,308,37.8,977.7,172.8,32.5,206.0,2.9,9.1,170.0
2024-06-09 14:00:00,42.2,12,6.6,0.0,19.6,306,37.8,976.9,203.0,33.8,205.0,3.6,7.8,163.0
2024-06-09 15:00:00,42.2,11,5.8,0.0,20.3,307,37.8,976.3,228.2,34.8,198.0,3.7,7.2,162.0
2024-06-09 16:00:00,41.8,11,5.3,0.0,18.9,309,37.8,975.9,248.7,35.9,197.0,4.3,7.2,161.0
2024-06-09 17:00:00,41.2,11,4.8,0.0,17.6,311,34.2,975.4,183.5,25.7,229.0,8.7,7.5,156.0
2024-06-09 18:00:00,38.9,10,1.7,0.0,11.2,315,30.2,976.1,168.6,31.9,343.0,19.7,10.8,133.0
2024-06-09 19:00:00,36.7,11,2.0,0.0,11.2,312,18.0,976.3,176.5,39.3,498.0,34.5,15.3,101.0
2024-06-09 20:00:00,36.2,12,2.5,0.0,13.5,314,20.9,976.7,197.9,44.0,595.0,43.7,18.1,79.0
2024-06-09 21:00:00,35.6,13,2.8,0.0,14.1,322,23.0,977.4,211.9,45.2,584.0,42.0,17.6,74.0
2024-06-09 22:00:00,33.8,15,3.1,0.0,9.2,321,22.3,977.5,213.7,45.8,515.0,34.7,15.4,79.0
2024-06-09 23:00:00,32.8,16,3.3,0.0,9.9,314,15.1,977.7,200.2,44.9,447.0,27.8,13.4,84.0
2024-06-10 00:00:00,32.0,17,3.8,0.0,9.4,313,15.8,977.5,175.1,43.9,392.0,22.8,12.2,88.0
2024-06-10 01:00:00,31.0,19,4.3,0.0,9.7,297,14.8,977.3,152.3,42.6,336.0,18.3,11.2,92.0
2024-06-10 02:00:00,30.0,20,4.8,0.0,8.8,305,14.8,977.3,140.2,42.1,298.0,15.3,10.8,94.0
2024-06-10 03:00:00,29.1,22,5.3,0.0,8.0,324,13.7,977.4,137.4,42.3,283.0,14.8,11.1,88.0
2024-06-10 04:00:00,27.9,25,6.1,0.0,8.3,326,11.5,977.4,138.3,43.1,286.0,15.9,11.9,80.0
2024-06-10 05:00:00,27.4,27,6.6,0.0,6.9,313,10.4,977.8,158.3,46.0,309.0,17.8,10.7,71.0
2024-06-10 06:00:00,29.5,29,9.5,0.0,8.7,312,16.9,978.5,159.3,47.7,352.0,19.2,12.2,79.0
2024-06-10 07:00:00,31.4,27,10.1,0.0,10.0,232,18.7,979.5,152.3,50.1,410.0,20.8,14.2,92.0
2024-06-10 08:00:00,33.7,24,10.4,0.0,8.8,258,20.5,980.0,146.7,48.7,434.0,20.4,15.4,109.0
2024-06-10 09:00:00,36.3,21,10.7,0.0,9.0,270,20.9,980.0,124.3,45.3,394.0,15.9,15.3,136.0
2024-06-10 10:00:00,38.8,18,10.2,0.0,11.3,292,25.2,979.9,111.3,40.5,322.0,9.5,14.5,168.0
2024-06-10 11:00:00,40.6,16,9.5,0.0,13.5,304,28.8,979.7,97.6,31.5,264.0,4.6,13.3,190.0
2024-06-10 12:00:00,41.9,13,8.2,0.0,16.3,305,33.1,978.9,101.0,26.8,240.0,3.0,11.6,194.0
2024-06-10 13:00:00,42.7,13,8.2,0.0,19.0,299,37.1,977.9,127.1,25.8,230.0,3.0,9.6,187.0
2024-06-10 14:00:00,43.0,12,7.8,0.0,20.1,299,38.9,977.2,154.1,22.7,227.0,3.6,8.1,180.0
2024-06-10 15:00:00,43.1,12,8.1,0.0,20.8,298,38.5,976.4,183.9,24.6,219.0,3.7,7.4,177.0
2024-06-10 16:00:00,42.6,13,8.1,0.0,21.7,294,38.9,976.2,208.2,26.4,218.0,4.5,7.2,173.0
2024-06-10 17:00:00,41.8,13,7.8,0.0,20.2,289,38.9,976.0,230.5,26.7,239.0,7.8,6.7,164.0
2024-06-10 18:00:00,40.3,13,7.0,0.0,14.0,288,28.1,976.6,202.1,31.4,317.0,15.9,9.3,143.0
2024-06-10 19:00:00,38.2,15,6.8,0.0,14.8,288,23.8,976.8,180.7,36.8,426.0,27.0,12.9,113.0
2024-06-10 20:00:00,37.0,16,6.8,0.0,14.3,280,23.8,977.2,173.2,38.6,514.0,36.0,15.6,89.0
2024-06-10 21:00:00,36.3,16,6.9,0.0,13.1,286,22.7,977.4,164.4,38.9,566.0,41.2,16.7,75.0
2024-06-10 22:00:00,35.6,18,7.4,0.0,13.7,288,22.0,977.9,156.5,39.9,597.0,44.1,16.8,66.0
2024-06-10 23:00:00,35.2,18,7.4,0.0,13.7,297,22.3,977.9,147.6,40.2,598.0,44.2,16.2,61.0
2024-06-11 00:00:00,34.0,19,6.8,0.0,11.2,310,22.0,977.6,136.0,38.8,550.0,39.7,14.3,62.0
2024-06-11 01:00:00,32.5,20,6.5,0.0,9.2,315,17.6,977.0,120.1,36.9,472.0,32.3,11.6,67.0
2024-06-11 02:00:00,31.5,21,6.4,0.0,8.7,315,14.4,976.6,107.3,35.6,412.0,27.0,9.7,70.0
2024-06-11 03:00:00,30.4,23,6.6,0.0,7.2,307,13.3,976.6,101.3,35.4,385.0,26.0,9.1,64.0
2024-06-11 04:00:00,29.1,25,7.0,0.0,7.0,291,10.8,977.1,98.3,35.6,377.0,27.0,9.3,56.0
2024-06-11 05:00:00,27.7,31,9.1,0.0,9.5,279,11.5,977.3,176.0,49.2,291.0,15.4,12.1,87.0
2024-06-11 06:00:00,29.9,33,11.7,0.0,9.7,266,14.4,979.0,184.4,53.8,351.0,18.5,14.5,94.0
2024-06-11 07:00:00,32.1,30,12.6,0.0,9.4,274,18.0,979.5,193.2,57.4,432.0,22.5,17.9,105.0
2024-06-11 08:00:00,35.0,26,12.5,0.0,11.3,277,22.7,979.8,191.4,55.9,471.0,23.7,20.3,122.0
2024-06-11 09:00:00,37.4,22,12.2,0.0,10.2,288,23.4,979.9,161.6,52.9,432.0,19.6,21.4,153.0
2024-06-11 10:00:00,39.3,19,11.6,0.0,10.6,305,24.1,979.7,125.7,46.6,351.0,12.7,21.7,190.0
2024-06-11 11:00:00,40.9,17,11.2,0.0,11.6,306,26.3,979.2,88.9,35.2,283.0,7.2,20.5,212.0
2024-06-11 12:00:00,42.2,15,10.2,0.0,13.2,299,28.8,978.5,80.1,28.1,245.0,4.7,16.7,208.0
2024-06-11 13:00:00,43.2,13,8.7,0.0,15.3,297,31.7,977.5,89.4,24.3,219.0,3.6,11.4,189.0
2024-06-11 14:00:00,43.3,12,7.6,0.0,16.6,292,33.1,976.7,101.0,21.4,205.0,3.4,7.5,173.0
2024-06-11 15:00:00,43.3,11,6.9,0.0,17.5,289,33.1,975.9,113.6,18.5,190.0,2.6,5.9,169.0
2024-06-11 16:00:00,43.0,11,6.3,0.0,18.4,287,33.8,975.5,130.9,19.6,186.0,2.7,5.7,168.0
2024-06-11 17:00:00,42.0,11,6.0,0.0,18.1,291,33.5,975.0,107.6,17.1,225.0,7.5,7.1,160.0
2024-06-11 18:00:00,40.2,13,7.0,0.0,11.8,290,29.5,975.5,109.0,25.0,375.0,22.1,11.9,134.0
2024-06-11 19:00:00,37.8,15,6.7,0.0,9.8,294,19.1,975.7,113.2,33.4,578.0,42.0,18.4,98.0
2024-06-11 20:00:00,37.2,15,5.8,0.0,13.4,306,20.9,976.1,137.8,39.8,713.0,54.9,22.6,72.0
2024-06-11 21:00:00,35.5,16,6.0,0.0,8.1,302,21.2,976.5,163.9,42.6,714.0,54.1,22.4,65.0
2024-06-11 22:00:00,33.5,19,6.4,0.0,7.4,313,12.2,976.8,175.1,43.4,646.0,46.4,20.0,67.0
2024-06-11 23:00:00,32.0,21,7.0,0.0,7.6,301,10.8,976.7,162.1,42.0,578.0,39.4,17.5,69.0
2024-06-12 00:00:00,31.4,22,7.4,0.0,7.7,307,10.4,976.4,139.7,39.5,524.0,35.1,15.4,68.0
2024-06-12 01:00:00,30.2,25,8.0,0.0,8.7,312,11.2,976.1,122.5,38.0,471.0,31.5,13.3,67.0
2024-06-12 02:00:00,29.5,27,8.3,0.0,8.6,285,11.2,976.1,112.9,37.6,446.0,31.0,12.3,63.0
2024-06-12 03:00:00,28.5,29,8.9,0.0,9.0,247,11.5,976.5,114.6,38.3,470.0,36.4,13.1,49.0
2024-06-12 04:00:00,28.0,29,8.4,0.0,7.9,240,10.8,976.8,118.0,39.7,523.0,44.9,14.9,32.0
2024-06-12 05:00:00,27.4,32,9.3,0.0,9.7,266,11.2,977.1,144.4,43.4,411.0,31.0,12.8,52.0
2024-06-12 06:00:00,30.6,29,10.4,0.0,12.4,296,19.1,978.6,145.3,46.1,442.0,29.9,14.0,67.0
2024-06-12 07:00:00,33.3,26,11.4,0.0,7.5,287,19.4,979.2,144.4,49.2,482.0,28.1,15.6,90.0
2024-06-12 08:00:00,36.1,23,11.5,0.0,11.3,279,22.3,979.8,149.0,46.2,487.0,24.7,16.2,114.0
2024-06-12 09:00:00,38.7,18,10.6,0.0,13.3,289,27.4,980.0,130.9,38.9,425.0,18.3,15.0,142.0
2024-06-12 10:00:00,40.6,16,9.6,0.0,15.5,288,31.3,979.8,109.9,30.2,329.0,10.3,12.8,172.0
2024-06-12 11:00:00,42.1,14,8.6,0.0,16.1,286,32.8,979.2,104.3,26.4,256.0,4.5,10.8,193.0
2024-06-12 12:00:00,43.3,12,7.4,0.0,16.3,292,33.5,978.4,103.6,23.6,231.0,2.5,9.3,198.0
2024-06-12 13:00:00,44.0,11,6.4,0.0,17.6,293,35.3,977.5,102.0,20.7,228.0,2.7,8.0,193.0
2024-06-12 14:00:00,44.5,10,5.8,0.0,16.3,292,34.9,976.6,115.3,17.6,231.0,3.5,7.1,187.0
2024-06-12 15:00:00,44.3,10,6.1,0.0,18.4,296,34.6,975.7,137.4,18.0,223.0,3.5,6.5,185.0
2024-06-12 16:00:00,43.9,10,5.4,0.0,18.7,308,34.9,975.0,162.1,19.8,222.0,4.1,6.4,182.0
2024-06-12 17:00:00,43.2,10,5.0,0.0,16.5,316,33.8,974.4,181.6,22.5,257.0,8.1,7.5,171.0
2024-06-12 18:00:00,40.2,15,8.2,0.0,6.3,329,21.6,974.6,162.5,30.2,374.0,19.4,11.0,145.0
2024-06-12 19:00:00,38.2,14,5.9,0.0,9.5,331,13.7,974.8,175.6,40.3,527.0,34.1,15.8,111.0
2024-06-12 20:00:00,37.8,14,5.6,0.0,11.2,320,18.4,975.2,204.4,45.6,619.0,42.8,18.7,87.0
2024-06-12 21:00:00,35.4,17,6.3,0.0,8.2,308,17.3,976.1,223.1,47.0,592.0,39.9,18.1,84.0
2024-06-12 22:00:00,34.2,18,6.6,0.0,8.7,312,12.6,976.5,213.7,46.6,502.0,31.0,15.6,91.0
2024-06-12 23:00:00,34.0,18,6.5,0.0,9.0,344,13.7,976.2,176.5,43.8,420.0,23.4,13.3,96.0
2024-06-13 00:00:00,32.2,21,7.0,0.0,9.0,331,13.7,975.8,138.3,39.5,366.0,19.5,11.7,96.0
2024-06-13 01:00:00,31.6,21,6.9,0.0,10.1,264,15.5,976.0,115.7,36.4,319.0,16.9,10.3,93.0
2024-06-13 02:00:00,31.2,22,6.8,0.0,9.5,279,15.8,975.9,107.3,34.8,291.0,15.9,9.3,88.0
2024-06-13 03:00:00,30.5,23,6.8,0.0,8.8,282,15.1,975.9,114.1,35.6,290.0,17.5,9.0,76.0
2024-06-13 04:00:00,29.5,24,6.9,0.0,9.5,299,14.4,976.7,143.0,40.6,307.0,20.7,9.3,62.0
2024-06-13 05:00:00,29.3,24,6.5,0.0,11.2,291,18.7,977.1,165.3,45.6,327.0,22.8,9.6,55.0
2024-06-13 06:00:00,32.5,34,14.6,0.0,19.5,272,31.3,977.9,177.4,49.4,356.0,22.8,10.1,62.0
2024-06-13 07:00:00,34.4,34,16.4,0.0,17.4,283,31.7,978.3,184.4,54.5,389.0,21.6,10.6,76.0
2024-06-13 08:00:00,36.5,31,16.6,0.0,23.7,283,41.4,978.3,228.6,54.9,392.0,19.2,10.8,92.0
2024-06-13 09:00:00,38.7,26,15.8,0.0,27.2,290,49.0,978.3,238.4,48.8,338.0,14.5,10.4,110.0
2024-06-13 10:00:00,40.6,22,14.8,0.0,26.1,293,49.3,978.1,344.6,52.2,255.0,8.6,9.5,131.0
2024-06-13 11:00:00,42.6,18,13.1,0.0,24.0,298,47.9,977.5,435.9,56.3,193.0,4.2,8.7,146.0
2024-06-13 12:00:00,44.2,13,10.1,0.0,21.7,306,45.0,976.7,423.8,52.5,176.0,2.6,7.8,153.0
2024-06-13 13:00:00,44.8,11,7.7,0.0,20.4,306,41.8,975.5,377.2,46.1,181.0,2.6,6.9,155.0
2024-06-13 14:00:00,45.0,10,6.9,0.0,20.9,306,39.6,974.7,373.5,44.6,191.0,3.4,6.4,154.0
2024-06-13 15:00:00,44.8,11,7.4,0.0,19.9,305,39.6,973.7,389.3,45.4,197.0,4.4,6.3,152.0
2024-06-13 16:00:00,44.3,11,7.4,0.0,20.9,299,37.8,973.0,399.5,46.4,209.0,6.1,6.5,148.0
2024-06-13 17:00:00,43.6,11,7.3,0.0,21.3,286,37.8,972.8,281.3,37.1,263.0,10.4,7.9,150.0
2024-06-13 18:00:00,41.2,13,7.1,0.0,10.9,287,26.6,973.7,273.8,43.9,328.0,17.2,10.2,131.0
2024-06-13 19:00:00,38.9,15,7.4,0.0,11.9,268,18.0,974.0,271.0,50.5,415.0,26.4,13.2,105.0
2024-06-13 20:00:00,38.0,17,8.4,0.0,14.1,267,22.0,974.4,304.5,56.0,460.0,31.3,14.9,87.0
2024-06-13 21:00:00,37.0,18,8.9,0.0,14.1,267,23.0,975.1,338.1,61.0,421.0,27.8,13.8,87.0
2024-06-13 22:00:00,35.9,21,10.0,0.0,12.6,267,22.3,975.4,311.1,61.5,339.0,20.1,11.4,97.0
2024-06-13 23:00:00,35.0,24,11.2,0.0,14.5,251,22.3,975.5,244.0,56.6,274.0,14.3,9.4,102.0
2024-06-14 00:00:00,35.0,24,11.6,0.0,18.2,262,29.2,975.3,190.9,50.3,249.0,12.8,8.6,99.0
2024-06-14 01:00:00,34.7,26,12.4,0.0,18.9,261,30.6,974.8,156.0,44.6,240.0,13.2,8.2,92.0
2024-06-14 02:00:00,34.3,26,12.2,0.0,17.7,266,30.6,974.8,140.2,42.4,238.0,13.9,7.9,84.0
2024-06-14 03:00:00,34.2,26,12.0,0.0,20.2,270,32.4,975.0,145.8,43.3,241.0,14.9,7.6,74.0
2024-06-14 04:00:00,34.3,26,11.8,0.0,22.0,273,36.4,975.4,168.1,46.3,250.0,16.3,7.5,63.0
2024-06-14 05:00:00,33.5,27,12.2,0.0,20.8,279,36.4,975.9,275.7,59.0,185.0,9.2,6.3,79.0
2024-06-14 06:00:00,34.2,30,14.2,0.0,20.7,287,37.4,976.0,280.3,57.0,208.0,10.1,7.2,82.0
2024-06-14 07:00:00,35.5,30,15.1,0.0,20.6,282,34.9,976.7,268.2,56.9,239.0,11.3,8.3,86.0
2024-06-14 08:00:00,37.0,30,16.5,0.0,25.7,290,45.0,976.9,279.4,51.2,253.0,11.3,9.0,93.0
2024-06-14 09:00:00,38.5,30,18.1,0.0,29.7,287,52.9,977.4,307.3,46.9,235.0,9.1,8.7,107.0
2024-06-14 10:00:00,40.1,28,18.2,0.0,30.2,293,54.4,977.2,392.1,50.4,201.0,5.8,7.9,124.0
2024-06-14 11:00:00,41.0,26,17.8,0.0,28.5,298,54.4,976.7,452.6,54.0,176.0,3.4,7.1,137.0
2024-06-14 12:00:00,42.4,23,16.8,0.0,28.7,309,52.6,976.1,476.8,55.1,169.0,2.6,6.4,141.0
2024-06-14 13:00:00,43.2,19,14.2,0.0,22.4,318,52.9,975.3,476.8,53.7,170.0,2.7,5.8,139.0
2024-06-14 14:00:00,43.2,18,13.5,0.0,19.1,302,42.8,974.8,473.1,52.3,175.0,3.3,5.4,137.0
2024-06-14 15:00:00,43.2,18,13.6,0.0,17.4,292,36.4,974.1,474.0,52.2,179.0,3.9,5.3,136.0
2024-06-14 16:00:00,43.2,17,13.1,0.0,19.5,282,36.0,973.7,476.8,52.6,186.0,5.0,5.4,134.0
2024-06-14 17:00:00,42.6,18,12.9,0.0,22.5,286,38.5,973.3,430.3,48.5,204.0,7.7,5.9,135.0
2024-06-14 18:00:00,39.0,26,16.2,0.0,24.5,253,47.2,974.7,368.8,52.6,253.0,12.9,8.0,122.0
2024-06-14 19:00:00,37.0,31,17.3,0.0,20.7,257,41.4,974.9,330.6,56.2,319.0,20.0,10.8,103.0
2024-06-14 20:00:00,36.3,34,18.0,0.0,21.2,249,36.4,975.3,315.7,58.6,365.0,24.9,12.7,89.0
2024-06-14 21:00:00,35.9,34,17.6,0.0,18.4,253,34.9,975.9,299.0,59.4,370.0,25.4,12.7,83.0
2024-06-14 22:00:00,35.2,35,17.4,0.0,14.5,243,29.9,976.1,270.1,58.4,355.0,23.6,11.6,82.0
2024-06-14 23:00:00,34.5,35,16.9,0.0,14.1,257,23.8,976.1,237.0,56.7,336.0,21.8,10.5,80.0
2024-06-15 00:00:00,33.8,36,16.5,0.0,14.8,266,23.8,976.1,214.7,55.3,319.0,20.8,9.6,75.0
2024-06-15 01:00:00,33.5,36,16.4,0.0,16.6,270,27.0,975.7,208.2,55.5,299.0,19.9,8.6,70.0
2024-06-15 02:00:00,33.5,35,15.8,0.0,16.3,278,27.4,975.6,207.7,55.6,280.0,18.8,7.8,65.0
2024-06-15 03:00:00,33.4,33,14.9,0.0,17.1,277,27.7,975.8,199.8,52.7,260.0,17.4,7.3,60.0
2024-06-15 04:00:00,33.0,32,14.0,0.0,18.7,286,30.2,976.0,203.0,49.7,241.0,15.8,7.1,56.0
2024-06-15 05:00:00,32.6,32,13.9,0.0,19.4,285,31.7,976.4,201.6,44.0,242.0,14.6,7.1,56.0
2024-06-15 06:00:00,33.0,39,17.1,0.0,21.8,278,35.6,977.0,261.7,49.0,245.0,13.5,7.5,67.0
2024-06-15 07:00:00,34.3,37,17.6,0.0,21.8,278,37.1,977.6,292.4,55.3,247.0,11.9,8.0,82.0
2024-06-15 08:00:00,36.0,34,17.8,0.0,24.5,280,43.2,977.8,343.7,56.0,243.0,10.1,8.3,97.0
2024-06-15 09:00:00,38.0,31,17.7,0.0,26.6,286,48.2,977.7,420.0,59.8,224.0,7.8,8.2,112.0
2024-06-15 10:00:00,39.8,27,17.3,0.0,27.2,294,50.0,977.6,523.4,65.7,198.0,5.4,7.9,128.0
2024-06-15 11:00:00,41.3,24,16.8,0.0,26.6,298,50.0,977.1,556.9,66.1,179.0,3.6,7.5,139.0
2024-06-15 12:00:00,42.7,21,15.5,0.0,25.0,300,49.7,976.5,527.1,61.7,175.0,2.9,6.9,143.0
2024-06-15 13:00:00,43.3,18,13.6,0.0,23.1,301,46.8,975.7,475.9,55.6,178.0,3.0,6.2,142.0
2024-06-15 14:00:00,43.7,16,12.4,0.0,21.1,297,43.6,975.0,454.5,52.6,184.0,3.5,5.7,140.0
2024-06-15 15:00:00,43.6,16,12.4,0.0,20.7,293,40.0,974.2,455.4,51.9,186.0,3.9,5.4,139.0
2024-06-15 16:00:00,43.5,16,12.2,0.0,19.9,290,38.5,973.8,455.4,52.0,191.0,4.9,5.4,137.0
2024-06-15 17:00:00,42.8,16,11.8,0.0,20.4,302,36.0,973.4,347.4,43.5,229.0,8.4,6.9,138.0
2024-06-15 18:00:00,41.4,18,12.1,0.0,15.4,307,31.0,973.4,323.2,49.8,272.0,12.9,8.9,125.0
2024-06-15 19:00:00,39.7,20,12.5,0.0,13.9,307,25.9,973.5,315.7,55.2,331.0,19.0,11.6,107.0
2024-06-15 20:00:00,38.6,22,13.1,0.0,13.9,301,22.7,974.1,312.0,57.7,370.0,23.1,13.2,93.0
2024-06-15 21:00:00,37.8,24,13.6,0.0,13.9,301,23.4,975.0,285.0,56.1,371.0,23.1,12.7,88.0
2024-06-15 22:00:00,36.6,26,14.1,0.0,11.3,307,22.3,975.3,236.1,50.9,352.0,21.1,11.0,88.0
2024-06-15 23:00:00,35.6,28,14.4,0.0,10.7,310,18.0,975.5,188.1,44.7,330.0,19.2,9.5,87.0
2024-06-16 00:00:00,34.8,31,15.0,0.0,10.5,308,17.3,975.4,155.1,40.0,307.0,18.0,8.5,84.0
2024-06-16 01:00:00,34.0,33,15.4,0.0,10.6,288,16.6,975.2,138.8,38.3,282.0,17.0,7.8,80.0
2024-06-16 02:00:00,33.3,34,15.3,0.0,14.1,264,22.0,975.3,136.9,38.3,266.0,16.7,7.3,75.0
2024-06-16 03:00:00,33.2,33,14.9,0.0,13.1,278,23.4,975.7,151.3,40.9,266.0,17.9,7.3,65.0
2024-06-16 04:00:00,32.8,34,14.9,0.0,12.8,280,20.9,976.1,170.4,45.1,275.0,19.9,7.6,54.0
2024-06-16 05:00:00,32.5,33,14.2,0.0,13.3,283,20.9,976.6,180.7,48.7,253.0,14.8,10.2,73.0
2024-06-16 06:00:00,33.5,38,17.4,0.0,15.1,273,23.8,977.4,192.8,51.0,282.0,15.7,10.8,76.0
2024-06-16 07:00:00,35.2,34,17.2,0.0,17.3,274,29.9,977.9,204.0,52.7,321.0,16.7,11.6,81.0
2024-06-16 08:00:00,37.3,32,18.0,0.0,21.6,288,38.9,978.1,197.0,46.0,335.0,16.2,11.7,90.0
2024-06-16 09:00:00,39.2,30,18.6,0.0,24.3,299,44.3,978.2,184.9,35.0,302.0,12.5,10.6,108.0
2024-06-16 10:00:00,40.9,28,18.8,0.0,26.1,303,47.9,978.3,233.8,33.5,244.0,7.3,8.8,131.0
2024-06-16 11:00:00,42.5,22,16.6,0.0,25.0,298,48.2,977.7,286.8,35.7,201.0,3.4,7.4,148.0
2024-06-16 12:00:00,43.3,20,15.1,0.0,22.9,294,46.8,977.1,332.5,38.2,189.0,2.2,6.6,153.0
2024-06-16 13:00:00,44.0,18,14.4,0.0,22.7,290,43.6,976.2,374.4,40.7,190.0,2.5,6.2,152.0
2024-06-16 14:00:00,44.2,18,14.2,0.0,22.2,287,43.2,975.2,420.0,43.8,195.0,3.2,5.9,149.0
2024-06-16 15:00:00,44.4,17,13.6,0.0,21.7,282,42.1,974.4,445.2,45.6,192.0,3.5,5.5,147.0
2024-06-16 16:00:00,44.0,17,13.1,0.0,22.5,283,40.3,974.0,449.8,46.6,193.0,4.2,5.3,143.0
2024-06-16 17:00:00,43.3,17,12.9,0.0,21.9,287,40.3,973.7,400.5,44.1,215.0,7.6,6.2,135.0
2024-06-16 18:00:00,42.5,17,12.1,0.0,18.8,296,38.9,973.8,348.3,47.8,275.0,14.2,8.6,119.0
2024-06-16 19:00:00,40.8,18,12.1,0.0,15.6,296,31.7,974.4,311.1,52.2,358.0,23.3,11.9,97.0
2024-06-16 20:00:00,39.5,20,12.2,0.0,14.8,296,25.6,975.0,302.7,55.6,412.0,29.3,14.1,81.0
2024-06-16 21:00:00,38.8,21,12.6,0.0,13.5,312,24.5,975.5,295.2,56.3,412.0,29.2,14.2,77.0
2024-06-16 22:00:00,37.4,23,12.8,0.0,10.0,291,21.2,975.7,257.0,53.0,383.0,26.0,13.2,78.0
2024-06-16 23:00:00,36.1,25,12.9,0.0,12.0,261,19.1,975.9,200.2,47.1,359.0,23.7,12.1,77.0
2024-06-17 00:00:00,35.6,26,13.1,0.0,11.2,276,19.1,975.6,162.5,43.4,352.0,24.1,11.3,71.0
2024-06-17 01:00:00,34.9,27,13.2,0.0,10.5,274,18.0,975.2,149.5,43.4,348.0,25.4,10.5,63.0
2024-06-17 02:00:00,34.3,28,13.2,0.0,11.6,263,18.4,975.1,157.4,45.1,341.0,25.9,9.8,56.0
2024-06-17 03:00:00,34.3,28,13.1,0.0,14.8,264,23.4,975.3,161.1,45.4,325.0,24.8,9.2,50.0
2024-06-17 04:00:00,34.7,29,14.2,0.0,18.8,266,30.2,975.7,152.7,43.7,305.0,23.0,8.6,44.0
2024-06-17 05:00:00,34.2,32,15.1,0.0,18.4,264,30.6,976.3,150.9,45.4,292.0,20.9,10.3,51.0
2024-06-17 06:00:00,34.3,35,16.6,0.0,18.8,277,30.2,977.2,160.2,44.8,300.0,19.3,10.3,60.0
2024-06-17 07:00:00,36.0,33,17.4,0.0,19.2,283,32.8,977.8,173.7,45.9,309.0,17.0,10.4,74.0
2024-06-17 08:00:00,38.2,29,17.2,0.0,22.2,290,38.9,978.1,207.2,43.1,303.0,14.2,10.3,89.0
2024-06-17 09:00:00,39.8,27,17.5,0.0,26.0,294,46.8,978.4,268.2,42.0,267.0,10.5,10.1,107.0
2024-06-17 10:00:00,41.3,25,17.6,0.0,25.9,299,48.2,978.0,359.5,46.7,216.0,6.4,9.7,127.0
2024-06-17 11:00:00,42.8,23,17.4,0.0,25.5,299,48.2,977.8,402.3,47.6,179.0,3.5,9.1,141.0
2024-06-17 12:00:00,43.8,20,16.2,0.0,25.0,293,47.9,977.3,415.4,46.7,170.0,2.5,8.0,145.0
2024-06-17 13:00:00,44.2,19,15.7,0.0,24.7,289,46.4,976.4,421.9,45.9,175.0,2.6,6.7,144.0
2024-06-17 14:00:00,44.4,19,15.6,0.0,26.5,282,48.2,975.4,435.9,45.9,182.0,3.2,5.7,140.0
2024-06-17 15:00:00,44.3,19,15.3,0.0,26.8,282,49.3,974.7,446.1,46.0,182.0,3.8,5.3,136.0
2024-06-17 16:00:00,44.1,19,15.3,0.0,26.1,285,48.2,974.2,442.4,45.8,184.0,4.9,5.2,130.0
2024-06-17 17:00:00,43.5,20,15.2,0.0,23.7,287,46.8,973.6,361.4,39.8,205.0,7.0,5.9,131.0
2024-06-17 18:00:00,43.3,15,10.8,0.0,17.4,304,37.1,973.4,319.4,42.5,241.0,11.5,7.6,117.0
2024-06-17 19:00:00,41.3,16,10.6,0.0,14.5,305,28.8,973.8,286.8,46.0,290.0,17.8,9.9,98.0
2024-06-17 20:00:00,40.2,17,10.4,0.0,14.2,300,23.8,974.5,275.7,49.2,326.0,22.4,11.5,82.0
2024-06-17 21:00:00,39.2,18,10.2,0.0,12.2,298,22.7,975.0,264.5,51.2,339.0,24.0,11.6,73.0
2024-06-17 22:00:00,37.9,19,10.4,0.0,10.0,283,19.4,975.5,241.2,51.5,339.0,24.1,10.9,68.0
2024-06-17 23:00:00,36.6,21,10.8,0.0,9.0,270,15.5,975.4,212.3,49.9,331.0,23.5,10.1,63.0
2024-06-18 00:00:00,35.8,23,11.1,0.0,10.1,272,15.5,974.8,192.3,48.4,315.0,22.4,9.3,58.0
2024-06-18 01:00:00,35.1,24,11.6,0.0,10.1,270,15.8,974.5,189.5,48.8,291.0,20.7,8.4,53.0
2024-06-18 02:00:00,34.8,26,12.3,0.0,12.6,267,19.8,974.3,194.2,49.7,266.0,18.6,7.6,51.0
2024-06-18 03:00:00,35.0,26,12.7,0.0,15.5,273,24.5,974.2,197.9,50.4,239.0,16.1,7.1,52.0
2024-06-18 04:00:00,34.8,28,13.5,0.0,16.9,270,27.4,974.6,211.9,50.8,211.0,13.2,6.7,55.0
2024-06-18 05:00:00,34.5,30,14.4,0.0,17.7,275,28.8,975.0,188.1,52.6,285.0,23.8,11.1,42.0
2024-06-18 06:00:00,35.3,34,17.1,0.0,17.7,274,28.1,975.9,184.4,50.9,302.0,22.2,12.0,54.0
2024-06-18 07:00:00,37.0,32,17.5,0.0,20.2,272,33.8,976.1,174.2,50.2,322.0,19.9,13.3,71.0
2024-06-18 08:00:00,38.5,32,18.8,0.0,26.4,287,46.4,976.5,172.3,43.7,324.0,16.8,13.6,88.0
2024-06-18 09:00:00,39.8,32,19.9,0.0,28.8,298,52.2,976.5,201.2,38.2,287.0,12.3,12.3,106.0
2024-06-18 10:00:00,41.2,30,20.0,0.0,29.9,297,54.4,976.3,264.5,35.4,232.0,7.1,10.1,125.0
2024-06-18 11:00:00,42.4,27,19.5,0.0,28.9,293,55.1,975.8,351.1,40.9,189.0,3.4,8.1,136.0
2024-06-18 12:00:00,43.4,24,18.8,0.0,28.0,288,53.6,974.8,459.1,48.8,173.0,2.3,6.8,135.0
2024-06-18 13:00:00,43.9,23,18.2,0.0,27.3,283,51.5,973.8,525.3,54.0,171.0,2.6,5.7,128.0
2024-06-18 14:00:00,44.2,21,16.8,0.0,25.5,283,50.4,972.9,542.0,56.0,173.0,3.3,5.0,120.0
2024-06-18 15:00:00,44.1,20,15.9,0.0,24.2,281,46.8,971.9,516.0,54.4,172.0,3.6,4.5,116.0
2024-06-18 16:00:00,44.2,19,15.1,0.0,25.0,282,43.9,970.8,468.5,50.8,176.0,4.2,4.3,113.0
2024-06-18 17:00:00,43.4,18,14.4,0.0,24.4,292,44.3,970.4,430.3,49.7,200.0,7.4,5.5,115.0
2024-06-18 18:00:00,42.3,11,5.9,0.0,17.0,283,37.8,971.2,357.6,50.6,274.0,15.6,8.4,99.0
2024-06-18 19:00:00,39.7,13,6.2,0.0,12.0,277,28.1,971.6,295.2,52.6,376.0,26.9,12.4,77.0
2024-06-18 20:00:00,38.0,15,7.1,0.0,11.0,281,18.7,971.8,273.8,56.0,457.0,35.6,15.4,59.0
2024-06-18 21:00:00,37.2,17,8.4,0.0,10.0,283,17.3,972.5,278.5,59.1,498.0,39.3,16.5,50.0
2024-06-18 22:00:00,36.5,19,9.1,0.0,12.3,255,18.7,973.0,272.9,60.5,516.0,40.3,16.5,44.0
2024-06-18 23:00:00,36.5,22,11.1,0.0,15.9,265,24.8,973.0,249.6,59.4,518.0,40.3,15.9,40.0
2024-06-19 00:00:00,36.4,24,12.4,0.0,17.7,264,29.2,972.6,230.0,57.5,501.0,39.7,14.6,35.0
2024-06-19 01:00:00,36.0,27,14.2,0.0,16.1,260,28.8,972.2,215.6,56.5,466.0,37.9,12.8,30.0
2024-06-19 02:00:00,35.5,31,15.9,0.0,15.8,258,26.3,972.1,200.2,54.5,423.0,35.0,11.2,28.0
2024-06-19 03:00:00,35.3,34,17.2,0.0,18.6,261,29.9,972.3,185.8,51.8,369.0,30.2,10.2,29.0
2024-06-19 04:00:00,35.2,39,19.0,0.0,20.9,267,34.2,972.6,182.1,48.5,306.0,24.3,9.4,32.0
2024-06-19 05:00:00,34.7,42,20.1,0.0,22.3,272,36.4,973.2,366.0,63.8,156.0,7.1,6.1,64.0
2024-06-19 06:00:00,34.0,47,21.0,0.0,20.0,214,35.6,973.8,295.2,61.5,185.0,8.8,7.1,64.0
2024-06-19 07:00:00,33.0,51,21.6,0.0,22.4,210,44.3,973.9,244.0,54.7,225.0,11.0,8.4,65.0
2024-06-19 08:00:00,37.2,39,21.0,0.0,26.0,265,43.9,973.9,240.3,50.8,250.0,11.8,9.5,73.0
2024-06-19 09:00:00,37.4,39,21.0,0.0,33.5,268,59.8,974.4,326.0,57.3,246.0,9.7,10.0,94.0
2024-06-19 10:00:00,38.2,37,20.9,0.0,27.4,270,59.4,974.1,453.6,70.3,229.0,6.2,10.3,122.0
2024-06-19 11:00:00,40.3,32,20.4,0.0,28.8,271,53.6,973.5,426.5,66.6,215.0,3.6,10.2,144.0
2024-06-19 12:00:00,40.1,33,20.8,0.8,25.6,281,52.6,972.8,391.2,61.7,213.0,2.8,9.7,153.0
2024-06-19 13:00:00,40.5,30,19.9,0.0,21.5,261,47.9,972.5,366.9,57.2,215.0,2.9,8.8,156.0
2024-06-19 14:00:00,39.8,29,18.3,0.0,19.4,280,45.0,972.2,340.9,52.4,219.0,3.5,8.1,156.0
2024-06-19 15:00:00,41.5,27,19.0,0.0,20.7,283,38.9,971.4,329.7,49.7,216.0,3.8,7.4,154.0
2024-06-19 16:00:00,40.5,28,18.8,0.0,16.0,306,40.0,970.9,319.4,48.1,216.0,4.6,6.9,149.0
2024-06-19 17:00:00,40.5,27,18.1,0.0,18.4,293,32.0,970.5,456.3,61.5,179.0,6.9,4.9,105.0
2024-06-19 18:00:00,38.0,30,17.5,0.0,16.2,37,49.0,970.7,405.1,64.7,245.0,14.9,7.6,91.0
2024-06-19 19:00:00,33.2,49,20.9,0.0,17.8,135,32.8,971.1,366.0,68.0,339.0,26.0,11.4,71.0
2024-06-19 20:00:00,34.3,39,18.5,0.0,16.6,167,29.2,971.2,328.8,73.1,431.0,34.8,15.0,55.0
2024-06-19 21:00:00,34.3,39,18.5,0.0,6.1,208,26.6,971.7,326.9,77.5,512.0,38.5,18.0,49.0
2024-06-19 22:00:00,33.8,41,18.6,0.0,4.0,333,7.9,972.8,320.4,80.1,592.0,39.9,20.8,47.0
2024-06-19 23:00:00,33.5,40,18.1,0.0,5.8,300,7.9,973.0,303.6,78.9,668.0,42.4,23.2,42.0
2024-06-20 00:00:00,33.8,38,17.5,0.0,7.4,256,11.5,972.6,319.4,78.0,756.0,48.4,25.5,31.0
2024-06-20 01:00:00,33.0,39,17.0,0.0,6.0,245,11.5,972.0,324.1,79.6,840.0,55.4,27.4,17.0
2024-06-20 02:00:00,32.3,40,17.0,0.0,6.3,246,8.6,971.8,296.2,78.9,875.0,59.7,28.2,8.0
2024-06-20 03:00:00,32.4,39,16.6,0.0,6.8,245,9.7,972.0,289.6,76.6,832.0,60.1,27.8,4.0
2024-06-20 04:00:00,33.0,36,16.0,0.0,11.0,251,16.2,972.4,263.6,69.8,739.0,57.8,26.3,3.0
2024-06-20 05:00:00,33.5,37,16.8,0.0,13.4,262,20.9,972.7,280.3,67.8,308.0,25.5,16.4,50.0
2024-06-20 06:00:00,26.6,72,21.1,0.7,7.3,9,41.4,975.2,261.7,67.1,299.0,22.6,17.9,64.0
2024-06-20 07:00:00,26.1,82,22.9,0.9,7.7,332,19.4,976.1,244.0,63.6,286.0,18.4,20.0,84.0
2024-06-20 08:00:00,26.8,85,24.1,1.1,9.4,23,19.1,977.6,182.5,54.0,274.0,14.8,21.6,104.0
2024-06-20 09:00:00,28.6,72,23.0,0.0,11.2,96,21.6,977.5,170.0,50.9,265.0,12.3,22.2,122.0
2024-06-20 10:00:00,30.9,59,22.0,0.0,10.2,132,24.1,977.9,176.0,52.7,258.0,10.2,22.4,140.0
2024-06-20 11:00:00,32.0,55,21.8,0.4,14.0,108,34.6,977.8,171.8,50.5,253.0,8.7,22.5,155.0
2024-06-20 12:00:00,34.6,47,21.5,0.0,7.1,139,30.2,976.9,124.8,46.4,250.0,7.5,22.7,168.0
2024-06-20 13:00:00,36.4,42,21.2,0.0,2.5,135,20.5,975.5,128.1,43.4,250.0,6.8,23.0,178.0
2024-06-20 14:00:00,37.7,38,21.0,0.0,2.7,203,15.5,974.2,160.7,46.3,255.0,6.9,23.4,187.0
2024-06-20 15:00:00,38.5,36,20.6,0.0,0.7,360,15.1,973.2,200.2,50.3,247.0,6.5,23.9,198.0
2024-06-20 16:00:00,38.5,35,20.5,0.0,3.3,354,13.3,972.6,242.1,54.6,245.0,6.9,24.7,207.0
2024-06-20 17:00:00,38.6,35,20.3,0.0,4.4,351,13.0,972.5,239.3,47.5,251.0,9.7,16.0,165.0
2024-06-20 18:00:00,36.4,38,19.6,0.0,6.5,6,14.0,972.8,246.8,51.5,338.0,19.0,18.5,140.0
2024-06-20 19:00:00,35.8,38,19.5,0.0,4.7,356,14.0,973.5,213.7,56.6,463.0,32.2,22.0,104.0
2024-06-20 20:00:00,35.4,39,19.4,0.0,5.7,18,9.4,974.1,228.6,63.6,595.0,44.6,25.6,73.0
2024-06-20 21:00:00,34.8,40,19.4,0.0,5.4,82,9.4,974.5,244.9,71.7,755.0,56.3,29.6,51.0
2024-06-20 22:00:00,34.2,42,19.5,0.0,3.8,107,9.4,975.3,258.0,79.2,923.0,67.2,33.6,33.0
2024-06-20 23:00:00,33.8,43,19.3,0.0,6.4,47,10.1,975.9,231.0,78.0,1004.0,72.2,35.2,21.0
2024-06-21 00:00:00,33.0,44,19.2,0.0,7.9,43,13.0,976.1,204.0,71.2,927.0,67.0,32.4,19.0
2024-06-21 01:00:00,32.7,45,19.0,0.0,11.1,54,18.7,975.9,185.8,66.1,764.0,55.9,27.1,22.0
2024-06-21 02:00:00,32.2,46,19.1,0.0,8.8,109,18.4,975.7,167.2,61.9,633.0,46.9,22.8,25.0
2024-06-21 03:00:00,31.4,56,21.6,0.0,10.5,184,17.3,975.7,151.8,58.4,586.0,43.5,20.3,20.0
2024-06-21 04:00:00,29.0,67,22.4,1.9,23.0,253,32.8,977.0,137.8,56.0,571.0,42.2,18.8,14.0
2024-06-21 05:00:00,25.0,83,22.0,0.7,24.1,357,50.4,977.5,338.1,68.2,306.0,20.8,16.7,56.0
2024-06-21 06:00:00,26.0,82,22.8,5.3,14.1,357,23.0,976.7,386.5,81.0,318.0,20.7,20.1,63.0
2024-06-21 07:00:00,27.2,79,23.3,0.1,5.0,90,26.6,976.9,368.8,76.6,335.0,20.5,24.9,74.0
2024-06-21 08:00:00,29.3,71,23.5,0.0,10.6,125,23.4,978.0,369.7,73.8,343.0,19.2,28.5,92.0
2024-06-21 09:00:00,31.5,60,22.8,0.0,11.0,113,25.6,978.7,366.0,70.3,334.0,16.0,30.1,122.0
2024-06-21 10:00:00,33.4,51,21.8,0.0,9.7,158,25.2,978.6,334.3,67.5,316.0,11.8,30.7,158.0
2024-06-21 11:00:00,34.0,48,21.4,0.0,7.1,210,24.1,978.2,314.8,68.7,303.0,8.5,30.5,190.0
2024-06-21 12:00:00,34.3,47,21.2,0.0,6.2,234,19.4,977.8,299.0,70.1,300.0,6.6,29.4,215.0
2024-06-21 13:00:00,35.8,43,21.4,0.0,5.2,286,18.4,977.0,271.9,68.7,302.0,5.7,27.7,234.0
2024-06-21 14:00:00,36.8,41,21.4,0.0,7.8,326,20.9,976.0,241.2,66.1,307.0,5.6,26.3,247.0
2024-06-21 15:00:00,37.2,39,20.9,0.0,9.3,332,22.7,974.8,223.5,64.7,308.0,6.2,25.6,252.0
2024-06-21 16:00:00,37.4,38,20.7,0.0,6.9,317,22.3,974.2,216.5,64.5,311.0,7.8,25.3,250.0
2024-06-21 17:00:00,37.2,38,20.5,0.0,8.9,320,18.0,973.6,187.7,74.3,356.0,13.0,20.6,165.0
2024-06-21 18:00:00,34.1,49,21.9,0.0,9.9,350,22.3,974.7,190.9,74.0,374.0,15.3,22.0,154.0
2024-06-21 19:00:00,33.5,51,21.9,0.0,9.0,307,19.4,975.4,191.9,74.3,407.0,19.1,24.1,138.0
2024-06-21 20:00:00,32.7,54,22.2,0.0,11.4,288,19.4,976.1,190.9,77.5,487.0,26.9,27.6,118.0
2024-06-21 21:00:00,31.9,57,22.2,0.0,10.0,291,19.4,976.8,200.7,86.1,656.0,42.3,33.6,89.0
2024-06-21 22:00:00,31.4,59,22.4,0.0,8.2,293,16.9,977.2,210.5,94.5,873.0,61.8,41.0,56.0
2024-06-21 23:00:00,31.0,60,22.4,0.0,8.1,315,13.0,977.0,214.7,98.5,1042.0,77.1,46.4,30.0
2024-06-22 00:00:00,31.1,59,22.1,0.0,8.1,328,14.4,976.6,222.6,102.0,1128.0,85.4,48.7,17.0
2024-06-22 01:00:00,30.8,59,22.0,0.0,8.1,347,13.7,976.3,225.8,104.1,1167.0,89.6,49.0,11.0
2024-06-22 02:00:00,30.6,60,22.0,0.0,6.9,6,14.0,976.1,224.9,104.3,1175.0,90.3,47.9,8.0
2024-06-22 03:00:00,30.5,61,22.0,0.0,7.0,21,11.9,976.0,222.6,103.1,1159.0,87.4,44.0,2.0
2024-06-22 04:00:00,30.5,61,22.1,0.0,6.5,19,11.9,976.2,218.4,100.8,1113.0,81.1,38.6,0.0
2024-06-22 05:00:00,30.4,61,22.1,0.0,5.8,356,11.2,976.4,172.3,78.5,562.0,23.3,21.8,60.0
2024-06-22 06:00:00,30.1,65,22.9,0.0,9.7,318,17.6,976.8,185.8,79.4,563.0,22.9,25.1,78.0
2024-06-22 07:00:00,31.4,60,22.7,0.0,9.8,354,20.5,977.6,194.6,79.9,562.0,22.2,29.6,105.0
2024-06-22 08:00:00,32.8,56,22.9,0.0,9.8,36,22.3,977.7,202.6,78.2,546.0,20.3,32.8,134.0
2024-06-22 09:00:00,33.4,55,23.0,0.0,8.4,59,22.3,977.9,213.3,71.9,501.0,16.1,33.5,166.0
2024-06-22 10:00:00,35.8,46,22.5,0.0,7.9,74,23.0,977.8,215.6,68.2,440.0,10.8,32.8,201.0
2024-06-22 11:00:00,37.2,41,21.9,0.0,6.8,65,22.3,977.4,210.0,67.1,395.0,6.9,32.1,230.0
2024-06-22 12:00:00,38.8,36,21.0,0.0,5.9,79,22.0,976.9,205.8,68.0,379.0,5.5,31.5,250.0
2024-06-22 13:00:00,38.0,37,20.9,0.0,6.6,99,20.9,976.2,205.4,68.7,379.0,5.6,30.9,265.0
2024-06-22 14:00:00,38.0,37,20.9,0.0,7.2,93,19.1,975.2,205.4,70.3,382.0,6.3,30.5,274.0
2024-06-22 15:00:00,37.8,38,21.0,0.0,7.6,82,19.8,974.4,208.6,69.8,369.0,6.1,30.5,284.0
2024-06-22 16:00:00,38.5,36,20.6,0.0,6.0,57,20.5,974.0,217.5,69.4,359.0,6.6,30.9,289.0
2024-06-22 17:00:00,38.2,36,20.5,0.0,10.3,54,21.2,973.9,204.0,71.2,390.0,12.9,26.7,205.0
2024-06-22 18:00:00,34.9,47,21.9,0.0,4.2,121,20.5,975.3,193.7,71.5,445.0,19.2,29.1,181.0
2024-06-22 19:00:00,34.2,50,22.2,0.0,7.4,119,13.3,976.1,172.8,71.9,521.0,27.9,32.3,148.0
2024-06-22 20:00:00,33.7,52,22.6,0.0,6.9,118,13.7,976.4,164.4,75.9,581.0,34.6,34.5,119.0
2024-06-22 21:00:00,33.3,54,22.7,0.0,4.3,85,11.5,977.2,161.1,76.6,613.0,37.8,35.2,97.0
2024-06-22 22:00:00,32.9,55,22.8,0.0,8.0,82,12.2,977.7,160.2,76.8,629.0,39.0,34.8,79.0
2024-06-22 23:00:00,32.5,59,23.3,0.0,10.5,94,16.9,977.7,159.3,76.6,627.0,38.5,33.4,66.0
2024-06-23 00:00:00,32.0,62,23.7,0.0,9.2,101,16.9,977.6,154.1,75.0,604.0,35.8,30.3,60.0
2024-06-23 01:00:00,31.6,64,24.0,0.0,8.9,111,15.1,977.5,147.6,73.8,563.0,31.3,26.1,58.0
2024-06-23 02:00:00,31.3,65,24.0,0.0,7.6,115,14.4,977.2,139.2,72.6,512.0,26.4,22.3,62.0
2024-06-23 03:00:00,31.0,66,23.8,0.0,6.4,117,12.2,976.8,130.9,67.8,441.0,20.6,19.0,72.0
2024-06-23 04:00:00,30.6,66,23.5,0.0,4.7,99,10.1,976.9,112.7,57.9,360.0,14.5,16.1,86.0
2024-06-23 05:00:00,30.3,67,23.5,0.0,8.7,85,13.3,977.6,102.2,52.5,300.0,10.7,16.4,105.0
2024-06-23 06:00:00,30.9,68,24.1,0.0,9.8,82,16.9,978.9,100.8,52.3,329.0,13.0,19.6,110.0
2024-06-23 07:00:00,30.9,67,24.0,0.0,16.2,90,32.4,979.9,104.8,54.2,369.0,16.0,23.9,119.0
2024-06-23 08:00:00,31.7,64,24.0,0.0,15.1,87,34.6,979.6,115.7,56.8,394.0,17.2,27.2,133.0
2024-06-23 09:00:00,34.0,55,23.8,0.0,16.4,105,32.8,979.8,135.0,58.6,391.0,15.0,28.6,158.0
2024-06-23 10:00:00,34.5,54,23.7,0.3,10.6,108,34.2,979.4,146.2,62.2,373.0,11.0,29.0,190.0
2024-06-23 11:00:00,36.2,48,23.5,0.0,11.5,92,28.4,979.2,147.6,60.1,356.0,7.8,28.4,213.0
2024-06-23 12:00:00,37.6,43,23.0,0.0,9.8,84,28.1,978.2,143.0,56.9,344.0,6.2,26.1,222.0
2024-06-23 13:00:00,38.8,39,22.5,0.0,9.2,79,26.3,977.2,142.0,56.1,332.0,5.5,22.8,224.0
2024-06-23 14:00:00,39.2,37,22.0,0.0,8.5,78,25.2,975.7,144.8,57.4,327.0,5.5,20.6,224.0
2024-06-23 15:00:00,39.2,37,21.6,0.0,7.0,78,23.4,974.8,146.2,58.1,322.0,5.8,20.1,227.0
2024-06-23 16:00:00,38.2,38,21.4,0.0,7.4,39,20.5,974.4,146.2,58.2,324.0,6.9,20.7,228.0
2024-06-23 17:00:00,37.5,39,21.0,0.0,9.2,31,21.2,974.1,153.2,73.3,359.0,11.3,22.5,216.0
2024-06-23 18:00:00,36.7,41,21.2,0.0,9.1,99,23.0,974.5,148.1,72.6,504.0,25.4,26.3,181.0
2024-06-23 19:00:00,35.8,43,21.4,0.0,7.3,110,18.4,975.2,149.0,81.0,705.0,44.8,31.6,132.0
2024-06-23 20:00:00,35.2,46,21.8,0.0,9.2,111,15.1,975.7,159.7,90.3,859.0,58.9,35.8,93.0
2024-06-23 21:00:00,34.5,49,22.1,0.0,10.1,96,16.9,976.2,167.2,96.2,932.0,63.6,38.3,72.0
2024-06-23 22:00:00,33.9,52,22.5,0.0,10.2,100,17.6,976.6,166.7,97.1,959.0,63.1,39.6,60.0
2024-06-23 23:00:00,33.2,55,23.0,0.0,11.9,115,19.4,976.9,162.1,95.5,940.0,59.1,39.0,54.0
2024-06-24 00:00:00,32.7,57,23.1,0.0,11.0,113,19.8,976.7,155.1,92.0,855.0,50.7,35.0,55.0
2024-06-24 01:00:00,32.1,59,23.2,0.0,9.2,111,18.0,976.3,146.7,86.8,723.0,38.8,29.1,63.0
2024-06-24 02:00:00,31.6,61,23.2,0.0,6.6,112,15.1,975.8,138.3,80.8,607.0,28.7,24.1,72.0
2024-06-24 03:00:00,31.2,63,23.2,0.0,4.8,117,10.4,975.5,130.4,75.7,522.0,22.0,21.0,81.0
2024-06-24 04:00:00,30.9,64,23.3,0.0,4.8,103,8.3,975.7,129.0,72.9,453.0,17.1,18.9,91.0
2024-06-24 05:00:00,30.5,66,23.4,0.0,5.4,94,8.3,976.0,126.2,74.0,480.0,20.9,20.5,80.0
2024-06-24 06:00:00,32.3,62,24.1,0.0,4.5,61,10.1,977.0,125.7,74.0,482.0,20.4,22.9,95.0
2024-06-24 07:00:00,33.7,57,24.1,0.0,6.2,69,15.8,977.8,137.8,77.3,485.0,19.7,26.2,116.0
2024-06-24 08:00:00,31.7,65,24.2,0.9,17.3,102,34.2,978.3,147.1,79.4,479.0,18.7,28.8,136.0
2024-06-24 09:00:00,32.3,61,23.9,0.0,6.0,115,33.8,977.8,156.0,80.3,458.0,17.4,30.2,151.0
2024-06-24 10:00:00,33.0,59,23.9,0.0,7.6,121,18.7,978.0,159.7,79.6,430.0,15.8,31.0,164.0
2024-06-24 11:00:00,34.8,53,23.9,0.0,5.2,102,20.2,977.8,161.6,78.9,408.0,14.4,31.3,176.0
2024-06-24 12:00:00,37.5,44,23.1,0.0,5.0,90,20.2,976.8,160.7,78.2,399.0,13.1,31.0,187.0
2024-06-24 13:00:00,38.5,39,22.1,0.0,5.4,94,20.5,975.8,157.4,76.6,397.0,11.9,30.2,197.0
2024-06-24 14:00:00,39.2,37,21.9,0.0,4.0,95,20.5,974.7,155.1,76.4,398.0,11.3,29.7,205.0
2024-06-24 15:00:00,39.6,36,21.5,0.0,4.4,81,17.6,973.5,155.1,76.8,385.0,9.9,29.5,217.0
2024-06-24 16:00:00,39.7,35,21.4,0.0,8.4,65,20.5,973.1,154.1,76.8,376.0,9.1,29.5,228.0
2024-06-24 17:00:00,36.8,42,21.6,0.0,9.4,94,25.6,973.4,145.8,71.5,362.0,11.0,19.8,178.0
2024-06-24 18:00:00,33.4,56,23.4,0.0,14.1,87,29.9,974.8,128.1,66.8,442.0,19.3,22.2,154.0
2024-06-24 19:00:00,32.7,59,23.6,0.0,12.3,83,26.6,974.7,123.9,69.4,552.0,30.8,25.5,122.0
2024-06-24 20:00:00,32.3,61,23.8,0.0,10.4,110,22.0,975.1,126.2,72.9,635.0,38.9,27.9,95.0
2024-06-24 21:00:00,32.0,62,23.9,0.0,7.0,111,18.7,975.5,124.8,73.1,669.0,41.0,28.6,80.0
2024-06-24 22:00:00,31.8,64,24.0,0.0,5.4,98,12.6,975.7,122.5,72.9,676.0,39.8,28.3,72.0
2024-06-24 23:00:00,31.5,65,24.2,0.0,7.2,96,13.0,975.9,119.7,71.7,663.0,37.3,27.3,67.0
2024-06-25 00:00:00,31.0,68,24.5,0.0,8.3,92,14.4,975.6,114.1,69.4,623.0,33.1,24.9,66.0
2024-06-25 01:00:00,30.7,71,24.8,0.0,8.7,95,15.1,975.3,109.4,67.1,564.0,27.5,21.8,69.0
2024-06-25 02:00:00,30.3,73,24.9,0.0,7.2,84,14.8,974.7,104.3,65.2,518.0,23.3,19.6,71.0
2024-06-25 03:00:00,30.0,75,25.0,0.0,8.0,98,13.7,974.7,99.9,64.0,498.0,22.0,18.9,67.0
2024-06-25 04:00:00,29.8,76,25.1,0.0,7.7,101,14.0,974.9,97.6,63.1,490.0,22.1,19.1,61.0
2024-06-25 05:00:00,29.6,78,25.3,0.0,7.7,118,13.3,975.7,96.4,63.1,525.0,27.0,19.7,49.0
2024-06-25 06:00:00,30.1,79,26.0,0.0,2.9,120,9.0,976.7,100.4,65.2,524.0,26.4,25.5,74.0
2024-06-25 07:00:00,31.4,73,25.9,0.0,2.6,106,11.9,976.6,107.6,69.4,522.0,25.3,33.3,110.0
2024-06-25 08:00:00,32.2,69,25.9,0.3,1.1,162,11.5,976.4,117.3,73.1,507.0,23.0,37.9,143.0
2024-06-25 09:00:00,34.0,61,25.5,0.2,7.6,71,20.2,977.1,134.6,77.8,468.0,18.3,36.3,172.0
2024-06-25 10:00:00,31.9,69,25.5,2.3,14.5,96,30.2,976.8,137.4,76.6,418.0,12.3,31.6,198.0
2024-06-25 11:00:00,33.6,60,24.9,0.0,5.6,130,30.2,976.0,124.8,69.6,380.0,7.9,27.2,218.0
2024-06-25 12:00:00,34.0,58,24.5,0.0,5.0,120,16.9,975.7,119.2,66.4,365.0,6.3,24.1,228.0
2024-06-25 13:00:00,35.5,53,24.4,0.0,5.2,124,17.6,974.7,123.4,68.5,364.0,6.3,21.4,231.0
2024-06-25 14:00:00,37.0,48,24.2,0.0,6.1,130,20.2,973.9,122.9,68.7,368.0,7.1,20.0,233.0
2024-06-25 15:00:00,37.3,47,24.0,0.0,5.4,138,19.8,973.1,124.8,69.2,355.0,6.3,19.9,241.0
2024-06-25 16:00:00,37.3,46,23.9,0.0,5.9,128,18.4,972.4,125.7,69.4,348.0,6.3,21.0,248.0
2024-06-25 17:00:00,35.8,51,24.0,0.1,9.7,105,20.5,972.5,114.1,63.8,452.0,20.1,33.5,180.0
2024-06-25 18:00:00,36.6,46,23.0,0.1,10.7,110,22.3,973.0,101.7,59.1,513.0,26.8,34.2,154.0
2024-06-25 19:00:00,35.3,51,23.8,0.0,12.6,114,22.7,973.6,97.6,59.4,597.0,36.1,35.2,119.0
2024-06-25 20:00:00,34.8,55,24.5,0.0,12.6,121,22.3,974.1,98.3,62.2,659.0,42.5,35.7,90.0
2024-06-25 21:00:00,34.2,58,24.6,0.0,9.2,138,22.0,974.6,98.3,62.9,678.0,43.5,35.4,76.0
2024-06-25 22:00:00,33.6,59,24.6,0.0,9.2,154,15.5,975.0,97.8,62.6,674.0,41.7,34.7,70.0
2024-06-25 23:00:00,33.0,62,24.7,0.0,9.8,156,16.6,975.3,95.5,62.2,664.0,39.6,33.4,64.0
2024-06-26 00:00:00,32.4,64,24.8,0.0,6.5,146,16.2,975.0,93.8,61.9,654.0,38.3,31.4,57.0
2024-06-26 01:00:00,32.0,66,24.9,0.0,5.5,148,10.1,974.2,93.6,62.4,636.0,36.8,29.0,51.0
2024-06-26 02:00:00,30.9,72,25.3,1.1,6.0,155,9.7,974.2,94.5,63.3,609.0,34.5,26.6,48.0
2024-06-26 03:00:00,28.5,83,25.3,6.8,1.3,56,11.2,975.0,94.1,63.3,565.0,30.7,24.4,48.0
2024-06-26 04:00:00,28.5,84,25.5,0.1,4.5,76,9.0,974.2,91.5,61.5,510.0,26.1,22.2,52.0
2024-06-26 05:00:00,26.5,93,25.2,7.4,16.3,135,30.2,976.2,99.2,67.8,609.0,33.9,23.8,34.0
2024-06-26 06:00:00,29.1,90,27.4,2.4,4.5,331,9.0,975.2,97.8,65.9,588.0,32.7,25.0,43.0
2024-06-26 07:00:00,28.5,87,26.1,0.9,17.1,35,30.2,976.4,96.4,64.3,559.0,31.0,26.7,56.0
2024-06-26 08:00:00,28.8,84,25.8,0.8,15.3,63,30.6,977.2,101.5,67.5,536.0,29.2,28.7,70.0
2024-06-26 09:00:00,28.9,83,25.8,0.8,10.5,94,28.4,977.1,107.6,72.2,528.0,27.8,31.6,85.0
2024-06-26 10:00:00,29.0,83,25.9,0.5,12.1,107,25.6,977.2,107.3,72.9,525.0,26.4,34.9,101.0
2024-06-26 11:00:00,30.5,76,25.7,0.1,10.9,98,24.1,977.0,113.6,76.6,511.0,23.9,36.5,120.0
2024-06-26 12:00:00,32.3,68,25.6,0.0,13.0,88,27.7,975.9,123.9,82.7,470.0,19.1,35.1,148.0
2024-06-26 13:00:00,33.2,63,25.2,0.0,14.1,87,29.5,975.1,121.5,78.9,416.0,13.3,32.1,179.0
2024-06-26 14:00:00,33.9,60,25.0,0.0,13.7,92,28.8,974.5,119.0,74.7,379.0,9.6,29.3,199.0
2024-06-26 15:00:00,33.7,62,25.3,0.0,11.6,97,27.7,974.0,115.5,71.5,362.0,8.8,27.1,202.0
2024-06-26 16:00:00,34.1,59,25.0,0.0,9.3,103,23.0,973.3,112.2,69.4,360.0,10.1,25.2,194.0
2024-06-26 17:00:00,34.0,59,24.9,0.0,8.1,111,19.8,972.9,142.0,87.5,398.0,14.2,25.8,192.0
2024-06-26 18:00:00,32.7,63,24.9,0.0,16.1,117,31.7,974.6,139.7,88.0,481.0,22.3,27.1,164.0
2024-06-26 19:00:00,32.0,65,24.7,0.0,11.8,117,28.1,975.6,136.9,87.8,593.0,33.2,28.7,126.0
2024-06-26 20:00:00,31.6,67,24.7,0.0,7.6,109,19.4,976.4,134.6,87.3,663.0,39.7,29.3,97.0
2024-06-26 21:00:00,31.3,69,24.9,0.0,9.3,106,15.1,977.2,132.2,85.4,656.0,37.8,28.0,87.0
2024-06-26 22:00:00,30.9,71,25.1,0.0,11.1,103,18.4,977.6,134.1,83.8,607.0,31.5,25.6,87.0
2024-06-26 23:00:00,30.5,74,25.3,0.0,10.8,88,18.4,978.2,140.2,82.7,550.0,25.5,23.1,88.0
2024-06-27 00:00:00,30.0,76,25.4,0.0,12.2,88,20.2,977.5,141.6,80.3,489.0,20.8,20.4,89.0
2024-06-27 01:00:00,29.1,80,25.3,0.0,15.4,79,25.6,976.9,129.0,72.6,420.0,16.5,17.5,91.0
2024-06-27 02:00:00,26.8,91,25.2,5.5,18.0,78,34.9,977.7,109.7,65.0,370.0,13.6,15.7,91.0
2024-06-27 03:00:00,26.5,93,25.4,0.3,16.2,89,30.2,977.3,105.0,63.3,351.0,12.9,15.6,87.0
2024-06-27 04:00:00,25.9,95,25.0,4.1,15.6,113,29.2,978.2,97.8,59.8,351.0,13.8,16.5,81.0
2024-06-27 05:00:00,25.9,95,25.0,0.3,14.2,111,26.3,978.6,39.9,26.3,280.0,9.9,12.8,97.0
2024-06-27 06:00:00,26.9,91,25.3,0.1,13.5,106,27.7,978.9,24.4,16.4,304.0,12.7,14.5,90.0
2024-06-27 07:00:00,27.0,88,24.9,0.2,15.5,94,28.8,979.7,16.9,11.6,336.0,16.6,16.7,82.0
2024-06-27 08:00:00,26.9,88,24.8,0.2,16.2,127,30.6,979.7,14.3,10.0,354.0,18.7,18.5,79.0
2024-06-27 09:00:00,27.5,90,25.8,0.9,11.8,121,28.8,979.2,16.6,11.6,345.0,17.5,19.2,86.0
2024-06-27 10:00:00,27.8,90,26.0,1.2,13.2,116,24.1,979.5,15.5,10.8,322.0,14.6,19.3,98.0
2024-06-27 11:00:00,29.0,84,26.0,0.7,13.1,122,27.7,979.9,15.3,10.7,306.0,12.2,19.5,112.0
2024-06-27 12:00:00,30.4,74,25.2,0.4,14.7,118,28.8,979.4,20.7,14.5,305.0,10.7,19.9,128.0
2024-06-27 13:00:00,29.4,80,25.5,0.5,14.2,126,29.5,978.5,27.0,18.9,310.0,9.6,20.3,145.0
2024-06-27 14:00:00,29.2,83,26.1,0.6,13.3,131,25.2,977.5,31.0,21.7,319.0,9.8,20.8,155.0
2024-06-27 15:00:00,28.9,84,26.0,0.3,14.2,114,26.3,976.9,33.6,23.6,310.0,10.2,21.0,155.0
2024-06-27 16:00:00,28.8,84,25.9,0.1,9.4,90,26.3,976.1,35.7,25.1,304.0,11.9,21.3,148.0
2024-06-27 17:00:00,29.5,79,25.5,0.0,10.5,106,22.3,975.9,37.7,26.5,358.0,14.7,22.9,170.0
2024-06-27 18:00:00,30.7,70,24.6,0.0,13.3,123,25.9,976.5,40.9,28.7,530.0,32.5,28.6,141.0
2024-06-27 19:00:00,29.9,75,25.0,0.0,10.2,122,23.0,977.0,50.1,35.2,766.0,56.7,36.3,101.0
2024-06-27 20:00:00,29.2,79,25.3,0.0,7.9,114,16.9,977.5,65.9,46.2,932.0,73.1,41.1,68.0
2024-06-27 21:00:00,28.8,83,25.5,0.0,5.8,120,13.0,978.4,71.7,50.4,969.0,74.6,40.7,51.0
2024-06-27 22:00:00,28.5,85,25.6,0.0,4.7,90,9.0,979.2,68.5,48.0,937.0,68.2,37.5,41.0
2024-06-27 23:00:00,28.1,87,25.7,0.0,5.2,65,7.9,979.5,64.0,44.8,880.0,60.5,33.7,36.0
2024-06-28 00:00:00,28.0,88,25.8,0.0,8.6,57,14.0,979.0,59.0,41.3,803.0,53.0,29.4,34.0
2024-06-28 01:00:00,27.8,88,25.7,0.0,9.6,56,15.5,978.2,55.3,38.8,702.0,44.2,24.5,37.0
2024-06-28 02:00:00,27.7,88,25.5,0.0,10.6,55,17.3,978.0,52.3,36.7,606.0,36.1,20.5,42.0
2024-06-28 03:00:00,25.9,94,24.9,6.5,14.3,124,26.6,978.9,50.6,35.5,521.0,29.1,18.0,48.0
2024-06-28 04:00:00,26.2,94,25.1,0.5,8.7,83,22.3,977.7,49.7,34.9,443.0,22.8,16.4,57.0
2024-06-28 05:00:00,26.0,95,25.2,0.2,9.5,99,15.1,978.1,48.7,33.8,364.0,17.3,16.3,70.0
2024-06-28 06:00:00,25.9,95,24.9,6.3,6.9,137,14.0,979.0,43.8,30.5,366.0,19.0,17.8,72.0
2024-06-28 07:00:00,25.8,96,25.0,6.1,9.8,82,15.8,978.7,37.7,26.4,370.0,21.2,20.0,74.0
2024-06-28 08:00:00,25.9,95,25.0,6.4,8.7,107,18.0,978.5,31.1,21.8,375.0,22.7,22.0,79.0
2024-06-28 09:00:00,26.0,95,25.1,5.4,10.0,128,21.6,978.8,26.4,18.6,385.0,22.9,23.6,84.0
2024-06-28 10:00:00,26.4,93,25.1,3.0,10.5,131,18.4,978.6,26.1,18.3,397.0,22.4,25.1,90.0
2024-06-28 11:00:00,26.9,90,25.2,1.1,10.0,154,19.8,978.2,26.1,18.3,405.0,20.8,26.3,104.0
2024-06-28 12:00:00,27.7,84,24.8,0.5,8.9,153,18.4,977.9,25.7,18.0,404.0,17.2,27.0,133.0
2024-06-28 13:00:00,28.1,82,24.9,0.2,7.1,156,18.0,976.8,34.5,24.2,400.0,12.6,27.4,169.0
2024-06-28 14:00:00,29.1,77,24.6,0.2,7.4,157,16.9,976.0,38.0,26.6,400.0,9.9,28.0,196.0
2024-06-28 15:00:00,29.6,75,24.6,0.1,5.8,180,16.9,975.4,41.2,28.9,393.0,9.2,28.8,210.0
2024-06-28 16:00:00,30.1,72,24.6,0.0,5.2,192,14.0,974.8,42.6,29.9,390.0,10.4,29.8,215.0
2024-06-28 17:00:00,30.0,73,24.6,0.0,5.5,169,13.0,974.4,52.2,33.8,392.0,14.6,26.8,197.0
2024-06-28 18:00:00,30.7,72,25.0,0.0,7.6,161,16.6,974.9,55.5,35.9,635.0,38.8,32.0,156.0
2024-06-28 19:00:00,29.6,77,25.2,0.0,6.0,155,14.0,975.2,73.3,48.4,972.0,71.9,39.3,99.0
2024-06-28 20:00:00,29.0,81,25.4,0.0,6.5,161,10.1,976.1,89.9,59.6,1237.0,95.9,44.7,54.0
2024-06-28 21:00:00,28.6,83,25.4,0.0,7.2,153,12.2,976.9,96.2,64.0,1374.0,102.2,47.1,33.0
2024-06-28 22:00:00,28.1,85,25.4,0.0,4.1,165,11.5,977.0,102.0,68.0,1440.0,99.3,47.7,25.0
2024-06-28 23:00:00,27.6,88,25.5,0.0,4.3,175,5.8,976.6,100.1,67.3,1441.0,94.1,46.6,20.0
2024-06-29 00:00:00,27.5,88,25.4,0.0,4.4,145,7.2,976.2,97.3,65.0,1356.0,88.2,42.9,18.0
2024-06-29 01:00:00,27.0,91,25.5,0.0,3.3,131,7.2,975.8,90.6,60.1,1207.0,79.9,37.5,20.0
2024-06-29 02:00:00,26.8,93,25.5,0.0,2.6,106,5.4,975.2,82.9,54.6,1061.0,71.6,32.7,23.0
2024-06-29 03:00:00,26.6,94,25.5,0.0,5.1,94,7.9,975.4,76.1,49.5,934.0,63.7,29.2,23.0
2024-06-29 04:00:00,26.5,94,25.5,0.0,4.2,110,9.0,975.5,69.2,44.4,810.0,55.8,26.3,24.0
2024-06-29 05:00:00,26.4,94,25.4,0.0,4.8,138,7.2,975.7,64.5,43.4,672.0,36.9,25.0,48.0
2024-06-29 06:00:00,27.9,87,25.6,0.3,6.5,177,11.9,976.2,64.3,43.0,617.0,33.6,26.4,64.0
2024-06-29 07:00:00,27.6,90,25.8,0.6,10.0,229,18.0,977.0,58.9,38.8,540.0,28.9,28.3,86.0
2024-06-29 08:00:00,28.4,84,25.5,0.1,12.1,197,23.4,976.8,48.7,30.3,470.0,23.9,29.2,109.0
2024-06-29 09:00:00,30.0,76,25.3,0.1,11.5,200,27.0,976.9,46.7,28.8,417.0,18.6,28.2,132.0
2024-06-29 10:00:00,31.5,71,25.6,0.1,8.6,213,24.1,976.8,47.6,30.0,372.0,13.1,26.2,156.0
2024-06-29 11:00:00,32.8,66,25.6,0.2,6.2,234,22.3,976.9,43.9,28.3,339.0,8.9,24.5,177.0
2024-06-29 12:00:00,33.0,64,25.2,0.2,6.9,276,19.1,976.5,42.4,27.6,322.0,6.6,23.5,197.0
2024-06-29 13:00:00,32.3,67,25.5,0.2,3.6,45,17.3,975.8,42.3,27.9,317.0,5.7,22.7,214.0
2024-06-29 14:00:00,30.7,72,25.1,6.7,4.7,99,23.4,975.6,40.6,27.2,320.0,6.0,22.4,225.0
2024-06-29 15:00:00,29.1,82,25.6,0.9,4.6,162,23.0,974.3,43.3,29.5,326.0,7.2,22.8,229.0
2024-06-29 16:00:00,30.0,78,25.8,0.0,3.4,162,13.3,973.9,44.2,30.4,340.0,9.5,23.7,227.0
2024-06-29 17:00:00,30.4,77,25.9,0.0,5.0,159,12.6,973.8,70.5,27.2,322.0,14.6,14.5,136.0
2024-06-29 18:00:00,31.8,66,24.8,0.0,6.4,322,16.6,974.6,76.8,32.2,464.0,29.1,17.1,110.0
2024-06-29 19:00:00,30.5,77,26.0,0.0,2.9,277,11.9,974.8,86.6,38.9,657.0,48.8,20.6,75.0
2024-06-29 20:00:00,30.1,75,25.2,0.0,3.3,193,5.0,975.3,100.8,44.2,779.0,61.3,23.0,48.0
2024-06-29 21:00:00,29.9,76,25.2,0.0,6.9,208,10.8,976.2,100.4,43.8,771.0,60.5,23.7,38.0
2024-06-29 22:00:00,29.5,78,25.2,0.0,5.5,191,10.8,976.5,94.5,42.4,692.0,52.5,23.4,37.0
2024-06-29 23:00:00,29.2,80,25.4,0.0,7.6,188,12.2,976.6,90.1,41.1,601.0,43.9,22.0,40.0
2024-06-30 00:00:00,29.0,80,25.3,0.0,5.7,198,13.0,976.1,76.6,36.7,503.0,35.5,18.7,47.0
2024-06-30 01:00:00,28.8,81,25.2,0.0,5.4,188,8.6,975.6,62.6,32.1,392.0,26.4,14.3,57.0
2024-06-30 02:00:00,28.5,83,25.4,0.0,1.5,104,9.0,975.3,51.3,28.3,314.0,20.2,11.5,64.0
2024-06-30 03:00:00,27.7,89,25.7,0.8,12.1,67,19.8,975.7,50.2,27.8,293.0,19.6,11.8,61.0
2024-06-30 04:00:00,26.9,95,26.0,0.1,8.7,85,21.2,975.9,49.2,28.4,305.0,21.9,13.6,55.0
2024-06-30 05:00:00,26.1,96,25.4,1.3,8.8,81,17.3,976.0,50.8,28.7,313.0,17.8,10.6,67.0
2024-06-30 06:00:00,26.5,92,25.1,0.1,8.0,63,20.5,976.1,46.1,25.1,309.0,16.6,10.9,76.0
2024-06-30 07:00:00,27.5,88,25.4,0.0,5.7,72,16.6,976.5,46.6,24.2,304.0,14.8,11.5,88.0
2024-06-30 08:00:00,29.1,81,25.5,0.0,3.3,49,15.1,976.7,53.2,26.5,301.0,13.1,12.5,105.0
2024-06-30 09:00:00,30.9,73,25.4,0.1,6.6,351,16.9,976.8,62.9,31.3,303.0,11.5,14.4,128.0
2024-06-30 10:00:00,31.5,72,25.8,0.1,6.2,339,20.5,976.7,71.7,34.3,307.0,9.9,16.7,154.0
2024-06-30 11:00:00,32.6,68,26.0,0.1,5.3,332,20.2,976.4,76.8,35.9,313.0,8.5,18.5,178.0
2024-06-30 12:00:00,33.2,66,26.0,0.1,4.9,306,19.8,975.7,78.0,37.4,320.0,7.3,19.3,200.0
2024-06-30 13:00:00,33.6,65,26.1,0.1,4.6,288,19.1,974.9,78.0,39.5,327.0,6.3,19.6,219.0
2024-06-30 14:00:00,34.2,62,26.0,0.1,5.5,293,18.0,973.6,77.5,41.0,334.0,6.2,19.7,230.0
2024-06-30 15:00:00,34.5,60,25.7,0.1,5.2,304,17.3,972.7,75.4,40.5,303.0,4.1,19.0,232.0
2024-06-30 16:00:00,34.7,59,25.5,0.0,3.0,284,15.5,972.3,75.0,40.9,270.0,2.9,18.1,226.0
2024-06-30 17:00:00,34.5,59,25.4,0.0,1.8,191,10.8,972.0,131.8,67.3,413.0,14.5,22.5,220.0
2024-06-30 18:00:00,33.3,65,25.9,0.0,4.1,105,10.1,972.6,136.0,70.1,751.0,45.2,30.9,172.0
2024-06-30 19:00:00,32.2,70,26.0,0.0,5.2,124,7.6,973.0,165.8,91.5,1207.0,86.6,42.3,105.0
2024-06-30 20:00:00,31.5,72,26.0,0.0,9.2,129,14.0,973.7,192.3,112.5,1482.0,110.0,49.3,60.0
2024-06-30 21:00:00,31.1,73,25.8,0.0,10.3,144,16.2,974.5,174.2,105.9,1411.0,98.7,48.3,56.0
2024-06-30 22:00:00,30.2,77,25.8,0.0,13.9,159,23.4,974.5,165.3,100.1,1159.0,69.4,42.8,72.0
2024-06-30 23:00:00,28.3,85,25.5,1.3,10.3,282,23.4,975.7,149.0,93.4,916.0,44.4,36.5,86.0
2024-07-01 00:00:00,26.7,92,25.3,1.6,4.0,207,28.4,975.2,125.7,79.9,732.0,31.2,29.2,90.0
2024-07-01 01:00:00,26.6,91,25.0,0.1,3.1,339,8.6,974.8,105.0,67.5,557.0,22.2,21.0,92.0
2024-07-01 02:00:00,25.8,93,24.6,3.7,7.1,66,27.0,974.0,87.3,56.3,436.0,16.4,15.6,93.0
2024-07-01 03:00:00,25.9,94,24.8,0.1,3.9,68,11.9,974.3,88.5,56.6,400.0,14.3,14.9,90.0
2024-07-01 04:00:00,25.5,95,24.7,1.2,9.4,43,19.1,974.1,94.3,60.5,418.0,15.3,17.1,85.0
2024-07-01 05:00:00,25.4,96,24.8,3.9,9.8,96,22.3,974.7,101.3,63.8,419.0,17.2,16.2,78.0
2024-07-01 06:00:00,27.9,89,26.0,0.0,2.3,51,10.8,973.5,95.9,58.7,417.0,19.8,18.3,81.0
2024-07-01 07:00:00,28.8,84,25.7,0.0,6.4,297,13.0,974.1,86.6,52.4,411.0,23.1,21.2,85.0
2024-07-01 08:00:00,29.9,77,25.5,0.0,8.4,313,17.6,974.5,73.3,44.7,395.0,24.3,22.3,90.0
2024-07-01 09:00:00,31.1,73,25.6,0.0,8.2,319,20.2,974.7,51.9,31.8,356.0,21.3,20.0,94.0
2024-07-01 10:00:00,32.2,69,25.8,0.1,7.9,321,23.0,974.4,30.2,18.9,306.0,16.0,16.1,99.0
2024-07-01 11:00:00,33.5,66,26.2,0.0,6.4,313,23.8,974.0,20.9,13.5,270.0,11.6,13.1,108.0
2024-07-01 12:00:00,34.0,63,26.0,0.0,10.0,296,22.3,973.0,17.3,11.5,258.0,8.8,12.3,126.0
2024-07-01 13:00:00,32.2,70,26.1,1.0,7.2,270,23.0,972.2,20.3,13.8,260.0,6.8,12.5,149.0
2024-07-01 14:00:00,33.4,68,26.6,0.1,5.5,259,17.6,971.2,23.1,15.8,267.0,6.3,12.8,163.0
2024-07-01 15:00:00,34.7,62,26.3,0.0,6.6,279,18.0,970.4,24.4,16.5,266.0,6.8,12.9,164.0
2024-07-01 16:00:00,33.8,65,26.4,0.0,9.7,211,19.4,970.0,25.6,17.0,270.0,8.9,13.1,156.0
2024-07-01 17:00:00,33.2,68,26.6,0.0,9.8,186,21.2,969.8,59.6,33.2,315.0,17.3,13.1,110.0
2024-07-01 18:00:00,32.8,65,25.3,0.0,7.6,301,17.3,970.1,77.3,41.4,565.0,37.9,21.0,85.0
2024-07-01 19:00:00,31.5,71,25.6,0.0,4.6,309,12.2,971.1,97.8,52.6,904.0,65.9,31.7,50.0
2024-07-01 20:00:00,30.9,76,26.2,0.0,4.0,360,7.2,971.9,122.9,66.1,1117.0,83.5,38.5,27.0
2024-07-01 21:00:00,30.4,79,26.5,0.0,2.4,117,5.4,972.4,141.6,75.4,1091.0,81.4,37.7,25.0
2024-07-01 22:00:00,30.2,79,26.1,0.0,6.4,142,10.1,972.6,143.0,74.7,939.0,68.9,32.9,34.0
2024-07-01 23:00:00,29.6,82,26.1,0.1,6.9,141,11.9,972.1,126.7,58.8,786.0,56.7,28.3,43.0
2024-07-02 00:00:00,28.0,92,26.6,0.5,11.2,195,18.7,972.3,123.4,54.0,668.0,47.9,25.0,49.0
2024-07-02 01:00:00,27.5,92,26.1,0.6,10.1,182,18.4,972.0,131.8,50.4,549.0,39.4,21.7,55.0
2024-07-02 02:00:00,26.8,94,25.7,0.1,8.4,190,19.4,972.0,116.9,44.2,452.0,32.1,19.3,61.0
2024-07-02 03:00:00,26.5,95,25.5,3.8,7.9,204,21.6,971.7,100.6,37.6,383.0,26.3,18.0,67.0
2024-07-02 04:00:00,26.5,93,25.4,0.6,4.0,185,13.7,972.1,82.0,32.0,334.0,21.8,17.4,73.0
2024-07-02 05:00:00,26.5,95,25.5,0.0,6.2,144,13.3,971.9,75.2,38.9,316.0,20.4,12.8,62.0
2024-07-02 06:00:00,27.5,94,26.4,0.4,4.5,104,14.4,971.2,70.5,37.3,364.0,24.0,16.3,59.0
2024-07-02 07:00:00,28.2,89,26.2,0.1,6.6,225,12.6,971.5,68.5,37.4,428.0,28.7,21.1,55.0
2024-07-02 08:00:00,28.5,86,25.8,1.3,11.6,164,26.3,972.5,68.9,39.1,463.0,30.6,24.1,58.0
2024-07-02 09:00:00,27.1,93,25.9,9.5,3.4,32,29.2,973.3,72.2,42.0,442.0,27.0,23.5,75.0
2024-07-02 10:00:00,26.9,94,25.9,4.2,8.7,107,20.5,973.7,74.7,43.0,393.0,20.6,21.1,100.0
2024-07-02 11:00:00,28.6,87,26.2,0.2,3.7,151,16.6,972.8,72.2,41.8,353.0,15.7,19.3,120.0
2024-07-02 12:00:00,29.8,84,26.8,0.1,6.5,180,14.8,972.4,69.8,39.1,333.0,13.7,19.1,132.0
2024-07-02 13:00:00,31.6,77,27.0,0.1,5.4,180,19.4,972.1,82.7,39.0,323.0,13.2,19.5,139.0
2024-07-02 14:00:00,32.3,74,27.0,0.0,5.2,196,15.1,971.3,107.6,46.8,328.0,14.2,20.1,142.0
2024-07-02 15:00:00,33.0,70,26.9,0.0,5.2,192,15.1,970.6,93.4,46.1,350.0,16.9,20.5,141.0
2024-07-02 16:00:00,33.8,67,26.6,0.0,4.2,211,14.0,970.4,87.5,43.4,387.0,21.2,21.0,135.0
2024-07-02 17:00:00,33.5,67,26.5,0.0,4.1,195,13.3,970.4,80.6,42.7,469.0,33.3,26.8,102.0
2024-07-02 18:00:00,29.5,87,27.0,0.3,5.8,180,10.1,970.4,85.7,44.8,580.0,44.0,29.9,87.0
2024-07-02 19:00:00,29.1,89,27.1,0.1,10.5,158,16.9,971.2,95.2,51.2,728.0,58.4,34.2,66.0
2024-07-02 20:00:00,28.9,91,27.2,0.0,10.8,150,17.6,972.0,100.4,54.2,813.0,66.3,37.0,51.0
2024-07-02 21:00:00,28.5,91,26.8,0.0,9.3,144,17.6,972.9,99.9,56.7,776.0,61.9,37.1,49.0
2024-07-02 22:00:00,28.2,91,26.6,0.1,6.0,123,14.8,973.8,95.2,52.9,675.0,51.0,35.6,54.0
2024-07-02 23:00:00,27.5,94,26.5,0.1,11.7,124,18.7,973.7,83.1,45.6,578.0,41.2,33.8,58.0
2024-07-03 00:00:00,27.0,95,26.0,0.0,13.0,134,21.2,973.3,68.0,37.0,504.0,34.7,31.6,61.0
2024-07-03 01:00:00,26.4,96,25.8,0.1,18.0,123,28.8,973.6,56.1,31.4,435.0,29.3,29.0,63.0
2024-07-03 02:00:00,26.2,95,25.2,0.1,11.2,138,30.6,973.5,48.3,27.8,387.0,25.8,27.1,64.0
2024-07-03 03:00:00,26.0,95,25.1,0.0,7.4,151,20.2,973.3,46.9,27.6,370.0,25.2,26.7,61.0
2024-07-03 04:00:00,25.9,96,25.2,0.0,6.9,186,11.5,973.2,48.7,29.0,374.0,26.5,27.1,57.0
2024-07-03 05:00:00,25.9,97,25.2,0.0,6.8,115,11.5,974.0,58.1,32.5,301.0,16.3,17.9,73.0
2024-07-03 06:00:00,28.4,89,26.5,0.0,4.3,275,13.3,973.1,44.4,24.9,332.0,19.7,20.4,70.0
2024-07-03 07:00:00,29.3,85,26.5,0.0,3.8,131,9.7,973.1,39.6,23.5,375.0,24.3,23.8,66.0
2024-07-03 08:00:00,30.6,78,26.2,0.0,2.2,270,10.1,973.7,44.0,25.7,401.0,27.2,26.1,65.0
2024-07-03 09:00:00,31.6,74,26.5,0.1,6.8,90,15.5,974.7,50.6,27.5,392.0,26.6,25.9,70.0
2024-07-03 10:00:00,31.9,73,26.5,0.5,7.9,137,22.7,975.2,48.8,26.4,368.0,24.3,24.6,80.0
2024-07-03 11:00:00,31.5,76,26.8,0.1,7.1,156,18.7,975.2,51.2,27.0,353.0,22.6,24.1,90.0
2024-07-03 12:00:00,32.2,74,26.9,0.0,6.8,155,18.0,974.8,59.5,31.1,359.0,22.1,25.3,104.0
2024-07-03 13:00:00,32.2,74,27.0,0.1,6.8,155,17.3,974.4,68.2,33.4,376.0,22.2,27.3,120.0
2024-07-03 14:00:00,32.8,71,26.9,0.0,5.6,140,16.9,973.7,76.6,39.1,399.0,23.7,29.0,126.0
2024-07-03 15:00:00,32.5,72,26.8,0.0,8.7,114,16.6,973.1,72.4,38.8,437.0,27.8,30.2,116.0
2024-07-03 16:00:00,33.0,70,26.8,0.0,11.8,117,22.3,973.3,61.5,36.6,481.0,33.2,31.1,96.0
2024-07-03 17:00:00,32.0,73,26.6,0.0,15.0,111,26.6,973.2,81.5,39.5,404.0,21.9,31.9,163.0
2024-07-03 18:00:00,28.4,85,25.5,0.2,11.1,119,19.4,974.9,81.5,45.2,449.0,27.1,31.0,134.0
2024-07-03 19:00:00,27.9,89,25.8,0.2,10.1,125,18.7,975.2,68.7,41.1,508.0,34.0,29.8,94.0
2024-07-03 20:00:00,27.5,92,26.0,0.1,8.1,111,16.2,975.7,57.6,35.3,537.0,37.8,27.9,66.0
2024-07-03 21:00:00,27.4,93,26.1,0.1,9.8,96,16.2,976.6,50.1,30.4,508.0,35.5,25.1,61.0
2024-07-03 22:00:00,27.0,95,26.1,0.2,5.1,94,16.9,977.6,44.6,26.8,448.0,30.0,21.7,67.0
2024-07-03 23:00:00,26.8,96,26.1,0.0,5.1,86,7.9,977.3,39.7,23.7,394.0,24.9,18.9,73.0
2024-07-04 00:00:00,26.5,97,26.0,0.0,9.1,72,15.5,977.2,34.6,21.2,358.0,21.1,17.1,74.0
2024-07-04 01:00:00,26.1,97,25.6,0.0,10.6,62,17.6,976.5,31.4,19.8,329.0,17.6,15.8,75.0
2024-07-04 02:00:00,26.0,95,25.2,0.0,9.3,54,18.0,976.2,32.0,19.5,309.0,15.5,15.6,73.0
2024-07-04 03:00:00,26.0,95,25.1,0.0,10.3,54,17.3,976.1,31.0,19.5,299.0,15.4,16.9,67.0
2024-07-04 04:00:00,25.8,95,25.0,0.1,8.4,59,17.3,976.1,30.7,19.8,300.0,16.7,19.1,60.0
2024-07-04 05:00:00,25.8,95,24.9,0.0,8.7,52,14.4,976.6,30.3,20.1,325.0,20.1,21.7,51.0
2024-07-04 06:00:00,25.8,93,24.6,1.3,5.9,79,13.7,977.9,28.4,19.2,350.0,21.6,23.7,50.0
2024-07-04 07:00:00,26.0,93,24.8,0.7,8.2,52,14.0,978.4,24.9,16.9,385.0,23.5,26.4,50.0
2024-07-04 08:00:00,26.2,90,24.5,0.2,10.7,70,19.4,978.4,24.3,16.5,413.0,24.1,28.6,58.0
2024-07-04 09:00:00,26.5,91,24.9,0.3,8.0,80,19.4,978.5,25.6,17.6,428.0,22.3,29.9,79.0
2024-07-04 10:00:00,28.1,83,24.9,0.3,9.8,82,20.5,978.6,28.3,19.7,436.0,19.2,30.6,108.0
2024-07-04 11:00:00,29.0,78,24.9,0.2,9.7,75,22.0,978.4,34.8,24.3,434.0,16.3,30.5,133.0
2024-07-04 12:00:00,30.4,71,24.6,0.1,10.5,86,22.7,977.6,38.1,26.6,413.0,13.9,29.0,151.0
2024-07-04 13:00:00,31.3,67,24.4,0.1,12.9,103,26.3,976.5,37.3,26.0,382.0,11.7,26.6,164.0
2024-07-04 14:00:00,31.4,67,24.5,0.0,11.0,109,26.6,975.5,36.1,25.3,362.0,10.9,24.8,172.0
2024-07-04 15:00:00,31.6,66,24.5,0.0,8.8,102,22.7,975.0,37.6,26.3,352.0,11.1,24.2,175.0
2024-07-04 16:00:00,31.8,66,24.5,0.0,7.6,90,18.4,974.6,39.9,27.8,352.0,12.6,24.2,172.0
2024-07-04 17:00:00,31.7,66,24.5,0.0,11.4,101,20.2,974.3,50.2,34.6,383.0,16.3,28.5,163.0
2024-07-04 18:00:00,30.0,73,24.6,0.0,7.1,75,14.8,974.9,52.9,36.7,652.0,39.7,34.9,128.0
2024-07-04 19:00:00,29.3,78,25.0,0.0,3.7,101,11.9,975.4,71.5,49.7,1021.0,71.6,43.5,80.0
2024-07-04 20:00:00,28.5,81,25.0,0.0,4.8,138,7.9,975.8,90.1,62.9,1285.0,94.1,49.3,43.0
2024-07-04 21:00:00,28.0,84,25.0,0.0,4.1,165,8.3,976.1,88.0,61.5,1356.0,98.7,49.9,27.0
2024-07-04 22:00:00,27.5,86,25.0,0.0,4.2,149,6.5,976.3,86.4,60.3,1321.0,93.8,47.7,22.0
2024-07-04 23:00:00,27.0,90,25.2,0.0,2.9,150,6.5,976.1,88.9,62.2,1240.0,86.0,44.1,22.0
2024-07-05 00:00:00,26.9,93,25.6,0.0,2.4,63,4.3,975.7,87.8,61.5,1114.0,76.6,39.0,25.0
2024-07-05 01:00:00,26.7,92,25.4,0.0,2.0,45,3.6,975.0,77.5,54.1,942.0,64.4,32.6,33.0
2024-07-05 02:00:00,26.5,94,25.4,0.0,4.5,61,6.5,974.8,63.6,44.5,776.0,52.3,27.0,41.0
2024-07-05 03:00:00,26.5,94,25.4,0.0,4.8,48,8.6,974.5,51.8,36.2,622.0,40.4,22.7,48.0
2024-07-05 04:00:00,26.5,93,25.3,0.0,9.8,66,15.8,974.6,39.3,27.5,475.0,28.7,19.2,56.0
2024-07-05 05:00:00,26.5,91,25.0,0.0,10.0,69,17.3,974.2,38.6,27.1,415.0,24.3,22.2,68.0
2024-07-05 06:00:00,26.5,93,25.2,0.0,9.1,56,17.3,974.4,26.3,18.4,417.0,24.2,22.1,69.0
2024-07-05 07:00:00,27.1,89,25.1,0.0,8.7,66,18.0,974.9,19.9,13.9,418.0,23.9,22.0,72.0
2024-07-05 08:00:00,27.3,88,25.1,0.3,10.0,52,19.8,975.4,23.3,16.3,411.0,22.5,21.9,80.0
2024-07-05 09:00:00,26.6,92,25.2,4.0,9.7,68,20.5,975.7,27.6,19.3,387.0,19.1,21.7,96.0
2024-07-05 10:00:00,26.8,91,25.1,3.2,6.8,93,18.4,975.3,28.5,19.8,354.0,14.7,21.4,117.0
2024-07-05 11:00:00,28.5,82,25.1,0.5,4.9,73,15.5,974.9,28.5,19.9,331.0,11.0,21.4,138.0
2024-07-05 12:00:00,28.8,82,25.4,0.3,8.4,65,17.6,974.1,33.6,23.6,325.0,8.5,21.7,161.0
2024-07-05 13:00:00,29.8,77,25.4,0.2,8.7,60,19.8,973.0,36.2,25.3,329.0,6.8,22.2,184.0
2024-07-05 14:00:00,29.5,78,25.3,0.2,9.9,71,20.5,972.1,37.3,26.1,340.0,6.6,23.0,200.0
2024-07-05 15:00:00,29.8,77,25.3,0.1,10.6,66,21.2,971.9,40.9,28.6,345.0,7.5,24.1,207.0
2024-07-05 16:00:00,29.0,81,25.5,0.1,12.3,87,22.3,970.9,43.9,30.7,357.0,9.9,25.5,205.0
2024-07-05 17:00:00,29.0,81,25.5,0.0,11.6,95,23.4,970.8,35.9,25.3,386.0,15.8,20.5,122.0
2024-07-05 18:00:00,28.2,80,24.5,0.0,16.7,83,28.8,971.7,32.6,23.0,435.0,21.1,22.2,108.0
2024-07-05 19:00:00,27.4,83,24.2,0.0,14.3,78,28.8,972.4,31.5,22.2,502.0,28.3,24.5,88.0
2024-07-05 20:00:00,26.8,85,24.1,0.0,13.8,81,24.5,973.1,32.7,23.1,547.0,32.8,25.9,73.0
2024-07-05 21:00:00,26.5,87,24.2,0.0,13.3,88,23.8,973.5,31.8,22.4,549.0,32.1,25.6,66.0
2024-07-05 22:00:00,26.6,87,24.4,0.0,13.2,101,23.4,974.1,29.9,21.0,529.0,28.9,24.4,63.0
2024-07-05 23:00:00,26.5,88,24.5,0.0,10.9,117,22.3,973.9,28.8,20.3,508.0,26.1,23.1,61.0
2024-07-06 00:00:00,26.4,90,24.6,0.1,9.0,106,18.0,973.3,29.6,20.8,491.0,25.0,21.8,57.0
2024-07-06 01:00:00,26.1,92,24.7,0.1,9.8,114,16.2,972.4,31.3,22.0,472.0,24.5,20.3,54.0
2024-07-06 02:00:00,26.0,93,24.6,0.0,9.9,109,17.6,971.4,32.6,22.9,455.0,24.2,19.3,51.0
2024-07-06 03:00:00,26.0,93,24.8,0.0,9.0,95,18.0,970.9,33.1,23.3,442.0,24.3,18.9,47.0
2024-07-06 04:00:00,26.0,93,24.9,0.0,5.8,68,15.5,971.5,33.2,23.3,431.0,24.6,18.9,45.0
2024-07-06 05:00:00,26.1,93,24.9,0.1,5.2,34,10.1,972.3,19.4,13.7,303.0,13.5,16.6,68.0
2024-07-06 06:00:00,26.8,92,25.3,0.1,12.2,71,20.5,972.2,17.1,12.1,315.0,14.3,18.6,72.0
2024-07-06 07:00:00,27.1,90,25.3,0.0,11.0,71,22.0,972.7,16.4,11.6,331.0,15.4,21.3,77.0
2024-07-06 08:00:00,28.5,83,25.4,0.1,9.0,67,21.2,973.4,16.4,11.6,341.0,15.8,23.2,86.0
2024-07-06 09:00:00,29.4,79,25.3,0.2,6.9,51,19.1,973.7,21.1,14.8,338.0,14.7,23.6,101.0
2024-07-06 10:00:00,30.2,75,25.3,0.1,6.6,45,20.9,973.6,25.5,17.9,328.0,12.9,23.1,120.0
2024-07-06 11:00:00,31.0,70,25.0,0.0,6.1,28,20.2,973.5,27.7,18.5,322.0,11.4,22.5,135.0
2024-07-06 12:00:00,31.5,67,24.8,0.0,9.2,48,20.5,972.7,27.2,18.4,323.0,10.4,21.4,145.0
2024-07-06 13:00:00,33.2,61,24.6,0.0,5.9,43,21.2,971.8,26.8,18.5,329.0,9.7,20.2,152.0
2024-07-06 14:00:00,33.0,62,24.8,0.0,7.7,41,17.3,970.9,28.5,19.9,337.0,10.0,20.0,154.0
2024-07-06 15:00:00,31.5,70,25.2,0.3,13.6,58,25.9,971.2,27.9,19.6,346.0,11.4,22.0,150.0
2024-07-06 16:00:00,31.0,72,25.4,0.2,11.8,63,28.1,970.8,26.6,18.6,357.0,13.7,25.1,142.0
2024-07-06 17:00:00,31.0,71,25.1,0.0,12.9,67,23.4,971.1,34.1,24.0,375.0,16.9,25.7,119.0
2024-07-06 18:00:00,28.2,79,24.2,0.0,17.9,71,31.3,972.3,31.2,21.9,423.0,23.6,27.2,99.0
2024-07-06 19:00:00,27.3,83,24.1,0.0,10.2,82,31.0,972.9,31.7,22.3,488.0,32.7,29.3,70.0
2024-07-06 20:00:00,26.9,85,24.0,0.0,13.0,71,22.0,973.3,32.7,23.1,533.0,39.1,30.5,48.0
2024-07-06 21:00:00,26.5,87,24.1,0.0,8.8,71,22.0,974.3,32.4,22.8,544.0,40.5,29.9,37.0
2024-07-06 22:00:00,26.4,89,24.4,0.0,5.6,75,14.0,975.0,31.4,22.1,535.0,39.3,28.4,33.0
2024-07-06 23:00:00,26.2,90,24.5,0.0,5.4,86,10.1,974.9,30.6,21.5,514.0,37.1,27.1,31.0
2024-07-07 00:00:00,26.0,93,24.7,0.0,5.0,90,9.0,974.0,30.9,21.7,474.0,33.6,26.1,32.0
2024-07-07 01:00:00,26.1,93,24.9,0.0,4.0,80,10.8,973.7,27.6,19.4,423.0,29.2,25.3,36.0
2024-07-07 02:00:00,26.3,92,24.9,0.0,6.2,69,11.2,973.7,25.5,18.0,390.0,26.9,25.1,37.0
2024-07-07 03:00:00,26.3,91,24.8,0.0,6.0,25,11.9,973.6,26.0,18.3,391.0,29.1,25.7,30.0
2024-07-07 04:00:00,26.0,93,24.8,0.0,4.9,17,10.4,973.6,27.5,19.3,411.0,33.3,27.0,21.0
2024-07-07 05:00:00,25.6,95,24.8,0.0,5.4,290,9.7,973.9,15.1,10.6,271.0,16.7,15.2,44.0
2024-07-07 06:00:00,25.6,87,23.4,0.0,4.3,5,10.1,975.7,15.8,11.1,293.0,17.6,18.5,47.0
2024-07-07 07:00:00,26.9,83,23.7,0.0,5.0,339,12.6,975.8,17.8,12.5,324.0,18.8,22.9,52.0
2024-07-07 08:00:00,28.2,77,23.9,0.0,6.4,297,15.1,976.3,20.3,14.0,345.0,19.1,26.2,62.0
2024-07-07 09:00:00,29.6,73,24.2,0.0,3.9,338,16.2,976.4,24.1,16.5,348.0,17.7,27.2,80.0
2024-07-07 10:00:00,31.0,68,24.5,0.0,3.3,41,14.4,976.2,27.0,18.5,341.0,15.3,27.0,104.0
2024-07-07 11:00:00,32.5,61,23.9,0.0,5.4,94,16.2,976.1,30.9,20.8,333.0,13.0,26.4,127.0
2024-07-07 12:00:00,33.0,58,23.5,0.0,9.1,108,20.5,976.2,31.9,21.3,325.0,10.7,25.3,150.0
2024-07-07 13:00:00,33.2,57,23.5,0.0,11.4,125,23.0,975.6,31.4,20.8,316.0,8.3,23.8,173.0
2024-07-07 14:00:00,33.2,57,23.5,0.0,13.2,133,26.3,975.3,29.8,19.8,311.0,7.3,22.6,186.0
2024-07-07 15:00:00,33.0,57,23.5,0.0,10.1,117,25.9,974.8,31.3,19.7,313.0,8.1,21.9,185.0
2024-07-07 16:00:00,32.8,59,23.8,0.0,11.7,79,21.6,974.3,29.2,18.9,319.0,10.2,21.4,175.0
2024-07-07 17:00:00,30.9,68,24.3,0.0,17.7,78,31.0,974.8,55.6,34.0,325.0,14.2,25.2,164.0
2024-07-07 18:00:00,28.0,73,22.6,0.0,11.9,65,25.9,975.9,59.4,36.9,388.0,21.6,25.5,136.0
2024-07-07 19:00:00,27.5,75,22.7,0.0,8.4,70,20.9,976.6,60.8,38.8,474.0,31.6,25.8,98.0
2024-07-07 20:00:00,27.2,77,22.9,0.0,8.8,71,14.8,977.2,59.0,37.8,527.0,38.3,25.9,68.0
2024-07-07 21:00:00,27.0,79,23.0,0.0,9.8,73,16.6,977.9,55.8,35.9,518.0,38.3,25.7,54.0
2024-07-07 22:00:00,26.6,81,23.2,0.0,7.5,73,16.2,978.5,50.6,32.9,476.0,34.9,25.2,49.0
2024-07-07 23:00:00,26.3,85,23.5,0.0,7.3,79,12.6,978.7,46.2,30.9,440.0,32.2,24.7,44.0
2024-07-08 00:00:00,26.0,87,23.6,0.0,5.9,104,12.6,978.5,41.8,28.5,423.0,31.7,24.0,38.0
2024-07-08 01:00:00,25.7,89,23.8,0.0,4.5,76,9.7,978.1,39.2,27.1,411.0,31.8,23.2,32.0
2024-07-08 02:00:00,25.4,91,23.9,0.0,6.8,58,10.8,977.8,38.2,26.5,403.0,32.1,22.6,27.0
2024-07-08 03:00:00,25.4,91,23.9,0.0,7.0,78,12.6,977.8,36.9,25.8,398.0,32.6,21.9,21.0
2024-07-08 04:00:00,25.8,90,23.9,0.2,5.4,127,12.6,978.1,36.1,25.4,398.0,33.2,21.4,15.0
2024-07-08 05:00:00,25.6,91,24.1,0.3,7.3,147,11.9,978.2,53.9,29.5,317.0,14.9,15.4,67.0
2024-07-08 06:00:00,26.0,89,24.0,0.1,2.8,230,6.8,979.1,48.2,28.8,344.0,17.0,16.8,67.0
2024-07-08 07:00:00,26.8,87,24.4,0.2,4.1,308,10.4,980.0,45.2,27.5,380.0,19.6,18.8,68.0
2024-07-08 08:00:00,27.5,86,24.9,1.2,7.9,270,15.5,979.6,45.1,27.3,404.0,20.5,20.8,79.0
2024-07-08 09:00:00,29.2,77,24.7,0.1,11.1,295,22.7,979.6,47.3,29.0,404.0,17.8,23.2,111.0
2024-07-08 10:00:00,30.8,68,24.1,0.0,11.6,338,24.1,979.9,49.4,30.9,392.0,13.2,25.6,154.0
2024-07-08 11:00:00,32.1,62,23.9,0.0,13.7,2,27.4,979.8,51.5,32.9,376.0,9.9,26.5,183.0
2024-07-08 12:00:00,32.8,59,23.8,0.0,12.6,3,27.7,979.5,45.3,27.8,355.0,8.9,24.3,187.0
2024-07-08 13:00:00,32.9,58,23.6,0.0,10.5,8,26.3,978.9,43.7,26.3,331.0,9.2,20.6,178.0
2024-07-08 14:00:00,33.0,59,23.9,0.0,10.0,15,22.7,978.0,49.9,30.0,320.0,10.5,18.2,167.0
2024-07-08 15:00:00,32.5,61,24.1,0.0,10.5,6,22.0,977.3,49.2,31.1,306.0,10.8,18.0,162.0
2024-07-08 16:00:00,32.5,62,24.2,0.0,8.0,10,22.0,976.7,52.5,33.6,305.0,12.1,19.1,156.0
2024-07-08 17:00:00,32.2,63,24.2,0.0,4.5,14,16.9,976.3,47.7,30.0,334.0,14.1,22.4,166.0
2024-07-08 18:00:00,29.5,72,24.0,0.0,9.4,58,16.9,977.8,48.8,31.2,473.0,28.8,25.3,134.0
2024-07-08 19:00:00,28.5,80,24.6,0.0,10.0,52,17.6,978.4,58.1,39.0,664.0,48.8,29.1,89.0
2024-07-08 20:00:00,28.2,82,24.9,0.0,7.4,67,16.2,978.9,63.8,43.2,797.0,62.7,31.6,54.0
2024-07-08 21:00:00,28.1,83,25.0,0.0,7.9,90,12.6,979.6,63.8,43.4,825.0,64.9,31.6,38.0
2024-07-08 22:00:00,27.9,84,24.9,0.0,8.3,90,13.7,979.9,64.0,43.7,795.0,60.9,30.2,32.0
2024-07-08 23:00:00,27.4,85,24.6,0.0,8.5,78,14.0,979.7,63.1,43.3,747.0,55.4,28.2,29.0
2024-07-09 00:00:00,27.0,86,24.6,0.0,9.1,83,14.8,979.8,61.2,41.9,681.0,49.0,25.2,30.0
2024-07-09 01:00:00,26.8,88,24.5,0.0,10.8,94,17.3,979.6,59.8,40.9,595.0,41.2,21.6,34.0
2024-07-09 02:00:00,26.5,89,24.5,0.0,9.7,105,18.0,979.6,60.3,40.9,526.0,34.9,18.8,37.0
2024-07-09 03:00:00,26.4,90,24.6,0.0,8.4,110,16.2,979.5,61.0,41.4,487.0,31.7,17.1,35.0
2024-07-09 04:00:00,26.2,91,24.7,0.0,7.9,114,14.0,979.7,61.7,42.1,463.0,30.1,16.3,31.0
2024-07-09 05:00:00,26.0,93,24.8,0.0,4.8,117,12.6,979.7,63.8,43.8,459.0,27.6,17.2,39.0
2024-07-09 06:00:00,27.7,86,25.1,0.0,4.6,129,9.4,980.2,66.8,45.9,460.0,27.1,19.8,51.0
2024-07-09 07:00:00,28.7,83,25.5,0.0,4.6,135,11.9,980.6,74.7,50.5,461.0,26.3,23.4,69.0
2024-07-09 08:00:00,29.9,79,25.9,0.0,11.0,128,21.2,980.7,80.8,53.8,454.0,24.3,26.5,93.0
2024-07-09 09:00:00,30.1,77,25.8,1.0,2.5,8,24.1,981.4,89.4,58.1,431.0,20.1,28.7,127.0
2024-07-09 10:00:00,30.8,77,26.2,0.1,6.1,90,17.3,981.3,86.6,57.3,400.0,14.7,30.3,166.0
2024-07-09 11:00:00,30.8,77,26.4,0.1,6.8,32,20.2,981.2,83.8,55.5,374.0,10.5,31.0,199.0
2024-07-09 12:00:00,31.2,76,26.5,0.6,2.0,45,19.8,980.6,74.0,48.9,355.0,8.2,30.1,221.0
2024-07-09 13:00:00,32.2,72,26.5,0.1,5.0,300,17.3,980.1,67.5,44.0,341.0,7.1,28.3,236.0
2024-07-09 14:00:00,31.9,74,26.5,0.1,7.3,340,18.4,979.2,68.7,44.4,338.0,7.2,27.1,245.0
2024-07-09 15:00:00,32.5,70,26.2,0.0,5.4,360,18.0,978.2,71.2,45.5,319.0,6.0,26.3,253.0
2024-07-09 16:00:00,32.8,69,26.3,0.0,3.1,339,14.8,977.5,77.1,49.9,311.0,6.0,26.1,256.0
2024-07-09 17:00:00,32.7,69,26.2,0.0,2.9,353,11.2,976.8,74.0,48.4,375.0,14.4,32.4,236.0
2024-07-09 18:00:00,31.8,70,25.8,0.0,2.9,97,9.0,977.9,75.2,49.1,609.0,36.7,37.0,189.0
2024-07-09 19:00:00,30.5,79,26.5,0.0,3.7,79,5.8,978.1,99.0,66.4,929.0,67.1,43.2,125.0
2024-07-09 20:00:00,30.0,80,26.1,0.0,4.0,80,6.1,978.5,119.2,80.6,1150.0,87.1,47.2,76.0
2024-07-09 21:00:00,29.5,82,26.2,0.0,4.5,104,6.5,979.7,133.2,90.3,1184.0,87.5,47.0,57.0
2024-07-09 22:00:00,29.3,83,26.2,0.0,5.7,125,9.0,980.2,129.9,88.2,1119.0,77.6,44.5,53.0
2024-07-09 23:00:00,28.9,86,26.2,0.0,4.3,132,9.0,980.3,121.5,82.2,1029.0,66.9,41.9,52.0
2024-07-10 00:00:00,28.5,89,26.6,0.0,4.3,132,6.5,980.5,122.5,82.7,930.0,58.1,40.0,51.0
2024-07-10 01:00:00,28.3,92,26.9,0.0,4.4,125,5.4,980.2,122.5,82.7,806.0,48.4,38.0,53.0
2024-07-10 02:00:00,28.0,93,26.8,0.0,4.2,121,5.0,979.7,119.2,80.6,687.0,39.4,35.6,57.0
2024-07-10 03:00:00,27.9,92,26.5,0.0,2.3,72,4.7,979.0,103.4,70.3,572.0,30.8,31.8,63.0
2024-07-10 04:00:00,26.9,93,25.6,1.2,4.7,90,5.4,979.2,89.2,60.5,461.0,22.9,27.5,70.0
2024-07-10 05:00:00,26.1,97,25.7,1.0,11.6,126,20.5,980.1,88.5,59.3,562.0,34.4,19.1,39.0
2024-07-10 06:00:00,27.2,90,25.5,4.0,12.3,52,25.6,981.1,80.6,53.8,526.0,30.7,18.5,49.0
2024-07-10 07:00:00,27.8,89,25.9,0.1,3.4,58,21.2,981.5,75.4,50.5,477.0,25.5,18.1,65.0
2024-07-10 08:00:00,29.0,85,26.1,0.0,1.1,198,10.4,981.6,80.6,53.8,440.0,20.9,19.6,90.0
2024-07-10 09:00:00,30.4,78,26.1,0.0,3.8,197,14.8,981.9,95.5,63.6,430.0,17.6,25.6,132.0
2024-07-10 10:00:00,31.4,74,26.3,0.2,1.3,214,15.1,981.5,117.3,78.7,432.0,14.9,33.6,183.0
2024-07-10 11:00:00,32.4,73,26.9,0.1,1.1,108,13.0,981.0,129.5,86.8,430.0,12.4,38.5,223.0
2024-07-10 12:00:00,33.4,68,26.8,0.1,1.3,236,13.0,980.3,127.6,85.2,413.0,9.8,37.2,245.0
2024-07-10 13:00:00,33.9,65,26.4,0.0,4.0,275,14.4,979.4,123.9,82.4,392.0,7.4,32.7,256.0
2024-07-10 14:00:00,34.0,65,26.5,0.1,5.1,266,15.5,978.5,119.2,78.9,377.0,6.3,28.8,259.0
2024-07-10 15:00:00,34.3,65,26.6,0.0,4.7,247,15.1,977.4,108.5,71.5,347.0,4.9,26.4,257.0
2024-07-10 16:00:00,34.2,64,26.5,0.0,5.5,238,14.8,976.6,103.1,67.5,323.0,4.8,24.6,247.0
2024-07-10 17:00:00,33.8,65,26.2,0.0,6.2,234,13.3,976.3,105.9,68.5,374.0,12.7,21.4,207.0
2024-07-10 18:00:00,32.7,72,27.1,0.0,3.0,194,11.9,977.6,112.0,73.6,637.0,37.4,25.3,160.0
2024-07-10 19:00:00,31.4,82,28.0,0.0,3.9,146,4.7,977.8,127.1,84.5,997.0,71.2,30.6,95.0
2024-07-10 20:00:00,31.0,79,27.0,0.0,7.1,165,9.7,978.3,138.8,92.9,1254.0,94.6,34.1,45.0
2024-07-10 21:00:00,29.6,80,25.8,2.1,2.0,45,14.0,979.2,140.6,94.3,1315.0,97.9,34.1,26.0
2024-07-10 22:00:00,27.3,93,26.1,1.6,12.6,177,17.3,979.1,137.4,92.2,1272.0,90.7,32.3,21.0
2024-07-10 23:00:00,27.5,91,25.9,0.1,8.9,148,22.7,978.8,131.8,88.2,1199.0,82.3,30.0,20.0
2024-07-11 00:00:00,27.5,91,25.9,0.0,8.0,170,15.1,977.8,123.4,82.4,1100.0,74.4,27.0,19.0
2024-07-11 01:00:00,27.5,92,26.0,0.0,7.4,166,13.0,977.5,117.3,78.5,971.0,65.3,23.6,22.0
2024-07-11 02:00:00,27.4,93,26.1,0.0,7.6,175,11.9,977.0,114.6,76.4,877.0,59.6,21.4,22.0
2024-07-11 03:00:00,27.4,93,26.2,0.0,8.5,208,12.6,976.8,112.2,74.3,861.0,61.7,21.8,14.0
2024-07-11 04:00:00,27.1,95,26.2,0.4,8.2,75,13.7,977.3,110.8,72.9,880.0,67.1,23.5,4.0
2024-07-11 05:00:00,26.4,95,25.5,0.1,9.2,132,24.8,977.4,84.8,58.0,474.0,25.0,16.2,53.0
2024-07-11 06:00:00,26.0,95,25.0,0.5,12.5,147,21.2,978.0,75.0,49.6,450.0,24.6,17.0,61.0
2024-07-11 07:00:00,26.5,93,25.1,0.0,10.5,149,22.3,977.7,60.3,39.5,417.0,23.9,18.1,73.0
2024-07-11 08:00:00,28.3,86,25.7,0.0,5.6,165,19.4,977.7,51.5,32.2,390.0,22.2,19.2,92.0
2024-07-11 09:00:00,30.5,79,26.4,0.0,4.2,160,14.4,977.8,47.8,28.9,378.0,18.6,20.4,122.0
2024-07-11 10:00:00,32.2,73,26.9,0.0,2.6,124,15.1,977.6,56.6,31.4,373.0,14.0,21.6,159.0
2024-07-11 11:00:00,33.7,68,27.0,0.1,5.2,286,20.5,976.9,67.3,36.1,367.0,10.3,21.7,187.0
2024-07-11 12:00:00,35.2,62,26.8,0.0,8.2,308,22.7,976.2,75.0,40.6,354.0,8.0,19.9,202.0
2024-07-11 13:00:00,35.7,59,26.5,0.0,10.0,330,22.0,974.8,88.9,48.7,340.0,6.5,17.0,208.0
2024-07-11 14:00:00,36.0,58,26.3,0.0,11.0,328,23.0,973.7,94.8,51.3,333.0,6.2,14.7,208.0
2024-07-11 15:00:00,36.0,58,26.4,0.0,10.2,328,23.4,972.9,98.7,52.0,300.0,4.2,12.5,203.0
2024-07-11 16:00:00,36.0,57,26.1,0.0,9.2,329,20.5,972.3,103.1,51.7,274.0,3.4,10.9,191.0
2024-07-11 17:00:00,35.5,59,26.4,0.0,8.9,346,18.0,971.9,125.7,66.6,437.0,15.9,25.4,243.0
2024-07-11 18:00:00,34.5,67,27.5,0.0,4.1,45,10.1,971.8,129.0,74.0,675.0,38.0,28.3,193.0
2024-07-11 19:00:00,33.0,70,27.0,0.0,8.3,90,13.3,972.0,153.7,91.3,997.0,68.0,32.2,123.0
2024-07-11 20:00:00,31.9,77,27.2,0.0,4.4,125,13.7,972.5,158.3,94.5,1203.0,87.1,34.5,70.0
2024-07-11 21:00:00,29.1,85,26.4,0.6,24.4,193,37.8,974.0,145.3,85.4,1186.0,85.4,33.8,50.0
2024-07-11 22:00:00,28.0,84,25.0,0.0,6.7,196,42.5,974.0,141.1,80.6,1052.0,72.8,31.5,46.0
2024-07-11 23:00:00,28.0,86,25.4,0.0,5.8,202,11.5,973.9,136.9,79.2,915.0,60.7,28.8,45.0
2024-07-12 00:00:00,27.9,87,25.5,0.0,6.9,261,10.1,973.6,132.7,75.2,809.0,52.6,26.0,42.0
2024-07-12 01:00:00,27.8,87,25.5,0.0,8.9,256,14.0,973.4,123.9,70.1,699.0,44.9,22.9,42.0
2024-07-12 02:00:00,28.0,86,25.4,0.0,8.1,283,14.4,972.8,117.3,65.9,600.0,38.1,19.7,42.0
2024-07-12 03:00:00,28.1,84,25.2,0.0,7.6,275,12.2,972.4,112.2,61.5,511.0,32.0,16.1,42.0
2024-07-12 04:00:00,28.1,82,24.8,0.0,9.0,268,13.3,972.4,107.6,56.7,432.0,26.7,12.5,42.0
2024-07-12 05:00:00,28.2,79,24.4,0.0,9.8,278,15.5,972.6,89.6,36.9,231.0,11.9,6.5,61.0
2024-07-12 06:00:00,27.3,79,23.2,0.0,17.1,298,46.8,973.8,92.9,36.9,259.0,14.2,7.7,60.0
2024-07-12 07:00:00,27.8,80,23.9,0.1,9.8,306,25.9,974.2,103.4,39.7,298.0,17.2,9.5,59.0
2024-07-12 08:00:00,29.2,75,24.4,0.0,10.2,328,20.5,974.5,120.1,41.7,324.0,18.4,11.4,67.0
2024-07-12 09:00:00,30.4,72,24.6,0.0,7.2,323,20.5,974.8,132.2,43.7,325.0,16.1,13.5,92.0
2024-07-12 10:00:00,31.8,68,25.2,0.0,3.4,328,16.2,975.6,153.7,46.7,312.0,12.0,15.7,125.0
2024-07-12 11:00:00,33.1,66,26.0,0.0,4.2,290,22.7,975.1,175.1,49.5,300.0,8.8,17.0,152.0
2024-07-12 12:00:00,34.4,62,26.0,0.0,9.8,287,24.1,974.1,207.7,52.7,287.0,7.1,16.5,165.0
2024-07-12 13:00:00,34.5,61,25.8,0.0,8.8,279,22.3,973.3,230.0,56.2,274.0,6.1,15.1,171.0
2024-07-12 14:00:00,35.2,59,25.9,0.0,7.2,267,20.9,972.4,229.6,57.5,274.0,6.6,14.4,173.0
2024-07-12 15:00:00,35.5,58,25.9,0.0,3.5,246,19.8,971.0,201.2,55.8,282.0,7.8,14.8,174.0
2024-07-12 16:00:00,35.0,59,25.8,0.3,8.6,202,12.6,971.1,202.6,56.3,304.0,10.4,15.9,171.0
2024-07-12 17:00:00,29.5,81,26.0,1.0,14.8,299,32.8,971.9,334.3,64.3,285.0,12.2,13.6,142.0
2024-07-12 18:00:00,31.9,69,25.5,0.0,6.1,320,22.0,972.8,292.4,68.0,533.0,34.9,20.6,113.0
2024-07-12 19:00:00,30.6,74,25.5,0.0,5.1,321,9.7,973.3,291.5,78.2,878.0,66.3,30.2,73.0
2024-07-12 20:00:00,30.0,77,25.5,0.0,4.6,315,8.6,974.3,319.4,91.0,1159.0,90.7,38.2,40.0
2024-07-12 21:00:00,29.3,84,26.2,0.0,5.5,349,6.8,974.9,326.0,98.3,1333.0,103.3,43.2,22.0
2024-07-12 22:00:00,29.0,85,26.2,0.0,2.3,219,6.5,975.1,320.4,101.3,1443.0,108.9,46.5,11.0
2024-07-12 23:00:00,28.5,87,26.2,0.0,3.4,212,5.4,975.0,305.5,101.0,1450.0,106.7,47.3,8.0
2024-07-13 00:00:00,27.8,92,26.3,0.0,3.4,122,4.3,974.8,260.8,92.2,1291.0,92.3,44.1,15.0
2024-07-13 01:00:00,27.6,92,26.2,0.0,1.5,45,4.3,974.8,231.9,85.9,1030.0,70.1,38.3,30.0
2024-07-13 02:00:00,27.4,93,26.1,0.0,2.5,82,4.0,974.3,224.0,83.8,820.0,52.8,33.4,40.0
2024-07-13 03:00:00,27.0,95,26.2,0.0,3.3,103,4.3,974.0,228.2,82.7,731.0,46.6,30.8,39.0
2024-07-13 04:00:00,26.8,96,26.0,0.0,2.5,90,4.3,973.7,220.7,81.0,694.0,45.3,29.1,33.0
2024-07-13 05:00:00,26.6,97,26.1,0.0,2.6,124,4.0,974.1,207.2,68.0,667.0,48.9,22.3,32.0
2024-07-13 06:00:00,25.4,94,24.4,13.7,10.7,123,26.6,976.9,173.2,60.1,625.0,44.6,25.6,41.0
2024-07-13 07:00:00,25.5,94,24.6,6.2,1.8,180,25.6,976.0,140.6,54.0,566.0,38.5,30.1,54.0
2024-07-13 08:00:00,27.2,90,25.5,0.4,3.8,221,12.2,975.7,134.6,52.2,513.0,32.2,33.8,76.0
2024-07-13 09:00:00,29.5,80,25.8,0.0,6.6,299,17.3,976.1,136.9,51.5,474.0,25.8,36.2,114.0
2024-07-13 10:00:00,31.5,71,25.7,0.0,5.5,337,17.3,976.1,138.3,51.7,441.0,19.1,37.8,160.0
2024-07-13 11:00:00,33.0,63,24.9,0.0,7.1,24,18.7,975.7,130.4,49.4,409.0,13.7,37.5,195.0
2024-07-13 12:00:00,33.8,59,24.6,0.0,6.4,47,19.1,975.1,122.5,47.7,374.0,9.9,34.1,212.0
2024-07-13 13:00:00,34.1,59,24.9,0.0,5.9,38,20.5,974.6,114.6,44.9,341.0,7.4,28.9,219.0
2024-07-13 14:00:00,33.8,59,24.8,0.0,4.2,31,18.0,973.9,113.2,44.7,318.0,6.3,24.7,220.0
2024-07-13 15:00:00,33.7,61,25.0,0.0,3.7,11,17.3,973.0,114.8,46.8,305.0,6.3,22.8,217.0
2024-07-13 16:00:00,33.7,60,25.0,0.0,3.6,360,15.5,972.4,114.6,46.4,302.0,7.8,21.8,209.0
2024-07-13 17:00:00,33.4,61,24.8,0.0,2.2,351,11.2,972.2,136.4,49.0,329.0,12.9,19.2,180.0
2024-07-13 18:00:00,31.0,75,26.1,0.0,3.8,287,10.8,972.7,131.3,53.8,656.0,45.8,27.9,140.0
2024-07-13 19:00:00,29.9,83,26.5,0.0,3.3,229,6.8,973.1,156.5,72.4,1107.0,90.9,39.7,84.0
2024-07-13 20:00:00,29.3,86,26.6,0.0,4.6,219,5.8,973.5,187.7,90.6,1440.0,122.4,47.4,41.0
2024-07-13 21:00:00,29.0,87,26.6,0.0,4.8,207,6.5,974.2,201.2,100.1,1547.0,127.4,47.4,23.0
2024-07-13 22:00:00,28.6,90,26.8,0.0,5.9,232,6.5,974.7,193.7,97.6,1536.0,118.9,43.3,17.0
2024-07-13 23:00:00,29.2,84,26.4,0.0,2.9,270,6.5,975.0,192.3,95.0,1490.0,109.7,39.0,13.0
2024-07-14 00:00:00,28.2,91,26.6,0.0,3.1,111,3.6,974.6,192.3,92.0,1423.0,104.0,35.4,8.0
2024-07-14 01:00:00,27.9,93,26.6,0.0,2.7,113,4.3,974.2,194.6,89.6,1321.0,97.6,31.6,6.0
2024-07-14 02:00:00,28.2,90,26.4,0.0,0.8,63,3.6,973.9,197.0,87.5,1225.0,90.8,28.4,4.0
2024-07-14 03:00:00,27.8,92,26.4,0.0,1.8,360,1.8,973.8,197.9,84.8,1161.0,84.1,25.9,0.0
2024-07-14 04:00:00,27.1,96,26.4,0.0,2.9,360,3.6,973.7,192.3,81.5,1103.0,76.9,24.0,0.0
2024-07-14 05:00:00,26.9,96,26.2,0.0,3.2,27,4.3,974.1,126.2,67.8,672.0,45.0,26.6,37.0
2024-07-14 06:00:00,28.6,87,26.3,0.0,4.8,63,9.4,975.2,133.2,71.0,701.0,42.7,30.2,62.0
2024-07-14 07:00:00,29.5,83,26.2,0.0,5.8,86,13.0,975.7,155.5,77.8,738.0,39.3,35.2,98.0
2024-07-14 08:00:00,30.8,76,26.1,0.0,7.1,120,16.6,975.9,175.1,84.3,740.0,34.4,40.4,140.0
2024-07-14 09:00:00,31.9,71,26.1,0.0,7.0,125,18.4,975.9,178.8,84.3,676.0,26.6,46.4,195.0
2024-07-14 10:00:00,32.8,65,25.4,0.0,6.2,111,17.6,975.5,182.5,80.3,577.0,17.3,52.5,256.0
2024-07-14 11:00:00,33.3,61,24.8,0.1,5.0,120,17.3,975.5,192.8,73.8,496.0,10.4,54.8,299.0
2024-07-14 12:00:00,33.8,60,25.0,0.0,2.1,149,16.2,975.1,207.7,75.9,451.0,7.5,50.3,309.0
2024-07-14 13:00:00,34.0,60,25.2,0.0,2.3,129,13.0,974.2,214.7,77.5,424.0,6.9,42.1,300.0
2024-07-14 14:00:00,34.2,59,25.0,0.0,4.4,81,14.4,973.2,211.9,75.7,410.0,7.5,35.8,290.0
2024-07-14 15:00:00,34.7,55,24.4,0.0,4.8,63,15.8,972.2,202.6,74.3,374.0,6.1,33.1,289.0
2024-07-14 16:00:00,34.5,56,24.4,0.0,5.7,18,14.0,971.9,202.1,74.0,352.0,5.9,32.4,286.0
2024-07-14 17:00:00,33.8,60,25.0,0.0,8.2,49,15.8,972.1,181.1,75.4,434.0,15.8,33.6,246.0
2024-07-14 18:00:00,32.6,67,25.8,0.0,5.1,94,15.8,972.9,175.1,78.2,738.0,44.5,39.1,196.0
2024-07-14 19:00:00,31.5,76,26.7,0.0,4.3,95,8.6,973.4,192.8,93.8,1154.0,83.7,46.5,126.0
2024-07-14 20:00:00,30.8,78,26.5,0.0,6.2,144,6.8,974.3,211.9,108.0,1437.0,109.3,51.1,71.0
2024-07-14 21:00:00,30.5,75,25.6,0.0,4.7,148,7.2,975.2,212.8,111.8,1463.0,108.4,50.6,47.0
2024-07-14 22:00:00,30.2,77,25.7,0.0,5.7,145,8.6,976.0,190.5,104.3,1357.0,93.9,47.2,39.0
2024-07-14 23:00:00,29.7,80,25.9,0.0,6.2,144,9.4,976.1,172.8,96.4,1247.0,81.2,43.4,33.0
2024-07-15 00:00:00,29.4,82,25.9,0.0,5.0,150,10.1,975.8,166.2,92.0,1187.0,77.0,39.7,23.0
2024-07-15 01:00:00,29.0,83,25.9,0.0,4.4,145,7.6,975.5,164.4,88.9,1123.0,74.6,35.5,15.0
2024-07-15 02:00:00,28.6,85,25.8,0.0,6.6,49,9.7,975.9,155.5,83.6,1026.0,69.0,31.3,14.0
2024-07-15 03:00:00,25.4,94,24.2,4.9,10.5,68,45.0,976.5,143.4,77.8,862.0,56.2,26.6,22.0
2024-07-15 04:00:00,25.7,93,24.5,0.2,12.9,67,24.1,976.9,125.7,70.3,665.0,40.3,21.9,36.0
2024-07-15 05:00:00,25.5,95,24.6,0.0,11.3,107,23.4,977.8,107.3,61.7,477.0,27.0,20.3,47.0
2024-07-15 06:00:00,26.9,89,25.0,0.0,12.0,81,21.2,978.0,99.7,59.6,473.0,26.1,23.2,60.0
2024-07-15 07:00:00,28.1,85,25.5,0.0,10.8,88,22.3,978.6,96.6,58.2,466.0,24.7,27.2,80.0
2024-07-15 08:00:00,29.7,79,25.7,0.0,11.9,88,23.8,978.9,93.4,56.2,450.0,22.2,30.1,104.0
2024-07-15 09:00:00,31.0,74,25.8,0.1,12.6,93,26.6,979.1,96.2,57.5,416.0,17.5,31.2,136.0
2024-07-15 10:00:00,31.9,72,26.1,0.1,11.9,90,27.7,978.8,97.6,58.1,373.0,11.6,31.3,171.0
2024-07-15 11:00:00,32.7,67,25.8,0.2,11.9,90,27.7,978.5,91.7,56.7,341.0,7.2,30.5,198.0
2024-07-15 12:00:00,32.3,67,25.5,0.1,14.2,66,26.6,977.9,85.4,54.8,326.0,5.2,28.2,210.0
2024-07-15 13:00:00,31.7,71,25.8,1.8,12.5,78,28.1,977.4,81.3,53.6,322.0,4.7,25.0,213.0
2024-07-15 14:00:00,32.6,68,26.0,0.0,10.4,88,27.7,976.6,79.6,53.6,327.0,5.7,22.7,209.0
2024-07-15 15:00:00,33.2,66,26.0,0.0,9.3,77,23.4,975.9,79.4,53.8,334.0,7.8,22.1,199.0
2024-07-15 16:00:00,33.2,67,26.4,0.0,8.9,76,20.9,975.4,78.5,53.6,350.0,11.3,22.5,183.0
2024-07-15 17:00:00,31.5,73,26.2,1.1,11.9,85,22.3,975.2,80.1,53.8,385.0,18.0,19.6,137.0
2024-07-15 18:00:00,31.8,71,25.9,0.0,10.8,86,22.7,975.5,81.5,55.2,608.0,37.3,25.1,107.0
2024-07-15 19:00:00,30.9,75,25.8,0.0,7.7,101,18.0,975.9,96.4,66.1,916.0,63.8,32.7,67.0
2024-07-15 20:00:00,30.3,78,26.0,0.0,7.7,118,13.3,976.3,109.7,75.4,1147.0,82.8,38.7,35.0
2024-07-15 21:00:00,29.6,81,26.0,0.0,6.1,118,12.6,977.2,113.4,78.2,1242.0,88.2,42.0,21.0
2024-07-15 22:00:00,29.2,82,25.9,0.0,6.5,109,10.4,977.8,115.7,80.1,1259.0,86.1,43.7,17.0
2024-07-15 23:00:00,29.0,83,25.9,0.0,7.0,102,10.8,977.8,112.7,78.2,1211.0,80.4,42.7,17.0
2024-07-16 00:00:00,28.9,85,26.0,0.0,6.8,93,11.5,977.6,104.1,72.4,1077.0,71.3,37.6,20.0
2024-07-16 01:00:00,28.7,86,26.1,0.0,6.5,93,11.2,977.0,95.2,66.1,879.0,58.6,29.8,26.0
2024-07-16 02:00:00,26.9,95,26.0,10.3,8.0,188,13.3,977.5,81.3,56.7,692.0,46.1,23.1,34.0
2024-07-16 03:00:00,26.2,95,25.5,2.6,1.6,243,16.9,977.5,64.3,45.1,528.0,33.6,18.5,45.0
2024-07-16 04:00:00,25.7,99,25.5,7.8,5.4,20,12.6,978.5,51.7,36.4,375.0,21.2,14.9,57.0
2024-07-16 05:00:00,26.1,96,25.5,4.1,7.2,37,16.9,978.7,41.6,29.4,272.0,13.5,15.1,65.0
2024-07-16 06:00:00,27.9,92,26.4,0.0,11.8,50,21.2,978.8,40.4,28.4,302.0,15.1,17.5,67.0
2024-07-16 07:00:00,29.5,85,26.7,0.0,12.1,80,22.0,979.3,44.2,31.1,342.0,17.1,20.9,70.0
2024-07-16 08:00:00,30.6,80,26.8,0.0,15.5,102,28.4,979.4,50.8,35.6,367.0,17.6,23.3,81.0
2024-07-16 09:00:00,31.9,74,26.6,0.1,15.5,121,30.2,979.6,58.9,41.2,363.0,15.1,23.9,107.0
2024-07-16 10:00:00,33.0,69,26.7,0.0,13.8,129,30.2,979.3,63.1,44.2,343.0,11.0,23.5,140.0
2024-07-16 11:00:00,33.7,66,26.5,0.0,12.2,124,29.9,979.2,65.2,45.8,327.0,7.8,22.9,168.0
2024-07-16 12:00:00,34.5,62,26.2,0.0,11.5,110,28.1,978.5,66.8,46.9,320.0,6.2,22.3,185.0
2024-07-16 13:00:00,34.2,64,26.4,0.1,12.1,107,28.1,977.8,65.7,46.0,315.0,5.5,21.5,196.0
2024-07-16 14:00:00,34.2,63,26.1,0.1,10.5,106,25.2,976.9,65.2,45.6,316.0,5.8,20.9,200.0
2024-07-16 15:00:00,34.4,61,25.9,0.0,9.4,86,22.0,976.1,65.7,46.0,315.0,7.0,20.7,195.0
2024-07-16 16:00:00,34.2,62,25.8,0.0,11.3,68,22.0,975.6,63.6,44.6,319.0,9.3,20.7,183.0
2024-07-16 17:00:00,33.5,65,26.0,0.0,11.3,73,22.0,975.2,58.1,40.7,354.0,13.2,20.0,161.0
2024-07-16 18:00:00,32.8,70,26.7,0.0,5.6,63,15.8,975.6,58.7,41.2,455.0,23.7,21.9,134.0
2024-07-16 19:00:00,31.5,75,26.6,0.0,4.9,73,9.4,975.8,62.6,44.0,592.0,37.9,24.4,96.0
2024-07-16 20:00:00,30.9,78,26.6,0.0,5.4,70,8.3,976.3,61.9,43.5,676.0,47.0,26.0,67.0
2024-07-16 21:00:00,30.5,79,26.5,0.0,8.3,90,12.6,977.4,57.6,40.5,661.0,46.3,25.8,56.0
2024-07-16 22:00:00,30.4,80,26.5,0.0,10.0,103,16.2,977.9,54.7,38.5,593.0,40.6,24.6,54.0
2024-07-16 23:00:00,30.0,82,26.6,0.0,11.1,103,18.0,978.1,53.6,37.7,525.0,34.6,23.2,54.0
2024-07-17 00:00:00,29.5,84,26.6,0.0,8.8,125,18.7,978.0,51.6,36.3,469.0,29.6,21.4,56.0
2024-07-17 01:00:00,29.2,85,26.4,0.0,10.3,115,16.2,977.4,50.3,35.4,411.0,24.4,19.4,61.0
2024-07-17 02:00:00,29.0,85,26.1,0.0,11.9,115,19.8,977.3,49.5,34.8,366.0,20.6,18.0,63.0
2024-07-17 03:00:00,28.6,86,26.0,0.0,13.3,109,22.0,977.0,48.3,34.0,338.0,19.0,17.5,59.0
2024-07-17 04:00:00,28.4,86,25.9,0.0,12.3,105,22.3,977.5,47.7,32.9,323.0,18.8,17.5,53.0
2024-07-17 05:00:00,28.0,88,25.9,0.0,10.1,94,20.2,978.3,43.4,30.5,319.0,18.5,18.9,52.0
2024-07-17 06:00:00,29.1,85,26.2,0.0,9.8,96,16.6,978.7,42.8,30.0,335.0,18.6,21.5,58.0
2024-07-17 07:00:00,29.9,82,26.4,0.0,12.1,107,22.0,979.6,43.4,30.5,356.0,18.6,25.1,67.0
2024-07-17 08:00:00,30.9,78,26.5,0.0,13.2,116,25.9,979.9,43.9,30.9,364.0,17.7,27.1,81.0
2024-07-17 09:00:00,31.9,74,26.7,0.0,11.8,121,25.6,980.0,47.3,33.2,346.0,14.9,25.9,103.0
2024-07-17 10:00:00,32.8,70,26.7,0.0,10.7,104,24.5,979.7,52.0,36.4,316.0,11.2,23.2,129.0
2024-07-17 11:00:00,33.7,66,26.5,0.0,11.3,99,24.8,979.4,55.1,38.5,296.0,8.3,21.3,154.0
2024-07-17 12:00:00,34.2,64,26.5,0.1,12.3,95,25.9,978.6,61.9,43.2,297.0,7.0,21.2,176.0
2024-07-17 13:00:00,34.4,63,26.5,0.1,11.1,103,25.9,977.9,71.5,49.6,309.0,6.5,22.0,196.0
2024-07-17 14:00:00,34.5,63,26.4,0.0,9.6,110,23.8,976.7,70.1,48.7,322.0,7.0,22.8,208.0
2024-07-17 15:00:00,34.7,62,26.4,0.0,7.0,102,21.6,975.8,73.6,50.3,316.0,7.2,23.3,212.0
2024-07-17 16:00:00,34.5,62,26.1,0.0,6.2,100,16.9,975.0,67.1,46.4,311.0,8.3,24.0,209.0
2024-07-17 17:00:00,34.0,64,26.2,0.0,5.9,101,14.4,974.8,61.7,43.2,320.0,13.2,20.0,158.0
2024-07-17 18:00:00,32.3,70,26.1,0.0,8.9,50,19.4,975.3,62.4,43.5,452.0,26.8,22.3,127.0
2024-07-17 19:00:00,31.3,74,26.2,0.0,8.6,57,15.5,975.2,68.7,48.1,632.0,45.3,25.4,84.0
2024-07-17 20:00:00,30.8,77,26.2,0.0,7.8,68,14.0,976.0,72.9,51.1,751.0,57.5,27.3,51.0
2024-07-17 21:00:00,30.5,78,26.2,0.0,8.1,77,13.3,976.6,72.4,50.8,760.0,57.9,27.1,39.0
2024-07-17 22:00:00,30.1,80,26.3,0.0,7.2,84,13.3,977.4,70.1,49.1,709.0,52.1,25.7,37.0
2024-07-17 23:00:00,29.9,81,26.3,0.0,7.2,87,11.9,977.9,65.0,45.4,636.0,44.9,24.2,40.0
2024-07-18 00:00:00,29.6,82,26.3,0.0,7.4,104,11.9,978.1,57.7,40.3,536.0,36.8,22.6,47.0
2024-07-18 01:00:00,28.4,88,26.2,5.8,8.4,65,13.3,977.5,51.7,36.1,413.0,27.5,20.9,59.0
2024-07-18 02:00:00,27.4,93,26.2,2.8,11.6,74,19.4,976.9,47.5,33.2,323.0,20.9,19.5,67.0
2024-07-18 03:00:00,27.3,94,26.2,0.2,9.5,101,19.8,976.8,47.8,32.9,291.0,19.2,18.5,66.0
2024-07-18 04:00:00,27.5,94,26.5,0.3,10.2,113,17.3,976.3,48.8,33.4,291.0,20.2,17.9,61.0
2024-07-18 05:00:00,27.4,94,26.4,0.1,4.3,138,16.6,977.0,47.5,31.5,297.0,17.7,14.6,62.0
2024-07-18 06:00:00,29.7,82,26.4,0.0,8.7,95,14.0,977.2,43.0,28.6,324.0,20.2,17.5,61.0
2024-07-18 07:00:00,30.5,80,26.8,0.0,9.0,106,17.6,977.5,38.4,26.0,361.0,23.5,21.7,60.0
2024-07-18 08:00:00,31.7,76,27.0,0.0,9.3,106,19.4,977.9,38.2,26.1,384.0,24.7,25.4,69.0
2024-07-18 09:00:00,32.7,71,26.8,0.0,8.7,120,19.8,977.9,42.6,29.3,379.0,21.8,28.3,95.0
2024-07-18 10:00:00,33.6,67,26.8,0.0,7.0,125,19.8,977.6,44.7,30.9,359.0,16.8,30.8,130.0
2024-07-18 11:00:00,34.3,64,26.6,0.0,5.8,120,18.0,977.7,50.2,34.6,343.0,12.5,32.3,163.0
2024-07-18 12:00:00,34.4,63,26.4,0.1,6.2,126,17.3,976.9,54.7,37.7,334.0,9.7,32.1,192.0
2024-07-18 13:00:00,33.5,68,26.8,0.6,8.9,148,21.6,975.9,52.6,36.1,328.0,7.8,31.0,218.0
2024-07-18 14:00:00,33.7,66,26.4,0.0,7.2,108,20.5,975.1,54.5,37.3,330.0,7.4,30.3,233.0
2024-07-18 15:00:00,34.3,64,26.5,0.0,5.5,79,17.3,973.8,59.8,41.1,326.0,7.8,30.7,235.0
2024-07-18 16:00:00,34.1,64,26.5,0.0,5.8,112,15.5,972.9,63.8,43.8,330.0,9.9,31.6,227.0
2024-07-18 17:00:00,33.7,65,26.3,0.0,4.9,126,13.7,972.8,88.9,60.5,407.0,20.7,33.9,187.0
2024-07-18 18:00:00,31.9,72,26.3,0.0,3.1,111,7.6,974.0,97.3,67.1,529.0,31.9,35.1,154.0
2024-07-18 19:00:00,30.4,85,27.5,0.0,4.9,126,5.8,974.3,101.0,69.8,695.0,47.3,36.6,108.0
2024-07-18 20:00:00,30.0,86,27.3,0.0,4.5,104,5.4,975.0,96.6,65.4,804.0,57.6,37.1,71.0
2024-07-18 21:00:00,30.5,79,26.4,0.0,1.8,37,5.0,976.0,88.9,59.3,803.0,58.3,35.9,53.0
2024-07-18 22:00:00,30.0,81,26.4,0.0,1.1,18,2.2,976.6,82.0,54.2,745.0,54.0,33.8,44.0
2024-07-18 23:00:00,29.6,83,26.5,0.0,1.9,112,2.2,976.8,75.2,49.8,687.0,49.6,31.3,37.0
2024-07-19 00:00:00,28.8,91,27.1,0.0,1.8,90,2.9,975.9,68.9,46.1,644.0,46.5,28.5,32.0
2024-07-19 01:00:00,28.5,91,26.9,0.0,4.3,95,6.8,975.6,65.2,44.2,600.0,43.3,25.3,29.0
2024-07-19 02:00:00,28.0,94,27.0,0.0,2.5,82,7.6,974.7,63.6,43.5,564.0,40.5,22.9,27.0
2024-07-19 03:00:00,27.8,95,26.8,0.0,4.8,77,7.2,974.7,62.6,43.1,540.0,38.8,21.2,22.0
2024-07-19 04:00:00,27.4,93,26.1,0.0,12.3,87,20.5,975.3,61.5,42.6,524.0,37.5,20.3,18.0
2024-07-19 05:00:00,26.7,90,24.9,0.0,12.9,108,22.3,975.9,65.7,44.6,579.0,43.0,22.0,12.0
2024-07-19 06:00:00,27.5,91,25.9,0.2,10.1,88,18.4,975.9,67.1,45.6,553.0,39.0,26.9,30.0
2024-07-19 07:00:00,28.0,88,25.9,0.0,10.6,100,20.5,976.0,70.5,47.7,516.0,33.3,33.7,56.0
2024-07-19 08:00:00,29.1,84,26.1,0.0,9.4,94,20.9,976.2,71.2,49.0,478.0,27.8,38.5,83.0
2024-07-19 09:00:00,30.4,79,26.2,0.0,8.0,95,20.2,976.6,68.9,47.5,439.0,23.0,39.6,111.0
2024-07-19 10:00:00,31.2,74,26.0,0.1,9.1,99,20.2,976.3,69.6,48.1,399.0,18.4,38.8,139.0
2024-07-19 11:00:00,32.6,68,25.9,0.0,9.1,97,21.6,975.7,69.2,47.7,372.0,14.9,37.6,165.0
2024-07-19 12:00:00,33.4,64,25.7,0.0,9.0,95,21.6,975.3,69.6,47.8,362.0,12.5,36.0,188.0
2024-07-19 13:00:00,34.1,61,25.6,0.0,8.0,95,21.6,974.6,71.0,48.7,365.0,11.1,34.1,208.0
2024-07-19 14:00:00,34.5,60,25.5,0.0,7.6,95,19.8,973.7,74.3,50.2,378.0,11.3,32.9,219.0
2024-07-19 15:00:00,34.5,60,25.5,0.0,7.8,103,18.7,972.7,77.5,52.2,388.0,12.5,33.3,222.0
2024-07-19 16:00:00,34.4,59,25.4,0.0,8.4,110,17.6,972.1,78.7,53.0,408.0,15.4,34.5,217.0
2024-07-19 17:00:00,34.0,61,25.5,0.0,8.7,114,18.0,972.0,79.9,42.8,325.0,15.0,16.6,125.0
2024-07-19 18:00:00,31.5,72,26.0,0.0,8.9,140,18.0,973.6,78.5,44.2,424.0,25.7,19.8,102.0
2024-07-19 19:00:00,30.6,76,26.0,0.0,8.0,153,15.1,974.6,78.7,44.7,560.0,40.4,24.3,71.0
2024-07-19 20:00:00,30.1,77,25.6,0.0,8.7,156,15.5,974.9,77.1,44.6,656.0,50.6,27.3,46.0
2024-07-19 21:00:00,29.6,80,25.7,0.0,7.4,133,14.0,975.9,74.0,43.8,674.0,52.0,27.6,36.0
2024-07-19 22:00:00,29.2,82,25.8,0.0,7.1,131,13.0,976.4,69.4,41.7,652.0,48.8,26.5,32.0
2024-07-19 23:00:00,28.6,85,25.9,0.0,7.6,109,11.9,976.2,63.6,39.2,623.0,45.5,25.3,30.0
2024-07-20 00:00:00,28.2,88,26.0,0.0,8.0,82,13.0,976.1,57.5,36.8,595.0,43.4,24.3,27.0
2024-07-20 01:00:00,27.8,89,25.9,0.0,9.0,95,14.8,975.5,54.0,35.7,561.0,41.1,23.1,25.0
2024-07-20 02:00:00,27.5,90,25.7,0.0,8.6,92,15.5,975.7,53.0,35.7,529.0,38.8,22.3,24.0
2024-07-20 03:00:00,27.2,91,25.6,0.0,7.8,103,14.4,975.8,51.8,35.3,501.0,36.7,21.6,21.0
2024-07-20 04:00:00,27.1,91,25.5,0.0,7.4,113,12.6,976.1,49.2,33.8,476.0,34.5,21.2,18.0
2024-07-20 05:00:00,27.0,92,25.5,0.0,9.0,106,14.0,976.3,53.0,34.2,419.0,29.8,23.5,26.0
2024-07-20 06:00:00,28.2,87,25.9,0.0,11.3,127,21.6,976.9,54.1,36.0,428.0,28.3,27.6,39.0
2024-07-20 07:00:00,28.9,84,26.0,0.0,8.9,130,19.8,977.3,59.8,39.8,440.0,25.9,33.1,57.0
2024-07-20 08:00:00,29.9,80,26.1,0.0,7.4,113,17.6,977.4,65.9,44.1,440.0,22.9,36.5,81.0
2024-07-20 09:00:00,31.0,75,26.2,0.0,8.5,118,19.4,977.7,64.3,44.1,416.0,18.5,35.7,114.0
2024-07-20 10:00:00,32.0,70,25.9,0.0,8.7,120,20.9,977.3,65.9,45.3,381.0,13.3,32.8,152.0
2024-07-20 11:00:00,33.4,64,25.7,0.0,7.9,114,20.9,976.9,66.6,45.9,354.0,9.4,30.2,183.0
2024-07-20 12:00:00,34.2,61,25.5,0.0,8.7,114,20.9,975.9,65.9,45.2,344.0,7.6,28.5,202.0
2024-07-20 13:00:00,34.7,58,25.2,0.1,8.0,117,20.9,975.3,64.5,44.2,344.0,7.1,27.1,214.0
2024-07-20 14:00:00,35.0,57,25.3,0.0,6.2,126,19.8,974.5,65.0,44.5,350.0,7.6,26.5,222.0
2024-07-20 15:00:00,35.0,58,25.4,0.0,5.9,128,16.6,973.6,66.6,45.4,343.0,7.6,27.0,230.0
2024-07-20 16:00:00,34.8,58,25.5,0.0,5.5,122,15.5,972.9,69.4,47.4,343.0,8.7,28.4,233.0
2024-07-20 17:00:00,34.6,60,25.7,0.0,5.9,133,13.7,973.1,85.2,57.0,369.0,16.4,23.7,173.0
2024-07-20 18:00:00,33.1,70,26.9,0.0,5.1,129,10.1,974.2,100.1,68.2,578.0,35.7,27.8,137.0
2024-07-20 19:00:00,31.8,75,26.9,0.0,4.3,132,9.0,974.9,113.6,78.0,864.0,62.1,33.3,88.0
2024-07-20 20:00:00,31.4,74,26.3,0.0,8.7,120,13.3,975.6,118.0,81.0,1062.0,80.1,37.0,50.0
2024-07-20 21:00:00,30.5,79,26.4,0.0,10.2,113,16.9,976.1,115.9,79.9,1093.0,81.8,37.4,34.0
2024-07-20 22:00:00,30.0,82,26.5,0.0,8.6,112,16.9,976.8,112.7,77.8,1037.0,75.0,35.9,28.0
2024-07-20 23:00:00,29.6,83,26.5,0.0,6.8,115,14.0,976.9,108.7,75.4,968.0,67.8,33.6,25.0
2024-07-21 00:00:00,29.3,85,26.5,0.0,5.2,106,10.8,976.7,103.4,71.7,904.0,62.5,30.2,22.0
2024-07-21 01:00:00,29.0,87,26.5,0.0,4.8,117,8.3,976.1,99.2,68.9,828.0,56.8,26.0,21.0
2024-07-21 02:00:00,28.8,88,26.5,0.0,5.0,111,8.3,975.9,96.2,66.8,760.0,51.7,22.7,20.0
2024-07-21 03:00:00,28.7,88,26.5,0.0,5.8,112,9.4,975.7,94.1,65.2,711.0,47.9,20.8,17.0
2024-07-21 04:00:00,28.4,92,27.0,0.0,4.8,117,9.7,975.6,92.4,64.0,670.0,44.7,19.8,14.0
2024-07-21 05:00:00,27.6,90,25.9,2.0,5.4,176,7.6,976.7,104.8,72.9,925.0,62.9,25.6,5.0
2024-07-21 06:00:00,28.5,90,26.6,0.0,8.8,71,15.8,976.3,104.3,72.6,810.0,52.8,26.6,29.0
2024-07-21 07:00:00,29.2,86,26.7,0.0,8.7,97,17.3,976.7,102.0,70.8,650.0,38.6,27.9,64.0
2024-07-21 08:00:00,30.5,81,26.9,0.0,9.6,110,20.2,977.1,92.7,64.3,517.0,26.5,29.0,99.0
2024-07-21 09:00:00,32.0,76,27.2,0.0,9.6,103,21.2,977.4,88.2,61.2,438.0,18.6,30.0,134.0
2024-07-21 10:00:00,33.2,70,27.0,0.0,9.5,115,22.3,977.1,90.6,62.6,386.0,12.8,30.8,169.0
2024-07-21 11:00:00,30.9,77,26.4,0.8,17.9,115,34.2,977.4,89.4,62.2,349.0,8.8,30.5,193.0
2024-07-21 12:00:00,32.5,72,26.9,0.2,12.4,112,34.2,976.5,83.4,58.0,323.0,6.8,28.0,200.0
2024-07-21 13:00:00,33.8,69,27.4,0.1,11.5,129,26.6,975.5,82.4,57.3,312.0,6.6,24.5,198.0
2024-07-21 14:00:00,34.6,64,26.9,0.0,11.2,135,24.8,974.5,76.1,52.7,311.0,7.4,22.2,193.0
2024-07-21 15:00:00,34.7,62,26.4,0.0,11.0,139,24.1,973.8,80.6,55.2,310.0,8.2,22.4,193.0
2024-07-21 16:00:00,34.4,63,26.4,0.0,9.4,137,23.0,973.4,78.7,52.9,320.0,10.0,23.9,191.0
2024-07-21 17:00:00,34.1,64,26.2,0.0,7.7,127,19.4,973.2,79.9,54.4,332.0,12.6,23.7,182.0
2024-07-21 18:00:00,32.8,70,26.5,0.0,7.2,96,15.1,974.0,76.6,52.4,436.0,23.4,25.2,150.0
2024-07-21 19:00:00,31.8,73,26.5,0.0,6.9,84,11.9,974.3,78.2,54.1,577.0,38.1,27.2,106.0
2024-07-21 20:00:00,31.1,77,26.6,0.0,9.1,97,14.8,975.2,77.1,53.7,669.0,47.8,28.1,72.0
2024-07-21 21:00:00,30.8,79,26.8,0.0,10.1,107,16.6,976.1,70.3,49.0,666.0,47.8,27.1,58.0
2024-07-21 22:00:00,30.6,80,26.8,0.0,11.0,109,17.6,976.4,64.5,44.8,614.0,42.7,25.0,54.0
2024-07-21 23:00:00,30.2,81,26.6,0.0,13.4,114,22.0,976.6,61.9,43.0,565.0,38.1,23.2,52.0
2024-07-22 00:00:00,29.1,87,26.6,2.9,5.9,128,22.0,976.8,62.6,43.4,537.0,35.9,22.1,49.0
2024-07-22 01:00:00,28.6,89,26.7,1.9,7.8,112,11.9,976.1,62.6,43.4,511.0,34.2,21.3,48.0
2024-07-22 02:00:00,28.5,91,26.8,0.0,8.4,115,13.3,975.6,61.0,42.3,482.0,32.1,20.5,47.0
2024-07-22 03:00:00,28.4,92,26.9,0.0,8.2,119,13.7,975.5,59.3,41.1,442.0,29.0,19.4,46.0
2024-07-22 04:00:00,28.2,92,26.9,0.0,9.0,127,14.8,975.6,57.2,39.8,399.0,25.6,18.3,46.0
2024-07-22 05:00:00,28.0,93,26.8,0.0,6.1,90,14.8,976.0,46.4,32.0,274.0,14.5,15.3,71.0
2024-07-22 06:00:00,29.1,87,26.6,0.0,7.9,114,15.1,977.0,43.7,30.0,302.0,17.2,19.2,71.0
2024-07-22 07:00:00,30.0,84,26.9,0.0,11.1,126,20.5,977.3,44.1,30.4,340.0,20.7,24.6,73.0
2024-07-22 08:00:00,30.8,79,26.7,0.0,11.5,131,23.8,977.4,46.1,31.7,364.0,22.0,28.5,84.0
2024-07-22 09:00:00,31.9,74,26.6,0.0,9.7,129,23.0,977.7,50.3,34.7,363.0,18.9,29.9,114.0
2024-07-22 10:00:00,32.5,72,26.9,0.0,8.7,135,21.6,977.6,58.6,40.3,349.0,13.6,29.9,153.0
2024-07-22 11:00:00,33.7,68,26.8,0.1,7.9,141,20.5,977.3,71.0,48.5,333.0,9.4,29.0,182.0
2024-07-22 12:00:00,34.2,63,26.3,0.0,5.7,125,20.2,976.6,72.4,49.0,316.0,7.3,26.4,192.0
2024-07-22 13:00:00,34.2,63,26.1,0.0,6.8,115,17.6,975.9,57.9,39.1,297.0,6.2,22.8,193.0
2024-07-22 14:00:00,34.7,62,26.4,0.0,6.5,109,18.4,974.9,61.5,41.1,292.0,6.5,20.9,193.0
2024-07-22 15:00:00,34.8,61,26.2,0.0,5.3,118,17.3,974.1,64.5,43.5,291.0,7.0,21.8,201.0
2024-07-22 16:00:00,34.5,62,26.0,0.0,5.5,113,14.4,973.7,67.3,46.0,304.0,8.8,24.4,208.0
2024-07-22 17:00:00,34.2,63,26.1,0.0,8.0,126,15.5,973.2,60.8,41.8,353.0,14.8,24.6,187.0
2024-07-22 18:00:00,30.4,81,26.7,0.0,7.7,62,16.6,973.9,69.4,48.0,552.0,33.9,28.5,149.0
2024-07-22 19:00:00,29.8,84,26.7,0.0,6.0,65,14.8,974.6,84.3,58.6,823.0,59.9,33.8,97.0
2024-07-22 20:00:00,29.5,85,26.6,0.0,7.5,73,12.2,975.3,87.8,61.2,1006.0,77.2,37.1,56.0
2024-07-22 21:00:00,29.2,86,26.6,0.0,8.6,88,14.4,976.1,83.6,58.2,1025.0,78.0,36.9,38.0
2024-07-22 22:00:00,29.0,87,26.6,0.0,8.1,103,14.4,976.9,79.9,55.4,956.0,70.2,34.8,32.0
2024-07-22 23:00:00,28.8,88,26.6,0.0,8.0,108,13.3,977.0,75.4,52.5,869.0,61.4,31.9,30.0
2024-07-23 00:00:00,28.6,89,26.6,0.0,7.7,101,13.3,976.9,69.4,48.4,782.0,53.9,28.1,28.0
2024-07-23 01:00:00,28.4,90,26.6,0.0,8.3,85,13.7,976.4,64.0,44.7,677.0,45.5,23.5,30.0
2024-07-23 02:00:00,28.1,92,26.6,0.0,6.1,90,13.7,975.8,58.9,40.6,572.0,37.3,19.7,35.0
2024-07-23 03:00:00,27.9,93,26.7,0.0,4.3,95,9.7,976.2,52.6,35.0,461.0,28.7,17.1,44.0
2024-07-23 04:00:00,27.7,94,26.7,0.0,8.7,95,12.2,975.5,45.4,30.4,351.0,20.3,15.4,56.0
2024-07-23 05:00:00,27.2,93,26.0,0.0,11.6,95,19.8,975.5,46.4,31.9,312.0,16.5,16.4,67.0
2024-07-23 06:00:00,27.6,87,25.2,0.0,10.6,100,24.8,976.4,43.5,30.0,342.0,18.5,19.6,67.0
2024-07-23 07:00:00,28.3,85,25.5,0.0,8.4,137,20.5,976.9,44.4,30.7,382.0,21.1,24.1,68.0
2024-07-23 08:00:00,29.0,84,26.0,0.1,6.1,183,16.9,977.4,49.2,34.0,406.0,21.8,27.7,80.0
2024-07-23 09:00:00,30.1,79,26.1,0.0,1.0,135,15.1,977.3,56.9,38.8,399.0,18.9,29.7,110.0
2024-07-23 10:00:00,31.6,75,26.6,0.0,1.1,162,15.1,977.0,65.9,44.5,377.0,14.1,30.9,150.0
2024-07-23 11:00:00,32.4,72,26.8,0.0,1.4,90,14.8,976.5,69.4,46.4,359.0,10.3,31.2,185.0
2024-07-23 12:00:00,33.3,69,27.0,0.0,1.5,104,15.5,975.7,68.7,44.8,350.0,8.2,30.1,209.0
2024-07-23 13:00:00,33.8,68,27.0,0.0,1.1,72,15.5,974.5,70.1,44.8,346.0,6.9,28.1,227.0
2024-07-23 14:00:00,34.3,64,26.5,0.0,3.1,36,14.4,972.7,70.1,45.3,352.0,7.1,27.5,242.0
2024-07-23 15:00:00,34.5,63,26.5,0.0,2.5,45,15.1,972.1,75.4,49.0,355.0,7.6,29.2,259.0
2024-07-23 16:00:00,34.5,62,26.0,0.0,2.5,98,11.9,971.9,78.5,51.2,370.0,9.4,32.2,273.0
2024-07-23 17:00:00,34.2,62,26.0,0.0,2.3,141,10.4,971.5,107.6,66.8,406.0,13.2,27.0,242.0
2024-07-23 18:00:00,31.8,73,26.3,0.0,7.6,121,14.4,972.3,113.4,71.0,654.0,36.0,33.6,196.0
2024-07-23 19:00:00,30.8,79,26.6,0.0,4.3,132,15.5,972.8,140.2,89.9,994.0,67.2,42.6,133.0
2024-07-23 20:00:00,30.2,81,26.5,0.0,6.5,93,12.6,973.3,153.2,99.9,1237.0,88.4,48.7,84.0
2024-07-23 21:00:00,29.6,84,26.6,0.0,5.8,90,10.8,974.2,156.5,102.7,1304.0,91.3,49.8,62.0
2024-07-23 22:00:00,29.6,84,26.7,0.0,5.9,104,13.3,974.4,163.4,109.0,1273.0,84.1,48.0,53.0
2024-07-23 23:00:00,28.3,93,27.0,0.9,11.0,131,16.2,974.2,148.5,99.7,1188.0,73.7,44.7,50.0
2024-07-24 00:00:00,27.9,93,26.6,0.1,10.2,157,20.5,973.8,124.8,84.5,1033.0,59.8,39.3,53.0
2024-07-24 01:00:00,26.7,97,26.1,3.2,1.4,90,16.6,973.9,114.1,77.5,824.0,42.6,32.4,62.0
2024-07-24 02:00:00,26.5,95,25.7,0.2,5.8,184,16.6,973.1,107.1,72.6,652.0,29.3,27.0,69.0
2024-07-24 03:00:00,26.5,94,25.5,0.0,4.8,138,9.7,972.6,98.3,66.6,554.0,23.0,24.1,71.0
2024-07-24 04:00:00,26.3,97,25.7,0.0,2.0,135,9.4,972.4,81.3,54.8,494.0,20.6,22.9,71.0
2024-07-24 05:00:00,26.2,97,25.8,0.0,3.6,96,6.5,972.6,103.1,66.1,542.0,24.1,23.9,66.0
2024-07-24 06:00:00,27.2,92,25.7,14.0,4.4,35,15.1,972.9,89.6,56.6,549.0,26.3,25.2,68.0
2024-07-24 07:00:00,27.0,94,25.9,4.8,5.8,86,15.8,973.2,80.1,51.3,557.0,29.2,26.9,71.0
2024-07-24 08:00:00,27.1,93,25.9,3.8,2.1,121,10.4,973.3,80.8,50.6,553.0,30.9,28.3,76.0
2024-07-24 09:00:00,26.6,95,25.9,8.8,6.5,87,18.4,973.7,83.6,49.9,523.0,30.5,28.6,82.0
2024-07-24 10:00:00,26.9,93,25.6,5.1,1.6,63,15.5,973.3,81.7,49.0,480.0,29.0,28.5,91.0
2024-07-24 11:00:00,28.2,87,25.9,0.4,1.1,180,9.7,973.0,77.8,46.8,451.0,26.9,29.7,107.0
2024-07-24 12:00:00,30.1,80,26.3,0.1,5.1,356,14.0,971.9,81.5,50.3,448.0,24.0,33.3,139.0
2024-07-24 13:00:00,31.6,74,26.4,0.2,6.6,347,16.2,970.9,82.4,51.5,460.0,20.6,38.1,179.0
2024-07-24 14:00:00,32.8,68,26.1,0.0,6.2,21,17.3,969.8,82.7,52.0,474.0,18.6,42.1,210.0
2024-07-24 15:00:00,33.5,65,26.1,0.0,5.4,42,15.8,968.6,82.4,52.7,454.0,16.0,43.7,231.0
2024-07-24 16:00:00,33.6,66,26.4,0.0,3.6,96,14.4,968.5,76.4,49.0,436.0,14.8,44.5,242.0
2024-07-24 17:00:00,33.2,67,26.2,0.0,4.1,142,11.5,968.5,77.3,48.8,414.0,12.8,24.3,230.0
2024-07-24 18:00:00,31.7,72,26.0,0.0,4.4,145,11.2,969.6,81.0,51.3,718.0,42.8,31.9,178.0
2024-07-24 19:00:00,30.5,77,26.0,0.0,4.6,141,7.9,970.0,101.7,66.8,1132.0,83.5,42.2,106.0
2024-07-24 20:00:00,29.8,84,26.7,0.0,4.1,105,7.2,970.4,128.1,85.7,1402.0,108.2,49.0,55.0
2024-07-24 21:00:00,29.2,87,26.8,0.0,5.1,82,5.4,971.2,142.0,95.7,1402.0,102.3,49.1,45.0
2024-07-24 22:00:00,29.1,85,26.3,0.0,4.5,76,6.5,971.9,129.0,87.5,1259.0,80.4,45.7,55.0
2024-07-24 23:00:00,28.9,87,26.4,0.0,6.1,90,9.7,971.9,119.7,81.7,1098.0,60.2,41.5,65.0
2024-07-25 00:00:00,28.5,89,26.4,0.0,8.3,90,14.0,971.8,107.3,73.6,944.0,47.2,36.9,70.0
2024-07-25 01:00:00,28.1,90,26.3,0.0,8.9,104,14.0,971.0,100.8,69.4,772.0,35.8,31.6,74.0
2024-07-25 02:00:00,27.6,91,26.0,0.0,8.9,117,17.6,970.5,94.5,65.2,634.0,27.6,27.3,77.0
2024-07-25 03:00:00,27.4,92,26.0,0.0,3.9,112,14.4,970.7,86.4,59.5,551.0,23.6,24.4,74.0
2024-07-25 04:00:00,27.1,94,26.0,0.0,1.9,68,6.1,970.7,80.3,55.1,502.0,22.7,22.5,70.0
2024-07-25 05:00:00,27.0,94,25.9,0.0,5.5,58,9.4,970.9,102.4,63.1,524.0,21.3,22.8,69.0
2024-07-25 06:00:00,27.2,92,25.9,0.1,1.3,34,9.7,971.3,105.7,58.9,498.0,22.2,22.0,68.0
2024-07-25 07:00:00,27.8,90,26.0,0.0,2.0,225,8.3,971.4,101.3,56.0,462.0,23.3,20.8,68.0
2024-07-25 08:00:00,29.0,86,26.5,0.1,1.1,72,9.0,971.7,95.9,53.8,432.0,22.7,20.2,79.0
2024-07-25 09:00:00,30.7,80,26.8,0.1,3.4,58,15.1,972.3,94.5,54.2,414.0,18.6,20.6,111.0
2024-07-25 10:00:00,31.5,76,26.9,0.2,2.3,51,15.1,972.2,88.9,52.9,403.0,12.7,21.5,155.0
2024-07-25 11:00:00,32.2,74,26.9,0.2,3.6,84,14.0,971.8,68.7,42.1,395.0,8.4,22.0,189.0
2024-07-25 12:00:00,33.0,71,27.1,0.3,3.8,107,15.5,971.3,65.0,41.0,390.0,7.0,21.5,206.0
2024-07-25 13:00:00,33.4,69,26.9,0.2,3.3,96,14.8,970.2,63.6,40.9,390.0,7.2,20.7,215.0
2024-07-25 14:00:00,33.5,67,26.6,0.2,1.9,68,14.0,969.5,65.0,42.0,395.0,8.3,20.4,219.0
2024-07-25 15:00:00,34.2,64,26.4,0.0,2.1,31,11.9,969.1,68.5,44.8,396.0,9.3,21.2,224.0
2024-07-25 16:00:00,34.0,63,26.0,0.0,4.2,20,12.6,968.5,71.2,46.3,403.0,11.1,22.6,224.0
2024-07-25 17:00:00,33.7,65,26.2,0.0,5.4,20,14.0,968.1,69.8,46.6,411.0,16.0,29.1,215.0
2024-07-25 18:00:00,32.7,69,26.3,0.0,2.8,140,10.8,969.0,71.9,48.4,613.0,36.1,33.3,170.0
2024-07-25 19:00:00,31.6,79,27.5,0.0,2.9,120,4.7,970.0,95.7,65.2,891.0,63.6,39.0,108.0
2024-07-25 20:00:00,30.9,81,27.2,0.0,3.6,37,4.7,970.8,109.9,75.4,1093.0,82.6,43.1,61.0
2024-07-25 21:00:00,30.6,79,26.5,0.0,7.8,103,11.5,971.9,117.6,81.0,1158.0,85.5,44.5,43.0
2024-07-25 22:00:00,30.1,80,26.3,0.0,9.3,144,15.5,972.3,115.0,79.4,1147.0,79.9,44.2,40.0
2024-07-25 23:00:00,29.5,83,26.4,0.0,8.7,150,15.1,972.4,108.0,74.5,1096.0,72.7,42.1,38.0
2024-07-26 00:00:00,29.0,87,26.6,0.0,9.7,158,14.0,972.0,98.0,67.8,1002.0,65.7,37.2,34.0
2024-07-26 01:00:00,27.8,92,26.4,1.6,6.9,174,22.7,971.5,91.7,63.6,869.0,57.1,30.5,32.0
2024-07-26 02:00:00,27.4,94,26.4,0.6,8.0,172,13.3,971.8,81.3,56.2,741.0,48.6,25.2,32.0
2024-07-26 03:00:00,27.2,96,26.5,0.1,2.5,172,12.6,971.9,74.7,51.5,624.0,39.8,22.1,36.0
2024-07-26 04:00:00,27.1,97,26.6,0.0,2.5,98,5.0,972.0,64.3,44.5,512.0,31.1,20.3,43.0
2024-07-26 05:00:00,27.0,97,26.5,0.0,1.8,79,7.9,972.2,63.6,43.3,419.0,27.0,25.1,48.0
2024-07-26 06:00:00,27.7,94,26.6,6.1,8.8,9,14.8,973.5,58.3,39.7,443.0,27.7,26.7,52.0
2024-07-26 07:00:00,27.6,95,26.8,0.6,11.8,40,20.2,973.5,60.1,41.0,474.0,28.4,29.0,60.0
2024-07-26 08:00:00,28.1,94,27.1,0.6,3.8,41,21.2,973.3,62.9,43.1,486.0,27.7,31.4,75.0
2024-07-26 09:00:00,28.7,91,27.1,0.6,3.3,283,11.9,974.2,61.9,42.7,461.0,24.3,34.3,103.0
2024-07-26 10:00:00,29.7,87,27.4,0.3,2.9,360,11.2,974.0,58.2,40.3,417.0,19.3,37.2,138.0
2024-07-26 11:00:00,30.7,83,27.4,0.2,5.6,315,17.3,973.9,56.6,39.2,382.0,15.1,38.9,171.0
2024-07-26 12:00:00,32.0,75,27.0,0.1,4.9,306,19.8,973.5,54.9,38.1,365.0,11.9,38.1,199.0
2024-07-26 13:00:00,32.6,70,26.5,0.1,8.2,308,19.1,972.6,53.2,36.9,358.0,9.5,35.9,224.0
2024-07-26 14:00:00,32.5,68,25.8,0.1,10.3,306,21.2,971.8,58.2,40.2,361.0,8.7,34.4,241.0
2024-07-26 15:00:00,32.6,67,25.8,0.0,11.6,324,23.4,971.0,61.2,42.1,347.0,7.8,34.0,250.0
2024-07-26 16:00:00,32.5,67,25.7,0.0,9.1,326,22.7,970.7,63.6,43.8,343.0,8.6,34.3,250.0
2024-07-26 17:00:00,32.2,69,25.9,0.0,8.0,342,18.0,970.9,71.7,48.0,367.0,15.1,24.6,188.0
2024-07-26 18:00:00,32.3,71,26.4,0.0,5.1,352,16.2,971.4,79.9,53.9,582.0,37.7,28.5,148.0
2024-07-26 19:00:00,31.1,83,27.9,0.0,3.9,56,8.3,971.9,98.0,66.8,886.0,69.0,34.1,92.0
2024-07-26 20:00:00,30.6,81,27.1,0.0,3.8,73,5.4,972.5,116.4,79.4,1164.0,93.8,39.8,47.0
2024-07-26 21:00:00,30.0,83,26.8,0.0,11.7,79,14.8,973.6,133.2,91.3,1432.0,108.5,46.7,24.0
2024-07-26 22:00:00,28.9,85,26.1,0.1,10.2,82,27.7,973.9,148.1,101.5,1675.0,116.7,53.8,12.0
2024-07-26 23:00:00,28.5,88,26.4,0.0,7.4,113,16.6,974.1,144.8,99.9,1728.0,113.7,55.9,10.0
2024-07-27 00:00:00,28.5,90,26.6,0.0,3.6,135,11.9,974.0,116.6,80.3,1437.0,91.3,48.8,22.0
2024-07-27 01:00:00,28.2,93,27.0,0.0,2.2,189,5.8,973.6,98.0,66.8,957.0,57.6,36.8,42.0
2024-07-27 02:00:00,28.1,92,26.8,0.0,2.4,297,3.6,973.5,86.4,58.4,590.0,32.7,27.5,56.0
2024-07-27 03:00:00,28.1,93,26.9,0.0,2.8,310,5.4,973.6,77.1,52.4,471.0,26.2,24.0,53.0
2024-07-27 04:00:00,28.0,92,26.6,0.0,7.2,3,10.4,973.7,72.4,49.8,464.0,28.4,23.2,42.0
2024-07-27 05:00:00,28.0,91,26.4,0.1,7.0,21,14.4,973.7,97.3,67.5,613.0,27.7,27.1,64.0
2024-07-27 06:00:00,28.7,91,27.0,0.0,6.5,84,12.6,974.8,87.5,60.1,608.0,28.6,30.4,72.0
2024-07-27 07:00:00,29.5,87,27.1,0.0,3.6,90,13.3,975.4,78.5,53.3,598.0,29.6,34.9,83.0
2024-07-27 08:00:00,30.5,81,27.0,0.0,1.5,76,10.8,975.8,64.0,43.4,570.0,28.7,37.4,98.0
2024-07-27 09:00:00,31.7,78,27.3,0.0,5.2,65,17.6,976.3,52.0,35.4,506.0,24.0,36.2,118.0
2024-07-27 10:00:00,32.7,74,27.4,0.0,6.1,62,20.5,976.2,49.6,34.1,424.0,17.4,33.0,142.0
2024-07-27 11:00:00,33.7,68,26.9,0.0,7.2,90,20.5,976.0,36.6,25.3,360.0,12.4,29.9,159.0
2024-07-27 12:00:00,33.8,64,26.2,0.0,7.6,95,19.8,975.1,49.0,33.9,329.0,10.2,27.3,166.0
2024-07-27 13:00:00,30.6,80,26.7,3.7,15.8,107,35.6,975.3,47.3,32.8,315.0,9.6,24.8,166.0
2024-07-27 14:00:00,30.2,82,26.8,0.4,8.7,107,31.0,974.8,47.4,32.9,313.0,10.1,22.9,162.0
2024-07-27 15:00:00,31.1,79,27.1,0.1,7.4,67,18.7,974.3,51.6,35.9,309.0,10.7,21.7,156.0
2024-07-27 16:00:00,31.2,80,27.3,0.1,6.5,71,17.3,974.4,42.6,29.7,315.0,12.5,21.2,145.0
2024-07-27 17:00:00,31.0,81,27.2,0.0,6.8,65,15.5,974.0,54.2,38.0,361.0,18.2,23.0,127.0
2024-07-27 18:00:00,32.5,74,27.2,0.0,5.4,48,13.3,973.4,57.4,40.0,552.0,35.3,27.4,100.0
2024-07-27 19:00:00,31.5,83,28.2,0.0,3.9,34,9.4,974.0,68.9,48.2,815.0,58.8,33.5,63.0
2024-07-27 20:00:00,31.0,83,27.9,0.0,3.1,69,5.0,974.7,82.9,58.0,1006.0,75.0,37.5,34.0
2024-07-27 21:00:00,30.0,86,27.5,0.0,7.8,158,13.7,975.7,88.2,61.7,1067.0,77.7,38.0,23.0
2024-07-27 22:00:00,29.7,86,27.2,0.0,5.5,203,11.5,976.0,87.8,61.2,1056.0,73.1,36.5,21.0
2024-07-27 23:00:00,29.4,92,28.0,0.0,0.5,315,7.9,975.5,84.3,58.9,1007.0,66.9,34.0,21.0
2024-07-28 00:00:00,29.1,94,28.0,0.0,0.8,117,1.4,975.2,77.3,54.0,908.0,59.8,30.2,23.0
2024-07-28 01:00:00,29.0,94,27.9,0.0,2.1,59,2.9,975.1,70.5,49.4,770.0,51.1,25.3,27.0
2024-07-28 02:00:00,29.0,93,27.8,0.0,4.7,23,7.6,974.4,66.1,46.2,659.0,44.0,21.7,30.0
2024-07-28 03:00:00,29.0,92,27.5,0.0,6.0,65,9.7,974.6,63.1,44.1,604.0,40.1,20.2,28.0
2024-07-28 04:00:00,28.8,90,27.0,0.0,5.8,68,9.7,974.7,61.0,42.7,575.0,37.8,19.9,24.0
2024-07-28 05:00:00,28.6,89,26.6,0.0,6.4,63,10.8,975.0,68.2,47.7,682.0,48.6,20.7,14.0
2024-07-28 06:00:00,29.1,88,27.0,0.0,5.7,18,10.4,975.9,68.7,48.1,635.0,41.9,22.9,42.0
2024-07-28 07:00:00,30.5,82,27.0,0.0,5.1,45,11.9,976.4,70.3,49.4,569.0,32.4,25.9,81.0
2024-07-28 08:00:00,32.1,75,27.0,0.0,6.5,84,15.5,976.6,65.2,45.6,506.0,24.1,28.2,117.0
2024-07-28 09:00:00,33.5,66,26.4,0.0,10.1,88,28.1,976.8,62.6,43.8,453.0,18.0,29.5,147.0
2024-07-28 10:00:00,34.2,64,26.5,0.0,14.1,105,32.8,976.6,62.2,43.4,403.0,13.1,30.2,174.0
2024-07-28 11:00:00,31.7,74,26.5,3.9,13.9,111,40.7,976.7,65.0,45.4,365.0,9.5,29.9,192.0
2024-07-28 12:00:00,30.2,81,26.5,0.7,8.7,85,28.1,975.8,62.6,43.8,342.0,7.5,27.8,198.0
2024-07-28 13:00:00,32.1,76,27.4,0.3,9.8,98,21.6,974.9,60.1,41.9,330.0,6.8,24.6,194.0
2024-07-28 14:00:00,34.5,66,27.2,0.0,11.5,104,24.8,973.9,55.6,38.8,326.0,7.2,22.5,189.0
2024-07-28 15:00:00,35.3,60,26.5,0.0,12.0,99,24.5,973.2,56.3,39.2,314.0,7.4,22.3,186.0
2024-07-28 16:00:00,35.1,60,26.1,0.0,12.1,100,24.5,972.8,54.9,38.0,309.0,8.7,23.1,181.0
2024-07-28 17:00:00,34.5,62,26.0,0.0,11.6,83,22.7,972.6,49.7,22.3,332.0,14.3,19.3,142.0
2024-07-28 18:00:00,33.3,67,26.5,0.0,11.2,96,24.1,973.5,51.0,27.9,464.0,27.5,22.0,114.0
2024-07-28 19:00:00,32.2,71,26.2,0.0,9.8,96,19.1,973.7,55.2,33.5,643.0,45.5,25.8,76.0
2024-07-28 20:00:00,31.5,74,26.4,0.0,7.6,109,15.8,974.4,58.6,35.9,758.0,57.1,28.1,47.0
2024-07-28 21:00:00,30.8,78,26.5,0.0,6.9,118,12.6,974.9,56.1,34.2,752.0,56.3,27.9,38.0
2024-07-28 22:00:00,30.2,80,26.5,0.0,7.4,113,12.2,975.1,53.4,33.1,682.0,49.1,26.4,38.0
2024-07-28 23:00:00,29.8,82,26.4,0.0,8.6,105,13.7,975.3,52.6,32.4,612.0,42.2,24.6,39.0
2024-07-29 00:00:00,29.4,83,26.2,0.0,8.0,108,13.7,975.2,49.7,31.1,562.0,37.7,22.8,39.0
2024-07-29 01:00:00,29.0,85,26.2,0.0,7.4,104,13.0,975.1,47.0,30.9,512.0,33.5,20.8,39.0
2024-07-29 02:00:00,28.6,86,26.1,0.0,7.6,95,12.6,974.7,45.4,30.7,470.0,29.7,19.3,40.0
2024-07-29 03:00:00,28.5,88,26.2,0.0,8.3,92,13.3,974.6,44.7,29.9,438.0,26.5,18.5,38.0
2024-07-29 04:00:00,28.5,88,26.2,0.0,8.6,90,14.0,975.0,43.5,28.3,414.0,23.8,18.1,37.0
2024-07-29 05:00:00,28.5,88,26.2,0.0,10.1,90,16.2,975.4,47.7,30.3,397.0,21.5,18.7,41.0
2024-07-29 06:00:00,28.9,85,26.1,0.0,12.3,95,20.5,975.6,47.0,29.3,411.0,21.0,20.7,52.0
2024-07-29 07:00:00,29.9,82,26.4,0.0,14.0,91,25.6,976.5,48.7,30.6,427.0,20.2,23.5,68.0
2024-07-29 08:00:00,31.1,77,26.5,0.0,13.7,104,27.0,976.7,58.6,33.2,428.0,18.4,25.1,89.0
2024-07-29 09:00:00,32.4,71,26.5,0.0,14.2,117,28.1,976.9,60.8,35.2,397.0,14.8,24.6,118.0
2024-07-29 10:00:00,33.3,67,26.4,0.0,13.9,115,30.6,976.4,62.4,36.8,349.0,10.3,23.0,152.0
2024-07-29 11:00:00,34.1,65,26.5,0.1,13.2,112,31.0,975.9,61.0,35.7,311.0,6.9,21.4,176.0
2024-07-29 12:00:00,34.8,62,26.6,0.1,13.1,106,29.2,975.2,56.5,33.8,291.0,5.4,19.8,184.0
2024-07-29 13:00:00,35.5,59,26.3,0.0,14.3,102,29.2,974.3,50.8,32.6,281.0,5.2,18.2,183.0
2024-07-29 14:00:00,35.2,60,26.1,0.0,14.8,103,29.2,973.5,47.7,31.3,279.0,5.8,17.2,179.0
2024-07-29 15:00:00,34.5,63,26.3,0.0,14.0,102,28.8,972.9,49.2,30.2,273.0,6.4,17.1,175.0
2024-07-29 16:00:00,33.8,65,26.4,0.0,13.7,108,26.3,972.4,51.9,29.4,275.0,7.9,17.6,168.0
2024-07-29 17:00:00,33.4,66,26.2,0.0,12.9,113,25.6,972.4,80.3,37.7,331.0,15.7,18.5,142.0
2024-07-29 18:00:00,33.4,66,26.2,0.0,8.6,105,22.7,973.5,87.8,47.6,493.0,31.7,21.9,113.0
2024-07-29 19:00:00,32.3,71,26.3,0.0,6.1,93,14.4,974.2,92.4,54.5,713.0,53.3,26.4,72.0
2024-07-29 20:00:00,31.9,72,26.2,0.0,8.2,105,13.3,975.2,92.4,56.8,852.0,66.8,29.2,42.0
2024-07-29 21:00:00,31.4,75,26.3,0.0,7.6,109,13.7,976.0,88.2,55.5,837.0,64.7,28.7,32.0
2024-07-29 22:00:00,31.0,77,26.5,0.0,8.1,103,13.0,976.2,83.8,53.4,741.0,54.4,26.4,33.0
2024-07-29 23:00:00,30.8,78,26.6,0.0,9.3,103,15.1,976.6,80.6,51.3,644.0,44.5,24.0,36.0
2024-07-30 00:00:00,30.5,80,26.6,0.0,10.9,117,17.3,976.5,76.6,48.7,565.0,37.3,21.8,38.0
2024-07-30 01:00:00,30.2,81,26.5,0.0,10.6,108,18.0,976.0,72.6,46.6,485.0,30.3,19.6,43.0
2024-07-30 02:00:00,29.8,83,26.5,0.0,9.2,111,16.9,975.4,71.0,44.6,422.0,25.3,18.1,45.0
2024-07-30 03:00:00,29.5,85,26.6,0.0,10.0,111,16.6,975.3,68.5,42.4,383.0,23.2,17.7,42.0
2024-07-30 04:00:00,29.1,86,26.5,0.0,10.1,107,16.6,975.5,63.1,40.5,362.0,23.0,18.0,38.0
2024-07-30 05:00:00,29.0,86,26.5,0.0,9.7,90,16.6,976.5,49.7,33.3,340.0,18.5,17.6,44.0
2024-07-30 06:00:00,30.1,84,27.1,0.0,9.4,94,16.9,977.0,48.3,32.5,363.0,18.9,19.1,52.0
2024-07-30 07:00:00,31.0,81,27.5,0.0,10.4,110,20.2,977.4,48.1,32.6,393.0,19.3,21.3,64.0
2024-07-30 08:00:00,32.2,77,27.6,0.0,10.5,121,21.2,977.3,49.6,34.2,406.0,18.5,22.9,82.0
2024-07-30 09:00:00,33.5,69,27.1,0.1,11.7,137,24.1,977.3,53.7,37.5,386.0,15.4,23.6,112.0
2024-07-30 10:00:00,34.8,63,26.7,0.0,13.0,136,26.6,977.6,57.2,39.6,349.0,11.0,23.8,148.0
2024-07-30 11:00:00,35.5,60,26.5,0.0,11.5,139,26.6,977.3,57.6,39.0,320.0,7.8,23.7,177.0
2024-07-30 12:00:00,35.5,60,26.5,0.0,11.4,145,24.8,976.9,55.5,37.0,308.0,6.5,23.0,192.0
2024-07-30 13:00:00,35.6,60,26.7,0.0,12.1,150,24.8,976.4,54.2,35.4,304.0,6.2,22.0,200.0
2024-07-30 14:00:00,36.2,58,26.5,0.0,11.2,147,25.6,975.4,51.9,33.2,308.0,7.1,21.7,203.0
2024-07-30 15:00:00,36.3,56,26.3,0.0,10.5,139,24.1,974.8,55.4,34.9,305.0,7.8,22.3,206.0
2024-07-30 16:00:00,36.0,57,26.1,0.0,8.7,128,21.6,974.7,54.8,34.0,311.0,9.6,23.5,204.0
2024-07-30 17:00:00,35.5,59,26.4,0.0,7.9,120,18.0,974.2,72.6,46.3,357.0,15.0,25.1,190.0
2024-07-30 18:00:00,34.2,66,26.9,0.0,5.9,137,15.5,975.3,85.0,56.3,609.0,38.5,29.6,148.0
2024-07-30 19:00:00,32.5,76,27.9,0.0,5.2,115,10.1,975.8,102.2,68.5,953.0,70.6,35.6,89.0
2024-07-30 20:00:00,32.1,75,27.2,0.0,4.9,144,6.8,976.6,108.7,72.6,1185.0,91.9,39.5,44.0
2024-07-30 21:00:00,31.6,77,27.1,0.0,6.3,121,9.7,976.8,107.1,69.8,1205.0,92.9,39.7,27.0
2024-07-30 22:00:00,31.4,77,26.9,0.0,8.4,133,14.4,977.4,105.5,68.0,1114.0,83.1,37.6,23.0
2024-07-30 23:00:00,30.8,80,26.9,0.0,10.1,178,15.1,976.6,103.8,67.3,1001.0,72.2,34.4,23.0
2024-07-31 00:00:00,29.9,83,26.6,0.0,8.9,194,19.1,976.7,99.4,62.4,882.0,62.1,29.3,23.0
2024-07-31 01:00:00,29.4,85,26.5,0.0,7.9,204,14.0,976.7,98.7,57.4,743.0,50.8,22.9,26.0
2024-07-31 02:00:00,29.2,85,26.5,0.0,7.1,210,12.6,976.5,88.9,49.0,632.0,42.3,18.2,28.0
2024-07-31 03:00:00,28.8,88,26.5,0.1,10.6,24,16.2,977.2,78.9,43.9,571.0,39.0,16.3,25.0
2024-07-31 04:00:00,28.2,89,26.3,0.1,8.5,62,18.0,977.0,77.3,44.2,539.0,38.6,16.2,21.0
2024-07-31 05:00:00,28.0,89,26.1,0.0,7.0,78,15.1,976.9,48.2,30.2,370.0,18.2,12.4,56.0
2024-07-31 06:00:00,28.3,91,26.7,0.1,7.8,304,15.8,976.8,40.0,25.3,390.0,20.0,14.7,57.0
2024-07-31 07:00:00,28.5,87,26.1,0.0,8.2,322,19.1,976.9,32.0,20.6,418.0,22.4,17.9,59.0
2024-07-31 08:00:00,29.5,82,26.1,0.0,5.8,356,15.5,976.9,25.0,16.3,441.0,24.3,20.8,64.0
2024-07-31 09:00:00,30.5,78,26.2,0.0,2.3,18,15.1,977.6,25.6,16.9,457.0,25.1,23.3,74.0
2024-07-31 10:00:00,32.3,72,26.7,0.0,6.1,130,17.6,978.2,25.1,16.9,469.0,25.4,25.6,86.0
2024-07-31 11:00:00,34.0,65,26.5,0.0,3.7,169,18.0,977.8,26.3,17.9,469.0,24.9,26.9,98.0
2024-07-31 12:00:00,35.0,63,26.9,0.0,4.7,176,16.9,977.3,26.4,17.9,446.0,23.0,26.5,109.0
2024-07-31 13:00:00,35.9,60,27.0,0.0,3.2,180,16.2,976.3,26.1,17.8,410.0,20.5,25.1,120.0
2024-07-31 14:00:00,36.3,57,26.5,0.0,3.4,212,14.8,975.0,23.9,16.3,392.0,19.4,24.2,128.0
2024-07-31 15:00:00,36.5,56,26.2,0.0,0.5,315,13.7,974.4,24.7,16.9,388.0,19.4,24.3,135.0
2024-07-31 16:00:00,36.2,55,25.8,0.0,8.3,95,16.2,973.9,25.4,17.3,401.0,20.9,25.0,138.0
2024-07-31 17:00:00,32.5,71,26.6,0.0,13.2,119,26.3,974.5,111.1,62.9,623.0,39.1,18.5,95.0
2024-07-31 18:00:00,34.0,75,29.1,0.0,6.2,324,11.2,972.6,125.7,69.4,722.0,47.5,21.2,79.0
2024-07-31 19:00:00,28.6,92,27.2,26.9,12.0,129,16.2,975.4,124.3,74.0,851.0,58.5,24.7,58.0
2024-07-31 20:00:00,27.4,95,26.5,36.3,16.9,178,28.8,975.5,101.5,62.4,900.0,63.0,26.4,43.0
2024-07-31 21:00:00,27.1,95,26.2,59.3,18.2,155,29.5,976.7,64.3,41.1,793.0,54.7,24.3,42.0
2024-07-31 22:00:00,26.8,95,26.0,51.1,15.9,183,36.0,977.0,44.0,28.4,605.0,39.8,20.4,47.0
2024-07-31 23:00:00,26.6,96,26.0,27.7,16.3,172,28.4,977.0,36.4,23.3,455.0,28.3,17.1,50.0
2024-08-01 00:00:00,26.7,96,26.0,25.1,19.3,189,35.6,975.6,37.6,24.6,390.0,24.4,15.5,48.0
2024-08-01 01:00:00,26.9,96,26.1,15.3,10.8,165,36.4,975.7,38.4,25.5,361.0,23.8,14.5,45.0
2024-08-01 02:00:00,26.9,97,26.4,6.0,7.8,158,19.1,975.5,37.5,25.2,342.0,23.8,14.1,42.0
2024-08-01 03:00:00,26.7,97,26.2,3.9,11.2,135,24.8,975.4,36.2,24.4,321.0,23.5,14.0,39.0
2024-08-01 04:00:00,26.2,97,25.7,1.7,13.4,166,23.4,975.3,35.4,24.1,310.0,23.7,14.5,37.0
2024-08-01 05:00:00,26.0,97,25.5,1.5,10.3,168,26.6,975.5,46.1,29.9,295.0,22.6,16.5,46.0
2024-08-01 06:00:00,25.7,96,25.0,3.8,6.8,155,11.9,976.5,46.0,30.2,329.0,24.3,19.2,47.0
2024-08-01 07:00:00,26.0,94,24.9,1.9,3.3,221,11.9,977.1,46.8,30.9,376.0,26.5,23.0,49.0
2024-08-01 08:00:00,26.4,93,25.1,1.9,3.6,96,8.6,977.3,46.6,30.5,404.0,26.8,26.3,60.0
2024-08-01 09:00:00,27.9,85,25.1,0.9,6.2,126,15.5,977.4,46.3,30.2,395.0,23.5,28.7,86.0
2024-08-01 10:00:00,29.4,77,24.9,0.1,7.1,114,17.3,977.4,45.2,29.2,367.0,18.4,30.7,120.0
2024-08-01 11:00:00,29.9,74,24.7,0.2,5.5,113,17.3,977.5,43.8,28.4,346.0,14.0,32.1,153.0
2024-08-01 12:00:00,30.2,71,24.5,0.2,6.3,114,15.5,976.6,40.3,26.1,342.0,11.1,33.0,183.0
2024-08-01 13:00:00,31.0,69,24.6,0.1,7.1,131,18.4,975.7,42.5,28.1,345.0,8.9,33.4,211.0
2024-08-01 14:00:00,31.6,69,25.2,0.0,6.8,122,19.8,974.7,44.0,29.2,354.0,8.4,33.2,227.0
2024-08-01 15:00:00,31.5,70,25.4,0.0,4.1,135,18.7,974.0,45.2,29.9,350.0,8.6,31.5,227.0
2024-08-01 16:00:00,31.3,71,25.3,0.0,6.2,97,15.8,973.7,46.8,31.0,352.0,10.4,29.2,214.0
2024-08-01 17:00:00,30.9,72,25.2,0.1,6.2,97,15.5,973.4,55.8,36.4,381.0,18.0,24.5,171.0
2024-08-01 18:00:00,30.5,74,25.4,0.0,3.6,143,8.3,974.6,61.5,40.7,581.0,36.9,28.4,136.0
2024-08-01 19:00:00,29.4,79,25.4,0.0,5.4,143,7.6,975.4,77.5,52.6,854.0,62.7,33.7,89.0
2024-08-01 20:00:00,28.5,81,25.0,0.1,13.2,163,20.5,976.4,88.0,60.1,1039.0,79.7,37.7,53.0
2024-08-01 21:00:00,27.8,86,25.1,0.2,8.3,146,21.6,976.7,81.5,56.1,1055.0,79.7,39.2,41.0
2024-08-01 22:00:00,27.2,90,25.5,0.0,3.0,194,13.3,976.8,76.8,53.3,984.0,70.9,39.3,41.0
2024-08-01 23:00:00,26.9,93,25.7,0.0,3.8,221,5.0,976.8,81.5,56.5,908.0,62.8,38.5,41.0
2024-08-02 00:00:00,27.0,91,25.4,0.1,1.1,72,4.3,976.4,81.0,56.1,856.0,58.9,36.5,35.0
2024-08-02 01:00:00,26.5,95,25.6,0.1,3.1,36,5.4,975.9,74.0,51.5,801.0,55.6,33.6,30.0
2024-08-02 02:00:00,26.2,96,25.5,0.3,5.6,130,8.6,975.5,64.5,45.1,741.0,51.9,30.9,26.0
2024-08-02 03:00:00,25.9,94,24.9,0.6,6.6,112,15.1,975.2,60.8,42.5,675.0,47.1,28.6,25.0
2024-08-02 04:00:00,25.7,94,24.7,0.0,6.5,109,11.2,975.2,56.5,39.6,604.0,41.7,26.5,26.0
2024-08-02 05:00:00,25.7,95,24.8,0.0,5.2,106,11.2,975.3,64.5,45.3,604.0,39.2,27.3,30.0
2024-08-02 06:00:00,26.6,93,25.4,0.1,6.1,140,11.9,975.4,47.4,33.4,524.0,33.6,24.9,46.0
2024-08-02 07:00:00,27.0,91,25.4,0.0,5.8,112,14.0,975.8,33.2,23.4,414.0,25.7,21.6,68.0
2024-08-02 08:00:00,28.5,83,25.2,0.0,12.3,111,23.8,976.1,27.8,19.6,329.0,18.9,19.1,90.0
2024-08-02 09:00:00,29.6,80,25.7,0.0,11.6,116,31.7,976.2,27.4,19.3,296.0,14.5,18.3,110.0
2024-08-02 10:00:00,30.4,77,26.0,0.0,12.7,119,32.0,975.9,32.6,22.9,290.0,11.1,18.4,129.0
2024-08-02 11:00:00,31.4,71,25.5,0.0,15.0,120,32.4,975.4,34.5,24.2,288.0,8.8,18.2,144.0
2024-08-02 12:00:00,31.0,73,25.6,0.1,15.5,115,32.4,974.2,34.1,23.9,284.0,7.3,17.4,154.0
2024-08-02 13:00:00,31.7,71,25.7,0.1,15.2,121,34.9,973.8,34.1,22.6,284.0,6.7,16.3,159.0
2024-08-02 14:00:00,32.0,70,26.0,0.0,14.7,126,33.1,972.6,36.2,22.8,292.0,7.5,15.6,159.0
2024-08-02 15:00:00,32.5,69,26.1,0.0,13.8,129,32.4,972.1,36.4,22.4,301.0,9.4,15.1,151.0
2024-08-02 16:00:00,31.5,70,25.5,0.7,17.1,134,31.7,972.2,36.0,21.9,316.0,12.6,14.9,137.0
2024-08-02 17:00:00,30.0,76,25.2,0.9,12.1,120,31.3,972.7,39.9,28.0,388.0,20.4,21.1,129.0
2024-08-02 18:00:00,28.0,85,25.1,0.0,7.6,135,23.0,973.4,43.2,30.3,549.0,36.0,24.9,103.0
2024-08-02 19:00:00,27.7,86,25.1,0.0,7.4,119,13.7,974.2,57.2,40.0,766.0,57.0,29.9,66.0
2024-08-02 20:00:00,27.7,87,25.2,0.0,9.4,97,15.5,975.1,57.9,40.6,889.0,68.9,32.5,41.0
2024-08-02 21:00:00,27.6,89,25.6,0.0,8.7,95,15.5,975.7,49.4,34.7,831.0,63.1,30.3,37.0
2024-08-02 22:00:00,27.6,90,25.8,0.0,8.2,113,14.0,976.1,42.7,30.0,679.0,48.2,25.6,45.0
2024-08-02 23:00:00,27.5,89,25.5,0.0,10.0,111,16.6,976.1,38.1,26.8,548.0,35.6,21.5,51.0
2024-08-03 00:00:00,27.0,89,25.0,0.1,12.9,113,23.4,976.2,34.0,24.0,479.0,29.8,18.9,51.0
2024-08-03 01:00:00,27.0,90,25.3,0.0,10.6,125,20.5,975.8,31.5,22.2,431.0,26.2,16.9,51.0
2024-08-03 02:00:00,26.7,92,25.2,0.0,7.6,115,17.3,975.5,31.0,21.8,392.0,23.4,15.5,51.0
2024-08-03 03:00:00,26.5,92,25.1,0.1,10.0,105,16.6,975.3,31.1,21.9,358.0,20.6,15.1,54.0
2024-08-03 04:00:00,26.3,93,25.1,0.0,9.6,110,17.3,975.6,31.3,22.1,334.0,18.4,15.4,57.0
2024-08-03 05:00:00,26.2,94,25.1,0.0,10.2,113,16.6,976.1,34.7,24.6,375.0,23.4,16.4,47.0
2024-08-03 06:00:00,27.2,90,25.5,0.1,14.6,110,23.4,976.1,27.7,19.6,373.0,22.3,16.2,50.0
2024-08-03 07:00:00,28.2,86,25.6,0.0,16.6,129,29.2,976.6,21.2,15.0,370.0,20.7,15.9,56.0
2024-08-03 08:00:00,29.2,81,25.7,0.0,16.8,133,34.2,977.0,25.1,17.7,361.0,18.4,15.7,67.0
2024-08-03 09:00:00,30.1,77,25.8,0.0,15.7,122,33.8,977.5,29.0,20.5,341.0,14.9,15.7,89.0
2024-08-03 10:00:00,31.0,73,25.6,0.0,16.3,121,32.4,977.6,29.8,21.0,314.0,10.7,15.9,116.0
2024-08-03 11:00:00,30.5,73,25.1,0.9,18.5,123,35.3,977.6,31.7,22.3,293.0,7.5,15.9,139.0
2024-08-03 12:00:00,31.2,74,26.0,0.1,17.6,118,36.7,977.3,32.0,22.5,280.0,5.7,15.7,155.0
2024-08-03 13:00:00,32.5,70,26.4,0.1,19.1,122,38.5,976.5,33.4,23.5,271.0,4.8,15.3,167.0
2024-08-03 14:00:00,31.4,72,25.7,0.3,19.6,122,40.3,976.0,33.4,23.5,270.0,5.0,15.4,172.0
2024-08-03 15:00:00,31.5,72,25.8,0.0,17.9,118,35.6,975.2,36.6,22.8,270.0,5.8,16.1,171.0
2024-08-03 16:00:00,32.0,69,25.6,0.1,17.1,118,36.0,974.8,36.7,22.9,276.0,7.8,17.1,163.0
2024-08-03 17:00:00,31.8,69,25.5,0.0,15.8,114,31.0,974.8,59.8,36.7,322.0,14.1,20.2,150.0
2024-08-03 18:00:00,30.2,77,25.8,0.0,6.9,133,20.5,976.1,59.3,38.2,435.0,25.7,22.6,123.0
2024-08-03 19:00:00,29.0,82,25.6,0.0,5.9,128,11.5,976.9,62.4,41.6,587.0,41.4,25.8,85.0
2024-08-03 20:00:00,28.6,83,25.5,0.0,7.0,111,11.2,977.7,63.6,43.2,686.0,51.5,27.8,56.0
2024-08-03 21:00:00,28.4,84,25.3,0.0,6.8,108,11.9,978.6,60.1,41.3,681.0,50.8,27.4,45.0
2024-08-03 22:00:00,28.0,85,25.2,0.0,9.7,117,15.5,979.0,56.9,39.5,622.0,44.6,25.8,43.0
2024-08-03 23:00:00,27.8,85,25.0,0.0,9.5,115,15.8,979.2,53.4,37.3,560.0,38.6,24.0,42.0
2024-08-04 00:00:00,27.5,84,24.7,0.0,9.7,117,15.8,979.2,51.2,34.6,508.0,34.5,22.2,40.0
2024-08-04 01:00:00,27.5,84,24.5,0.0,9.0,113,15.8,978.6,50.3,32.9,453.0,30.7,20.3,38.0
2024-08-04 02:00:00,27.5,84,24.5,0.0,9.5,115,15.5,978.3,49.1,32.4,410.0,27.9,19.2,37.0
2024-08-04 03:00:00,27.2,84,24.4,0.0,7.9,114,15.1,978.2,48.3,32.2,387.0,26.9,19.3,33.0
2024-08-04 04:00:00,27.0,86,24.5,0.0,7.6,90,18.4,978.4,48.7,32.6,377.0,26.8,20.1,30.0
2024-08-04 05:00:00,27.1,85,24.4,0.0,9.2,69,15.1,978.7,47.5,33.4,374.0,25.2,19.7,34.0
2024-08-04 06:00:00,27.5,84,24.7,0.0,9.8,82,17.6,978.6,49.5,34.8,363.0,22.4,20.3,48.0
2024-08-04 07:00:00,28.9,74,23.7,0.0,15.9,115,27.0,979.0,48.5,34.1,347.0,18.5,21.0,67.0
2024-08-04 08:00:00,29.7,73,24.4,0.0,15.6,116,29.5,979.5,43.7,30.7,328.0,14.7,20.8,86.0
2024-08-04 09:00:00,30.5,71,24.5,0.1,19.1,101,35.3,979.7,36.1,25.4,303.0,11.3,19.0,103.0
2024-08-04 10:00:00,31.4,66,24.4,0.0,22.8,95,41.4,979.9,33.9,23.9,274.0,8.1,16.3,118.0
2024-08-04 11:00:00,32.1,63,24.2,0.0,27.9,101,49.0,979.6,31.3,22.1,253.0,5.8,14.3,132.0
2024-08-04 12:00:00,32.7,60,24.0,0.0,25.6,104,49.3,978.8,30.0,21.1,243.0,4.4,13.8,145.0
2024-08-04 13:00:00,33.6,57,23.9,0.0,23.7,99,45.4,977.5,30.4,21.3,240.0,3.8,14.1,155.0
2024-08-04 14:00:00,33.5,58,24.0,0.0,23.0,91,46.4,976.3,34.3,20.1,248.0,4.7,14.3,157.0
2024-08-04 15:00:00,33.1,61,24.5,0.0,21.3,88,42.1,975.7,36.8,20.5,270.0,7.9,14.3,147.0
2024-08-04 16:00:00,33.0,63,24.9,0.0,17.1,75,37.8,975.2,33.9,21.1,302.0,12.5,14.2,129.0
2024-08-04 17:00:00,32.4,66,25.2,0.0,16.5,79,33.1,975.3,32.6,22.9,348.0,16.8,14.5,118.0
2024-08-04 18:00:00,30.0,76,25.5,0.0,13.3,71,24.5,976.4,31.3,22.1,357.0,18.7,14.9,105.0
2024-08-04 19:00:00,29.1,78,24.9,0.1,13.0,66,22.3,977.0,28.6,20.1,370.0,21.3,15.5,87.0
2024-08-04 20:00:00,29.2,78,25.0,0.0,16.9,66,27.4,977.8,28.5,20.0,375.0,22.8,16.0,72.0
2024-08-04 21:00:00,29.1,78,25.0,0.0,17.7,70,30.6,978.8,27.8,19.6,368.0,22.5,16.7,65.0
2024-08-04 22:00:00,28.8,78,24.5,0.0,19.5,62,32.8,978.8,26.4,18.6,355.0,21.2,17.4,62.0
2024-08-04 23:00:00,28.5,79,24.6,0.0,20.4,69,33.8,978.6,25.1,17.6,339.0,19.6,17.4,60.0
2024-08-05 00:00:00,28.2,79,24.3,0.0,22.7,79,38.2,978.5,24.2,16.9,320.0,17.6,16.2,58.0
2024-08-05 01:00:00,27.6,83,24.4,0.2,21.6,75,37.8,978.3,24.0,16.8,298.0,15.3,14.3,58.0
2024-08-05 02:00:00,27.5,83,24.3,0.0,22.5,78,37.4,977.8,24.7,17.3,281.0,13.4,13.0,58.0
2024-08-05 03:00:00,27.2,84,24.2,0.1,23.2,84,38.9,977.4,26.3,18.5,269.0,12.2,12.5,59.0
2024-08-05 04:00:00,27.2,84,24.3,0.0,24.5,87,41.0,977.2,28.1,19.7,261.0,11.4,12.6,61.0
2024-08-05 05:00:00,27.0,85,24.2,0.0,25.2,93,42.1,977.2,33.2,23.2,230.0,10.0,14.5,66.0
2024-08-05 06:00:00,26.6,90,25.0,0.1,22.4,96,37.1,978.5,31.8,22.3,247.0,10.9,15.9,65.0
2024-08-05 07:00:00,27.5,85,24.7,0.0,29.2,106,48.6,978.6,32.0,22.5,271.0,12.0,17.7,64.0
2024-08-05 08:00:00,28.0,82,24.8,0.0,28.7,110,51.1,978.9,30.7,21.7,283.0,12.2,18.5,67.0
2024-08-05 09:00:00,28.0,82,24.6,0.0,26.1,110,49.3,979.2,28.1,19.7,273.0,10.7,17.4,78.0
2024-08-05 10:00:00,30.0,73,24.6,0.0,28.2,115,49.7,978.9,27.9,19.7,251.0,8.3,15.3,94.0
2024-08-05 11:00:00,30.6,70,24.5,0.1,27.1,123,49.0,979.1,23.7,16.6,236.0,6.4,13.6,108.0
2024-08-05 12:00:00,31.4,67,24.5,0.2,24.7,127,47.9,978.7,28.5,20.1,232.0,5.3,12.5,120.0
2024-08-05 13:00:00,32.3,64,24.8,0.0,22.8,125,44.6,977.9,22.4,15.8,234.0,4.8,11.7,130.0
2024-08-05 14:00:00,32.5,64,24.7,0.0,21.8,128,41.4,976.6,22.1,15.5,242.0,5.2,11.6,137.0
2024-08-05 15:00:00,32.5,63,24.5,0.0,20.6,126,39.2,975.5,25.2,17.7,253.0,6.5,12.6,141.0
2024-08-05 16:00:00,32.5,63,24.5,0.0,18.6,126,36.7,975.3,26.6,18.2,270.0,8.8,14.4,141.0
2024-08-05 17:00:00,31.8,66,24.6,0.0,15.8,125,33.1,974.9,36.7,26.0,346.0,18.2,14.8,102.0
2024-08-05 18:00:00,30.1,72,24.5,0.0,12.5,139,29.2,976.6,39.2,27.9,372.0,22.0,16.2,89.0
2024-08-05 19:00:00,29.2,75,24.4,0.0,10.2,141,20.9,977.1,40.5,28.8,407.0,27.3,18.2,71.0
2024-08-05 20:00:00,28.6,79,24.5,0.0,8.3,146,17.3,977.8,41.4,29.5,427.0,30.7,19.5,57.0
2024-08-05 21:00:00,28.4,80,24.6,0.0,9.4,140,15.1,978.5,40.5,28.8,417.0,30.7,19.8,51.0
2024-08-05 22:00:00,28.5,79,24.6,0.0,12.0,141,19.8,978.8,39.0,27.8,392.0,28.8,19.4,49.0
2024-08-05 23:00:00,28.4,80,24.6,0.0,13.0,146,22.0,978.6,37.5,26.8,368.0,27.1,18.8,46.0
2024-08-06 00:00:00,28.1,82,24.7,0.0,10.7,140,21.6,978.1,36.2,25.8,348.0,26.0,17.7,42.0
2024-08-06 01:00:00,28.0,83,24.8,0.0,10.0,142,17.6,977.6,35.7,25.4,329.0,25.1,16.2,37.0
2024-08-06 02:00:00,27.6,84,24.8,0.0,10.1,145,16.6,977.2,35.5,25.2,315.0,24.6,15.3,33.0
2024-08-06 03:00:00,27.2,87,24.8,0.0,9.2,138,16.6,977.1,35.5,25.1,305.0,25.1,15.0,28.0
2024-08-06 04:00:00,26.9,88,24.7,0.0,8.9,140,14.8,977.2,35.6,25.0,300.0,26.1,15.2,23.0
2024-08-06 05:00:00,26.6,89,24.7,0.0,9.6,146,15.1,977.4,40.9,28.0,423.0,40.1,19.5,9.0
2024-08-06 06:00:00,27.1,89,25.1,0.0,10.0,154,16.2,977.5,36.2,24.9,394.0,34.3,19.9,18.0
2024-08-06 07:00:00,27.8,82,24.5,0.0,10.9,172,20.2,977.9,27.2,18.7,353.0,26.2,20.5,32.0
2024-08-06 08:00:00,28.8,77,24.4,0.0,9.7,176,20.5,977.8,22.5,15.5,320.0,19.5,21.5,49.0
2024-08-06 09:00:00,29.6,73,24.2,0.0,10.0,159,20.9,977.5,24.2,16.8,301.0,15.8,23.2,72.0
2024-08-06 10:00:00,29.8,73,24.5,0.1,11.9,177,23.0,977.3,29.8,20.6,289.0,13.4,25.2,98.0
2024-08-06 11:00:00,30.1,72,24.5,0.1,13.0,174,25.6,977.3,29.7,20.5,282.0,11.6,26.4,121.0
2024-08-06 12:00:00,30.9,69,24.6,0.1,13.0,175,26.3,976.8,31.5,21.7,278.0,9.8,26.2,141.0
2024-08-06 13:00:00,31.2,68,24.6,0.0,13.7,185,26.3,976.2,36.6,24.9,279.0,8.4,25.3,157.0
2024-08-06 14:00:00,31.6,66,24.5,0.0,15.7,189,29.5,975.6,38.3,25.7,282.0,8.3,24.4,165.0
2024-08-06 15:00:00,31.6,65,24.2,0.0,15.0,197,29.5,974.8,41.1,24.2,276.0,8.8,23.6,162.0
2024-08-06 16:00:00,32.0,62,23.9,0.0,13.5,196,28.1,974.5,43.3,24.6,272.0,10.5,22.8,151.0
2024-08-06 17:00:00,31.5,66,24.4,0.0,9.4,180,24.5,974.4,51.8,22.9,288.0,14.9,15.8,114.0
2024-08-06 18:00:00,31.0,72,25.2,0.0,6.5,199,16.2,974.6,55.1,29.8,436.0,29.5,19.1,89.0
2024-08-06 19:00:00,29.9,75,24.9,0.0,8.1,193,12.6,975.5,61.0,36.6,636.0,49.2,23.6,55.0
2024-08-06 20:00:00,29.2,77,24.7,0.0,8.6,202,14.0,976.3,59.1,37.3,754.0,61.0,26.2,31.0
2024-08-06 21:00:00,28.5,80,24.8,0.1,7.6,188,14.0,977.2,50.9,33.2,715.0,57.6,25.3,26.0
2024-08-06 22:00:00,28.1,82,24.9,0.0,9.4,182,14.8,977.8,42.7,28.9,595.0,46.4,22.4,31.0
2024-08-06 23:00:00,27.8,84,24.7,0.0,11.0,191,17.6,978.0,35.7,24.9,488.0,36.5,19.8,36.0
2024-08-07 00:00:00,27.4,82,24.0,0.0,11.0,199,18.0,977.6,31.2,22.1,428.0,31.3,17.9,38.0
2024-08-07 01:00:00,26.9,83,23.8,0.0,8.7,197,17.6,977.0,29.6,20.9,381.0,27.4,16.1,40.0
2024-08-07 02:00:00,26.5,85,23.8,0.0,7.8,193,13.7,976.7,29.2,20.5,343.0,24.4,15.0,41.0
2024-08-07 03:00:00,26.6,84,23.8,0.0,7.6,205,13.7,976.4,29.4,20.8,312.0,22.0,14.6,40.0
2024-08-07 04:00:00,26.5,85,23.9,0.0,5.8,173,11.9,976.7,30.2,21.4,290.0,20.4,14.8,39.0
2024-08-07 05:00:00,26.5,87,24.1,0.1,5.9,166,10.4,977.0,23.6,16.8,263.0,20.6,15.8,39.0
2024-08-07 06:00:00,26.9,87,24.5,0.1,5.2,155,10.1,977.0,26.0,17.6,288.0,22.4,17.2,38.0
2024-08-07 07:00:00,26.9,89,25.0,0.1,7.4,157,13.7,977.6,29.0,19.3,322.0,24.8,19.2,37.0
2024-08-07 08:00:00,27.1,88,25.0,0.3,9.3,152,17.3,978.3,31.8,20.9,347.0,26.3,21.3,40.0
2024-08-07 09:00:00,26.9,90,25.1,0.5,11.8,160,21.2,978.8,33.9,22.1,354.0,26.1,23.5,50.0
2024-08-07 10:00:00,27.0,89,25.1,0.4,10.6,170,22.3,978.9,36.0,23.5,352.0,25.1,25.8,64.0
2024-08-07 11:00:00,27.8,85,25.0,0.3,8.8,171,19.8,978.7,37.8,24.5,351.0,24.0,27.1,76.0
2024-08-07 12:00:00,28.8,80,24.9,0.1,7.6,172,17.6,978.1,35.0,22.5,351.0,22.8,26.6,85.0
2024-08-07 13:00:00,29.4,78,25.0,0.2,7.9,164,18.7,977.7,32.9,21.5,352.0,21.5,25.2,93.0
2024-08-07 14:00:00,29.9,76,25.1,0.2,6.9,141,18.7,977.0,38.4,25.6,362.0,21.7,24.6,98.0
2024-08-07 15:00:00,30.2,74,25.2,0.3,6.9,118,18.7,976.3,45.8,30.2,379.0,23.5,25.9,99.0
2024-08-07 16:00:00,29.0,80,25.1,0.8,7.1,105,17.3,976.1,50.5,32.7,405.0,26.6,28.0,98.0
2024-08-07 17:00:00,27.5,89,25.4,2.2,8.7,95,17.3,976.5,61.2,38.1,428.0,30.0,22.7,76.0
2024-08-07 18:00:00,27.9,85,25.1,0.2,8.8,199,16.9,977.5,66.8,42.7,515.0,38.7,24.8,61.0
2024-08-07 19:00:00,27.2,91,25.5,0.1,5.8,173,14.0,977.9,70.3,45.9,636.0,50.6,27.8,41.0
2024-08-07 20:00:00,26.8,91,25.2,0.2,3.0,194,9.4,978.9,74.7,49.7,730.0,59.1,30.0,25.0
2024-08-07 21:00:00,26.9,92,25.5,0.1,1.4,90,4.3,979.5,78.9,52.9,776.0,61.2,30.8,18.0
2024-08-07 22:00:00,26.8,91,25.2,1.2,2.0,135,4.0,979.7,76.6,52.0,795.0,60.0,30.9,15.0
2024-08-07 23:00:00,26.5,93,25.3,0.3,4.1,225,6.1,979.8,73.6,50.2,790.0,58.1,30.5,14.0
2024-08-08 00:00:00,26.1,95,25.3,0.4,5.5,259,9.0,979.4,70.8,48.2,756.0,56.3,29.4,13.0
2024-08-08 01:00:00,26.0,95,25.1,0.3,5.2,286,9.4,978.8,68.7,46.6,699.0,53.8,27.8,13.0
2024-08-08 02:00:00,25.9,96,25.1,0.5,5.2,286,9.4,978.5,67.8,45.2,637.0,50.7,26.4,14.0
2024-08-08 03:00:00,25.9,95,25.0,1.1,4.1,285,8.6,978.3,63.3,42.3,570.0,46.6,25.0,16.0
2024-08-08 04:00:00,25.6,96,25.0,2.5,3.7,281,10.4,978.3,57.0,38.0,499.0,42.0,23.9,18.0
2024-08-08 05:00:00,25.8,95,25.0,0.6,2.5,90,6.8,978.6,43.0,28.1,429.0,34.5,24.2,28.0
2024-08-08 06:00:00,25.7,93,24.5,0.0,9.0,92,16.9,979.1,34.8,21.9,447.0,34.3,27.6,31.0
2024-08-08 07:00:00,26.2,90,24.5,0.0,10.2,108,18.7,979.4,30.4,19.3,471.0,33.8,32.2,35.0
2024-08-08 08:00:00,27.5,82,24.3,0.1,11.8,113,23.4,979.9,30.4,20.1,476.0,31.9,35.7,48.0
2024-08-08 09:00:00,28.2,80,24.5,0.0,12.1,113,22.7,980.5,28.6,19.2,446.0,27.2,37.2,76.0
2024-08-08 10:00:00,29.7,74,24.5,0.1,12.0,111,24.8,980.5,31.7,21.6,397.0,21.1,37.4,112.0
2024-08-08 11:00:00,30.4,71,24.6,0.2,13.4,117,27.0,980.3,28.3,19.4,355.0,16.2,36.3,138.0
2024-08-08 12:00:00,31.1,73,25.6,0.2,12.6,127,27.7,979.8,24.6,17.0,325.0,13.4,32.5,146.0
2024-08-08 13:00:00,31.8,70,25.7,0.1,10.3,126,25.9,978.7,34.0,23.6,302.0,11.9,27.3,144.0
2024-08-08 14:00:00,31.5,71,25.6,0.1,8.5,118,22.7,977.8,33.1,23.1,299.0,12.1,24.2,142.0
2024-08-08 15:00:00,30.0,76,25.5,4.5,9.2,132,20.5,977.3,36.7,25.6,296.0,12.1,24.4,147.0
2024-08-08 16:00:00,29.8,78,25.5,0.2,0.7,270,19.4,977.2,39.3,27.5,312.0,13.9,26.6,153.0
2024-08-08 17:00:00,29.5,78,25.2,0.4,5.6,50,11.5,977.6,47.3,31.0,322.0,17.9,21.5,121.0
2024-08-08 18:00:00,27.9,88,25.6,0.7,4.3,138,15.1,978.7,55.9,37.7,567.0,35.5,27.8,95.0
2024-08-08 19:00:00,27.4,92,26.0,0.1,2.5,172,7.9,979.3,75.4,51.7,901.0,59.5,36.4,59.0
2024-08-08 20:00:00,26.8,96,26.1,0.0,3.9,146,5.4,979.8,85.4,58.7,1119.0,75.3,41.6,32.0
2024-08-08 21:00:00,27.3,91,25.7,0.0,2.1,59,5.4,980.7,83.1,57.5,1115.0,75.1,40.3,23.0
2024-08-08 22:00:00,26.8,94,25.8,0.0,4.1,128,4.0,980.8,80.1,55.6,996.0,66.7,35.7,24.0
2024-08-08 23:00:00,26.5,94,25.5,1.1,6.4,106,12.2,981.0,71.5,49.9,876.0,59.1,31.7,25.0
2024-08-09 00:00:00,26.2,95,25.3,3.6,5.2,56,11.5,980.6,64.7,45.5,793.0,55.7,30.0,24.0
2024-08-09 01:00:00,26.0,96,25.2,0.1,3.7,61,8.6,980.0,62.6,44.1,709.0,53.0,29.0,23.0
2024-08-09 02:00:00,25.8,96,25.1,0.0,5.3,62,10.1,980.0,62.4,44.0,633.0,49.4,27.9,24.0
2024-08-09 03:00:00,25.8,95,25.0,2.1,7.8,68,14.4,979.9,60.5,42.8,562.0,43.7,26.1,25.0
2024-08-09 04:00:00,25.7,96,25.0,3.0,7.3,79,14.4,980.0,56.0,39.6,498.0,37.0,24.2,27.0
2024-08-09 05:00:00,25.6,95,24.8,2.1,6.8,72,13.0,980.2,39.5,28.1,343.0,22.3,19.8,51.0
2024-08-09 06:00:00,26.1,93,24.8,0.1,10.2,82,18.4,980.6,39.3,27.9,368.0,23.2,22.6,55.0
2024-08-09 07:00:00,26.6,91,25.0,0.0,10.2,98,21.6,981.2,40.7,28.8,403.0,24.3,26.4,62.0
2024-08-09 08:00:00,27.5,87,25.1,0.0,8.4,115,20.9,981.6,41.1,29.0,422.0,24.1,29.1,72.0
2024-08-09 09:00:00,28.4,82,25.0,0.1,8.5,102,19.4,981.5,42.5,29.9,413.0,21.6,30.0,86.0
2024-08-09 10:00:00,30.0,74,25.0,0.1,9.1,99,21.2,981.5,40.3,28.4,389.0,17.8,29.7,103.0
2024-08-09 11:00:00,31.0,72,25.2,0.1,9.1,108,21.6,980.9,34.0,23.9,367.0,14.4,28.5,121.0
2024-08-09 12:00:00,31.5,72,25.8,0.0,9.8,114,21.6,980.3,29.7,20.8,351.0,11.3,25.5,142.0
2024-08-09 13:00:00,31.8,71,26.0,0.1,8.7,120,22.7,979.9,29.3,20.6,337.0,8.5,21.5,163.0
2024-08-09 14:00:00,31.7,71,25.9,0.2,6.6,119,20.5,979.1,30.0,21.1,332.0,7.6,18.9,176.0
2024-08-09 15:00:00,31.9,71,26.0,0.2,3.6,143,16.6,978.2,31.7,22.2,323.0,8.1,18.6,177.0
2024-08-09 16:00:00,29.0,81,25.5,5.3,14.0,113,25.6,978.3,32.2,22.6,323.0,10.4,19.6,169.0
2024-08-09 17:00:00,28.1,88,25.9,0.4,9.4,137,27.0,978.4,50.8,35.6,366.0,15.7,23.6,153.0
2024-08-09 18:00:00,29.2,80,25.4,0.0,2.4,27,7.9,979.1,55.6,39.0,506.0,30.0,25.9,122.0
2024-08-09 19:00:00,27.2,90,25.5,1.9,5.2,106,9.7,980.2,63.6,44.6,697.0,49.4,29.0,78.0
2024-08-09 20:00:00,26.5,93,25.4,2.8,5.1,129,10.4,980.8,69.8,49.1,828.0,62.7,31.4,46.0
2024-08-09 21:00:00,25.9,95,25.0,2.5,6.1,183,10.8,981.6,72.2,50.8,846.0,64.1,32.4,35.0
2024-08-09 22:00:00,25.6,95,24.8,0.2,6.8,177,14.8,981.3,72.9,51.2,803.0,59.2,32.7,34.0
2024-08-09 23:00:00,25.4,96,24.7,0.8,4.7,176,11.9,981.2,69.4,48.8,750.0,53.7,32.8,36.0
2024-08-10 00:00:00,25.2,97,24.8,0.1,3.7,101,8.3,980.8,60.8,42.8,694.0,48.6,32.8,38.0
2024-08-10 01:00:00,25.1,97,24.5,0.3,5.7,108,10.8,980.4,57.3,40.3,627.0,42.7,32.7,41.0
2024-08-10 02:00:00,25.0,97,24.5,1.1,3.1,21,9.4,980.1,57.5,40.4,577.0,38.6,32.7,43.0
2024-08-10 03:00:00,25.0,98,24.6,0.8,5.0,60,10.1,979.7,57.2,40.0,562.0,37.8,32.8,39.0
2024-08-10 04:00:00,25.2,96,24.5,0.2,6.4,63,10.4,979.3,58.3,40.9,564.0,38.7,33.0,34.0
2024-08-10 05:00:00,25.3,96,24.7,0.0,5.4,42,11.2,979.9,67.5,47.4,732.0,48.1,25.5,13.0
2024-08-10 06:00:00,26.4,95,25.5,0.0,5.4,48,13.3,980.3,67.3,47.1,708.0,45.5,29.1,27.0
2024-08-10 07:00:00,26.8,92,25.5,0.1,8.4,47,15.8,980.5,69.8,48.8,671.0,41.7,34.0,47.0
2024-08-10 08:00:00,27.9,86,25.4,0.1,10.8,64,22.7,980.4,68.2,47.5,622.0,36.8,37.3,70.0
2024-08-10 09:00:00,29.0,82,25.6,0.0,9.2,64,22.0,980.9,66.1,46.1,548.0,29.9,37.3,95.0
2024-08-10 10:00:00,29.8,77,25.4,0.1,9.4,86,22.0,980.9,53.7,37.5,461.0,22.0,35.8,123.0
2024-08-10 11:00:00,30.4,75,25.4,0.3,7.9,90,20.5,980.1,47.4,33.2,398.0,15.6,34.4,152.0
2024-08-10 12:00:00,30.8,72,25.2,0.2,11.2,90,24.1,979.5,47.5,33.2,376.0,11.4,34.1,186.0
2024-08-10 13:00:00,31.2,71,25.3,0.1,7.9,90,24.1,978.8,47.7,33.3,378.0,8.8,34.0,220.0
2024-08-10 14:00:00,31.0,72,25.4,0.1,9.0,95,19.8,977.7,52.7,36.8,391.0,8.6,33.6,239.0
2024-08-10 15:00:00,31.2,73,25.8,0.0,6.9,99,19.8,976.7,53.6,37.4,410.0,11.8,32.2,232.0
2024-08-10 16:00:00,30.9,74,25.8,0.8,7.6,90,16.6,976.3,62.2,43.3,440.0,17.3,30.4,209.0
2024-08-10 17:00:00,29.5,80,25.6,2.5,6.5,124,16.6,976.5,70.5,48.9,428.0,17.1,32.4,212.0
2024-08-10 18:00:00,27.2,92,25.9,8.4,8.0,82,19.8,978.5,75.4,52.5,506.0,24.8,31.4,172.0
2024-08-10 19:00:00,26.6,94,25.6,3.3,1.6,63,14.8,978.7,73.1,51.1,612.0,35.3,30.2,117.0
2024-08-10 20:00:00,26.6,94,25.6,0.9,4.4,99,7.6,979.5,76.1,53.6,689.0,43.1,29.4,74.0
2024-08-10 21:00:00,26.4,95,25.5,0.4,6.8,122,11.5,979.6,78.2,54.9,711.0,45.6,29.9,55.0
2024-08-10 22:00:00,26.0,95,25.1,0.1,9.4,122,15.5,979.3,78.5,55.3,703.0,45.4,31.0,47.0
2024-08-10 23:00:00,25.6,96,24.9,0.0,7.2,117,15.8,979.0,76.4,53.8,681.0,44.0,31.1,42.0
2024-08-11 00:00:00,25.5,97,25.0,0.0,4.7,122,11.9,978.6,73.8,51.9,647.0,41.5,29.3,37.0
2024-08-11 01:00:00,25.7,97,25.1,0.0,6.3,121,10.8,978.2,70.8,49.8,600.0,37.9,26.6,35.0
2024-08-11 02:00:00,25.8,97,25.2,0.0,4.3,156,11.5,977.9,66.1,46.6,553.0,34.4,24.8,35.0
2024-08-11 03:00:00,25.9,96,25.2,0.1,3.4,212,7.9,977.6,61.0,42.8,503.0,31.0,24.6,38.0
2024-08-11 04:00:00,25.9,97,25.2,0.2,2.3,162,5.8,977.6,58.1,40.9,453.0,27.8,25.2,42.0
2024-08-11 05:00:00,25.6,97,25.1,2.1,4.1,165,9.0,978.1,50.4,35.5,448.0,22.5,31.2,64.0
2024-08-11 06:00:00,26.0,94,25.0,5.1,11.9,90,20.5,978.3,45.2,31.9,476.0,24.7,32.0,62.0
2024-08-11 07:00:00,25.4,96,24.6,0.8,13.4,110,25.9,978.4,47.5,33.5,515.0,27.6,33.2,60.0
2024-08-11 08:00:00,26.4,89,24.5,0.2,12.0,129,22.3,978.6,44.4,31.2,537.0,29.3,34.7,63.0
2024-08-11 09:00:00,27.7,85,24.9,0.2,9.4,137,23.4,979.5,46.1,32.5,532.0,29.0,37.2,73.0
2024-08-11 10:00:00,28.7,83,25.5,0.2,8.7,107,19.4,979.5,49.8,35.0,512.0,27.4,40.0,87.0
2024-08-11 11:00:00,30.1,78,25.8,0.1,9.4,97,20.5,979.0,45.4,32.0,481.0,24.5,40.4,103.0
2024-08-11 12:00:00,30.5,75,25.5,0.0,10.8,116,22.7,978.1,43.9,31.0,433.0,19.2,36.1,122.0
2024-08-11 13:00:00,31.0,74,25.7,0.3,9.3,118,24.5,977.3,39.3,27.8,375.0,12.6,29.5,142.0
2024-08-11 14:00:00,29.8,77,25.4,4.5,12.5,108,25.9,976.9,36.7,25.9,337.0,8.6,24.6,156.0
2024-08-11 15:00:00,28.8,81,25.2,1.8,4.9,54,26.3,975.7,35.4,25.0,294.0,6.5,22.6,162.0
2024-08-11 16:00:00,29.8,78,25.5,0.0,4.2,59,12.2,975.8,35.9,25.3,269.0,7.0,22.4,161.0
2024-08-11 17:00:00,30.0,76,25.2,0.1,6.5,90,12.2,975.7,53.8,38.2,500.0,32.3,30.5,82.0
2024-08-11 18:00:00,27.2,89,25.4,0.9,8.4,31,14.4,977.9,52.4,37.3,536.0,36.2,30.3,70.0
2024-08-11 19:00:00,26.6,91,25.1,0.1,10.2,32,16.6,978.2,55.3,39.2,587.0,41.5,29.9,53.0
2024-08-11 20:00:00,26.4,93,25.0,0.0,9.0,67,16.6,978.2,58.7,41.6,632.0,45.6,29.6,39.0
2024-08-11 21:00:00,26.1,94,25.1,0.0,7.0,78,15.1,978.5,61.9,43.9,673.0,48.1,29.6,31.0
2024-08-11 22:00:00,25.9,96,25.2,0.0,4.6,72,11.5,979.0,66.4,46.9,707.0,49.5,29.6,27.0
2024-08-11 23:00:00,25.8,97,25.2,0.1,4.4,99,9.0,979.1,66.1,46.8,707.0,48.0,28.7,25.0
2024-08-12 00:00:00,25.8,98,25.4,0.1,2.7,67,7.2,978.7,61.2,43.3,647.0,41.8,26.1,28.0
2024-08-12 01:00:00,25.9,95,25.0,0.2,4.7,86,8.3,978.4,55.6,39.3,553.0,32.8,22.6,34.0
2024-08-12 02:00:00,26.0,95,25.1,0.2,7.5,73,14.4,978.0,49.8,35.3,471.0,25.4,19.7,39.0
2024-08-12 03:00:00,25.9,95,25.0,0.8,8.4,80,16.2,978.0,44.4,31.4,417.0,21.5,18.0,40.0
2024-08-12 04:00:00,25.9,96,25.1,0.1,9.8,73,15.8,978.1,39.1,27.8,375.0,19.3,16.9,40.0
2024-08-12 05:00:00,25.7,96,25.0,0.1,10.1,84,16.6,978.6,36.2,25.7,372.0,20.1,17.2,35.0
2024-08-12 06:00:00,25.9,94,24.8,0.0,9.2,59,15.1,979.2,29.6,21.1,361.0,19.2,17.3,39.0
2024-08-12 07:00:00,26.2,90,24.5,0.5,11.1,65,22.7,979.8,23.9,17.0,346.0,18.0,17.5,46.0
2024-08-12 08:00:00,26.1,91,24.6,0.9,10.6,62,22.0,980.3,26.1,18.6,336.0,16.9,18.0,55.0
2024-08-12 09:00:00,26.2,92,24.9,0.9,11.3,83,20.9,980.6,32.4,23.0,339.0,16.3,19.2,68.0
2024-08-12 10:00:00,27.5,86,25.0,0.4,14.3,102,28.1,980.7,38.1,27.0,346.0,15.8,20.8,82.0
2024-08-12 11:00:00,27.6,88,25.5,0.3,9.0,106,27.0,980.2,39.7,28.1,345.0,15.0,21.9,96.0
2024-08-12 12:00:00,28.5,85,25.6,0.2,3.4,122,18.7,979.7,41.1,29.0,323.0,13.1,22.0,109.0
2024-08-12 13:00:00,29.0,82,25.8,0.2,1.6,297,13.7,978.6,35.0,24.9,293.0,10.8,21.7,120.0
2024-08-12 14:00:00,29.5,80,25.6,1.8,9.5,119,20.5,978.1,31.5,22.4,275.0,10.1,21.6,126.0
2024-08-12 15:00:00,26.2,95,25.3,4.7,6.0,123,22.7,977.4,30.9,21.9,272.0,11.2,22.0,126.0
2024-08-12 16:00:00,27.2,89,25.2,0.3,4.3,5,12.2,977.5,29.5,20.8,281.0,13.9,22.5,121.0
2024-08-12 17:00:00,27.9,86,25.3,0.0,6.2,10,15.1,977.1,39.8,28.3,381.0,25.9,20.4,71.0
2024-08-12 18:00:00,27.6,93,26.3,0.3,6.2,80,13.7,977.7,41.4,29.5,468.0,33.3,22.3,58.0
2024-08-12 19:00:00,27.0,93,25.9,0.2,8.8,71,13.7,978.4,49.1,34.9,584.0,43.3,24.8,40.0
2024-08-12 20:00:00,26.7,94,25.6,0.0,9.5,65,16.2,979.3,50.4,35.9,653.0,49.2,26.5,28.0
2024-08-12 21:00:00,26.4,94,25.3,0.0,10.0,69,18.4,980.0,49.4,35.2,632.0,47.7,26.5,26.0
2024-08-12 22:00:00,26.1,95,25.2,0.1,10.6,80,17.6,980.4,49.1,35.0,564.0,42.2,25.6,29.0
2024-08-12 23:00:00,25.9,96,25.1,0.1,9.8,82,17.6,980.1,46.0,32.8,493.0,36.3,24.4,32.0
2024-08-13 00:00:00,25.7,96,25.1,0.0,9.6,77,16.6,979.8,42.1,30.3,429.0,30.6,22.7,35.0
2024-08-13 01:00:00,25.7,96,25.1,0.0,8.8,81,15.8,979.7,39.9,28.6,363.0,24.4,20.5,39.0
2024-08-13 02:00:00,25.8,96,25.0,0.0,10.9,81,18.0,979.7,38.1,27.3,315.0,20.0,19.0,41.0
2024-08-13 03:00:00,25.6,97,25.0,0.0,9.6,77,18.0,979.5,36.6,26.3,292.0,18.5,18.3,39.0
2024-08-13 04:00:00,25.4,98,25.0,0.0,9.4,72,16.2,979.4,34.9,25.0,287.0,18.7,18.2,36.0
2024-08-13 05:00:00,25.4,98,25.0,0.0,9.9,71,16.9,979.7,26.0,18.6,269.0,16.4,18.5,43.0
2024-08-13 06:00:00,26.0,94,25.0,0.0,11.2,75,18.4,980.5,28.3,20.2,290.0,16.4,18.7,47.0
2024-08-13 07:00:00,26.6,91,25.1,0.1,10.6,72,20.5,981.2,29.8,21.2,318.0,16.2,18.8,54.0
2024-08-13 08:00:00,27.0,90,25.2,0.1,10.4,70,20.5,981.5,33.3,23.6,330.0,15.6,18.5,61.0
2024-08-13 09:00:00,28.1,84,25.1,0.1,13.1,82,24.1,981.8,29.9,20.9,307.0,13.9,17.1,69.0
2024-08-13 10:00:00,28.0,84,25.0,0.5,16.3,96,31.0,981.9,25.6,17.9,267.0,11.6,15.1,78.0
2024-08-13 11:00:00,29.5,80,25.7,0.4,14.8,103,29.9,981.3,24.7,17.2,245.0,10.5,14.0,86.0
2024-08-13 12:00:00,30.9,74,25.8,0.1,13.8,110,29.2,980.5,24.2,16.9,254.0,11.2,14.2,92.0
2024-08-13 13:00:00,29.6,78,25.5,5.4,10.1,88,29.5,979.8,27.8,19.5,280.0,12.9,15.3,97.0
2024-08-13 14:00:00,28.0,87,25.6,5.3,14.9,105,26.3,979.2,31.1,21.9,312.0,15.3,16.9,102.0
2024-08-13 15:00:00,27.9,86,25.4,1.8,4.0,90,27.7,978.5,36.4,25.6,330.0,16.7,18.8,112.0
2024-08-13 16:00:00,28.5,86,25.9,0.1,7.4,61,15.5,978.1,39.8,27.9,355.0,18.7,21.3,123.0
2024-08-13 17:00:00,28.7,82,25.4,0.0,9.6,70,18.0,978.1,46.1,32.6,373.0,25.6,26.9,88.0
2024-08-13 18:00:00,28.8,85,26.1,0.0,2.4,117,7.9,978.8,52.2,36.8,755.0,46.6,36.8,66.0
2024-08-13 19:00:00,27.6,92,26.3,0.1,3.5,114,5.4,979.5,79.2,55.6,1268.0,74.9,50.2,35.0
2024-08-13 20:00:00,27.5,93,26.4,0.1,4.0,80,6.1,980.4,99.4,69.8,1563.0,91.8,57.3,14.0
2024-08-13 21:00:00,27.2,95,26.2,0.0,5.7,72,10.1,981.1,87.8,61.7,1435.0,86.8,52.7,12.0
2024-08-13 22:00:00,26.8,95,26.0,0.1,4.2,59,9.7,981.2,74.5,52.4,1088.0,70.3,41.9,19.0
2024-08-13 23:00:00,26.6,96,25.9,0.1,4.4,81,7.6,981.5,58.1,41.0,779.0,54.6,32.2,27.0
2024-08-14 00:00:00,26.4,97,25.8,0.0,4.0,85,7.6,981.2,40.9,28.9,593.0,43.3,25.7,33.0
2024-08-14 01:00:00,26.1,97,25.6,0.0,3.8,73,6.8,980.5,31.9,22.5,445.0,32.9,20.1,38.0
2024-08-14 02:00:00,26.1,97,25.6,0.0,6.4,63,11.2,979.9,26.6,18.8,337.0,24.9,16.2,43.0
2024-08-14 03:00:00,26.1,96,25.4,0.0,7.4,67,13.3,979.8,21.8,15.4,276.0,20.2,14.2,45.0
2024-08-14 04:00:00,25.9,97,25.5,0.0,8.0,54,14.4,979.9,22.4,15.8,254.0,17.8,13.8,46.0
2024-08-14 05:00:00,26.0,97,25.5,0.0,9.0,85,15.1,980.6,37.5,26.5,363.0,25.3,17.2,32.0
2024-08-14 06:00:00,26.5,94,25.5,1.9,7.9,120,18.4,981.0,38.9,27.4,377.0,25.4,20.6,38.0
2024-08-14 07:00:00,27.2,90,25.5,0.0,11.9,104,22.0,981.8,40.5,28.5,396.0,25.3,25.1,49.0
2024-08-14 08:00:00,28.0,88,25.9,0.0,8.3,108,22.3,982.1,43.0,30.3,401.0,23.8,28.1,65.0
2024-08-14 09:00:00,29.1,84,26.1,0.1,7.3,110,19.4,982.7,43.2,30.3,381.0,19.6,28.1,93.0
2024-08-14 10:00:00,29.8,80,26.0,0.3,10.1,107,22.7,982.6,37.6,26.4,348.0,13.9,26.4,127.0
2024-08-14 11:00:00,30.6,76,25.8,0.3,8.4,110,23.8,981.8,36.3,25.4,321.0,9.4,24.5,155.0
2024-08-14 12:00:00,29.5,78,25.2,5.1,12.2,71,26.6,981.4,35.3,24.6,304.0,6.6,22.6,173.0
2024-08-14 13:00:00,29.6,81,26.0,0.3,5.2,56,24.8,980.0,36.2,25.3,292.0,5.1,20.4,185.0
2024-08-14 14:00:00,30.3,79,26.4,0.2,6.6,119,17.3,979.2,38.5,25.9,296.0,5.8,18.8,187.0
2024-08-14 15:00:00,29.6,81,26.0,2.5,6.1,93,16.9,978.7,39.2,26.5,299.0,8.5,17.5,175.0
2024-08-14 16:00:00,29.5,81,25.9,0.3,5.0,69,15.5,977.9,39.3,26.9,318.0,13.5,16.9,153.0
2024-08-14 17:00:00,29.9,80,26.0,0.0,5.2,106,13.0,978.1,59.8,42.0,432.0,24.7,23.3,123.0
2024-08-14 18:00:00,29.6,85,26.8,0.0,3.6,90,14.0,978.7,65.2,45.9,657.0,43.7,30.7,98.0
2024-08-14 19:00:00,28.5,89,26.5,0.1,4.8,63,6.8,979.3,80.8,56.7,965.0,69.6,40.7,63.0
2024-08-14 20:00:00,28.2,89,26.2,0.0,8.3,72,15.5,979.9,97.3,68.2,1179.0,86.7,47.2,36.0
2024-08-14 21:00:00,27.7,91,26.0,0.0,7.3,99,13.7,980.8,111.5,78.2,1221.0,87.3,47.3,26.0
2024-08-14 22:00:00,27.4,91,25.8,0.0,9.0,88,14.8,981.2,105.0,73.6,1169.0,79.1,43.8,24.0
2024-08-14 23:00:00,27.0,92,25.5,0.0,8.7,95,14.4,981.2,93.1,65.4,1082.0,69.8,39.7,24.0
2024-08-15 00:00:00,26.8,93,25.5,0.0,8.7,83,15.1,980.7,82.2,57.7,962.0,61.3,35.2,25.0
2024-08-15 01:00:00,26.6,94,25.6,0.0,8.1,77,14.4,979.9,72.6,51.1,807.0,51.7,29.9,28.0
2024-08-15 02:00:00,26.5,96,25.8,0.0,7.6,82,13.7,979.5,66.1,46.6,675.0,43.5,25.7,30.0
2024-08-15 03:00:00,26.5,97,25.9,0.0,10.8,94,18.0,979.6,61.0,43.0,589.0,37.8,23.1,29.0
2024-08-15 04:00:00,26.2,97,25.8,0.0,6.5,96,18.0,979.8,55.3,39.0,527.0,33.4,21.4,28.0
2024-08-15 05:00:00,26.2,97,25.6,0.0,10.1,88,16.2,979.9,64.3,45.3,651.0,42.9,25.4,18.0
2024-08-15 06:00:00,27.0,92,25.6,0.0,11.2,90,19.1,980.7,55.2,38.8,571.0,36.2,25.1,36.0
2024-08-15 07:00:00,27.9,88,25.6,0.0,13.8,81,24.8,981.0,48.2,34.0,461.0,26.8,24.8,61.0
2024-08-15 08:00:00,28.6,85,25.8,0.1,14.0,90,26.3,981.1,46.1,32.4,373.0,18.8,24.3,86.0
2024-08-15 09:00:00,29.8,80,25.9,0.2,14.3,108,27.0,981.4,45.4,31.9,332.0,13.8,23.7,109.0
2024-08-15 10:00:00,30.8,75,25.9,0.2,14.3,115,27.7,981.0,41.4,29.0,314.0,10.2,23.1,132.0
2024-08-15 11:00:00,31.4,74,26.1,0.2,14.0,108,28.1,980.5,39.5,27.6,303.0,7.8,22.3,150.0
2024-08-15 12:00:00,31.8,73,26.4,0.2,11.6,116,28.8,979.7,38.1,26.7,293.0,6.3,21.3,163.0
2024-08-15 13:00:00,32.3,73,26.9,0.3,9.7,121,26.6,979.0,38.1,26.7,289.0,5.9,20.2,172.0
2024-08-15 14:00:00,32.5,73,27.1,0.2,8.3,124,24.1,977.5,38.0,26.5,294.0,6.8,19.5,175.0
2024-08-15 15:00:00,32.3,74,27.0,1.5,4.1,142,22.0,977.5,38.3,26.8,296.0,8.1,19.1,171.0
2024-08-15 16:00:00,32.0,75,27.0,0.9,6.6,81,16.6,976.5,39.0,27.3,307.0,10.6,19.1,161.0
2024-08-15 17:00:00,30.5,81,26.9,0.0,11.0,109,26.3,975.6,45.6,30.0,337.0,15.5,21.7,143.0
2024-08-15 18:00:00,29.8,83,26.5,0.0,5.3,118,15.1,976.8,49.7,32.4,461.0,28.2,24.2,115.0
2024-08-15 19:00:00,28.0,88,25.8,0.4,9.7,202,16.2,978.0,54.5,35.5,633.0,45.8,27.6,75.0
2024-08-15 20:00:00,27.3,92,25.9,0.1,10.5,202,17.3,979.1,63.6,41.0,767.0,59.0,30.3,44.0
2024-08-15 21:00:00,26.8,93,25.6,0.0,11.9,177,18.7,980.0,68.0,43.8,841.0,64.9,32.1,28.0
2024-08-15 22:00:00,26.5,93,25.3,0.1,6.6,131,19.4,979.3,71.9,46.6,877.0,66.4,33.1,21.0
2024-08-15 23:00:00,26.1,95,25.2,0.0,4.7,94,10.8,979.2,72.9,47.5,858.0,63.3,32.4,20.0
2024-08-16 00:00:00,26.0,96,25.2,0.0,4.0,95,8.6,979.4,69.4,46.0,753.0,53.2,28.8,27.0
2024-08-16 01:00:00,26.1,95,25.2,0.1,4.6,72,7.9,979.2,59.3,40.2,593.0,38.5,23.4,40.0
2024-08-16 02:00:00,26.1,95,25.2,0.1,12.3,95,20.2,978.5,48.4,33.6,456.0,26.5,18.9,51.0
2024-08-16 03:00:00,26.0,96,25.2,0.0,10.5,84,21.2,978.6,39.1,27.6,367.0,19.7,16.1,57.0
2024-08-16 04:00:00,25.9,97,25.2,0.1,10.9,84,18.4,978.8,33.6,23.9,300.0,15.5,14.2,61.0
2024-08-16 05:00:00,26.0,95,25.1,0.0,16.4,99,27.4,978.0,18.9,13.4,271.0,15.1,12.3,59.0
2024-08-16 06:00:00,26.1,95,25.3,1.0,11.8,117,20.2,978.5,17.5,12.3,288.0,16.6,14.6,61.0
2024-08-16 07:00:00,27.1,90,25.4,0.0,11.2,123,22.0,979.2,21.8,15.4,311.0,18.5,17.8,64.0
2024-08-16 08:00:00,27.9,86,25.3,0.0,12.3,122,23.0,979.7,22.4,15.8,325.0,19.0,19.9,70.0
2024-08-16 09:00:00,28.8,83,25.6,0.1,12.7,133,23.4,980.1,24.9,17.6,320.0,17.0,19.8,81.0
2024-08-16 10:00:00,30.0,78,25.7,0.3,13.4,126,26.3,979.9,24.7,17.4,306.0,13.6,18.5,95.0
2024-08-16 11:00:00,30.8,76,26.0,0.2,15.0,120,30.6,979.7,23.0,16.2,294.0,10.8,17.6,110.0
2024-08-16 12:00:00,31.5,74,26.3,0.2,13.5,134,31.0,979.1,23.7,16.7,284.0,8.5,17.6,130.0
2024-08-16 13:00:00,32.3,72,26.7,0.1,10.8,150,28.1,978.0,24.4,17.2,277.0,6.6,17.8,150.0
2024-08-16 14:00:00,30.0,80,26.2,1.2,13.8,141,29.2,977.2,24.5,17.3,286.0,7.5,17.8,158.0
2024-08-16 15:00:00,30.5,77,26.0,0.1,8.4,137,27.0,976.1,25.0,17.6,317.0,12.3,16.7,144.0
2024-08-16 16:00:00,29.6,79,25.6,1.7,12.6,53,25.6,976.3,24.0,16.9,365.0,19.7,15.3,118.0
2024-08-16 17:00:00,28.4,88,26.1,2.3,6.3,103,27.4,976.4,44.5,31.3,452.0,28.6,16.4,94.0
2024-08-16 18:00:00,28.8,85,26.0,0.0,6.0,107,12.2,978.1,48.0,33.9,481.0,32.4,17.1,80.0
2024-08-16 19:00:00,27.2,91,25.6,2.0,13.7,117,23.0,979.2,45.9,32.4,520.0,37.5,18.1,62.0
2024-08-16 20:00:00,27.0,92,25.6,0.1,9.6,124,21.6,979.5,42.7,30.2,540.0,40.6,18.7,47.0
2024-08-16 21:00:00,26.8,93,25.6,0.0,7.9,120,15.8,980.2,43.1,30.5,526.0,39.8,18.8,41.0
2024-08-16 22:00:00,26.6,94,25.6,0.0,6.8,108,13.0,980.9,40.2,28.4,492.0,36.9,18.6,38.0
2024-08-16 23:00:00,26.6,95,25.8,0.0,9.7,105,16.2,981.0,35.7,25.2,455.0,33.8,18.2,37.0
2024-08-17 00:00:00,26.5,96,25.8,0.0,9.0,119,16.2,980.9,32.7,23.1,415.0,30.7,17.4,36.0
2024-08-17 01:00:00,26.4,96,25.7,0.0,8.4,133,15.5,980.9,30.4,21.4,372.0,27.3,16.3,36.0
2024-08-17 02:00:00,26.1,97,25.6,0.0,8.3,146,14.0,980.5,29.3,20.6,336.0,24.5,15.6,36.0
2024-08-17 03:00:00,25.9,98,25.5,0.0,5.9,133,14.0,980.5,28.7,20.2,310.0,22.7,15.3,35.0
2024-08-17 04:00:00,25.8,98,25.4,0.0,5.6,135,10.1,980.4,27.9,19.6,293.0,21.6,15.3,34.0
2024-08-17 05:00:00,25.6,98,25.4,0.0,4.7,148,9.7,980.5,22.6,15.9,400.0,31.9,18.1,20.0
2024-08-17 06:00:00,26.8,95,25.9,0.0,7.2,6,13.0,981.3,19.8,13.9,402.0,30.4,23.0,27.0
2024-08-17 07:00:00,27.5,90,25.8,0.0,6.2,36,15.1,981.7,22.5,15.6,405.0,28.2,29.8,37.0
2024-08-17 08:00:00,28.2,87,25.9,0.1,7.0,35,14.8,982.2,26.4,18.3,399.0,25.7,34.9,53.0
2024-08-17 09:00:00,29.2,83,26.1,0.0,8.1,58,18.7,982.6,28.7,19.8,376.0,22.6,36.9,77.0
2024-08-17 10:00:00,30.0,79,25.9,0.1,6.4,74,18.4,982.4,32.0,22.2,346.0,19.2,37.3,105.0
2024-08-17 11:00:00,30.8,75,25.9,0.2,3.9,68,16.6,982.1,30.6,21.1,325.0,16.1,37.2,135.0
2024-08-17 12:00:00,31.5,73,26.0,0.3,2.2,180,13.7,981.6,30.9,21.0,323.0,13.1,37.1,169.0
2024-08-17 13:00:00,32.0,73,26.5,0.1,4.7,238,14.4,980.7,36.0,24.2,331.0,10.4,36.6,205.0
2024-08-17 14:00:00,32.2,72,26.6,0.1,8.4,263,18.7,979.8,39.0,26.0,339.0,9.4,35.0,222.0
2024-08-17 15:00:00,32.0,72,26.4,0.1,10.1,272,21.6,979.1,41.7,27.2,328.0,9.9,31.3,211.0
2024-08-17 16:00:00,32.3,70,26.1,0.1,10.5,292,20.9,978.6,42.0,26.9,316.0,12.1,26.6,183.0
2024-08-17 17:00:00,28.7,84,25.6,8.2,7.8,304,19.8,979.6,61.7,40.9,392.0,18.2,33.3,192.0
2024-08-17 18:00:00,29.1,83,26.0,0.0,4.8,333,13.3,979.6,68.2,45.6,460.0,25.2,33.0,164.0
2024-08-17 19:00:00,28.2,91,26.5,0.0,4.2,329,7.6,980.8,74.7,51.2,559.0,35.3,32.7,124.0
2024-08-17 20:00:00,28.1,89,26.1,0.0,3.8,319,5.8,981.4,76.6,52.5,672.0,45.3,33.8,90.0
2024-08-17 21:00:00,27.8,90,26.0,0.0,4.4,351,8.3,982.4,86.6,59.4,815.0,55.6,38.2,66.0
2024-08-17 22:00:00,27.2,93,26.1,0.0,4.0,355,6.5,982.7,100.6,68.9,973.0,66.0,43.9,47.0
2024-08-17 23:00:00,27.4,92,26.0,0.0,4.0,350,6.5,982.7,109.2,75.0,1081.0,72.4,46.9,33.0
2024-08-18 00:00:00,26.9,95,26.0,0.0,1.9,202,4.3,982.2,112.2,77.1,1105.0,72.3,44.4,26.0
2024-08-18 01:00:00,26.6,96,26.0,0.0,4.6,231,6.8,981.7,109.9,75.4,1079.0,68.2,39.1,24.0
2024-08-18 02:00:00,26.6,96,25.9,0.0,4.8,243,8.3,981.4,104.8,72.2,1042.0,64.1,35.0,23.0
2024-08-18 03:00:00,26.5,96,25.8,0.0,4.4,261,7.6,981.1,102.2,70.3,1007.0,61.9,32.8,19.0
2024-08-18 04:00:00,26.5,97,25.9,0.0,5.8,277,8.6,981.5,99.2,68.2,961.0,59.7,31.8,17.0
2024-08-18 05:00:00,26.4,97,25.9,0.0,5.7,288,9.0,981.7,65.9,45.8,503.0,27.7,16.4,38.0
2024-08-18 06:00:00,27.5,93,26.2,0.0,9.4,274,14.4,981.6,65.4,44.7,496.0,26.1,16.6,49.0
2024-08-18 07:00:00,28.5,88,26.4,0.0,9.5,281,17.6,982.2,65.2,43.7,484.0,23.7,16.8,65.0
2024-08-18 08:00:00,29.8,81,26.2,0.0,12.2,284,22.7,982.6,63.1,40.9,457.0,20.6,16.7,84.0
2024-08-18 09:00:00,31.1,75,26.1,0.0,12.0,279,24.1,983.2,58.8,36.6,403.0,16.0,16.1,108.0
2024-08-18 10:00:00,32.0,71,26.1,0.0,12.4,287,25.6,983.5,52.2,30.0,335.0,10.7,15.2,135.0
2024-08-18 11:00:00,32.5,69,26.0,0.0,12.8,292,26.6,983.1,46.3,25.7,280.0,6.7,14.2,154.0
2024-08-18 12:00:00,32.8,68,26.1,0.0,13.0,289,26.6,982.5,39.6,21.1,246.0,4.6,13.1,160.0
2024-08-18 13:00:00,32.8,67,26.0,0.0,13.0,284,26.6,982.0,34.9,19.2,225.0,3.8,12.0,157.0
2024-08-18 14:00:00,32.5,67,25.8,0.1,12.4,287,26.3,981.0,32.0,17.8,219.0,4.7,11.2,149.0
2024-08-18 15:00:00,29.6,80,25.9,1.3,19.8,269,36.4,980.0,29.6,16.9,210.0,6.7,10.4,135.0
2024-08-18 16:00:00,29.5,81,26.0,0.1,8.9,291,33.5,980.2,29.2,17.7,216.0,10.5,10.0,117.0
2024-08-18 17:00:00,30.0,80,26.1,0.0,6.4,308,16.6,980.3,44.0,24.7,309.0,17.9,10.2,98.0
2024-08-18 18:00:00,30.0,83,26.8,0.0,4.5,299,11.9,980.1,49.7,29.1,419.0,27.8,13.5,80.0
2024-08-18 19:00:00,28.8,89,26.9,0.0,6.4,322,7.6,980.7,59.0,35.9,575.0,41.6,18.1,55.0
2024-08-18 20:00:00,28.9,87,26.6,0.0,3.5,246,7.2,981.6,59.5,36.9,716.0,53.4,22.5,34.0
2024-08-18 21:00:00,28.4,90,26.5,0.0,3.2,207,5.0,982.2,67.3,42.1,845.0,61.9,27.0,22.0
2024-08-18 22:00:00,27.9,92,26.4,0.0,4.4,235,5.8,982.4,82.9,53.1,959.0,68.2,31.2,14.0
2024-08-18 23:00:00,27.6,92,26.2,0.0,4.5,256,6.5,982.4,73.6,47.1,998.0,70.3,32.8,9.0
2024-08-19 00:00:00,27.6,91,26.0,0.0,5.1,262,7.6,982.3,67.1,41.7,910.0,65.9,29.8,9.0
2024-08-19 01:00:00,27.0,92,25.6,1.8,2.3,162,7.9,982.1,62.9,37.5,746.0,57.2,24.2,12.0
2024-08-19 02:00:00,26.0,97,25.5,3.0,7.3,160,13.0,981.8,57.6,32.9,596.0,48.2,19.2,16.0
2024-08-19 03:00:00,26.0,96,25.4,0.1,0.4,360,11.9,981.4,51.3,28.4,483.0,39.6,15.6,19.0
2024-08-19 04:00:00,26.0,98,25.7,0.1,3.5,24,5.8,981.4,44.0,24.3,384.0,30.7,12.5,22.0
2024-08-19 05:00:00,25.9,98,25.5,0.0,2.8,40,7.6,981.3,39.3,22.7,359.0,28.0,14.3,31.0
2024-08-19 06:00:00,26.1,93,25.0,0.3,2.9,353,24.8,982.2,36.4,20.8,355.0,25.7,14.9,37.0
2024-08-19 07:00:00,27.1,90,25.5,0.0,5.6,333,12.6,982.7,37.8,21.1,349.0,22.3,15.7,47.0
2024-08-19 08:00:00,28.2,84,25.4,0.0,6.5,304,14.8,982.5,41.4,23.0,337.0,18.7,16.3,62.0
2024-08-19 09:00:00,29.8,78,25.6,0.0,6.6,283,16.6,982.5,44.0,25.1,314.0,14.7,16.6,86.0
2024-08-19 10:00:00,31.0,72,25.4,0.0,10.5,311,22.3,982.7,41.3,24.0,284.0,10.4,16.7,114.0
2024-08-19 11:00:00,31.6,72,26.0,0.0,9.0,323,23.4,982.3,41.9,25.0,260.0,7.1,16.5,136.0
2024-08-19 12:00:00,32.1,70,26.0,0.1,8.4,301,22.7,981.1,38.2,23.2,243.0,5.3,16.0,148.0
2024-08-19 13:00:00,32.5,70,26.2,0.1,11.2,285,23.4,980.0,38.6,23.9,231.0,4.5,15.3,153.0
2024-08-19 14:00:00,33.0,68,26.4,0.1,11.8,290,24.8,978.8,38.1,23.7,227.0,4.9,14.5,152.0
2024-08-19 15:00:00,32.0,70,25.9,0.2,15.0,294,28.1,978.1,37.8,22.9,225.0,6.0,13.5,145.0
2024-08-19 16:00:00,30.7,76,25.9,0.9,7.6,267,28.1,977.8,40.2,21.9,233.0,8.3,12.4,132.0
2024-08-19 17:00:00,30.0,78,25.9,0.1,3.7,11,15.1,977.5,54.7,31.2,284.0,13.3,16.1,128.0
2024-08-19 18:00:00,29.0,86,26.5,0.0,2.5,225,7.6,978.9,59.1,35.9,377.0,23.6,17.3,104.0
2024-08-19 19:00:00,28.4,88,26.3,0.0,5.9,218,9.4,979.2,61.7,38.5,509.0,38.0,19.0,71.0
2024-08-19 20:00:00,28.1,88,26.0,0.0,5.6,230,9.7,979.7,64.5,40.7,630.0,49.4,20.8,44.0
2024-08-19 21:00:00,28.0,88,25.7,0.0,6.4,232,10.1,980.5,70.3,44.5,743.0,55.5,23.1,29.0
2024-08-19 22:00:00,27.8,88,25.5,0.0,6.1,230,10.1,981.0,76.6,48.7,846.0,58.7,25.5,19.0
2024-08-19 23:00:00,27.5,89,25.6,0.0,6.1,230,10.4,981.0,76.8,48.8,880.0,58.8,26.1,14.0
2024-08-20 00:00:00,27.3,91,25.8,0.0,5.2,236,9.7,980.7,68.0,42.5,795.0,54.3,23.2,14.0
2024-08-20 01:00:00,27.2,92,25.8,0.0,6.5,273,9.7,979.9,61.2,37.0,641.0,46.7,18.5,17.0
2024-08-20 02:00:00,26.9,94,25.8,0.0,6.3,329,10.8,979.8,56.6,33.2,515.0,40.3,14.9,20.0
2024-08-20 03:00:00,26.4,97,25.8,0.0,4.1,15,10.1,979.4,52.5,29.9,454.0,37.3,13.7,17.0
2024-08-20 04:00:00,26.0,96,25.2,0.3,8.7,83,15.1,979.7,50.3,28.1,419.0,35.6,13.6,14.0
2024-08-20 05:00:00,25.8,96,25.0,0.1,6.9,96,14.8,979.9,74.7,45.2,845.0,55.2,28.6,2.0
2024-08-20 06:00:00,26.5,94,25.4,0.0,2.6,56,6.5,980.8,78.9,46.1,748.0,48.8,29.3,23.0
2024-08-20 07:00:00,26.6,93,25.3,1.6,1.8,127,8.3,981.6,81.3,44.7,614.0,39.8,30.3,52.0
2024-08-20 08:00:00,27.1,89,25.1,0.3,4.4,9,12.2,982.2,78.5,39.5,503.0,31.3,30.9,85.0
2024-08-20 09:00:00,27.4,88,25.2,0.2,4.0,360,12.2,982.3,71.2,33.9,443.0,24.2,31.3,124.0
2024-08-20 10:00:00,28.5,81,25.0,0.1,0.5,45,11.5,982.5,68.9,33.8,406.0,17.7,31.4,167.0
2024-08-20 11:00:00,29.9,76,25.2,0.0,2.3,288,11.2,982.0,65.0,32.0,375.0,12.8,30.4,195.0
2024-08-20 12:00:00,30.5,74,25.5,0.1,1.5,315,11.5,981.9,62.2,31.3,337.0,9.5,27.5,202.0
2024-08-20 13:00:00,30.9,74,25.6,0.1,0.7,90,12.2,981.3,60.3,31.1,304.0,7.8,23.5,195.0
2024-08-20 14:00:00,31.0,73,25.8,0.1,2.0,45,13.3,980.2,62.9,32.6,294.0,8.8,19.9,180.0
2024-08-20 15:00:00,31.1,74,25.9,0.1,4.7,86,16.2,978.9,57.5,30.2,308.0,13.0,16.6,153.0
2024-08-20 16:00:00,30.6,75,25.8,0.0,7.6,180,16.2,979.2,47.5,25.6,343.0,19.9,13.6,118.0
2024-08-20 17:00:00,29.2,82,25.9,0.0,6.9,223,17.3,979.6,80.3,39.9,353.0,17.5,22.9,163.0
2024-08-20 18:00:00,29.1,85,26.2,0.0,5.8,176,9.4,980.2,71.9,39.3,401.0,23.0,23.3,136.0
2024-08-20 19:00:00,28.2,88,26.0,0.0,7.3,191,11.5,980.6,67.3,38.3,470.0,30.9,24.0,99.0
2024-08-20 20:00:00,27.9,89,25.9,0.0,5.8,210,11.9,981.4,67.3,39.8,552.0,39.2,25.9,67.0
2024-08-20 21:00:00,27.4,92,25.9,0.0,3.9,214,8.6,982.3,70.5,43.9,673.0,49.5,30.8,45.0
2024-08-20 22:00:00,27.1,92,25.8,0.0,4.2,211,6.5,982.8,75.9,49.1,805.0,60.2,36.9,29.0
2024-08-20 23:00:00,26.7,95,25.9,0.0,4.0,175,6.1,983.2,80.3,52.9,859.0,64.4,39.8,21.0
2024-08-21 00:00:00,26.5,96,25.7,0.0,2.6,124,4.7,982.8,77.5,49.7,768.0,56.9,36.6,24.0
2024-08-21 01:00:00,26.0,98,25.8,0.0,5.5,67,8.3,982.4,71.2,43.8,597.0,42.8,30.3,35.0
2024-08-21 02:00:00,25.9,97,25.4,0.0,8.6,75,16.9,982.2,61.9,35.2,454.0,31.2,24.8,44.0
2024-08-21 03:00:00,25.5,97,25.0,0.8,4.3,95,14.0,982.0,55.2,30.0,375.0,25.2,21.5,48.0
2024-08-21 04:00:00,25.0,99,24.8,4.1,6.1,87,14.4,982.4,49.4,27.1,324.0,21.6,19.1,50.0
2024-08-21 05:00:00,25.0,97,24.5,1.3,5.5,113,17.3,982.5,62.4,38.3,458.0,32.9,31.8,31.0
2024-08-21 06:00:00,25.9,92,24.5,0.1,3.6,360,8.3,983.0,61.5,36.4,455.0,32.4,33.6,36.0
2024-08-21 07:00:00,26.1,90,24.5,0.1,2.4,63,9.7,982.9,62.2,34.9,451.0,31.5,36.1,44.0
2024-08-21 08:00:00,27.0,86,24.5,0.0,2.5,82,9.4,983.3,60.8,34.0,441.0,30.0,38.6,58.0
2024-08-21 09:00:00,28.5,80,24.8,0.0,5.7,55,14.8,984.1,54.6,31.0,421.0,27.5,41.2,81.0
2024-08-21 10:00:00,29.2,78,25.0,0.1,7.1,75,20.9,984.3,48.1,26.7,396.0,24.4,43.7,109.0
2024-08-21 11:00:00,30.2,75,25.4,0.0,3.8,73,20.9,983.9,51.9,28.9,377.0,21.0,44.8,140.0
2024-08-21 12:00:00,30.9,71,25.1,0.1,1.1,18,14.4,983.0,55.5,31.3,371.0,17.1,43.6,177.0
2024-08-21 13:00:00,32.0,66,24.9,0.0,3.3,311,13.3,982.0,57.7,32.1,372.0,12.9,41.0,215.0
2024-08-21 14:00:00,32.0,66,24.9,0.1,3.9,292,14.0,981.1,61.7,34.7,373.0,10.3,38.2,241.0
2024-08-21 15:00:00,32.1,67,25.1,0.0,4.0,333,14.0,979.9,64.0,36.2,341.0,7.4,34.9,250.0
2024-08-21 16:00:00,31.9,68,25.4,0.0,6.0,335,15.1,979.1,64.5,36.3,310.0,6.0,31.4,246.0
2024-08-21 17:00:00,31.4,70,25.3,0.2,5.4,352,13.7,979.0,78.0,43.5,369.0,14.4,29.3,199.0
2024-08-21 18:00:00,29.7,81,26.1,0.0,2.3,231,6.8,980.3,81.5,47.6,403.0,18.5,27.2,170.0
2024-08-21 19:00:00,28.9,87,26.5,0.0,3.3,167,4.7,981.0,83.8,51.0,456.0,24.7,24.6,129.0
2024-08-21 20:00:00,28.4,88,26.1,0.0,4.7,157,6.5,981.4,68.2,42.4,537.0,33.0,24.0,92.0
2024-08-21 21:00:00,28.1,90,26.3,0.0,7.4,166,11.9,982.2,67.5,42.1,683.0,46.3,27.8,64.0
2024-08-21 22:00:00,27.6,93,26.5,0.0,4.8,167,11.9,982.3,85.2,54.2,858.0,61.7,33.7,40.0
2024-08-21 23:00:00,26.8,94,25.7,0.8,5.5,32,11.9,982.5,93.6,59.3,960.0,70.3,37.1,25.0
2024-08-22 00:00:00,25.5,95,24.7,1.2,5.9,142,21.2,982.3,93.4,59.0,934.0,66.9,35.7,22.0
2024-08-22 01:00:00,25.4,96,24.6,0.0,3.2,117,11.5,982.0,89.6,56.6,834.0,56.7,31.8,27.0
2024-08-22 02:00:00,24.9,98,24.6,0.2,7.2,342,14.0,982.2,79.6,51.2,727.0,47.1,28.5,32.0
2024-08-22 03:00:00,24.9,97,24.4,0.1,3.9,34,12.6,981.8,66.8,42.3,623.0,40.1,26.9,35.0
2024-08-22 04:00:00,24.7,96,24.1,0.0,2.9,30,8.6,981.3,58.1,37.1,511.0,33.6,25.8,38.0
2024-08-22 05:00:00,24.7,96,24.1,0.0,3.7,61,7.2,981.6,65.2,41.0,558.0,27.2,32.6,55.0
2024-08-22 06:00:00,25.6,94,24.6,0.0,1.5,256,5.8,981.6,63.1,39.3,525.0,26.3,31.3,60.0
2024-08-22 07:00:00,26.3,93,25.0,0.0,2.1,211,7.6,982.0,60.8,37.0,480.0,24.9,29.5,69.0
2024-08-22 08:00:00,27.5,89,25.6,0.0,1.5,104,9.4,982.3,56.9,34.0,441.0,22.8,28.4,86.0
2024-08-22 09:00:00,29.5,79,25.5,0.0,3.1,291,11.5,982.6,57.3,33.6,418.0,19.5,28.7,116.0
2024-08-22 10:00:00,30.5,78,26.1,0.0,2.2,351,15.1,982.5,57.9,33.1,401.0,15.6,29.7,154.0
2024-08-22 11:00:00,31.4,75,26.5,0.0,1.8,360,15.1,982.0,61.2,35.4,388.0,12.3,30.1,187.0
2024-08-22 12:00:00,32.0,74,26.8,0.0,1.1,360,15.1,981.4,62.9,36.7,376.0,9.8,29.2,212.0
2024-08-22 13:00:00,32.5,73,27.1,0.0,2.3,342,14.8,980.4,61.7,36.3,366.0,7.9,27.7,232.0
2024-08-22 14:00:00,32.6,73,27.1,0.0,2.6,344,14.8,979.5,61.0,36.0,364.0,7.4,27.0,245.0
2024-08-22 15:00:00,32.5,73,27.0,0.0,2.3,342,15.1,978.1,60.5,35.6,342.0,6.4,27.2,254.0
2024-08-22 16:00:00,32.3,73,26.9,0.0,1.3,304,15.1,977.5,60.5,35.7,326.0,6.8,28.2,255.0
2024-08-22 17:00:00,30.9,74,25.7,0.5,9.7,225,17.3,978.2,82.2,45.4,350.0,14.0,23.8,189.0
2024-08-22 18:00:00,29.5,80,25.6,0.0,7.3,191,10.8,979.1,86.6,49.9,465.0,22.5,25.9,162.0
2024-08-22 19:00:00,27.6,86,25.1,0.2,11.1,245,26.3,980.6,98.3,60.3,622.0,34.2,28.9,125.0
2024-08-22 20:00:00,27.7,88,25.5,0.1,2.3,162,15.8,980.9,93.1,59.3,729.0,42.5,31.4,95.0
2024-08-22 21:00:00,27.3,90,25.5,0.0,4.7,171,8.3,981.4,80.1,51.0,740.0,44.3,33.0,79.0
2024-08-22 22:00:00,26.8,93,25.5,0.0,4.9,144,8.3,982.0,75.4,47.8,701.0,42.8,34.0,69.0
2024-08-22 23:00:00,26.6,93,25.5,0.0,4.7,157,8.6,982.2,79.6,50.9,661.0,41.0,34.3,61.0
2024-08-23 00:00:00,26.2,96,25.5,0.0,2.4,63,7.9,981.8,78.0,49.8,641.0,40.3,33.9,52.0
2024-08-23 01:00:00,26.0,97,25.5,0.0,3.8,73,5.8,981.3,77.5,48.7,619.0,39.4,32.7,45.0
2024-08-23 02:00:00,26.0,97,25.5,0.0,4.9,73,8.6,981.0,79.2,49.7,586.0,37.1,30.8,41.0
2024-08-23 03:00:00,25.6,99,25.4,0.0,7.4,61,11.5,981.0,81.7,52.6,523.0,32.0,27.1,41.0
2024-08-23 04:00:00,25.0,96,24.4,0.1,9.3,62,19.8,980.9,70.5,45.6,448.0,25.5,22.6,44.0
2024-08-23 05:00:00,25.1,96,24.5,0.0,6.0,33,15.8,981.1,67.3,42.6,552.0,35.8,21.9,27.0
2024-08-23 06:00:00,25.5,95,24.6,0.4,9.3,298,16.6,982.0,57.6,34.5,514.0,31.7,21.4,38.0
2024-08-23 07:00:00,25.5,94,24.5,1.0,7.2,333,18.0,982.8,47.7,26.2,461.0,26.0,20.9,55.0
2024-08-23 08:00:00,25.7,92,24.4,0.5,7.7,319,16.6,983.3,48.2,26.2,422.0,21.2,21.8,76.0
2024-08-23 09:00:00,26.1,88,24.0,1.8,2.6,16,15.1,983.7,39.7,22.8,409.0,18.6,25.4,101.0
2024-08-23 10:00:00,26.5,89,24.4,0.8,12.2,104,23.4,984.0,36.3,21.6,410.0,17.0,30.3,131.0
2024-08-23 11:00:00,26.1,90,24.2,0.5,7.0,55,24.8,983.2,39.3,23.7,412.0,15.3,34.0,160.0
2024-08-23 12:00:00,28.4,79,24.5,0.1,4.4,99,16.9,982.7,41.4,25.4,411.0,12.7,34.9,190.0
2024-08-23 13:00:00,28.1,79,24.2,0.0,3.9,112,15.1,981.9,43.5,27.2,412.0,10.0,34.4,221.0
2024-08-23 14:00:00,29.2,76,24.6,0.0,2.2,9,12.2,980.8,47.6,29.7,419.0,8.8,34.6,245.0
2024-08-23 15:00:00,30.0,72,24.5,0.0,3.4,18,11.2,979.6,48.2,30.9,417.0,8.5,36.5,266.0
2024-08-23 16:00:00,30.8,69,24.5,0.0,3.3,6,11.5,978.9,51.6,33.2,421.0,9.6,39.1,281.0
2024-08-23 17:00:00,30.9,68,24.3,0.0,1.8,37,10.1,978.4,57.6,35.6,446.0,18.2,28.3,192.0
2024-08-23 18:00:00,29.5,82,26.0,0.0,2.6,124,7.2,980.1,61.7,39.0,751.0,46.6,36.0,147.0
2024-08-23 19:00:00,28.3,85,25.5,0.0,4.2,149,6.1,980.7,84.8,55.5,1173.0,85.6,46.6,85.0
2024-08-23 20:00:00,27.6,88,25.4,0.0,5.5,157,9.0,981.4,112.2,75.0,1494.0,113.2,54.8,38.0
2024-08-23 21:00:00,27.1,90,25.4,0.0,4.4,145,8.6,981.7,128.5,86.6,1620.0,118.7,58.8,22.0
2024-08-23 22:00:00,26.7,92,25.4,0.0,4.1,142,7.2,982.2,125.3,85.0,1645.0,112.7,60.3,21.0
2024-08-23 23:00:00,26.5,94,25.5,0.0,3.3,131,6.8,982.5,130.4,88.5,1636.0,105.4,59.5,21.0
2024-08-24 00:00:00,26.1,96,25.5,0.0,3.7,101,5.4,982.1,137.8,93.4,1623.0,100.8,55.6,16.0
2024-08-24 01:00:00,25.9,97,25.4,0.0,3.3,103,5.0,981.7,135.0,91.7,1576.0,94.9,49.3,11.0
2024-08-24 02:00:00,25.8,95,24.9,0.2,7.2,84,12.6,981.9,122.5,83.4,1468.0,85.6,43.1,11.0
2024-08-24 03:00:00,26.0,93,24.8,0.1,6.8,93,11.9,981.6,111.3,75.9,1251.0,69.9,37.4,17.0
2024-08-24 04:00:00,25.5,95,24.6,0.0,3.5,66,11.2,981.5,99.2,67.5,973.0,50.8,31.7,28.0
2024-08-24 05:00:00,25.1,97,24.6,0.0,4.3,95,7.2,981.9,86.4,58.6,736.0,37.2,27.4,51.0
2024-08-24 06:00:00,26.8,94,25.8,0.0,1.9,158,10.4,982.7,73.3,49.2,681.0,34.0,27.4,65.0
2024-08-24 07:00:00,27.1,93,25.9,0.0,0.5,45,4.7,982.7,72.9,48.9,603.0,29.3,27.2,85.0
2024-08-24 08:00:00,28.9,85,26.1,0.0,4.6,39,11.9,983.0,72.9,48.7,529.0,24.6,26.5,103.0
2024-08-24 09:00:00,27.0,87,24.7,6.8,13.1,53,32.0,983.7,68.0,45.2,464.0,19.7,24.5,117.0
2024-08-24 10:00:00,26.7,88,24.6,0.2,9.1,9,25.6,983.6,61.5,41.2,403.0,14.8,21.9,129.0
2024-08-24 11:00:00,29.5,77,25.1,0.0,8.4,47,19.8,982.9,50.2,34.1,357.0,10.9,20.3,142.0
2024-08-24 12:00:00,30.8,72,25.2,0.0,7.9,47,21.2,981.8,46.7,32.1,332.0,8.4,20.8,159.0
2024-08-24 13:00:00,31.5,71,25.5,0.0,7.4,51,22.0,981.1,46.0,31.9,323.0,7.1,22.3,175.0
2024-08-24 14:00:00,31.9,70,25.6,0.1,6.6,49,22.0,979.6,44.9,31.3,326.0,7.4,23.2,183.0
2024-08-24 15:00:00,32.0,68,25.3,0.0,4.7,58,19.8,978.8,44.9,31.3,332.0,9.2,22.6,177.0
2024-08-24 16:00:00,31.8,68,25.2,0.0,5.1,39,13.0,978.3,46.9,32.7,350.0,12.7,21.4,161.0
2024-08-24 17:00:00,31.2,73,25.8,0.0,5.9,47,12.2,977.9,60.8,42.1,382.0,16.4,24.5,151.0
2024-08-24 18:00:00,30.5,77,25.9,0.0,4.6,342,10.1,978.2,64.3,44.7,621.0,37.5,28.5,115.0
2024-08-24 19:00:00,29.1,86,26.5,0.0,5.6,15,7.2,979.0,81.0,56.8,946.0,66.1,33.9,66.0
2024-08-24 20:00:00,28.4,89,26.4,0.0,5.2,25,6.5,979.6,95.5,67.1,1151.0,83.9,36.9,31.0
2024-08-24 21:00:00,28.0,90,26.2,0.0,4.5,29,6.1,980.2,101.3,71.0,1130.0,81.0,35.5,22.0
2024-08-24 22:00:00,27.8,90,26.1,0.0,4.6,72,6.5,980.4,90.6,62.4,988.0,67.3,31.7,26.0
2024-08-24 23:00:00,27.7,90,26.0,0.0,5.2,78,7.9,980.3,82.4,54.9,841.0,53.6,27.7,32.0
2024-08-25 00:00:00,27.5,90,25.7,0.0,5.9,101,8.3,979.8,72.4,46.6,716.0,42.9,23.8,36.0
2024-08-25 01:00:00,25.5,94,24.5,8.8,14.8,119,26.3,980.6,60.5,38.8,585.0,32.3,19.6,42.0
2024-08-25 02:00:00,25.1,95,24.2,10.0,13.4,85,24.1,981.6,50.8,31.9,479.0,23.9,16.5,47.0
2024-08-25 03:00:00,25.2,95,24.4,2.8,12.9,60,22.7,980.5,42.3,25.6,408.0,19.0,14.9,49.0
2024-08-25 04:00:00,25.4,93,24.1,0.0,12.9,67,22.3,979.7,37.1,20.7,361.0,16.4,14.2,50.0
2024-08-25 05:00:00,25.4,93,24.1,0.0,12.2,62,20.9,979.5,25.7,18.0,333.0,15.2,15.2,52.0
2024-08-25 06:00:00,26.9,86,24.2,0.0,15.2,76,25.6,980.4,27.3,19.0,348.0,15.3,16.2,58.0
2024-08-25 07:00:00,27.8,83,24.6,0.0,17.3,86,31.7,980.7,30.6,21.3,368.0,15.4,17.6,68.0
2024-08-25 08:00:00,28.8,78,24.6,0.1,19.5,94,34.6,980.6,32.2,22.3,374.0,14.5,18.3,82.0
2024-08-25 09:00:00,29.9,75,24.9,0.0,18.9,99,40.3,980.2,34.0,23.4,352.0,11.9,17.5,103.0
2024-08-25 10:00:00,30.8,71,25.0,0.0,19.4,101,43.2,979.7,33.3,22.9,315.0,8.4,16.0,128.0
2024-08-25 11:00:00,31.8,67,24.9,0.0,19.7,98,43.9,979.3,31.7,21.7,288.0,5.8,14.8,147.0
2024-08-25 12:00:00,32.3,66,25.1,0.0,20.4,98,42.8,978.8,32.1,22.0,279.0,4.8,14.4,158.0
2024-08-25 13:00:00,32.6,65,25.0,0.0,21.4,98,39.2,977.9,32.9,22.5,278.0,4.8,14.4,163.0
2024-08-25 14:00:00,32.8,63,24.7,0.0,20.5,93,38.9,976.9,37.0,23.4,283.0,5.7,14.6,164.0
2024-08-25 15:00:00,32.7,62,24.5,0.0,19.8,91,37.4,976.2,41.4,24.3,288.0,7.1,14.9,161.0
2024-08-25 16:00:00,31.4,68,24.9,1.5,18.4,90,36.7,975.9,41.2,24.9,298.0,9.5,15.4,153.0
2024-08-25 17:00:00,30.4,76,25.6,0.1,11.0,67,30.6,976.1,36.8,24.4,370.0,18.5,14.1,115.0
2024-08-25 18:00:00,29.8,75,24.9,0.0,10.1,88,19.8,977.0,33.3,22.6,375.0,19.6,15.2,106.0
2024-08-25 19:00:00,29.3,77,24.8,0.0,9.0,90,16.9,977.7,29.7,20.4,383.0,21.1,16.7,92.0
2024-08-25 20:00:00,28.9,80,25.0,0.0,8.8,81,15.1,978.2,29.8,20.6,390.0,22.3,18.0,81.0
2024-08-25 21:00:00,28.5,83,25.2,0.0,9.1,81,14.4,978.9,31.5,21.8,398.0,23.1,19.0,74.0
2024-08-25 22:00:00,28.2,83,25.1,0.0,11.5,88,18.4,978.8,34.1,23.6,406.0,23.5,19.8,68.0
2024-08-25 23:00:00,28.0,84,25.0,0.0,12.2,88,19.8,978.6,35.9,24.8,404.0,23.0,20.0,64.0
2024-08-26 00:00:00,27.6,86,25.0,0.0,11.2,86,19.8,978.2,36.3,25.0,384.0,21.0,19.0,61.0
2024-08-26 01:00:00,27.2,88,25.0,0.0,10.5,84,18.4,977.9,37.1,25.6,355.0,18.1,17.3,59.0
2024-08-26 02:00:00,27.0,89,25.0,0.0,10.5,82,17.3,977.6,37.7,26.0,333.0,15.9,16.1,58.0
2024-08-26 03:00:00,26.7,90,24.9,0.0,9.1,83,17.3,977.5,38.0,26.2,322.0,15.0,15.8,55.0
2024-08-26 04:00:00,26.5,91,24.9,0.0,8.4,83,15.1,978.0,38.3,26.5,317.0,14.8,16.0,53.0
2024-08-26 05:00:00,26.2,92,24.8,0.0,8.7,83,14.0,978.1,39.2,27.3,342.0,16.4,16.7,48.0
2024-08-26 06:00:00,27.2,85,24.6,0.0,11.8,102,20.2,979.2,40.6,28.2,370.0,16.9,18.5,57.0
2024-08-26 07:00:00,28.1,82,24.8,0.0,13.6,102,25.9,979.7,45.4,31.4,407.0,17.5,20.8,70.0
2024-08-26 08:00:00,29.1,77,24.8,0.0,17.4,103,36.7,979.9,50.9,35.2,423.0,16.8,22.1,87.0
2024-08-26 09:00:00,29.8,77,25.2,0.0,18.6,108,38.5,980.5,52.5,36.2,396.0,13.5,21.2,112.0
2024-08-26 10:00:00,29.9,76,25.1,0.7,16.9,102,39.6,980.4,47.7,32.8,347.0,9.0,19.2,141.0
2024-08-26 11:00:00,31.1,73,25.6,0.0,18.2,104,38.5,980.2,43.0,29.5,309.0,5.6,17.6,164.0
2024-08-26 12:00:00,31.6,70,25.5,0.1,18.9,108,39.6,979.4,40.2,27.5,290.0,4.1,16.8,176.0
2024-08-26 13:00:00,31.8,69,25.4,0.0,16.6,108,40.3,978.3,39.9,27.4,282.0,3.7,16.3,182.0
2024-08-26 14:00:00,28.9,82,25.5,1.7,20.0,120,39.6,977.7,43.1,27.8,289.0,5.1,16.1,180.0
2024-08-26 15:00:00,29.8,78,25.5,0.1,12.7,97,35.6,976.7,41.3,28.4,320.0,9.3,16.0,168.0
2024-08-26 16:00:00,30.6,73,25.1,0.0,15.1,91,26.3,976.8,42.0,29.0,368.0,15.3,16.0,148.0
2024-08-26 17:00:00,29.5,78,25.3,0.0,15.9,86,28.4,977.4,42.0,28.9,367.0,17.3,15.7,120.0
2024-08-26 18:00:00,27.9,84,24.9,0.1,15.5,108,27.0,977.7,41.1,28.4,392.0,20.3,17.0,106.0
2024-08-26 19:00:00,27.2,86,24.6,0.0,9.8,114,25.6,979.1,39.8,27.6,424.0,24.3,18.7,86.0
2024-08-26 20:00:00,27.0,86,24.5,0.0,13.8,99,22.3,979.7,38.3,26.6,436.0,26.2,19.7,71.0
2024-08-26 21:00:00,27.0,87,24.6,0.0,14.8,104,24.5,980.3,34.9,24.3,409.0,24.2,19.2,67.0
2024-08-26 22:00:00,26.8,88,24.6,0.0,15.3,99,25.2,980.5,32.8,22.9,362.0,20.1,18.0,69.0
2024-08-26 23:00:00,26.6,88,24.5,0.0,14.3,108,25.2,980.4,32.5,22.6,322.0,16.8,17.1,70.0
2024-08-27 00:00:00,26.5,89,24.5,0.0,13.0,104,23.8,980.4,32.4,22.6,299.0,15.4,17.0,68.0
2024-08-27 01:00:00,24.8,94,23.9,2.6,20.6,106,34.9,980.7,33.1,23.1,282.0,14.8,17.2,65.0
2024-08-27 02:00:00,24.8,94,23.6,0.1,14.9,127,36.7,979.8,33.2,23.2,269.0,14.3,17.3,62.0
2024-08-27 03:00:00,25.0,94,24.0,0.0,12.5,102,24.8,979.3,33.1,23.2,256.0,13.6,17.0,60.0
2024-08-27 04:00:00,25.2,95,24.3,0.0,12.7,97,21.2,980.0,33.5,23.5,247.0,13.1,16.6,58.0
2024-08-27 05:00:00,25.4,93,24.0,0.0,14.4,94,24.5,980.3,37.0,25.9,282.0,16.0,18.2,48.0
2024-08-27 06:00:00,26.0,91,24.5,0.0,13.8,110,22.3,981.0,38.5,27.0,295.0,15.6,18.7,56.0
2024-08-27 07:00:00,27.0,86,24.5,0.0,20.0,113,33.5,981.4,39.9,27.8,313.0,14.9,19.3,67.0
2024-08-27 08:00:00,28.1,81,24.5,0.1,21.9,113,38.2,981.8,41.2,28.7,321.0,13.8,19.2,79.0
2024-08-27 09:00:00,29.2,78,25.0,0.0,20.9,109,42.8,982.1,40.3,28.1,309.0,11.7,17.8,93.0
2024-08-27 10:00:00,30.1,75,25.1,0.2,22.9,112,41.0,982.1,37.4,26.0,288.0,9.0,15.6,109.0
2024-08-27 11:00:00,30.9,70,24.9,0.2,23.4,119,42.1,981.6,35.7,24.8,272.0,7.1,14.0,122.0
2024-08-27 12:00:00,31.1,69,24.9,0.4,23.7,123,42.5,981.0,35.0,24.3,263.0,5.9,13.3,133.0
2024-08-27 13:00:00,31.8,68,25.2,0.1,20.0,124,46.1,980.2,33.1,22.9,259.0,5.3,13.0,141.0
2024-08-27 14:00:00,29.1,77,24.8,4.5,22.2,137,44.6,979.3,34.8,24.1,269.0,6.7,13.1,143.0
2024-08-27 15:00:00,29.5,77,24.9,0.7,17.3,113,43.2,978.7,36.8,25.5,306.0,11.4,13.4,134.0
2024-08-27 16:00:00,28.8,80,25.0,0.1,14.2,111,36.0,979.0,37.6,26.1,357.0,18.1,14.0,119.0
2024-08-27 17:00:00,28.5,80,24.8,0.4,15.5,94,29.5,979.6,36.7,25.5,350.0,18.3,15.6,113.0
2024-08-27 18:00:00,28.0,85,25.2,0.0,12.0,123,24.1,980.1,39.7,27.7,377.0,21.2,16.6,100.0
2024-08-27 19:00:00,27.4,87,25.0,0.0,8.9,111,19.8,981.4,38.5,26.9,412.0,25.3,18.0,82.0
2024-08-27 20:00:00,26.7,89,24.7,0.6,10.9,107,22.0,982.7,35.6,24.9,433.0,27.8,19.0,68.0
2024-08-27 21:00:00,25.5,93,24.4,2.4,10.9,98,22.0,983.4,34.8,24.3,426.0,27.8,19.3,63.0
2024-08-27 22:00:00,25.1,94,24.1,1.7,11.1,115,19.1,983.1,34.1,23.8,405.0,26.2,19.1,61.0
2024-08-27 23:00:00,25.0,95,24.1,0.7,11.8,113,18.7,983.1,31.4,22.0,378.0,24.2,18.7,61.0
2024-08-28 00:00:00,24.8,95,24.0,1.1,10.2,132,22.3,982.9,30.6,21.4,346.0,21.4,18.0,61.0
2024-08-28 01:00:00,24.8,95,24.0,0.6,9.9,123,17.3,982.3,29.2,20.4,309.0,18.1,17.1,62.0
2024-08-28 02:00:00,24.8,96,24.0,0.4,8.7,120,16.2,981.9,27.2,19.0,281.0,15.7,16.3,62.0
2024-08-28 03:00:00,24.6,96,24.0,0.1,7.8,103,14.4,981.6,24.3,16.9,265.0,14.7,15.8,60.0
2024-08-28 04:00:00,24.7,97,24.1,0.0,7.2,93,13.3,981.3,21.0,14.7,258.0,14.5,15.4,57.0
2024-08-28 05:00:00,24.6,97,24.1,0.0,7.6,109,13.0,981.6,8.8,6.2,237.0,11.8,13.4,57.0
2024-08-28 06:00:00,25.6,94,24.6,0.2,10.5,106,19.8,981.9,9.4,6.6,270.0,13.4,14.5,56.0
2024-08-28 07:00:00,26.4,89,24.4,0.1,14.7,121,25.6,982.2,10.9,7.7,314.0,15.4,15.9,55.0
2024-08-28 08:00:00,27.2,85,24.4,0.2,17.0,126,30.2,982.3,14.0,9.8,343.0,16.0,17.1,63.0
2024-08-28 09:00:00,28.5,81,24.9,0.0,13.8,131,32.4,982.6,18.7,13.2,341.0,13.5,17.7,87.0
2024-08-28 10:00:00,29.6,76,25.0,0.0,12.2,135,30.2,982.2,22.5,15.8,323.0,9.5,17.9,119.0
2024-08-28 11:00:00,30.2,72,24.5,0.0,13.4,126,31.0,981.6,20.8,14.6,309.0,6.9,17.9,142.0
2024-08-28 12:00:00,30.1,72,24.5,0.2,12.3,128,31.0,980.6,18.6,13.0,306.0,6.8,17.3,147.0
2024-08-28 13:00:00,30.0,73,24.5,1.4,13.8,129,29.5,979.7,20.4,14.3,307.0,8.1,16.6,143.0
2024-08-28 14:00:00,30.0,74,24.9,0.3,9.2,116,27.4,978.4,23.3,16.3,315.0,10.0,16.8,140.0
2024-08-28 15:00:00,30.2,71,24.4,0.1,9.2,132,22.0,977.5,25.8,18.1,316.0,11.0,18.7,145.0
2024-08-28 16:00:00,30.0,74,24.8,0.1,8.1,159,21.2,977.3,27.3,19.1,324.0,12.6,21.6,150.0
2024-08-28 17:00:00,29.2,75,24.4,0.1,7.5,145,19.4,977.2,44.9,29.8,329.0,14.1,18.9,136.0
2024-08-28 18:00:00,27.3,89,25.4,0.0,4.8,48,8.3,979.0,53.1,36.1,400.0,20.9,19.2,115.0
2024-08-28 19:00:00,26.9,92,25.5,0.1,6.1,90,12.6,979.4,55.6,38.3,496.0,30.1,19.7,86.0
2024-08-28 20:00:00,26.3,92,24.9,0.1,5.9,79,10.4,980.5,49.4,34.2,554.0,35.9,20.0,65.0
2024-08-28 21:00:00,26.1,93,25.0,0.4,4.7,81,12.2,980.8,45.9,32.0,539.0,35.1,20.2,59.0
2024-08-28 22:00:00,25.9,92,24.5,0.2,7.9,93,13.3,980.5,43.1,30.2,487.0,30.8,20.3,61.0
2024-08-28 23:00:00,25.5,93,24.4,0.4,8.5,102,13.7,980.2,38.6,27.1,437.0,26.5,19.9,63.0
2024-08-29 00:00:00,24.5,97,24.0,8.9,6.2,100,14.4,980.0,35.0,24.6,401.0,23.1,18.6,63.0
2024-08-29 01:00:00,24.8,95,24.0,1.7,4.1,165,11.5,979.3,31.0,21.7,368.0,19.6,16.9,64.0
2024-08-29 02:00:00,24.9,94,23.8,1.6,3.6,217,9.7,978.8,29.0,20.4,343.0,17.3,15.8,63.0
2024-08-29 03:00:00,24.6,95,23.8,11.7,7.2,177,15.8,978.8,26.8,18.8,327.0,16.4,15.7,60.0
2024-08-29 04:00:00,24.6,96,23.9,6.4,9.4,162,19.1,979.0,24.2,16.9,319.0,16.5,16.1,56.0
2024-08-29 05:00:00,24.5,97,24.0,1.1,13.6,140,27.4,979.8,25.1,17.6,328.0,19.0,16.0,47.0
2024-08-29 06:00:00,25.0,95,24.1,4.7,17.1,141,33.1,981.1,27.0,18.7,387.0,23.0,17.0,38.0
2024-08-29 07:00:00,25.1,95,24.4,3.6,11.8,113,32.4,981.9,31.0,21.1,465.0,28.2,18.3,28.0
2024-08-29 08:00:00,25.5,95,24.8,3.4,14.7,112,24.1,982.6,34.9,23.7,502.0,30.1,19.6,29.0
2024-08-29 09:00:00,26.3,92,24.9,0.8,16.1,119,31.0,983.2,36.0,23.7,460.0,25.5,20.8,52.0
2024-08-29 10:00:00,27.8,86,25.1,0.1,16.1,114,31.3,983.1,38.3,24.2,376.0,17.7,21.9,86.0
2024-08-29 11:00:00,28.7,80,25.0,0.0,15.9,115,32.8,982.7,40.3,24.3,310.0,11.3,22.5,117.0
2024-08-29 12:00:00,30.0,73,24.7,0.0,16.8,118,32.0,982.0,42.7,25.1,280.0,8.0,22.0,141.0
2024-08-29 13:00:00,30.5,70,24.5,0.1,14.2,126,32.0,981.0,43.2,24.7,268.0,6.2,21.0,162.0
2024-08-29 14:00:00,30.6,69,24.4,0.0,11.2,135,27.0,979.7,43.1,23.9,268.0,6.2,20.8,175.0
2024-08-29 15:00:00,31.2,66,24.1,0.0,9.4,148,22.7,978.6,44.7,24.6,273.0,7.8,22.0,179.0
2024-08-29 16:00:00,31.4,64,23.8,0.0,6.9,141,19.1,978.4,44.6,25.3,291.0,11.1,23.9,174.0
2024-08-29 17:00:00,31.0,68,24.4,0.0,5.2,124,14.0,978.6,62.4,36.8,371.0,22.7,25.6,106.0
2024-08-29 18:00:00,28.2,82,25.0,0.0,5.9,47,9.4,979.8,73.1,45.8,556.0,36.5,28.8,83.0
2024-08-29 19:00:00,27.0,87,24.8,0.0,9.5,79,16.6,980.5,89.4,57.0,810.0,55.3,33.1,51.0
2024-08-29 20:00:00,26.5,91,24.9,0.3,8.1,77,15.8,981.7,90.6,58.3,988.0,68.3,35.9,27.0
2024-08-29 21:00:00,26.4,91,24.9,0.0,7.4,76,13.3,982.5,86.1,55.4,1029.0,70.5,36.0,17.0
2024-08-29 22:00:00,26.4,90,24.6,0.0,6.2,80,12.2,982.6,88.9,56.9,995.0,66.9,34.4,14.0
2024-08-29 23:00:00,26.1,90,24.5,0.0,7.8,103,12.6,982.7,88.0,56.3,926.0,61.2,31.9,14.0
2024-08-30 00:00:00,25.9,92,24.4,0.0,6.9,96,12.2,982.6,79.2,50.4,815.0,53.3,27.9,18.0
2024-08-30 01:00:00,25.7,93,24.4,0.0,8.7,85,14.4,982.1,70.8,44.6,668.0,43.3,22.9,24.0
2024-08-30 02:00:00,25.5,94,24.5,0.0,7.2,93,14.4,981.7,65.2,41.0,550.0,35.0,19.1,30.0
2024-08-30 03:00:00,25.3,96,24.5,0.0,6.5,93,11.9,981.7,61.2,38.3,480.0,29.9,17.1,31.0
2024-08-30 04:00:00,25.2,96,24.5,0.0,7.2,87,11.9,981.9,58.0,36.2,439.0,26.7,16.2,31.0
2024-08-30 05:00:00,25.1,97,24.5,0.0,4.9,107,11.9,982.4,58.4,37.3,455.0,26.2,17.0,30.0
2024-08-30 06:00:00,25.9,95,25.0,0.0,5.2,74,9.0,982.8,62.6,39.7,501.0,26.9,19.5,43.0
2024-08-30 07:00:00,26.7,92,25.4,0.0,5.8,83,12.6,983.4,69.2,43.5,562.0,27.7,22.9,62.0
2024-08-30 08:00:00,28.0,87,25.6,0.0,5.9,104,14.8,983.7,75.2,46.2,580.0,26.5,25.9,86.0
2024-08-30 09:00:00,29.4,81,25.8,0.1,5.3,118,15.5,984.2,74.5,44.1,513.0,21.3,27.9,119.0
2024-08-30 10:00:00,30.3,78,26.0,0.2,4.8,132,15.8,984.7,60.8,33.5,405.0,14.2,29.5,158.0
2024-08-30 11:00:00,30.9,77,26.3,0.3,2.6,164,15.8,984.2,59.0,32.8,325.0,8.8,30.4,191.0
2024-08-30 12:00:00,31.3,74,26.2,0.3,2.6,196,14.0,983.6,59.3,33.6,306.0,6.6,30.5,215.0
2024-08-30 13:00:00,31.4,74,26.0,0.3,1.6,207,13.7,982.7,59.4,34.3,317.0,6.2,30.1,233.0
2024-08-30 14:00:00,31.0,75,26.0,0.2,1.3,236,11.5,981.5,58.7,34.3,333.0,7.1,29.3,240.0
2024-08-30 15:00:00,30.3,79,26.1,0.3,3.3,6,10.4,980.8,59.0,35.2,341.0,9.2,28.0,233.0
2024-08-30 16:00:00,29.6,80,25.8,1.8,7.1,330,16.2,980.2,59.4,35.9,355.0,12.6,26.4,215.0
2024-08-30 17:00:00,29.5,81,25.8,0.0,6.2,7,14.4,980.3,75.4,43.4,387.0,17.7,26.9,183.0
2024-08-30 18:00:00,28.8,81,25.2,0.0,8.0,297,15.1,981.7,82.9,49.6,685.0,43.3,33.0,140.0
2024-08-30 19:00:00,27.7,85,25.0,0.0,6.2,291,14.4,982.6,104.1,64.3,1090.0,77.8,41.3,80.0
2024-08-30 20:00:00,27.2,89,25.1,0.0,4.3,312,9.4,983.3,123.9,78.9,1347.0,98.3,46.3,39.0
2024-08-30 21:00:00,27.0,90,25.2,0.0,4.8,312,8.3,984.0,119.7,78.0,1315.0,91.0,45.3,34.0
2024-08-30 22:00:00,26.6,92,25.2,0.0,4.7,302,7.6,984.0,111.8,73.8,1136.0,69.7,41.0,48.0
2024-08-30 23:00:00,26.3,95,25.4,0.0,4.4,325,7.2,983.8,104.3,69.6,981.0,52.5,36.7,57.0
2024-08-31 00:00:00,26.1,96,25.4,0.0,4.3,360,5.4,983.3,98.7,65.9,916.0,47.0,33.3,53.0
2024-08-31 01:00:00,26.4,93,25.2,0.0,3.2,360,6.1,982.8,98.7,65.7,875.0,45.6,29.8,45.0
2024-08-31 02:00:00,25.9,96,25.2,0.0,4.2,340,5.8,982.4,101.3,67.1,829.0,43.7,26.5,39.0
2024-08-31 03:00:00,25.7,97,25.1,0.0,3.1,324,5.0,982.4,98.0,65.0,762.0,39.3,23.4,35.0
2024-08-31 04:00:00,25.6,97,25.1,0.0,3.7,331,5.8,982.3,88.7,59.4,690.0,34.3,20.4,32.0
2024-08-31 05:00:00,25.5,97,25.0,0.0,4.3,318,6.8,982.3,67.8,45.8,546.0,26.2,15.6,37.0
2024-08-31 06:00:00,26.2,94,25.1,0.0,8.8,305,13.0,982.7,61.9,42.5,535.0,24.8,14.9,48.0
2024-08-31 07:00:00,27.4,89,25.4,0.0,8.7,308,16.2,983.2,56.1,37.7,516.0,22.6,13.9,64.0
2024-08-31 08:00:00,28.9,83,25.8,0.0,10.7,310,21.2,983.2,54.2,35.9,483.0,19.7,13.7,84.0
2024-08-31 09:00:00,30.2,77,25.7,0.0,13.0,318,25.2,983.2,59.6,36.8,421.0,15.2,15.0,112.0
2024-08-31 10:00:00,31.2,71,25.4,0.0,13.0,318,26.6,983.0,59.8,32.8,345.0,9.9,17.1,144.0
2024-08-31 11:00:00,32.1,67,25.2,0.0,12.0,314,26.6,982.8,61.5,32.8,289.0,6.0,18.2,167.0
2024-08-31 12:00:00,32.8,63,24.8,0.0,11.7,315,24.5,982.1,59.6,31.8,267.0,4.4,17.3,176.0
2024-08-31 13:00:00,33.2,61,24.7,0.0,11.2,315,24.5,981.5,56.8,30.6,264.0,4.2,15.5,175.0
2024-08-31 14:00:00,33.4,61,24.8,0.0,10.7,318,23.4,980.7,55.1,30.3,273.0,5.4,14.1,171.0
2024-08-31 15:00:00,33.3,61,24.8,0.0,10.9,316,22.0,980.0,55.8,30.3,285.0,7.6,13.5,165.0
2024-08-31 16:00:00,33.0,62,24.9,0.0,10.9,326,21.2,979.6,56.8,30.3,309.0,11.1,13.4,154.0
2024-08-31 17:00:00,32.2,69,25.8,0.0,8.8,325,19.4,979.5,67.3,31.9,368.0,19.6,14.5,125.0
2024-08-31 18:00:00,30.5,74,25.3,0.0,7.1,315,16.9,980.5,77.1,36.7,454.0,28.1,16.6,103.0
2024-08-31 19:00:00,29.5,77,25.1,0.0,6.1,315,11.2,981.2,88.5,42.4,573.0,39.8,19.4,72.0
2024-08-31 20:00:00,29.0,80,25.1,0.0,6.4,313,9.7,981.6,94.1,43.9,658.0,47.9,21.2,48.0
2024-08-31 21:00:00,28.5,82,25.1,0.0,6.9,309,10.8,981.8,96.2,44.8,682.0,49.4,21.2,37.0
2024-08-31 22:00:00,28.0,85,25.1,0.0,5.9,313,10.8,982.1,93.8,44.6,672.0,47.2,20.1,34.0
2024-08-31 23:00:00,27.4,88,25.1,0.0,5.1,321,9.0,982.0,89.4,43.7,648.0,44.0,18.7,32.0
2024-09-01 00:00:00,26.9,91,25.2,0.0,4.4,305,7.6,981.8,84.3,42.0,605.0,39.6,16.8,32.0
2024-09-01 01:00:00,26.6,91,25.1,0.0,4.8,283,7.2,981.2,78.9,40.3,548.0,34.1,14.6,33.0
2024-09-01 02:00:00,26.2,93,25.0,0.0,4.5,284,7.2,980.9,74.5,39.0,504.0,30.0,13.1,34.0
2024-09-01 03:00:00,26.2,92,24.9,0.0,5.7,288,8.3,981.1,71.9,38.4,483.0,28.6,12.6,30.0
2024-09-01 04:00:00,26.1,92,24.6,0.0,6.1,298,10.1,981.4,69.2,37.7,475.0,28.7,12.8,24.0
2024-09-01 05:00:00,25.8,93,24.6,0.0,4.6,309,9.7,981.8,69.4,40.0,502.0,29.8,15.1,27.0
2024-09-01 06:00:00,26.9,90,25.0,0.0,6.8,302,9.7,981.9,70.8,41.6,526.0,28.6,16.5,46.0
2024-09-01 07:00:00,28.1,86,25.6,0.0,5.8,300,12.2,982.5,73.8,44.9,556.0,26.6,18.4,73.0
2024-09-01 08:00:00,29.6,79,25.5,0.0,6.5,304,14.4,983.1,71.9,44.1,551.0,23.5,19.9,100.0
2024-09-01 09:00:00,30.9,72,25.3,0.0,8.1,315,18.0,983.4,51.2,32.8,479.0,18.1,20.5,127.0
2024-09-01 10:00:00,32.0,65,24.6,0.0,10.3,331,21.6,983.3,41.8,26.8,373.0,11.6,20.6,153.0
2024-09-01 11:00:00,32.6,63,24.6,0.0,8.0,333,21.6,982.9,39.1,25.1,294.0,6.8,20.4,174.0
2024-09-01 12:00:00,33.0,61,24.5,0.0,6.6,331,19.1,982.1,38.2,24.7,267.0,4.7,19.8,188.0
2024-09-01 13:00:00,33.5,60,24.5,0.0,6.7,324,17.3,980.8,39.0,25.1,267.0,4.3,18.8,195.0
2024-09-01 14:00:00,33.7,59,24.5,0.0,7.6,329,17.6,979.8,39.8,25.5,285.0,6.0,18.1,196.0
2024-09-01 15:00:00,33.7,59,24.5,0.0,7.3,340,17.6,979.1,40.3,25.6,304.0,9.0,17.2,189.0
2024-09-01 16:00:00,33.1,61,24.6,0.0,7.6,357,16.2,979.4,41.1,25.8,340.0,14.0,16.5,174.0
2024-09-01 17:00:00,32.5,66,25.4,0.0,4.0,360,14.4,979.5,64.3,41.0,434.0,23.8,18.5,143.0
2024-09-01 18:00:00,30.7,75,25.8,0.0,4.9,36,11.5,980.6,74.7,48.4,626.0,40.8,22.4,110.0
2024-09-01 19:00:00,29.8,82,26.4,0.0,5.2,78,7.9,980.9,91.7,60.1,884.0,63.7,27.8,66.0
2024-09-01 20:00:00,29.6,78,25.5,0.0,9.0,88,11.5,981.7,96.6,62.9,1028.0,75.7,31.1,37.0
2024-09-01 21:00:00,28.2,84,25.2,0.0,13.6,112,24.5,982.8,87.1,55.2,953.0,66.7,30.7,40.0
2024-09-01 22:00:00,27.6,86,25.1,0.0,12.0,111,22.7,982.9,80.1,52.2,764.0,47.0,28.4,58.0
2024-09-01 23:00:00,27.2,89,25.3,0.0,13.7,117,23.0,983.4,72.6,48.7,595.0,30.6,25.8,73.0
2024-09-02 00:00:00,26.9,92,25.5,0.0,11.3,117,22.7,982.9,61.7,41.7,489.0,22.9,23.2,77.0
2024-09-02 01:00:00,26.8,93,25.6,0.0,10.8,111,18.7,982.6,53.6,36.4,403.0,18.5,20.4,78.0
2024-09-02 02:00:00,27.0,92,25.5,0.0,10.8,116,20.5,982.2,49.6,34.0,344.0,15.8,18.5,76.0
2024-09-02 03:00:00,26.7,90,25.0,0.4,13.9,121,21.6,982.4,49.0,33.8,320.0,14.6,18.2,71.0
2024-09-02 04:00:00,25.6,94,24.6,0.2,12.9,113,25.2,982.7,47.8,33.2,322.0,15.1,18.9,65.0
2024-09-02 05:00:00,25.2,95,24.4,1.3,11.1,103,23.0,982.8,42.3,29.7,330.0,16.6,19.0,57.0
2024-09-02 06:00:00,26.3,91,24.6,0.2,11.6,112,23.8,983.3,41.4,29.0,354.0,18.0,20.2,59.0
2024-09-02 07:00:00,26.5,90,24.8,0.1,13.8,118,24.1,983.7,41.9,29.3,386.0,19.7,21.8,63.0
2024-09-02 08:00:00,27.1,89,25.0,0.3,10.8,116,25.9,984.7,45.3,31.4,403.0,19.8,23.0,75.0
2024-09-02 09:00:00,28.0,86,25.5,0.1,12.4,107,25.9,984.6,47.1,32.6,391.0,16.8,23.3,102.0
2024-09-02 10:00:00,30.0,77,25.5,0.1,10.8,111,24.8,984.9,44.2,30.4,365.0,12.1,23.1,137.0
2024-09-02 11:00:00,30.6,71,24.9,0.0,13.4,114,29.2,984.2,41.8,28.6,343.0,8.5,23.0,166.0
2024-09-02 12:00:00,30.8,72,25.1,0.1,12.0,111,29.2,983.6,41.0,27.8,330.0,6.6,22.9,185.0
2024-09-02 13:00:00,31.5,71,25.5,0.1,11.0,101,28.8,982.3,44.7,30.4,322.0,5.7,22.8,197.0
2024-09-02 14:00:00,31.6,70,25.5,0.0,9.7,94,28.1,980.9,44.8,30.4,325.0,6.5,23.0,201.0
2024-09-02 15:00:00,31.2,72,25.6,0.0,9.9,80,25.6,979.8,42.7,28.9,336.0,9.1,23.9,194.0
2024-09-02 16:00:00,29.4,81,25.8,3.5,4.9,54,23.8,979.6,42.7,28.8,359.0,13.4,25.0,178.0
2024-09-02 17:00:00,29.6,79,25.5,0.1,7.7,28,14.4,979.6,43.7,29.6,409.0,20.5,24.9,139.0
2024-09-02 18:00:00,29.2,75,24.4,0.0,8.0,72,15.5,980.2,50.2,34.2,504.0,29.3,25.8,113.0
2024-09-02 19:00:00,28.4,77,23.9,0.0,7.4,61,13.7,980.9,56.5,38.5,636.0,41.3,27.1,78.0
2024-09-02 20:00:00,27.8,79,23.9,0.0,6.4,74,11.9,981.9,59.6,40.9,735.0,50.1,27.9,50.0
2024-09-02 21:00:00,27.4,82,24.0,0.0,6.2,80,10.4,983.0,64.5,44.1,780.0,53.4,28.1,37.0
2024-09-02 22:00:00,27.1,84,24.2,0.0,7.9,90,12.6,983.4,66.1,45.3,792.0,53.4,27.9,32.0
2024-09-02 23:00:00,26.9,86,24.3,0.0,9.0,106,14.8,983.6,64.0,43.9,767.0,50.3,27.1,31.0
2024-09-03 00:00:00,26.7,87,24.4,0.0,8.6,105,14.8,983.3,60.3,41.4,679.0,42.0,25.1,37.0
2024-09-03 01:00:00,26.5,88,24.4,0.0,8.4,97,13.7,982.9,54.9,37.8,553.0,30.7,22.4,48.0
2024-09-03 02:00:00,26.4,89,24.5,0.0,9.5,99,15.5,982.2,53.2,36.6,458.0,22.2,20.5,55.0
2024-09-03 03:00:00,26.2,90,24.5,0.0,10.2,98,16.2,982.1,52.7,36.3,425.0,19.7,19.9,52.0
2024-09-03 04:00:00,26.1,91,24.5,0.0,10.5,96,16.9,982.0,52.4,36.1,422.0,20.1,20.1,45.0
2024-09-03 05:00:00,26.0,91,24.5,0.0,9.7,90,17.3,982.5,39.7,27.5,289.0,12.4,16.1,63.0
2024-09-03 06:00:00,26.0,94,24.9,0.9,7.9,93,18.7,983.0,39.1,27.1,303.0,13.9,17.8,61.0
2024-09-03 07:00:00,25.6,92,24.2,10.0,8.9,76,16.9,984.3,39.0,27.1,322.0,15.8,20.2,59.0
2024-09-03 08:00:00,25.0,94,24.0,3.0,12.4,80,25.2,985.0,33.3,22.9,334.0,16.5,22.1,65.0
2024-09-03 09:00:00,25.7,90,23.9,1.4,10.8,69,22.3,985.4,33.6,23.2,331.0,14.8,22.8,86.0
2024-09-03 10:00:00,26.6,87,24.2,1.3,9.0,85,23.0,985.1,34.8,24.0,320.0,11.9,22.9,116.0
2024-09-03 11:00:00,29.3,79,25.2,0.1,6.8,87,21.6,984.5,34.2,23.4,312.0,9.4,23.1,144.0
2024-09-03 12:00:00,30.5,73,25.0,0.1,5.5,122,20.9,983.6,34.1,23.3,307.0,7.5,23.7,169.0
2024-09-03 13:00:00,31.5,70,25.4,0.2,5.9,137,19.8,982.7,36.8,25.1,305.0,6.1,24.2,192.0
2024-09-03 14:00:00,31.8,71,25.8,0.1,6.1,130,20.2,981.5,39.5,27.0,308.0,6.4,24.3,201.0
2024-09-03 15:00:00,31.6,71,25.8,0.0,6.7,106,19.4,979.7,40.6,27.6,315.0,9.0,23.2,187.0
2024-09-03 16:00:00,31.5,72,25.7,0.1,5.8,94,18.4,979.8,40.9,27.9,329.0,13.2,21.6,160.0
2024-09-03 17:00:00,30.8,73,25.5,0.0,6.1,87,16.2,980.3,49.7,33.6,394.0,20.8,25.1,154.0
2024-09-03 18:00:00,27.4,89,25.5,9.0,3.3,347,13.3,982.2,54.9,37.6,458.0,27.4,24.6,127.0
2024-09-03 19:00:00,27.1,92,25.6,0.2,8.1,283,11.9,982.8,56.6,38.8,547.0,36.4,24.0,89.0
2024-09-03 20:00:00,26.6,95,25.8,0.1,8.2,319,14.4,983.4,56.6,39.1,611.0,42.7,23.5,60.0
2024-09-03 21:00:00,26.1,96,25.4,0.1,7.6,352,13.7,983.6,56.1,39.0,632.0,44.1,23.6,48.0
2024-09-03 22:00:00,25.7,94,24.6,0.0,12.5,18,19.8,984.1,57.3,39.9,629.0,42.7,23.9,44.0
2024-09-03 23:00:00,25.2,95,24.3,0.0,10.2,58,20.9,983.1,55.5,38.6,606.0,39.9,23.6,42.0
2024-09-04 00:00:00,24.9,96,24.2,0.0,7.8,77,17.6,982.6,51.3,35.7,551.0,35.0,22.1,41.0
2024-09-04 01:00:00,24.8,96,24.1,0.0,5.6,75,13.0,982.1,46.7,32.5,475.0,28.7,20.0,42.0
2024-09-04 02:00:00,24.5,97,24.0,0.0,3.3,84,9.4,981.8,44.6,31.0,424.0,24.7,18.7,41.0
2024-09-04 03:00:00,24.5,96,24.0,0.0,4.4,125,7.2,981.6,43.9,30.5,418.0,25.1,18.3,35.0
2024-09-04 04:00:00,24.6,96,23.9,0.0,8.7,138,14.0,982.0,45.3,31.4,437.0,27.7,18.7,26.0
2024-09-04 05:00:00,24.5,97,24.0,0.0,8.0,172,14.4,981.9,36.2,25.1,341.0,21.0,16.8,45.0
2024-09-04 06:00:00,24.7,96,24.0,0.2,5.4,278,11.2,981.5,39.7,27.5,360.0,23.0,19.4,50.0
2024-09-04 07:00:00,25.5,94,24.5,0.0,4.2,329,11.5,982.0,43.2,29.7,386.0,25.8,23.1,56.0
2024-09-04 08:00:00,26.8,89,24.8,0.0,10.9,343,22.0,982.9,46.4,31.8,403.0,27.5,26.3,63.0
2024-09-04 09:00:00,27.5,85,24.8,0.3,13.7,337,25.2,983.1,47.0,32.0,402.0,27.4,28.4,68.0
2024-09-04 10:00:00,27.5,85,24.7,0.1,6.7,16,28.4,983.1,41.4,28.3,391.0,26.2,30.0,73.0
2024-09-04 11:00:00,28.4,82,25.0,0.1,3.9,34,19.4,982.8,36.8,25.2,385.0,24.7,31.3,83.0
2024-09-04 12:00:00,29.1,78,25.0,0.1,3.3,354,13.7,981.9,37.4,25.7,387.0,22.7,32.6,104.0
2024-09-04 13:00:00,30.2,75,25.3,0.1,3.3,319,15.1,980.8,36.1,24.7,393.0,20.4,33.7,130.0
2024-09-04 14:00:00,30.5,75,25.5,0.0,6.8,328,17.3,979.1,38.5,26.4,401.0,19.1,34.2,148.0
2024-09-04 15:00:00,30.7,74,25.6,0.1,9.7,329,20.9,977.7,39.2,26.9,382.0,17.3,33.1,157.0
2024-09-04 16:00:00,30.5,74,25.5,0.0,8.9,328,21.2,977.2,38.8,26.6,364.0,16.6,31.4,158.0
2024-09-04 17:00:00,30.1,76,25.4,0.1,9.8,332,18.0,977.0,33.3,22.8,419.0,23.3,20.8,112.0
2024-09-04 18:00:00,27.8,84,24.9,0.0,3.3,311,13.7,978.7,45.2,31.2,526.0,33.2,23.5,92.0
2024-09-04 19:00:00,27.2,88,25.0,0.0,2.3,231,5.0,979.0,51.9,36.1,682.0,47.1,27.4,63.0
2024-09-04 20:00:00,27.0,90,25.1,0.0,2.3,198,3.6,979.4,57.6,40.2,855.0,59.5,32.0,40.0
2024-09-04 21:00:00,26.9,90,25.0,0.0,3.7,191,5.8,979.6,70.8,49.4,1063.0,69.3,38.1,26.0
2024-09-04 22:00:00,26.7,91,25.1,0.0,3.7,191,6.1,979.8,86.4,60.3,1290.0,77.7,44.9,18.0
2024-09-04 23:00:00,26.4,93,25.1,0.0,3.7,191,5.4,979.8,89.6,62.6,1451.0,82.7,49.1,11.0
2024-09-05 00:00:00,26.1,94,25.0,0.0,5.0,210,7.6,979.6,91.7,64.0,1506.0,82.5,48.8,6.0
2024-09-05 01:00:00,26.1,94,25.0,0.0,4.2,250,7.9,979.1,92.4,64.5,1497.0,78.9,45.8,4.0
2024-09-05 02:00:00,25.8,95,25.0,0.0,4.3,265,6.8,978.9,91.7,64.0,1462.0,75.0,42.9,2.0
2024-09-05 03:00:00,25.4,95,24.5,0.2,6.0,303,9.0,978.9,89.4,62.4,1407.0,71.9,40.2,0.0
2024-09-05 04:00:00,25.4,95,24.5,0.1,5.3,332,11.2,978.7,85.7,59.8,1327.0,68.5,37.4,0.0
2024-09-05 05:00:00,24.9,98,24.5,0.3,3.1,36,9.4,979.1,60.5,42.4,785.0,46.6,24.7,15.0
2024-09-05 06:00:00,25.5,96,24.8,0.0,3.2,333,5.8,979.6,66.1,46.3,745.0,42.3,26.9,35.0
2024-09-05 07:00:00,26.5,92,25.1,0.0,2.9,360,8.6,980.0,68.9,48.1,687.0,36.2,30.1,64.0
2024-09-05 08:00:00,28.0,83,24.9,0.0,3.0,14,11.5,980.4,63.3,44.2,624.0,30.2,33.7,93.0
2024-09-05 09:00:00,29.3,74,24.1,0.1,1.8,360,11.2,980.8,56.1,39.1,549.0,24.6,38.3,120.0
2024-09-05 10:00:00,30.2,68,23.5,0.0,1.4,360,10.8,980.9,48.0,33.4,468.0,19.1,43.3,147.0
2024-09-05 11:00:00,30.8,65,23.5,0.0,0.8,27,11.2,980.5,42.7,29.7,411.0,14.8,46.8,173.0
2024-09-05 12:00:00,31.4,65,24.0,0.0,1.6,117,11.9,979.5,46.8,32.5,393.0,11.6,48.1,203.0
2024-09-05 13:00:00,31.5,66,24.4,0.0,0.7,90,11.9,978.3,47.7,33.2,398.0,9.5,47.9,232.0
2024-09-05 14:00:00,31.5,65,24.1,0.1,1.6,27,10.8,977.5,49.5,34.3,412.0,9.5,46.4,244.0
2024-09-05 15:00:00,31.4,67,24.4,0.0,0.8,27,10.8,976.5,52.0,36.2,426.0,12.6,42.3,228.0
2024-09-05 16:00:00,31.0,69,24.7,0.0,3.3,6,10.1,976.0,51.0,35.5,448.0,17.8,36.9,195.0
2024-09-05 17:00:00,29.5,77,25.1,0.6,10.5,352,18.4,976.1,52.7,36.7,513.0,22.2,39.3,183.0
2024-09-05 18:00:00,27.5,84,24.5,0.2,9.5,299,19.8,977.1,60.8,42.4,650.0,33.3,42.1,156.0
2024-09-05 19:00:00,26.8,89,24.8,0.0,5.1,274,15.5,977.7,68.0,47.5,841.0,48.7,45.9,119.0
2024-09-05 20:00:00,26.4,93,25.0,0.0,3.7,259,7.6,978.6,87.3,61.0,996.0,60.0,48.8,87.0
2024-09-05 21:00:00,26.1,94,25.0,0.0,3.2,297,8.6,979.3,98.0,68.5,1092.0,64.2,50.3,67.0
2024-09-05 22:00:00,25.9,96,25.1,0.0,2.2,279,4.7,979.8,101.5,71.0,1152.0,64.4,50.9,52.0
2024-09-05 23:00:00,26.0,95,25.0,0.0,0.8,117,3.6,979.8,102.2,71.5,1157.0,61.5,50.5,43.0
2024-09-06 00:00:00,25.5,98,25.1,0.0,1.8,360,2.5,979.4,97.3,68.0,1083.0,54.5,48.9,42.0
2024-09-06 01:00:00,25.3,98,25.0,0.0,2.6,16,4.0,979.2,88.0,61.5,955.0,44.4,46.2,47.0
2024-09-06 02:00:00,25.4,97,24.8,0.0,9.0,61,13.0,979.2,79.9,55.9,827.0,35.6,43.1,52.0
2024-09-06 03:00:00,24.7,96,24.0,3.3,7.5,73,23.4,979.5,70.5,49.4,709.0,29.5,39.5,53.0
2024-09-06 04:00:00,25.1,96,24.4,0.3,4.8,132,12.6,979.6,61.5,43.0,591.0,24.7,35.3,54.0
2024-09-06 05:00:00,24.8,97,24.4,0.1,5.7,108,9.0,980.1,52.7,36.9,510.0,22.3,30.3,53.0
2024-09-06 06:00:00,25.0,92,23.5,0.1,3.8,139,10.8,980.3,44.0,30.9,489.0,22.6,28.5,59.0
2024-09-06 07:00:00,25.5,90,23.6,0.0,2.4,153,7.9,980.9,36.8,25.7,460.0,22.8,26.1,68.0
2024-09-06 08:00:00,26.6,85,24.0,0.0,3.0,104,10.4,981.7,35.7,24.9,431.0,21.8,24.2,82.0
2024-09-06 09:00:00,28.3,78,24.1,0.0,6.1,90,15.8,982.1,37.5,26.2,404.0,18.5,23.3,103.0
2024-09-06 10:00:00,29.4,75,24.5,0.2,8.7,97,20.9,982.3,34.5,24.0,377.0,14.0,22.9,128.0
2024-09-06 11:00:00,30.4,73,25.1,0.1,9.0,106,23.0,981.9,33.3,23.2,356.0,10.4,22.8,151.0
2024-09-06 12:00:00,30.3,73,24.9,0.1,10.0,128,23.4,981.1,32.8,22.9,342.0,8.2,22.9,171.0
2024-09-06 13:00:00,29.2,78,25.0,3.2,6.4,142,23.8,980.2,33.4,23.2,335.0,7.0,23.2,189.0
2024-09-06 14:00:00,28.1,82,24.8,0.5,9.5,119,22.7,979.5,34.6,24.1,339.0,7.5,23.6,198.0
2024-09-06 15:00:00,28.5,79,24.5,0.8,9.2,138,19.4,979.0,35.6,24.9,356.0,10.3,23.8,195.0
2024-09-06 16:00:00,27.6,83,24.6,0.2,10.2,122,22.7,978.7,47.6,33.2,384.0,14.9,24.1,184.0
2024-09-06 17:00:00,27.6,83,24.5,0.0,8.3,95,19.8,979.1,44.8,31.3,426.0,21.7,24.6,151.0
2024-09-06 18:00:00,26.2,91,24.6,0.1,5.8,86,13.0,980.3,48.8,34.1,469.0,26.6,25.7,125.0
2024-09-06 19:00:00,26.0,93,24.8,0.0,6.2,80,10.4,980.6,50.8,35.5,527.0,33.2,27.1,89.0
2024-09-06 20:00:00,25.8,95,25.0,0.0,7.3,101,11.9,981.1,49.4,34.6,569.0,38.1,28.0,61.0
2024-09-06 21:00:00,25.7,96,25.0,0.0,8.2,113,13.7,981.7,48.9,34.2,583.0,39.8,28.1,47.0
2024-09-06 22:00:00,25.5,96,24.8,0.0,6.6,103,14.0,982.2,48.9,34.3,581.0,39.6,27.7,41.0
2024-09-06 23:00:00,25.3,96,24.7,0.0,7.4,104,12.6,982.2,46.0,32.2,561.0,38.0,26.8,39.0
2024-09-07 00:00:00,24.9,97,24.5,0.8,7.4,104,12.6,982.0,41.9,29.5,515.0,34.2,25.1,40.0
2024-09-07 01:00:00,24.6,97,24.1,5.1,7.2,108,13.3,981.8,39.6,27.8,452.0,29.0,22.9,45.0
2024-09-07 02:00:00,24.6,96,24.0,0.7,8.3,108,15.5,981.4,34.0,23.9,398.0,24.6,21.0,49.0
2024-09-07 03:00:00,24.5,97,23.9,1.0,10.6,108,18.0,981.3,28.6,20.1,358.0,21.9,19.7,50.0
2024-09-07 04:00:00,24.3,97,23.8,1.3,9.0,106,18.0,981.4,26.7,18.8,327.0,20.1,18.8,50.0
2024-09-07 05:00:00,24.1,98,23.8,0.2,5.8,97,14.8,981.1,12.3,8.6,232.0,11.5,13.7,66.0
2024-09-07 06:00:00,24.8,94,23.8,0.0,5.4,132,9.4,981.5,13.1,9.2,271.0,14.5,16.1,62.0
2024-09-07 07:00:00,25.3,91,23.7,0.0,5.7,125,10.8,982.4,18.4,12.9,325.0,18.5,19.5,57.0
2024-09-07 08:00:00,25.5,90,23.8,0.0,4.6,129,11.5,982.9,24.4,17.1,361.0,20.4,22.6,63.0
2024-09-07 09:00:00,26.5,87,24.1,0.0,4.1,128,11.9,983.1,28.7,20.1,361.0,18.2,25.0,86.0
2024-09-07 10:00:00,28.2,80,24.5,0.1,5.6,140,14.8,983.5,30.4,21.2,343.0,13.9,27.0,120.0
2024-09-07 11:00:00,29.6,77,25.2,0.1,3.8,139,18.4,983.2,33.8,23.6,330.0,10.6,28.6,150.0
2024-09-07 12:00:00,30.5,73,25.0,0.1,2.1,149,17.3,982.4,34.7,24.2,331.0,9.3,29.7,175.0
2024-09-07 13:00:00,30.6,72,25.0,0.1,2.4,243,17.3,981.2,38.8,27.0,337.0,9.1,30.3,196.0
2024-09-07 14:00:00,30.2,74,25.0,0.1,3.6,307,15.5,980.0,43.2,30.0,347.0,9.7,30.6,209.0
2024-09-07 15:00:00,30.0,76,25.2,0.1,7.3,351,16.2,979.3,45.9,31.9,328.0,8.9,29.8,214.0
2024-09-07 16:00:00,29.8,77,25.4,0.2,3.7,29,15.8,979.2,46.3,32.2,313.0,9.0,28.6,211.0
2024-09-07 17:00:00,29.5,78,25.4,0.1,1.8,79,9.7,979.3,52.5,36.7,539.0,34.1,19.4,73.0
2024-09-07 18:00:00,27.3,93,26.0,0.8,2.0,315,6.8,980.2,50.5,35.2,595.0,39.8,23.6,62.0
2024-09-07 19:00:00,27.2,90,25.5,0.2,2.7,293,4.0,980.7,55.9,39.0,676.0,47.8,29.5,47.0
2024-09-07 20:00:00,26.9,94,25.8,1.8,4.1,308,6.5,981.6,68.0,47.5,767.0,54.6,34.7,34.0
2024-09-07 21:00:00,26.7,96,26.0,0.5,1.8,349,6.5,982.6,73.3,51.2,877.0,59.3,38.8,25.0
2024-09-07 22:00:00,26.5,96,25.8,0.6,2.6,16,4.3,982.7,81.3,56.8,997.0,62.9,42.3,18.0
2024-09-07 23:00:00,26.4,97,25.9,0.3,1.5,284,4.3,982.5,90.1,62.9,1080.0,65.0,44.1,13.0
2024-09-08 00:00:00,26.0,98,25.7,0.2,3.1,249,4.7,982.2,91.3,63.8,1102.0,65.2,43.4,10.0
2024-09-08 01:00:00,25.9,98,25.5,0.2,3.1,216,8.6,981.6,92.7,65.0,1088.0,64.0,41.1,8.0
2024-09-08 02:00:00,25.8,98,25.5,0.1,3.3,311,4.7,981.1,92.0,64.3,1063.0,62.3,39.0,7.0
2024-09-08 03:00:00,25.6,99,25.4,0.1,2.9,330,5.0,981.1,93.4,65.2,1030.0,60.4,37.7,5.0
2024-09-08 04:00:00,25.5,99,25.3,0.0,3.6,323,7.2,981.5,89.9,62.9,986.0,58.1,36.6,3.0
2024-09-08 05:00:00,25.0,98,24.6,1.5,7.8,236,13.0,981.8,59.1,41.4,607.0,33.5,22.5,17.0
2024-09-08 06:00:00,25.9,96,25.1,0.6,3.1,306,12.2,982.1,57.9,40.5,590.0,32.0,26.1,30.0
2024-09-08 07:00:00,26.3,95,25.4,0.8,3.7,331,8.3,982.4,59.4,41.4,564.0,29.7,31.1,48.0
2024-09-08 08:00:00,27.5,90,25.7,0.4,4.3,318,12.6,983.0,60.3,42.1,530.0,26.6,34.2,71.0
2024-09-08 09:00:00,28.8,83,25.6,0.2,5.2,344,16.6,983.3,54.8,38.2,480.0,21.9,33.6,100.0
2024-09-08 10:00:00,30.1,77,25.6,0.0,4.3,360,17.3,983.0,46.7,32.5,423.0,16.4,31.2,132.0
2024-09-08 11:00:00,30.8,74,25.7,0.1,3.2,333,16.9,982.5,46.7,32.5,382.0,12.1,29.4,162.0
2024-09-08 12:00:00,31.0,73,25.6,0.2,3.0,346,13.7,981.7,47.6,33.1,371.0,9.4,29.5,191.0
2024-09-08 13:00:00,31.2,72,25.5,0.1,4.1,308,14.8,980.8,48.8,33.9,376.0,8.0,30.1,217.0
2024-09-08 14:00:00,31.3,72,25.8,0.1,4.9,306,15.1,979.7,50.9,35.4,388.0,8.3,30.2,227.0
2024-09-08 15:00:00,30.7,74,25.5,1.1,9.4,320,18.7,979.0,50.8,35.3,390.0,10.1,28.5,214.0
2024-09-08 16:00:00,30.2,76,25.5,0.0,9.4,320,19.8,978.4,49.5,34.5,399.0,13.8,26.1,185.0
2024-09-08 17:00:00,30.0,80,26.2,0.0,7.2,297,16.9,978.4,61.5,42.7,463.0,23.5,28.3,132.0
2024-09-08 18:00:00,27.7,92,26.2,0.5,6.2,291,15.5,979.7,63.3,44.1,514.0,29.0,28.8,107.0
2024-09-08 19:00:00,27.2,93,26.0,0.3,7.1,285,11.9,979.9,66.4,46.2,584.0,36.5,29.6,73.0
2024-09-08 20:00:00,27.0,93,25.9,0.1,6.0,287,11.2,980.4,67.1,46.9,638.0,42.1,29.7,46.0
2024-09-08 21:00:00,26.9,93,25.7,0.1,5.5,281,9.4,980.6,67.3,47.0,663.0,44.3,29.0,33.0
2024-09-08 22:00:00,26.8,94,25.6,0.0,5.5,293,8.6,980.6,68.7,48.0,673.0,44.5,27.8,28.0
2024-09-08 23:00:00,26.6,94,25.6,0.0,4.5,299,9.0,980.3,66.4,46.4,667.0,43.4,26.1,25.0
2024-09-09 00:00:00,26.5,95,25.6,0.0,3.9,304,7.2,980.1,62.6,43.9,635.0,39.9,23.2,23.0
2024-09-09 01:00:00,26.4,95,25.5,0.0,4.9,306,7.9,979.6,60.1,42.0,588.0,35.1,19.8,24.0
2024-09-09 02:00:00,26.2,96,25.5,0.0,5.1,321,8.3,979.2,58.6,41.0,563.0,32.6,17.8,23.0
2024-09-09 03:00:00,25.9,97,25.2,0.0,4.8,318,8.6,979.3,59.8,41.8,581.0,35.1,18.4,16.0
2024-09-09 04:00:00,25.6,97,25.1,0.0,5.2,304,8.3,979.3,61.9,43.3,621.0,39.9,20.3,8.0
2024-09-09 05:00:00,25.4,97,25.0,0.0,4.4,305,8.6,979.4,47.4,33.2,465.0,22.6,11.9,30.0
2024-09-09 06:00:00,26.1,95,25.2,0.0,5.0,300,7.6,980.2,51.0,35.7,506.0,24.2,14.3,37.0
2024-09-09 07:00:00,27.0,92,25.5,0.0,4.9,306,10.8,980.6,55.2,38.6,562.0,26.1,17.7,48.0
2024-09-09 08:00:00,28.4,85,25.6,0.0,5.9,313,14.4,980.9,57.5,40.3,587.0,26.1,21.0,68.0
2024-09-09 09:00:00,29.9,76,25.1,0.0,6.6,311,16.9,981.2,61.7,43.1,555.0,22.2,24.0,105.0
2024-09-09 10:00:00,31.0,68,24.4,0.0,6.1,310,17.3,980.9,59.0,41.2,493.0,16.3,26.9,152.0
2024-09-09 11:00:00,31.8,65,24.4,0.0,6.1,310,16.9,980.6,57.4,40.0,443.0,11.7,29.1,190.0
2024-09-09 12:00:00,32.4,62,24.2,0.0,6.0,327,16.6,979.6,55.2,38.4,420.0,9.2,30.6,214.0
2024-09-09 13:00:00,32.8,60,24.1,0.1,5.9,322,16.6,978.4,57.5,40.0,409.0,8.0,31.5,229.0
2024-09-09 14:00:00,33.0,60,24.2,0.1,5.7,325,15.8,977.2,56.9,39.7,408.0,8.5,31.6,233.0
2024-09-09 15:00:00,33.0,60,24.2,0.0,6.3,329,15.1,976.5,55.8,38.9,411.0,11.1,30.1,222.0
2024-09-09 16:00:00,32.5,62,24.2,0.0,7.0,325,14.8,976.3,52.5,36.6,423.0,15.5,27.7,199.0
2024-09-09 17:00:00,31.5,70,25.5,0.0,5.5,337,14.0,976.2,73.6,51.2,545.0,31.0,33.6,131.0
2024-09-09 18:00:00,28.9,80,25.0,3.7,4.0,27,6.5,977.9,78.9,55.2,667.0,41.5,34.3,107.0
2024-09-09 19:00:00,27.2,90,25.5,0.1,9.8,17,19.4,978.3,89.9,62.6,839.0,56.1,35.6,74.0
2024-09-09 20:00:00,26.8,92,25.4,0.0,4.3,24,15.1,978.6,94.1,65.7,1002.0,67.6,37.7,48.0
2024-09-09 21:00:00,26.2,96,25.5,0.0,3.8,107,7.9,978.8,101.5,71.0,1150.0,73.0,41.8,36.0
2024-09-09 22:00:00,26.1,97,25.6,0.0,3.9,146,5.4,978.9,111.8,78.0,1288.0,75.4,46.8,31.0
2024-09-09 23:00:00,26.3,95,25.5,0.0,2.1,59,5.8,978.7,113.4,79.2,1376.0,76.7,50.3,28.0
2024-09-10 00:00:00,25.8,98,25.5,0.0,3.3,131,5.4,978.7,109.0,76.1,1404.0,78.5,51.5,23.0
2024-09-10 01:00:00,25.6,99,25.4,0.0,3.0,76,5.4,978.0,112.2,78.5,1382.0,79.3,51.1,20.0
2024-09-10 02:00:00,25.3,99,25.1,0.0,3.1,54,5.0,977.5,110.8,77.5,1297.0,75.7,48.8,20.0
2024-09-10 03:00:00,25.2,99,25.1,0.0,3.6,37,5.4,977.7,99.0,69.2,1101.0,64.1,42.8,26.0
2024-09-10 04:00:00,25.2,99,25.0,2.0,5.4,360,10.4,978.1,85.2,59.6,842.0,48.1,34.8,35.0
2024-09-10 05:00:00,24.5,98,24.2,5.2,3.5,336,15.1,978.9,49.5,34.7,492.0,25.5,24.5,51.0
2024-09-10 06:00:00,25.4,96,24.6,0.5,3.0,166,9.0,979.2,53.4,37.4,490.0,26.5,26.5,56.0
2024-09-10 07:00:00,25.9,94,24.9,0.3,3.6,96,9.4,979.7,54.4,38.1,485.0,27.8,29.3,64.0
2024-09-10 08:00:00,26.7,91,25.1,0.1,2.5,8,9.4,980.5,49.9,34.9,475.0,28.2,31.4,71.0
2024-09-10 09:00:00,28.6,81,25.1,0.0,5.9,101,14.8,981.3,43.9,30.7,450.0,26.6,31.8,78.0
2024-09-10 10:00:00,29.8,79,25.8,0.1,4.6,135,18.7,980.9,40.4,28.3,418.0,24.1,31.4,85.0
2024-09-10 11:00:00,30.2,79,26.2,0.2,0.7,90,17.3,980.4,38.0,26.6,405.0,23.0,31.8,90.0
2024-09-10 12:00:00,30.8,78,26.5,0.3,2.1,59,16.2,979.6,37.4,26.2,422.0,24.4,33.9,92.0
2024-09-10 13:00:00,31.1,77,26.6,0.3,3.4,32,15.8,978.3,40.7,28.5,458.0,27.3,36.8,92.0
2024-09-10 14:00:00,30.8,78,26.5,0.3,4.3,355,15.8,976.9,46.3,32.5,497.0,30.3,38.8,92.0
2024-09-10 15:00:00,30.0,77,25.5,1.6,12.8,11,23.0,976.5,52.9,37.0,532.0,32.8,39.1,94.0
2024-09-10 16:00:00,28.2,86,25.6,0.4,8.1,103,25.2,977.0,56.3,39.5,571.0,35.5,38.4,97.0
2024-09-10 17:00:00,27.9,86,25.4,0.1,0.5,135,16.6,977.2,36.6,25.6,453.0,21.9,30.6,120.0
2024-09-10 18:00:00,27.4,89,25.5,0.3,4.2,70,10.4,978.2,50.1,35.0,544.0,29.7,30.2,97.0
2024-09-10 19:00:00,27.1,91,25.5,0.0,1.9,68,7.2,978.2,56.9,39.8,668.0,40.3,29.5,66.0
2024-09-10 20:00:00,27.0,91,25.4,0.0,1.1,198,4.3,978.7,59.5,41.7,755.0,47.5,28.5,42.0
2024-09-10 21:00:00,26.7,93,25.5,0.0,1.4,90,3.2,978.9,61.9,43.4,771.0,48.1,27.1,32.0
2024-09-10 22:00:00,25.9,98,25.5,0.0,4.1,308,5.4,978.5,62.4,43.7,750.0,45.3,25.3,28.0
2024-09-10 23:00:00,26.4,96,25.6,0.0,1.5,14,5.4,978.8,60.8,42.6,723.0,42.4,23.8,26.0
2024-09-11 00:00:00,26.2,97,25.6,0.0,1.6,333,1.8,978.7,58.4,41.0,692.0,40.2,22.5,24.0
2024-09-11 01:00:00,25.7,99,25.5,0.0,2.6,304,4.7,978.2,57.5,40.3,655.0,37.9,21.5,23.0
2024-09-11 02:00:00,26.0,99,25.8,0.0,2.3,288,4.7,978.0,58.2,40.7,631.0,36.8,20.8,21.0
2024-09-11 03:00:00,26.0,97,25.5,0.0,6.0,327,9.7,977.5,59.3,41.6,632.0,38.3,20.7,14.0
2024-09-11 04:00:00,25.9,98,25.5,0.0,4.0,355,10.1,977.7,58.9,41.2,647.0,40.9,20.9,5.0
2024-09-11 05:00:00,25.5,99,25.2,0.0,4.3,5,7.2,978.1,54.2,38.0,630.0,34.3,18.8,11.0
2024-09-11 06:00:00,26.1,95,25.2,0.0,6.3,24,10.4,979.2,57.4,40.2,667.0,35.0,20.2,23.0
2024-09-11 07:00:00,26.9,92,25.5,0.0,6.4,52,14.8,980.0,65.0,45.4,713.0,35.6,22.2,42.0
2024-09-11 08:00:00,28.1,86,25.5,0.0,5.1,39,14.0,980.4,63.6,44.6,715.0,34.0,24.7,66.0
2024-09-11 09:00:00,29.4,82,25.9,0.0,5.1,4,14.4,980.6,64.3,44.9,628.0,27.8,28.5,102.0
2024-09-11 10:00:00,30.6,77,26.1,0.3,6.6,29,24.5,980.5,61.0,42.7,497.0,19.4,32.6,144.0
2024-09-11 11:00:00,31.2,74,26.1,0.4,9.0,53,28.1,980.1,54.5,38.1,399.0,13.7,34.4,169.0
2024-09-11 12:00:00,31.8,72,26.0,0.4,9.9,71,28.4,978.8,51.1,35.7,362.0,12.3,31.3,164.0
2024-09-11 13:00:00,29.9,75,25.0,7.1,11.7,56,31.3,978.1,49.2,34.3,359.0,13.6,25.9,143.0
2024-09-11 14:00:00,29.2,79,25.1,0.0,6.5,3,23.8,977.0,46.7,32.5,388.0,17.3,22.4,122.0
2024-09-11 15:00:00,29.6,80,25.9,0.1,5.8,353,13.3,976.7,47.5,33.1,455.0,24.1,23.1,108.0
2024-09-11 16:00:00,29.9,81,26.3,0.1,6.8,357,13.3,976.7,53.9,37.6,552.0,33.4,25.7,96.0
2024-09-11 17:00:00,29.8,83,26.5,0.0,4.9,343,15.8,976.7,55.1,38.3,563.0,36.5,24.4,111.0
2024-09-11 18:00:00,28.5,90,26.8,1.1,8.4,313,17.3,976.9,81.3,56.5,724.0,50.4,28.8,92.0
2024-09-11 19:00:00,27.9,92,26.5,1.7,6.8,357,16.2,977.5,96.6,67.1,938.0,68.8,34.6,67.0
2024-09-11 20:00:00,27.6,93,26.5,6.1,7.2,360,14.4,978.2,95.0,65.4,1032.0,76.6,37.2,52.0
2024-09-11 21:00:00,27.2,92,25.8,0.8,15.8,313,26.3,977.7,82.9,56.3,894.0,63.7,33.5,57.0
2024-09-11 22:00:00,27.1,90,25.4,0.0,13.1,351,26.6,977.1,69.6,46.8,636.0,40.2,26.5,71.0
2024-09-11 23:00:00,27.0,90,25.2,0.0,18.0,334,29.2,975.8,58.0,38.9,431.0,22.0,20.9,81.0
2024-09-12 00:00:00,27.1,88,25.0,0.1,14.3,39,29.9,976.3,48.2,32.5,350.0,15.9,18.6,78.0
2024-09-12 01:00:00,26.5,90,24.8,3.2,19.1,358,34.9,975.8,43.5,29.5,320.0,15.1,17.7,71.0
2024-09-12 02:00:00,26.2,91,24.5,5.1,19.2,343,42.8,974.6,41.1,27.9,299.0,14.5,16.9,66.0
2024-09-12 03:00:00,26.0,91,24.4,4.0,15.2,7,31.0,975.1,35.5,24.1,266.0,11.9,15.9,69.0
2024-09-12 04:00:00,26.0,93,24.7,7.6,14.4,13,34.2,975.2,31.7,21.5,241.0,9.6,15.0,76.0
2024-09-12 05:00:00,25.9,93,24.6,14.1,13.4,27,29.2,975.9,53.1,35.9,432.0,23.6,22.3,44.0
2024-09-12 06:00:00,25.8,92,24.4,7.0,11.4,18,23.4,977.0,57.6,39.5,483.0,26.6,21.4,40.0
2024-09-12 07:00:00,25.7,93,24.5,6.9,12.2,24,19.1,977.3,59.0,40.7,549.0,30.4,20.2,35.0
2024-09-12 08:00:00,25.5,92,24.1,8.6,15.2,31,24.8,977.9,50.9,35.3,576.0,31.4,18.9,36.0
2024-09-12 09:00:00,25.3,93,24.0,14.4,18.0,20,29.2,978.0,38.5,27.0,524.0,26.7,17.8,48.0
2024-09-12 10:00:00,25.3,93,24.0,10.9,19.2,5,32.4,978.0,23.3,16.3,432.0,19.1,16.7,66.0
2024-09-12 11:00:00,25.7,90,23.9,1.3,22.3,358,38.2,977.3,18.7,13.1,358.0,13.3,15.2,78.0
2024-09-12 12:00:00,26.0,90,24.4,3.9,24.6,12,43.6,976.6,14.6,10.3,324.0,11.1,12.8,79.0
2024-09-12 13:00:00,25.6,91,24.1,9.2,22.7,23,41.8,975.8,11.9,8.4,307.0,10.8,10.0,74.0
2024-09-12 14:00:00,25.5,90,23.8,9.4,24.3,38,40.7,975.3,9.5,6.7,297.0,11.1,7.9,69.0
2024-09-12 15:00:00,25.2,90,23.4,4.4,22.8,18,41.0,974.7,8.4,5.9,293.0,12.2,6.9,66.0
2024-09-12 16:00:00,25.2,90,23.5,9.3,21.7,21,38.5,974.6,7.9,5.6,297.0,14.0,6.5,63.0
2024-09-12 17:00:00,25.0,90,23.2,14.4,20.0,28,36.7,975.0,33.5,23.4,469.0,28.5,21.6,71.0
2024-09-12 18:00:00,24.5,91,23.0,7.0,16.9,12,28.8,977.4,40.2,28.1,553.0,35.3,22.2,57.0
2024-09-12 19:00:00,24.2,90,22.5,3.6,20.2,31,33.1,976.8,43.3,30.4,665.0,44.3,23.0,38.0
2024-09-12 20:00:00,24.0,91,22.4,4.8,15.7,16,33.8,977.2,44.8,31.4,730.0,49.3,22.8,25.0
2024-09-12 21:00:00,24.0,93,22.8,0.6,14.2,344,25.9,977.6,42.0,29.5,703.0,46.5,21.0,23.0
2024-09-12 22:00:00,24.0,94,23.0,0.6,14.1,347,24.1,977.3,38.4,27.0,629.0,39.7,18.2,27.0
2024-09-12 23:00:00,24.0,94,22.9,3.9,11.9,358,22.7,977.1,36.7,25.7,557.0,33.4,15.8,31.0
2024-09-13 00:00:00,23.7,93,22.5,12.4,16.8,351,26.6,976.8,34.6,24.3,497.0,28.8,13.8,34.0
2024-09-13 01:00:00,23.5,92,22.2,3.7,21.1,337,34.6,976.2,31.7,22.2,440.0,24.7,12.1,37.0
2024-09-13 02:00:00,23.4,92,22.0,4.4,22.7,333,37.1,975.2,30.5,21.4,411.0,23.0,11.7,38.0
2024-09-13 03:00:00,23.5,89,21.6,0.5,27.0,318,44.3,974.4,32.5,22.8,426.0,25.2,13.2,32.0
2024-09-13 04:00:00,23.3,91,21.7,0.8,21.6,300,44.6,974.5,35.0,24.6,470.0,29.7,16.0,23.0
2024-09-13 05:00:00,23.4,90,21.7,2.2,15.0,300,35.6,975.2,24.3,16.8,314.0,13.6,16.3,57.0
2024-09-13 06:00:00,24.2,94,23.2,2.5,15.3,285,36.4,976.5,26.5,18.3,353.0,15.6,16.2,60.0
2024-09-13 07:00:00,24.4,93,23.1,1.4,17.7,287,29.5,977.0,31.1,21.4,409.0,18.4,16.1,65.0
2024-09-13 08:00:00,24.8,92,23.5,0.9,16.9,282,29.2,977.4,34.9,24.1,456.0,20.4,16.2,72.0
2024-09-13 09:00:00,25.8,90,24.0,0.4,17.1,288,28.4,978.0,39.5,27.2,489.0,20.8,16.6,84.0
2024-09-13 10:00:00,26.9,86,24.3,0.0,13.7,297,28.8,978.3,45.1,30.9,513.0,20.3,17.1,98.0
2024-09-13 11:00:00,29.1,77,24.6,0.0,12.8,292,27.0,977.7,52.0,34.7,527.0,19.6,17.4,113.0
2024-09-13 12:00:00,31.3,68,24.8,0.0,12.4,292,29.5,977.3,59.8,38.6,518.0,17.9,17.1,129.0
2024-09-13 13:00:00,29.1,72,23.6,0.6,21.1,253,39.6,977.5,65.0,40.7,498.0,16.0,16.5,146.0
2024-09-13 14:00:00,26.1,89,24.1,1.5,16.9,271,41.0,977.2,61.9,38.3,498.0,16.3,16.3,153.0
2024-09-13 15:00:00,28.8,82,25.4,0.0,13.5,279,28.8,976.9,55.3,36.2,518.0,19.4,16.3,146.0
2024-09-13 16:00:00,29.0,81,25.5,0.0,12.9,288,25.6,976.7,49.5,33.5,558.0,24.7,16.7,130.0
2024-09-13 17:00:00,27.6,84,24.7,0.1,13.1,279,29.5,977.0,72.9,49.5,638.0,30.6,16.8,110.0
2024-09-13 18:00:00,25.0,93,23.9,4.4,7.9,317,17.3,978.9,80.3,54.9,740.0,39.7,21.1,93.0
2024-09-13 19:00:00,24.8,93,23.5,0.2,4.2,329,12.6,978.6,83.1,57.4,882.0,52.4,27.0,68.0
2024-09-13 20:00:00,25.0,91,23.4,0.0,2.9,263,6.8,979.1,85.4,59.1,998.0,62.1,31.8,48.0
2024-09-13 21:00:00,24.6,94,23.7,0.1,1.8,217,4.3,979.7,93.4,64.7,1066.0,66.4,34.5,36.0
2024-09-13 22:00:00,24.4,96,23.6,0.1,7.6,199,11.9,979.9,98.3,68.2,1107.0,67.9,36.0,29.0
2024-09-13 23:00:00,24.2,97,23.7,0.0,2.6,124,11.5,979.7,97.6,67.3,1122.0,67.4,36.6,23.0
2024-09-14 00:00:00,23.8,97,23.4,0.1,5.4,184,7.9,979.4,98.0,67.1,1097.0,64.3,35.8,20.0
2024-09-14 01:00:00,23.6,97,23.1,0.1,1.4,90,14.8,979.0,100.4,68.0,1044.0,59.3,34.1,18.0
2024-09-14 02:00:00,23.2,98,22.9,2.0,6.5,93,22.0,979.1,99.0,66.6,1002.0,55.6,33.1,17.0
2024-09-14 03:00:00,23.3,98,22.9,0.1,4.1,135,10.4,978.9,99.9,66.4,994.0,55.6,34.2,13.0
2024-09-14 04:00:00,23.4,96,22.6,0.0,2.9,90,6.5,979.0,100.8,65.9,996.0,56.9,36.1,8.0
2024-09-14 05:00:00,23.1,98,22.8,0.0,4.1,38,7.9,979.2,90.1,59.3,778.0,41.4,26.6,18.0
2024-09-14 06:00:00,24.1,90,22.3,0.0,12.2,289,22.3,979.2,85.0,55.3,721.0,36.0,23.7,30.0
2024-09-14 07:00:00,24.7,89,22.7,0.1,12.9,293,21.6,980.1,80.3,52.4,639.0,28.4,19.5,47.0
2024-09-14 08:00:00,26.0,82,22.8,0.1,16.8,298,30.2,980.8,65.4,40.4,547.0,21.2,16.0,65.0
2024-09-14 09:00:00,27.0,80,23.1,0.1,16.6,292,32.0,981.0,51.0,28.2,437.0,15.0,13.6,85.0
2024-09-14 10:00:00,28.1,76,23.5,0.0,17.0,291,34.2,981.3,58.9,23.6,318.0,9.4,11.8,106.0
2024-09-14 11:00:00,29.1,73,23.9,0.0,17.1,298,34.2,981.1,85.4,25.7,231.0,5.4,10.6,123.0
2024-09-14 12:00:00,29.9,71,24.0,0.0,17.5,307,33.8,980.6,115.5,29.2,195.0,3.4,10.3,134.0
2024-09-14 13:00:00,29.5,72,23.9,0.1,16.4,308,34.6,979.9,137.4,32.0,192.0,3.0,10.6,142.0
2024-09-14 14:00:00,30.0,69,23.7,0.0,16.1,309,31.0,979.1,143.0,33.8,210.0,4.7,11.1,143.0
2024-09-14 15:00:00,29.7,69,23.5,1.3,10.5,297,31.3,978.5,143.0,35.0,254.0,9.6,11.4,137.0
2024-09-14 16:00:00,29.4,70,23.2,0.2,11.0,319,25.6,978.5,139.7,35.9,318.0,16.6,11.9,125.0
2024-09-14 17:00:00,28.2,79,24.2,1.3,8.2,311,22.0,978.5,150.4,43.9,329.0,19.7,13.0,105.0
2024-09-14 18:00:00,26.4,89,24.4,0.4,9.0,53,10.8,978.9,145.8,48.1,374.0,24.1,14.4,92.0
2024-09-14 19:00:00,24.2,91,22.7,0.0,8.7,294,23.8,980.5,134.6,51.1,442.0,30.5,16.4,73.0
2024-09-14 20:00:00,23.4,92,22.0,2.9,1.8,90,19.4,981.4,109.0,48.4,529.0,37.2,19.0,56.0
2024-09-14 21:00:00,23.3,95,22.4,0.0,6.7,234,10.8,981.1,100.4,49.1,653.0,44.5,22.8,41.0
2024-09-14 22:00:00,23.9,91,22.4,0.0,4.0,207,11.2,981.0,108.5,54.5,796.0,52.2,27.1,26.0
2024-09-14 23:00:00,23.3,94,22.3,0.0,3.1,159,4.3,981.0,117.3,58.7,902.0,57.3,29.9,16.0
2024-09-15 00:00:00,22.9,96,22.2,0.0,6.6,248,7.6,980.5,127.1,59.4,946.0,58.4,29.7,11.0
2024-09-15 01:00:00,23.1,95,22.3,0.0,4.7,266,8.3,980.3,137.4,59.5,952.0,57.0,28.0,10.0
2024-09-15 02:00:00,22.8,96,22.2,0.0,5.4,323,7.6,980.2,143.0,58.3,940.0,55.0,26.5,10.0
2024-09-15 03:00:00,23.0,96,22.2,0.0,2.6,74,7.6,980.3,141.6,55.5,915.0,53.4,26.3,7.0
2024-09-15 04:00:00,22.4,98,22.1,0.0,4.0,360,7.2,980.1,134.6,52.5,872.0,51.3,26.3,4.0
2024-09-15 05:00:00,22.2,98,22.0,0.0,3.6,45,6.5,980.2,59.0,28.5,613.0,37.6,22.1,32.0
2024-09-15 06:00:00,24.0,96,23.4,0.1,6.0,295,14.0,980.0,62.6,28.9,609.0,35.1,21.0,39.0
2024-09-15 07:00:00,24.9,91,23.2,0.0,11.4,281,19.4,980.5,67.8,35.6,601.0,31.4,19.4,49.0
2024-09-15 08:00:00,26.0,83,22.9,0.0,11.9,295,22.0,981.4,64.5,34.8,571.0,26.8,18.0,66.0
2024-09-15 09:00:00,27.4,76,22.8,0.0,15.8,300,29.2,981.7,61.7,32.2,501.0,20.6,17.2,95.0
2024-09-15 10:00:00,28.6,72,23.0,0.0,15.5,298,30.6,981.8,60.5,30.0,408.0,13.6,16.6,130.0
2024-09-15 11:00:00,29.8,68,23.2,0.0,15.8,297,30.6,981.5,61.9,28.3,333.0,8.3,16.0,155.0
2024-09-15 12:00:00,30.6,65,23.4,0.0,16.6,300,34.9,980.8,72.9,29.5,285.0,5.7,15.1,164.0
2024-09-15 13:00:00,31.1,63,23.4,0.0,17.3,301,35.3,980.0,88.7,32.5,254.0,4.9,14.1,164.0
2024-09-15 14:00:00,31.1,63,23.2,0.1,18.4,305,33.1,979.2,103.4,36.3,247.0,5.9,13.4,159.0
2024-09-15 15:00:00,31.0,62,22.7,0.0,18.9,309,34.2,978.6,112.5,39.2,262.0,8.7,12.9,150.0
2024-09-15 16:00:00,30.6,64,23.0,0.0,15.8,311,32.8,978.5,110.6,40.9,300.0,13.4,12.7,136.0
2024-09-15 17:00:00,29.7,69,23.3,0.0,12.2,304,26.3,978.6,107.1,47.6,426.0,23.8,16.1,117.0
2024-09-15 18:00:00,26.0,86,23.5,0.1,4.4,279,19.1,980.0,111.1,53.4,567.0,34.7,19.2,95.0
2024-09-15 19:00:00,25.2,90,23.5,0.0,4.6,321,7.2,980.3,112.0,59.5,762.0,49.7,23.4,64.0
2024-09-15 20:00:00,24.6,91,23.1,0.0,6.6,257,7.9,981.0,99.4,57.6,913.0,60.6,26.6,40.0
2024-09-15 21:00:00,24.6,90,22.9,0.0,6.5,270,7.9,981.3,97.3,56.2,974.0,63.3,27.9,30.0
2024-09-15 22:00:00,25.1,86,22.5,0.0,5.1,266,8.3,981.4,101.7,60.1,991.0,61.8,28.2,28.0
2024-09-15 23:00:00,25.5,83,22.4,0.0,1.3,124,5.4,981.4,106.9,63.6,1004.0,60.4,28.2,25.0
2024-09-16 00:00:00,25.2,84,22.4,0.0,2.5,172,2.5,980.9,108.5,63.8,1025.0,60.5,27.9,20.0
2024-09-16 01:00:00,24.0,91,22.5,0.0,5.4,222,5.4,980.4,110.6,63.8,1043.0,60.6,27.3,16.0
2024-09-16 02:00:00,24.0,91,22.4,0.0,6.6,248,9.7,980.1,114.6,64.5,1057.0,60.4,27.1,12.0
2024-09-16 03:00:00,24.0,89,22.1,0.0,8.4,277,13.3,979.9,115.5,63.3,1082.0,60.5,28.1,7.0
2024-09-16 04:00:00,23.9,87,21.5,0.0,8.7,287,13.3,980.3,110.6,60.8,1105.0,60.3,29.6,4.0
2024-09-16 05:00:00,23.7,84,20.9,0.0,9.2,281,14.8,980.9,100.4,55.2,737.0,42.9,20.0,22.0
2024-09-16 06:00:00,24.5,86,22.0,0.0,12.0,279,18.7,981.6,97.6,55.3,717.0,38.7,19.6,34.0
2024-09-16 07:00:00,25.1,82,21.9,0.0,12.8,281,23.0,982.2,93.1,56.0,686.0,32.6,19.1,53.0
2024-09-16 08:00:00,26.5,76,22.0,0.0,13.4,284,23.8,982.8,87.8,48.1,637.0,26.2,18.6,77.0
2024-09-16 09:00:00,28.1,71,22.4,0.0,14.8,288,27.7,983.2,80.1,41.7,552.0,19.3,18.5,113.0
2024-09-16 10:00:00,29.6,67,22.8,0.0,14.5,293,28.1,983.4,82.9,39.6,448.0,12.0,18.5,154.0
2024-09-16 11:00:00,30.8,62,22.6,0.0,15.0,297,28.8,983.2,97.3,43.8,369.0,6.8,18.1,183.0
2024-09-16 12:00:00,31.6,56,21.9,0.0,17.1,314,31.3,982.7,108.5,46.7,328.0,4.3,16.9,191.0
2024-09-16 13:00:00,31.9,55,21.7,0.0,16.5,316,31.7,982.0,111.5,47.4,311.0,3.8,15.4,187.0
2024-09-16 14:00:00,32.1,54,21.6,0.0,15.5,316,30.2,981.2,111.3,47.8,318.0,5.4,14.4,179.0
2024-09-16 15:00:00,32.0,55,21.8,0.0,15.0,314,28.1,980.7,109.4,48.0,342.0,8.9,13.8,169.0
2024-09-16 16:00:00,31.5,60,22.8,0.0,11.5,314,25.9,980.6,101.5,48.5,391.0,14.5,13.6,155.0
2024-09-16 17:00:00,30.3,67,23.6,0.0,7.4,313,19.1,980.7,95.2,47.7,445.0,23.6,14.4,123.0
2024-09-16 18:00:00,27.8,71,22.1,0.0,8.2,299,15.5,981.5,100.8,53.2,617.0,37.3,18.9,99.0
2024-09-16 19:00:00,26.8,75,22.1,0.0,8.0,297,12.6,981.7,115.9,61.5,859.0,56.3,25.3,65.0
2024-09-16 20:00:00,25.4,84,22.4,0.0,7.5,287,12.6,982.4,133.2,69.4,1080.0,70.6,31.9,39.0
2024-09-16 21:00:00,24.9,86,22.3,0.0,6.6,279,9.4,983.0,148.1,76.4,1263.0,76.1,39.7,29.0
2024-09-16 22:00:00,24.1,90,22.3,0.0,7.7,298,9.4,983.2,162.1,83.4,1424.0,76.9,47.8,28.0
2024-09-16 23:00:00,23.9,90,22.2,0.0,5.9,322,9.0,983.0,172.8,88.5,1523.0,76.2,51.5,26.0
2024-09-17 00:00:00,23.4,93,22.1,0.0,6.9,332,8.3,982.8,176.0,88.9,1543.0,74.9,47.8,21.0
2024-09-17 01:00:00,23.6,92,22.1,0.0,5.7,325,8.3,982.3,172.3,87.3,1500.0,71.9,39.7,16.0
2024-09-17 02:00:00,24.1,89,22.1,0.0,5.3,298,7.6,981.9,154.6,80.1,1402.0,67.4,32.2,13.0
2024-09-17 03:00:00,24.3,86,21.9,0.0,9.7,272,14.8,981.9,130.9,69.6,1210.0,60.3,26.6,12.0
2024-09-17 04:00:00,23.8,86,21.4,0.0,6.6,279,15.1,982.0,113.6,61.2,963.0,51.6,21.5,14.0
2024-09-17 05:00:00,23.6,87,21.4,0.0,6.5,276,9.7,982.3,115.0,60.5,800.0,43.6,17.8,23.0
2024-09-17 06:00:00,24.4,86,21.9,0.0,6.6,299,10.4,983.4,111.8,59.6,821.0,42.1,18.4,35.0
2024-09-17 07:00:00,25.1,86,22.6,0.0,9.2,296,14.8,983.8,112.5,62.4,845.0,39.6,19.4,53.0
2024-09-17 08:00:00,26.7,82,23.3,0.0,8.2,293,17.6,984.1,112.9,60.8,826.0,35.1,20.7,80.0
2024-09-17 09:00:00,28.4,75,23.5,0.0,6.5,289,16.9,984.8,107.1,55.6,725.0,26.6,22.9,123.0
2024-09-17 10:00:00,29.2,70,23.1,0.0,8.3,304,18.0,985.1,108.0,53.7,581.0,16.1,25.5,174.0
2024-09-17 11:00:00,29.5,68,23.0,0.0,10.0,319,20.2,984.7,114.8,57.3,472.0,8.4,27.0,213.0
2024-09-17 12:00:00,30.5,64,23.0,0.0,9.5,323,19.4,984.0,115.9,59.4,417.0,4.5,26.5,232.0
2024-09-17 13:00:00,31.4,62,23.1,0.0,8.1,347,20.9,983.4,111.1,58.1,397.0,3.4,24.9,239.0
2024-09-17 14:00:00,31.5,62,23.4,0.0,7.6,360,19.1,982.8,105.5,56.3,426.0,6.9,24.1,236.0
2024-09-17 15:00:00,31.4,61,22.8,0.0,6.9,9,18.0,982.2,102.0,55.2,527.0,17.6,24.5,222.0
2024-09-17 16:00:00,31.1,60,22.5,0.0,4.3,24,15.8,982.2,102.2,55.8,677.0,32.8,25.6,198.0
2024-09-17 17:00:00,30.1,68,23.6,0.0,4.3,318,9.7,982.1,95.0,54.2,605.0,29.4,26.4,182.0
2024-09-17 18:00:00,28.5,83,25.4,0.0,6.0,287,7.2,982.8,116.9,69.2,927.0,53.7,33.4,143.0
2024-09-17 19:00:00,27.9,85,25.1,0.0,4.4,215,6.8,983.1,141.6,86.8,1360.0,86.4,42.9,90.0
2024-09-17 20:00:00,27.4,85,24.7,0.0,5.6,255,6.5,983.1,145.3,91.7,1610.0,105.2,48.0,49.0
2024-09-17 21:00:00,27.4,82,24.0,0.0,2.7,67,6.5,983.8,120.6,77.5,1501.0,96.7,44.8,33.0
2024-09-17 22:00:00,26.9,82,23.5,0.0,13.0,48,19.4,984.1,105.0,68.7,1209.0,74.4,37.3,30.0
2024-09-17 23:00:00,26.1,83,23.0,0.0,6.6,45,22.7,983.0,94.1,62.9,961.0,55.7,31.1,29.0
2024-09-18 00:00:00,25.1,90,23.4,0.0,8.8,19,13.7,982.5,85.4,58.0,841.0,47.4,28.2,26.0
2024-09-18 01:00:00,25.1,89,23.2,0.0,5.5,23,15.5,981.8,78.9,54.1,766.0,42.8,26.6,25.0
2024-09-18 02:00:00,25.0,90,23.2,0.0,6.9,9,11.2,981.3,75.0,51.7,710.0,39.8,25.5,23.0
2024-09-18 03:00:00,25.0,90,23.1,0.0,6.1,40,11.9,981.4,71.9,49.7,667.0,38.2,24.5,19.0
2024-09-18 04:00:00,24.8,91,23.1,0.0,6.0,335,10.1,981.3,69.4,48.0,643.0,38.1,23.9,13.0
2024-09-18 05:00:00,24.1,95,23.2,0.0,3.1,36,10.1,981.4,59.8,41.0,450.0,26.5,23.3,26.0
2024-09-18 06:00:00,25.2,92,23.9,0.0,3.3,13,7.9,982.5,62.6,42.4,490.0,27.9,25.2,32.0
2024-09-18 07:00:00,25.6,89,23.8,0.0,5.9,47,10.4,982.9,65.4,44.1,543.0,29.7,27.7,41.0
2024-09-18 08:00:00,26.1,87,23.9,0.0,10.0,69,18.7,983.7,68.7,46.2,568.0,29.9,29.7,56.0
2024-09-18 09:00:00,26.9,86,24.2,0.0,12.2,71,22.0,984.3,70.8,47.5,540.0,26.8,30.6,82.0
2024-09-18 10:00:00,27.0,75,22.2,0.0,14.6,57,26.6,984.5,67.3,44.8,484.0,22.2,30.9,113.0
2024-09-18 11:00:00,26.4,71,20.8,0.1,15.8,60,28.1,984.0,57.7,38.4,439.0,18.8,30.5,132.0
2024-09-18 12:00:00,25.5,78,21.3,0.1,13.0,46,27.7,983.3,51.5,34.5,414.0,17.6,29.1,130.0
2024-09-18 13:00:00,25.4,81,21.8,0.7,14.7,28,25.9,982.5,50.4,34.2,399.0,17.7,27.1,117.0
2024-09-18 14:00:00,24.6,86,22.1,1.8,15.0,24,25.9,981.6,50.3,34.5,406.0,19.4,25.1,104.0
2024-09-18 15:00:00,24.5,90,22.8,2.8,14.0,26,27.0,981.0,50.3,34.5,457.0,24.0,23.6,95.0
2024-09-18 16:00:00,24.2,90,22.5,6.9,13.5,25,30.6,980.6,52.4,36.0,530.0,30.2,22.2,87.0
2024-09-18 17:00:00,24.1,90,22.4,4.2,15.2,4,25.9,980.8,38.6,27.1,433.0,24.9,10.8,65.0
2024-09-18 18:00:00,23.2,91,21.6,1.9,16.7,6,34.6,981.1,41.1,28.6,460.0,27.8,12.8,57.0
2024-09-18 19:00:00,23.0,91,21.5,1.8,15.9,357,27.7,981.3,43.5,30.3,495.0,31.8,15.5,46.0
2024-09-18 20:00:00,23.0,90,21.4,4.7,14.4,357,31.0,981.5,44.6,31.0,517.0,34.1,17.5,37.0
2024-09-18 21:00:00,23.0,92,21.6,1.4,9.8,6,24.1,981.8,44.2,30.6,516.0,33.7,18.1,33.0
2024-09-18 22:00:00,23.1,93,22.0,2.2,5.2,146,15.1,982.5,44.0,30.4,500.0,31.6,17.9,31.0
2024-09-18 23:00:00,23.0,94,22.0,4.0,8.7,52,13.3,982.1,45.5,31.4,472.0,28.7,17.2,32.0
2024-09-19 00:00:00,23.0,93,21.7,3.1,13.2,45,22.7,981.6,42.1,29.0,426.0,24.5,15.7,35.0
2024-09-19 01:00:00,23.1,92,21.8,0.2,15.5,54,24.8,981.2,38.4,26.4,368.0,19.5,13.7,41.0
2024-09-19 02:00:00,23.2,92,21.9,0.0,11.8,59,25.2,980.8,37.3,25.7,320.0,15.6,12.3,47.0
2024-09-19 03:00:00,23.1,94,22.0,0.0,12.9,67,20.5,980.9,34.2,23.7,284.0,13.3,11.9,54.0
2024-09-19 04:00:00,23.2,94,22.2,0.0,13.6,68,23.0,981.4,31.0,21.5,258.0,12.1,12.0,60.0
2024-09-19 05:00:00,23.2,95,22.4,0.0,12.9,67,22.7,981.9,49.1,33.6,389.0,20.0,17.3,38.0
2024-09-19 06:00:00,23.8,95,22.9,0.0,9.7,68,18.7,982.7,52.9,36.2,421.0,21.4,19.0,46.0
2024-09-19 07:00:00,24.8,92,23.3,0.0,9.5,61,16.9,983.2,57.6,39.6,463.0,23.0,21.3,59.0
2024-09-19 08:00:00,26.0,87,23.6,0.0,10.0,49,20.2,983.7,53.7,36.7,476.0,22.7,22.6,75.0
2024-09-19 09:00:00,27.6,82,24.2,0.0,11.1,77,27.0,984.0,50.4,34.1,432.0,18.4,21.6,98.0
2024-09-19 10:00:00,29.0,78,24.6,0.0,13.8,97,33.8,984.2,42.7,29.2,361.0,12.1,19.5,125.0
2024-09-19 11:00:00,29.5,72,24.0,0.1,15.5,115,35.3,983.5,45.1,31.1,308.0,7.4,18.3,148.0
2024-09-19 12:00:00,29.2,75,24.3,0.1,13.0,114,34.9,982.8,39.0,27.0,292.0,5.4,18.9,167.0
2024-09-19 13:00:00,30.0,74,24.7,0.1,15.3,114,36.4,982.2,39.3,27.3,296.0,5.0,20.4,182.0
2024-09-19 14:00:00,30.0,71,24.2,0.1,13.2,112,29.5,981.4,39.6,27.4,314.0,6.6,21.8,188.0
2024-09-19 15:00:00,30.2,70,24.1,0.0,12.6,114,27.0,980.7,40.3,27.9,311.0,8.9,21.5,181.0
2024-09-19 16:00:00,30.0,70,23.9,0.0,10.9,124,23.8,980.7,41.8,29.0,322.0,13.2,21.0,165.0
2024-09-19 17:00:00,29.4,75,24.5,0.0,5.9,142,19.4,980.8,66.1,45.4,495.0,28.8,21.9,121.0
2024-09-19 18:00:00,27.0,88,24.9,0.1,6.0,57,9.7,981.4,85.0,58.4,850.0,51.5,31.3,93.0
2024-09-19 19:00:00,26.5,91,24.9,0.0,6.0,57,7.2,981.8,109.2,75.2,1337.0,82.3,44.0,54.0
2024-09-19 20:00:00,26.2,92,24.9,0.0,5.7,55,7.2,982.0,126.7,87.5,1689.0,102.5,52.6,25.0
2024-09-19 21:00:00,26.2,92,24.9,0.0,5.6,117,6.8,982.2,134.1,92.9,1791.0,102.0,53.4,17.0
2024-09-19 22:00:00,25.1,95,24.3,0.0,7.1,135,9.0,981.9,134.1,93.1,1757.0,90.7,50.1,18.0
2024-09-19 23:00:00,24.8,96,24.1,0.0,6.5,161,8.3,981.7,129.5,89.9,1666.0,79.8,45.7,21.0
2024-09-20 00:00:00,24.7,96,24.1,0.0,4.4,189,7.6,981.5,121.1,84.3,1510.0,72.7,40.5,22.0
2024-09-20 01:00:00,24.4,97,23.9,0.0,4.8,207,6.5,981.1,112.7,78.2,1297.0,65.9,34.2,25.0
2024-09-20 02:00:00,24.4,97,23.9,0.0,5.1,262,6.5,981.2,106.6,74.0,1122.0,60.2,29.8,26.0
2024-09-20 03:00:00,24.5,98,24.0,0.1,3.7,349,5.8,981.3,103.4,71.5,1026.0,56.2,28.3,22.0
2024-09-20 04:00:00,24.5,98,24.1,0.0,2.8,50,5.0,981.5,101.0,69.6,969.0,53.2,28.5,17.0
2024-09-20 05:00:00,24.5,97,24.1,0.0,3.6,90,6.5,982.0,120.1,80.8,1308.0,75.8,37.3,0.0
2024-09-20 06:00:00,23.9,100,23.9,0.0,2.1,149,3.6,982.4,122.9,82.9,1153.0,64.9,40.7,31.0
2024-09-20 07:00:00,25.1,97,24.6,0.0,2.6,146,8.6,983.2,125.7,84.5,935.0,49.6,45.1,75.0
2024-09-20 08:00:00,27.2,82,23.9,0.0,2.8,140,10.1,984.1,94.5,61.5,736.0,35.8,46.3,113.0
2024-09-20 09:00:00,28.5,75,23.5,0.0,4.7,122,14.0,984.6,56.5,36.4,576.0,25.3,41.4,139.0
2024-09-20 10:00:00,29.6,70,23.6,0.0,8.9,111,19.4,984.5,45.8,29.9,435.0,16.4,33.3,159.0
2024-09-20 11:00:00,30.4,66,23.2,0.0,10.7,110,23.8,984.0,43.5,28.9,335.0,10.1,26.6,173.0
2024-09-20 12:00:00,31.0,63,23.0,0.0,10.4,110,23.4,983.4,41.7,27.8,285.0,6.2,22.8,182.0
2024-09-20 13:00:00,31.5,59,22.6,0.0,10.3,115,22.7,982.5,40.0,26.8,275.0,4.9,20.4,186.0
2024-09-20 14:00:00,31.5,58,22.2,0.0,9.7,117,22.0,981.7,39.5,26.4,303.0,7.3,19.2,183.0
2024-09-20 15:00:00,31.2,60,22.5,0.0,8.4,121,20.2,981.0,38.9,26.1,335.0,12.8,18.4,172.0
2024-09-20 16:00:00,31.0,61,22.5,0.0,7.9,129,16.6,980.7,39.5,26.5,405.0,22.0,18.7,154.0
2024-09-20 17:00:00,29.9,70,23.9,0.0,5.9,166,13.7,980.5,50.5,34.1,555.0,34.9,21.2,115.0
2024-09-20 18:00:00,27.8,83,24.5,0.0,6.6,193,7.6,981.3,75.4,51.7,942.0,58.8,30.1,85.0
2024-09-20 19:00:00,27.0,84,24.0,0.0,5.0,210,7.6,981.7,98.5,67.5,1473.0,91.7,42.2,43.0
2024-09-20 20:00:00,26.3,86,23.7,0.0,5.5,203,7.2,982.3,113.6,78.2,1853.0,114.6,50.5,12.0
2024-09-20 21:00:00,25.8,87,23.5,0.0,5.7,198,7.9,982.7,121.1,83.6,1943.0,118.5,51.5,1.0
2024-09-20 22:00:00,25.7,87,23.3,0.0,5.8,202,8.6,983.0,118.5,81.7,1882.0,112.6,48.6,1.0
2024-09-20 23:00:00,25.3,89,23.3,0.0,5.4,217,8.6,982.8,109.4,75.7,1792.0,105.6,45.4,2.0
2024-09-21 00:00:00,24.8,92,23.4,0.0,6.3,239,7.6,982.8,102.4,70.5,1692.0,99.6,42.3,2.0
2024-09-21 01:00:00,24.7,92,23.4,0.0,5.4,274,7.6,982.6,98.5,67.8,1562.0,92.6,38.8,3.0
2024-09-21 02:00:00,25.2,90,23.4,0.0,3.2,297,6.5,982.6,97.3,67.1,1469.0,87.4,37.0,4.0
2024-09-21 03:00:00,25.5,88,23.5,0.0,4.7,328,7.2,982.6,98.0,67.5,1458.0,86.5,38.3,0.0
2024-09-21 04:00:00,25.6,90,23.8,0.0,2.6,344,7.2,982.8,99.7,68.7,1483.0,87.3,41.2,0.0
2024-09-21 05:00:00,26.0,86,23.4,0.0,1.4,360,4.3,983.1,88.9,61.5,1253.0,73.1,36.3,5.0
2024-09-21 06:00:00,26.1,88,24.0,0.1,4.1,232,7.2,984.0,95.2,65.7,1194.0,65.8,35.7,29.0
2024-09-21 07:00:00,26.6,88,24.5,0.1,3.3,264,8.3,984.5,99.7,68.7,1106.0,55.5,35.1,63.0
2024-09-21 08:00:00,27.7,83,24.5,0.0,2.9,263,9.4,985.1,85.2,58.6,987.0,45.0,35.9,96.0
2024-09-21 09:00:00,28.9,76,24.2,0.0,1.5,225,9.7,985.7,67.8,45.9,809.0,34.6,39.8,127.0
2024-09-21 10:00:00,29.9,72,24.3,0.0,2.0,135,10.4,985.8,58.0,38.8,602.0,24.2,45.1,157.0
2024-09-21 11:00:00,30.8,69,24.3,0.0,6.0,123,15.8,985.6,62.9,42.1,450.0,16.2,47.7,184.0
2024-09-21 12:00:00,31.1,66,24.0,0.0,6.9,133,17.3,984.9,63.8,43.0,393.0,11.1,45.2,210.0
2024-09-21 13:00:00,31.5,65,24.1,0.0,5.6,140,16.9,983.9,65.4,44.0,392.0,8.5,40.0,233.0
2024-09-21 14:00:00,31.5,65,24.1,0.0,5.6,153,14.8,982.8,63.3,42.6,417.0,9.4,36.0,243.0
2024-09-21 15:00:00,31.6,64,23.9,0.0,4.1,142,14.0,982.1,61.5,41.6,412.0,12.0,33.1,237.0
2024-09-21 16:00:00,31.5,64,23.9,0.0,3.1,126,11.2,982.1,60.3,40.9,434.0,18.1,31.2,218.0
2024-09-21 17:00:00,30.6,78,26.2,0.0,1.8,79,8.3,982.2,74.7,50.6,668.0,39.8,33.3,163.0
2024-09-21 18:00:00,29.2,75,24.4,0.0,4.0,280,4.0,982.3,112.2,76.8,1178.0,77.1,45.7,124.0
2024-09-21 19:00:00,27.8,83,24.5,0.0,6.0,287,6.8,982.6,145.3,100.1,1882.0,128.1,62.7,70.0
2024-09-21 20:00:00,27.2,85,24.5,0.0,5.8,266,7.2,983.1,172.8,119.2,2422.0,164.0,75.4,30.0
2024-09-21 21:00:00,26.6,89,24.6,0.0,5.5,259,6.8,983.6,192.8,133.2,2660.0,171.2,80.3,16.0
2024-09-21 22:00:00,26.2,91,24.6,0.0,5.4,270,6.8,983.9,197.9,136.9,2734.0,163.2,80.9,16.0
2024-09-21 23:00:00,25.9,92,24.5,0.0,5.4,274,6.5,983.8,186.7,129.0,2692.0,151.4,77.9,18.0
2024-09-22 00:00:00,25.7,92,24.3,0.0,5.8,274,6.8,983.6,173.2,119.7,2502.0,137.6,69.9,19.0
2024-09-22 01:00:00,25.6,92,24.1,0.0,4.2,329,7.2,983.1,161.1,111.1,2198.0,119.9,58.5,22.0
2024-09-22 02:00:00,25.5,94,24.4,0.0,4.6,321,6.5,982.7,152.7,105.2,1925.0,104.4,49.1,24.0
2024-09-22 03:00:00,26.0,90,24.3,0.0,5.1,262,7.6,982.6,146.7,101.0,1737.0,93.7,44.0,21.0
2024-09-22 04:00:00,26.4,87,24.0,0.0,5.8,274,9.4,982.8,141.1,96.9,1581.0,85.1,40.9,18.0
2024-09-22 05:00:00,26.3,86,23.8,0.0,5.9,284,9.4,982.9,138.3,94.8,1440.0,73.7,36.8,29.0
2024-09-22 06:00:00,26.0,91,24.5,0.0,4.5,284,7.6,983.8,142.5,97.6,1393.0,66.6,36.3,58.0
2024-09-22 07:00:00,27.2,88,25.1,0.0,4.9,287,10.4,984.3,142.0,97.3,1317.0,56.3,35.6,98.0
2024-09-22 08:00:00,29.0,82,25.5,0.0,6.8,302,14.8,984.8,123.9,84.1,1181.0,45.0,34.9,135.0
2024-09-22 09:00:00,30.2,76,25.6,0.0,7.9,300,18.0,985.1,90.8,60.3,928.0,31.9,34.7,164.0
2024-09-22 10:00:00,31.4,71,25.5,0.0,6.8,302,18.0,985.3,74.7,48.5,615.0,17.8,34.6,188.0
2024-09-22 11:00:00,32.2,66,25.0,0.0,6.4,322,17.3,984.7,63.6,41.1,386.0,7.7,33.3,205.0
2024-09-22 12:00:00,32.7,63,24.9,0.0,5.4,323,16.9,983.9,60.1,39.0,300.0,3.4,29.6,212.0
2024-09-22 13:00:00,33.2,61,24.6,0.0,5.4,318,15.5,982.7,57.9,37.8,298.0,3.2,24.8,212.0
2024-09-22 14:00:00,33.3,59,24.2,0.0,5.6,320,15.1,981.5,56.5,37.1,339.0,6.8,21.4,205.0
2024-09-22 15:00:00,33.3,59,24.1,0.0,6.0,327,14.8,980.9,55.6,36.7,412.0,15.2,20.2,192.0
2024-09-22 16:00:00,33.0,61,24.5,0.0,6.0,327,13.3,981.0,56.2,37.1,529.0,27.4,20.4,172.0
2024-09-22 17:00:00,31.7,72,26.0,0.0,4.3,312,11.5,981.1,69.8,46.4,688.0,40.8,22.3,144.0
2024-09-22 18:00:00,30.4,75,25.4,0.0,6.6,319,10.1,981.6,95.2,64.0,947.0,57.8,27.8,115.0
2024-09-22 19:00:00,29.5,76,24.9,0.0,7.0,325,10.8,981.7,113.9,76.8,1300.0,80.8,35.3,74.0
2024-09-22 20:00:00,28.8,79,24.8,0.0,7.2,323,11.2,982.0,118.3,79.6,1533.0,94.9,40.0,44.0
2024-09-22 21:00:00,28.0,83,24.8,0.0,6.5,341,11.2,982.4,115.5,77.5,1540.0,92.0,39.7,33.0
2024-09-22 22:00:00,27.3,86,24.7,0.0,5.6,333,10.1,982.3,115.0,76.6,1427.0,80.1,36.5,33.0
2024-09-22 23:00:00,26.6,88,24.5,0.0,6.0,327,8.6,982.3,113.2,74.7,1300.0,68.9,32.8,33.0
2024-09-23 00:00:00,26.1,89,24.2,0.0,5.6,315,7.9,982.0,107.8,70.5,1177.0,61.2,28.4,32.0
2024-09-23 01:00:00,25.8,91,24.1,0.0,5.2,304,7.6,981.7,102.4,66.4,1039.0,54.1,23.4,33.0
2024-09-23 02:00:00,25.5,92,24.1,0.0,4.9,306,7.6,981.2,99.4,64.0,934.0,48.6,19.9,33.0
2024-09-23 03:00:00,25.1,94,24.0,0.0,5.0,300,7.6,981.3,98.3,62.6,881.0,45.4,18.9,30.0
2024-09-23 04:00:00,25.0,94,24.0,0.0,5.7,305,8.3,981.7,98.5,62.4,861.0,43.8,19.4,27.0
2024-09-23 05:00:00,24.8,94,23.9,0.0,6.0,303,9.4,981.9,93.1,59.4,705.0,29.3,16.5,42.0
2024-09-23 06:00:00,25.2,93,23.9,0.0,4.6,321,9.0,983.2,96.4,61.9,769.0,31.6,17.7,53.0
2024-09-23 07:00:00,26.6,89,24.6,0.0,3.8,287,9.4,984.1,102.4,66.6,851.0,34.5,19.4,70.0
2024-09-23 08:00:00,28.5,82,25.1,0.0,4.0,275,11.2,984.7,105.7,68.9,870.0,33.9,21.2,95.0
2024-09-23 09:00:00,30.4,74,25.1,0.0,5.8,277,14.8,985.0,97.8,63.8,765.0,26.5,23.5,137.0
2024-09-23 10:00:00,31.7,67,24.8,0.0,7.3,281,17.6,984.9,79.4,51.7,597.0,15.6,25.9,189.0
2024-09-23 11:00:00,32.5,64,24.9,0.0,7.6,289,18.4,984.6,72.9,47.6,469.0,7.6,27.1,227.0
2024-09-23 12:00:00,33.2,62,25.0,0.0,7.6,289,18.7,983.9,71.7,46.8,420.0,4.4,26.2,244.0
2024-09-23 13:00:00,33.5,61,25.0,0.0,7.6,295,18.4,982.8,70.8,46.1,412.0,4.1,24.2,248.0
2024-09-23 14:00:00,33.8,60,24.9,0.0,8.2,299,18.4,981.7,71.7,46.6,434.0,6.7,22.6,242.0
2024-09-23 15:00:00,33.5,61,25.0,0.0,9.7,309,19.1,980.8,71.2,46.0,479.0,12.5,21.6,227.0
2024-09-23 16:00:00,33.0,63,25.1,0.0,11.2,315,19.4,980.5,71.2,45.8,555.0,21.1,21.0,202.0
2024-09-23 17:00:00,31.8,70,25.7,0.0,8.9,320,18.7,979.8,92.9,60.8,666.0,32.3,21.9,170.0
2024-09-23 18:00:00,30.1,75,25.1,0.0,7.7,319,11.5,980.7,112.7,74.3,860.0,47.6,26.6,138.0
2024-09-23 19:00:00,29.2,78,24.9,0.0,6.5,304,11.9,980.8,128.5,84.8,1131.0,68.7,33.1,93.0
2024-09-23 20:00:00,28.3,83,25.0,0.0,5.7,288,9.4,981.2,137.4,90.3,1360.0,83.8,38.2,57.0
2024-09-23 21:00:00,27.8,85,25.1,0.0,5.4,274,7.9,981.7,145.8,95.2,1519.0,87.8,41.2,41.0
2024-09-23 22:00:00,27.1,88,25.0,0.0,5.2,258,7.9,981.6,154.1,100.8,1636.0,85.9,42.9,33.0
2024-09-23 23:00:00,26.5,90,24.9,0.0,5.2,245,7.2,981.8,153.2,100.4,1677.0,82.0,42.3,29.0
2024-09-24 00:00:00,26.1,92,24.6,0.0,5.7,252,7.2,981.7,147.6,95.9,1602.0,76.4,38.0,25.0
2024-09-24 01:00:00,25.7,93,24.5,0.0,6.2,280,7.6,981.5,142.0,91.5,1451.0,68.7,31.4,24.0
2024-09-24 02:00:00,25.6,92,24.2,0.0,5.0,300,7.6,981.1,137.4,87.8,1311.0,61.7,26.1,24.0
2024-09-24 03:00:00,25.4,93,24.1,0.0,5.2,304,6.8,981.0,130.4,83.4,1197.0,55.7,23.1,22.0
2024-09-24 04:00:00,25.2,93,24.1,0.0,4.8,297,7.2,981.0,124.3,79.2,1094.0,50.4,21.4,21.0
2024-09-24 05:00:00,25.0,95,24.1,0.0,4.6,288,7.2,981.2,122.9,77.8,954.0,41.4,22.2,41.0
2024-09-24 06:00:00,26.1,91,24.5,0.0,3.5,294,7.9,982.5,129.0,81.5,1018.0,43.0,23.7,56.0
2024-09-24 07:00:00,27.2,88,25.1,0.0,2.8,310,8.3,982.8,138.8,86.8,1098.0,44.7,26.1,79.0
2024-09-24 08:00:00,29.2,81,25.6,0.0,2.3,309,9.4,983.4,139.7,85.7,1099.0,42.9,29.8,111.0
2024-09-24 09:00:00,30.9,72,25.3,0.0,2.3,321,10.4,983.8,125.7,74.7,944.0,34.0,36.2,157.0
2024-09-24 10:00:00,31.9,66,24.8,0.0,1.3,326,11.2,983.7,107.1,62.9,710.0,21.5,43.9,211.0
2024-09-24 11:00:00,32.6,62,24.5,0.0,0.8,243,10.4,983.2,101.5,60.8,539.0,12.2,49.7,258.0
2024-09-24 12:00:00,33.1,60,24.2,0.0,1.3,124,10.4,982.5,105.9,65.0,486.0,7.8,51.9,296.0
2024-09-24 13:00:00,33.5,58,24.1,0.0,1.5,104,11.2,981.3,110.1,68.5,496.0,6.6,52.2,328.0
2024-09-24 14:00:00,33.7,57,24.0,0.0,1.8,53,10.8,980.3,112.9,70.8,546.0,9.6,52.2,342.0
2024-09-24 15:00:00,33.6,55,23.4,0.0,1.8,360,10.1,979.2,115.7,72.9,617.0,17.6,51.8,334.0
2024-09-24 16:00:00,33.5,56,23.5,0.0,2.2,9,8.3,978.9,118.3,74.5,727.0,29.9,51.1,310.0
2024-09-24 17:00:00,32.2,69,25.9,0.0,2.8,40,6.5,978.7,148.5,93.6,814.0,40.0,45.4,254.0
2024-09-24 18:00:00,30.1,77,25.6,0.0,5.4,4,9.4,979.2,186.7,120.6,1302.0,75.7,54.9,193.0
2024-09-24 19:00:00,29.2,81,25.6,0.0,6.1,50,7.6,979.8,222.1,145.3,1967.0,123.8,67.9,110.0
2024-09-24 20:00:00,28.9,81,25.3,0.0,4.2,110,7.2,980.4,242.1,159.3,2411.0,152.1,76.5,51.0
2024-09-24 21:00:00,28.5,85,25.6,0.0,5.2,146,7.9,981.2,238.0,156.9,2432.0,142.3,77.0,39.0
2024-09-24 22:00:00,27.9,88,25.8,0.0,6.6,151,7.9,981.4,229.1,150.9,2233.0,112.7,73.2,52.0
2024-09-24 23:00:00,27.6,88,25.5,0.0,5.1,129,7.9,981.3,219.3,143.9,2021.0,85.9,68.0,62.0
2024-09-25 00:00:00,27.4,90,25.6,0.0,4.6,129,7.2,981.3,210.5,137.4,1857.0,69.4,61.8,62.0
2024-09-25 01:00:00,27.1,92,25.6,0.0,4.8,103,7.2,981.0,203.5,132.7,1682.0,55.7,54.2,61.0
2024-09-25 02:00:00,26.9,93,25.6,0.0,4.8,117,7.2,980.5,193.7,126.2,1523.0,45.3,47.5,58.0
2024-09-25 03:00:00,26.9,92,25.5,0.0,6.0,107,9.4,980.5,187.7,122.5,1392.0,38.9,42.3,52.0
2024-09-25 04:00:00,26.7,93,25.5,0.0,10.5,74,14.0,980.9,183.5,120.1,1278.0,35.8,37.8,44.0
2024-09-25 05:00:00,26.0,92,24.6,0.1,15.2,85,30.2,981.5,195.1,129.5,1387.0,44.3,42.8,45.0
2024-09-25 06:00:00,27.0,93,25.8,0.0,8.2,100,13.0,982.3,182.1,122.0,1310.0,42.8,40.9,65.0
2024-09-25 07:00:00,27.8,90,26.0,0.0,8.3,106,15.8,982.7,177.4,119.2,1196.0,40.3,38.2,94.0
2024-09-25 08:00:00,29.0,86,26.4,0.0,8.9,119,18.4,983.2,158.8,106.2,1054.0,35.9,35.9,125.0
2024-09-25 09:00:00,30.5,80,26.8,0.1,10.3,130,21.2,983.8,132.7,87.8,858.0,27.5,34.5,158.0
2024-09-25 10:00:00,31.6,74,26.4,0.1,11.6,139,24.1,983.8,111.8,73.8,634.0,17.2,33.5,193.0
2024-09-25 11:00:00,32.5,68,25.8,0.1,11.3,143,24.1,983.4,98.5,65.2,467.0,9.6,32.5,218.0
2024-09-25 12:00:00,32.3,68,25.8,0.1,12.5,131,25.6,982.6,93.8,62.4,393.0,6.3,31.2,228.0
2024-09-25 13:00:00,32.3,68,25.8,0.2,8.0,130,25.9,981.2,86.4,57.9,375.0,5.7,29.9,228.0
2024-09-25 14:00:00,31.0,73,25.6,0.1,11.1,151,24.5,980.6,83.8,56.1,389.0,7.9,29.4,221.0
2024-09-25 15:00:00,31.1,75,26.2,0.1,6.1,113,23.0,979.8,82.0,55.3,433.0,14.1,30.5,207.0
2024-09-25 16:00:00,31.2,74,26.0,0.0,7.3,115,14.8,979.6,80.3,54.4,507.0,23.2,32.4,186.0
2024-09-25 17:00:00,30.5,78,26.2,0.0,8.4,113,15.1,979.7,97.8,65.9,536.0,28.8,27.2,132.0
2024-09-25 18:00:00,29.0,79,25.0,0.0,11.1,112,19.8,980.5,92.4,62.9,570.0,30.7,27.1,113.0
2024-09-25 19:00:00,28.3,82,25.0,0.0,13.8,116,22.3,981.3,90.3,61.9,615.0,33.1,26.8,86.0
2024-09-25 20:00:00,27.9,85,25.1,0.0,15.1,115,25.2,982.3,85.0,58.6,639.0,33.8,26.2,67.0
2024-09-25 21:00:00,27.2,86,24.6,0.0,13.8,116,25.2,982.8,76.6,53.1,624.0,31.3,25.0,64.0
2024-09-25 22:00:00,26.6,87,24.2,0.0,12.9,110,22.7,983.1,68.0,47.0,587.0,27.2,23.5,69.0
2024-09-25 23:00:00,26.2,89,24.2,0.0,11.8,114,21.6,983.0,60.5,41.9,547.0,23.3,22.2,72.0
2024-09-26 00:00:00,26.0,91,24.4,0.0,10.8,120,19.8,982.5,54.5,37.6,506.0,20.2,21.2,70.0
2024-09-26 01:00:00,25.8,93,24.5,0.0,10.6,116,18.0,982.3,50.3,34.8,463.0,17.4,20.4,66.0
2024-09-26 02:00:00,25.7,94,24.6,0.0,9.9,109,17.6,982.1,47.8,33.1,431.0,15.5,19.9,62.0
2024-09-26 03:00:00,25.5,94,24.6,0.0,9.4,101,16.6,982.1,46.3,32.1,418.0,15.1,19.7,56.0
2024-09-26 04:00:00,25.4,95,24.5,0.0,9.8,98,16.2,981.9,45.2,31.5,416.0,15.6,19.8,49.0
2024-09-26 05:00:00,25.2,95,24.5,0.0,10.0,107,16.2,982.1,51.1,35.7,420.0,14.8,21.9,50.0
2024-09-26 06:00:00,25.6,93,24.4,0.0,5.8,112,15.1,982.6,49.4,34.6,440.0,16.4,23.1,54.0
2024-09-26 07:00:00,26.4,90,24.5,0.0,9.7,118,17.3,982.6,48.1,33.6,465.0,18.5,24.7,61.0
2024-09-26 08:00:00,27.4,86,24.8,0.1,11.6,108,22.0,983.6,44.8,31.3,471.0,19.0,25.6,73.0
2024-09-26 09:00:00,28.1,85,25.3,0.1,10.3,88,22.3,984.3,39.8,27.8,441.0,16.5,25.0,96.0
2024-09-26 10:00:00,29.1,79,25.1,0.1,11.8,117,23.8,983.7,33.8,23.6,392.0,12.4,23.7,124.0
2024-09-26 11:00:00,30.2,72,24.8,0.0,11.6,109,24.8,983.2,29.6,20.6,350.0,9.1,22.3,145.0
2024-09-26 12:00:00,31.2,69,24.8,0.1,8.9,98,24.5,982.4,26.7,18.6,318.0,7.0,21.1,156.0
2024-09-26 13:00:00,31.5,66,24.4,0.0,9.5,111,22.7,981.2,24.6,17.1,292.0,5.7,19.8,159.0
2024-09-26 14:00:00,31.5,66,24.3,0.0,11.4,115,23.0,979.7,23.5,16.4,288.0,6.7,18.9,156.0
2024-09-26 15:00:00,31.4,65,24.1,0.0,9.0,106,22.7,978.9,23.0,16.0,318.0,11.4,18.5,143.0
2024-09-26 16:00:00,30.5,69,24.3,0.1,9.0,106,19.4,979.0,23.1,16.1,369.0,18.2,18.4,122.0
2024-09-26 17:00:00,30.0,75,25.0,0.0,6.0,95,16.9,979.2,36.7,25.6,477.0,29.3,20.7,93.0
2024-09-26 18:00:00,28.5,81,24.9,0.0,5.2,119,7.6,979.6,46.8,32.7,542.0,35.0,22.1,77.0
2024-09-26 19:00:00,27.9,83,24.7,0.0,5.1,135,7.6,980.6,47.7,33.3,630.0,42.7,24.0,55.0
2024-09-26 20:00:00,27.5,84,24.5,0.0,6.1,150,8.6,981.6,46.2,32.2,676.0,46.7,25.1,40.0
2024-09-26 21:00:00,27.2,85,24.4,0.0,9.2,140,14.4,982.1,44.1,30.9,644.0,43.9,25.0,38.0
2024-09-26 22:00:00,27.0,86,24.4,0.0,10.6,133,16.9,982.2,41.2,28.8,571.0,37.4,24.1,44.0
2024-09-26 23:00:00,26.8,85,24.0,0.0,9.9,128,17.3,982.0,38.4,26.9,502.0,31.1,22.8,49.0
2024-09-27 00:00:00,26.4,85,23.7,0.0,8.5,122,15.8,982.0,37.1,26.0,449.0,25.6,20.9,53.0
2024-09-27 01:00:00,26.0,87,23.6,0.0,5.9,113,13.7,981.5,36.2,25.3,401.0,20.1,18.6,57.0
2024-09-27 02:00:00,25.6,89,23.6,0.0,7.5,111,10.8,980.9,34.6,24.2,368.0,16.5,17.0,58.0
2024-09-27 03:00:00,25.4,90,23.6,0.0,6.9,127,13.7,979.9,32.6,22.8,355.0,15.9,16.4,53.0
2024-09-27 04:00:00,25.2,90,23.5,0.0,9.6,120,15.8,980.0,31.1,21.8,358.0,17.1,16.6,46.0
2024-09-27 05:00:00,25.0,90,23.2,0.0,10.1,114,16.6,980.4,32.6,22.8,377.0,20.0,20.0,38.0
2024-09-27 06:00:00,25.4,87,23.1,0.0,10.6,93,17.3,981.5,35.4,24.7,396.0,20.6,22.2,43.0
2024-09-27 07:00:00,26.0,84,23.0,0.0,12.8,88,23.4,982.2,36.2,25.3,420.0,21.2,25.1,50.0
2024-09-27 08:00:00,26.8,81,23.1,0.0,11.1,83,23.0,982.5,30.6,21.4,426.0,20.5,26.8,61.0
2024-09-27 09:00:00,28.0,78,23.8,0.0,11.4,83,23.0,983.1,26.3,18.4,397.0,17.2,26.2,82.0
2024-09-27 10:00:00,29.2,71,23.5,0.0,16.2,99,31.0,983.3,26.1,18.2,351.0,12.6,24.3,107.0
2024-09-27 11:00:00,29.5,69,23.3,0.1,14.5,102,31.0,983.4,22.6,15.8,315.0,9.4,22.1,123.0
2024-09-27 12:00:00,30.2,67,23.4,0.1,11.3,99,28.4,982.2,18.2,12.7,298.0,8.6,19.6,123.0
2024-09-27 13:00:00,31.0,63,23.1,0.0,9.8,72,24.1,980.9,18.5,12.8,292.0,9.3,16.9,115.0
2024-09-27 14:00:00,30.8,66,23.5,0.1,10.8,60,22.0,980.1,26.0,18.0,298.0,10.8,15.2,108.0
2024-09-27 15:00:00,29.9,68,23.3,0.1,14.5,54,26.6,979.5,22.8,15.9,306.0,12.3,15.1,108.0
2024-09-27 16:00:00,29.4,72,23.8,0.1,11.0,58,27.4,979.5,25.0,17.5,326.0,14.8,16.1,109.0
2024-09-27 17:00:00,29.0,75,24.2,0.0,7.7,72,19.8,979.9,24.0,16.8,375.0,19.3,18.1,89.0
2024-09-27 18:00:00,27.5,78,23.3,0.1,7.4,34,13.0,980.2,29.4,20.6,437.0,25.3,20.0,74.0
2024-09-27 19:00:00,26.4,84,23.5,0.0,4.3,85,11.9,980.7,32.6,22.8,519.0,33.4,22.6,52.0
2024-09-27 20:00:00,26.1,87,23.8,0.0,5.8,120,8.6,981.7,34.2,24.0,565.0,38.2,24.3,36.0
2024-09-27 21:00:00,25.9,86,23.4,0.0,7.1,114,11.2,981.9,33.1,23.2,542.0,36.8,24.5,29.0
2024-09-27 22:00:00,25.3,82,22.1,0.0,8.4,100,13.7,982.4,30.4,21.2,482.0,32.1,23.8,28.0
2024-09-27 23:00:00,24.7,84,21.9,0.0,10.3,94,16.6,982.5,26.4,18.5,424.0,27.3,22.5,27.0
2024-09-28 00:00:00,24.5,85,21.9,0.0,10.4,100,17.6,982.5,22.2,15.5,378.0,23.0,20.4,27.0
2024-09-28 01:00:00,24.0,89,22.0,0.0,6.7,84,16.9,982.2,19.4,13.6,334.0,18.6,17.7,29.0
2024-09-28 02:00:00,23.5,92,22.1,0.0,6.6,61,10.8,981.6,18.0,12.6,306.0,15.8,15.9,29.0
2024-09-28 03:00:00,23.3,94,22.2,0.0,6.8,72,11.2,980.7,17.5,12.3,300.0,15.6,15.4,26.0
2024-09-28 04:00:00,23.1,95,22.3,0.0,7.6,82,12.2,980.6,17.7,12.4,309.0,17.0,15.9,22.0
2024-09-28 05:00:00,23.2,95,22.4,0.0,8.6,101,14.0,980.7,22.9,16.0,383.0,25.7,20.3,14.0
2024-09-28 06:00:00,23.5,94,22.5,0.0,4.5,83,7.2,981.9,27.5,19.3,400.0,25.4,23.7,21.0
2024-09-28 07:00:00,24.5,89,22.6,0.0,6.1,85,13.0,983.0,30.4,21.3,422.0,25.0,28.2,32.0
2024-09-28 08:00:00,25.5,86,23.0,0.0,5.8,70,14.0,984.0,27.4,19.2,434.0,23.8,31.1,46.0
2024-09-28 09:00:00,26.9,80,23.1,0.0,8.0,85,17.6,984.4,24.7,17.3,426.0,21.3,30.7,67.0
2024-09-28 10:00:00,28.3,74,23.1,0.0,11.7,65,24.5,984.8,25.0,17.5,409.0,18.1,28.6,92.0
2024-09-28 11:00:00,29.0,71,23.2,0.0,10.6,44,24.5,984.8,27.1,19.0,392.0,15.4,26.5,113.0
2024-09-28 12:00:00,30.2,66,23.2,0.0,9.3,46,22.7,984.0,27.5,19.2,372.0,12.8,25.0,130.0
2024-09-28 13:00:00,30.2,65,23.0,0.0,8.5,36,20.9,983.2,26.5,18.5,353.0,10.7,23.4,144.0
2024-09-28 14:00:00,30.5,64,23.0,0.0,7.9,33,19.1,982.2,29.2,20.1,361.0,11.4,22.3,150.0
2024-09-28 15:00:00,30.3,65,22.9,0.0,7.8,37,18.0,981.6,31.3,21.5,362.0,13.9,20.1,147.0
2024-09-28 16:00:00,30.0,65,22.8,0.0,8.7,32,16.6,981.4,34.6,23.3,390.0,19.3,18.3,138.0
2024-09-28 17:00:00,29.1,72,23.6,0.0,6.5,46,16.2,981.9,39.5,27.1,564.0,33.9,22.8,107.0
2024-09-28 18:00:00,27.2,79,23.2,0.0,5.8,184,10.4,982.9,65.0,44.9,772.0,49.7,26.8,82.0
2024-09-28 19:00:00,26.8,82,23.5,0.0,4.7,157,8.6,983.9,74.3,51.5,1052.0,70.9,32.2,48.0
2024-09-28 20:00:00,25.9,85,23.2,0.0,5.5,109,7.9,985.1,71.9,49.6,1209.0,82.4,35.1,24.0
2024-09-28 21:00:00,25.2,88,23.0,0.0,7.4,113,12.2,986.0,65.7,44.8,1132.0,75.3,33.5,21.0
2024-09-28 22:00:00,24.6,89,22.8,0.0,6.4,115,12.2,986.3,58.2,39.1,932.0,58.5,29.5,29.0
2024-09-28 23:00:00,24.0,92,22.6,0.0,4.8,101,10.1,986.3,49.6,32.8,747.0,43.4,25.6,36.0
2024-09-29 00:00:00,23.6,94,22.6,0.0,4.7,88,7.6,986.0,42.0,27.6,617.0,33.3,22.5,40.0
2024-09-29 01:00:00,23.5,95,22.6,0.0,6.2,83,9.7,985.6,36.9,24.6,501.0,24.9,19.6,43.0
2024-09-29 02:00:00,23.3,96,22.5,0.0,6.1,90,10.1,985.2,34.0,23.1,419.0,19.3,17.6,44.0
2024-09-29 03:00:00,23.1,97,22.6,0.0,7.3,65,11.9,985.1,32.5,22.4,385.0,17.8,16.7,39.0
2024-09-29 04:00:00,23.0,98,22.6,0.0,6.3,63,12.6,985.5,32.0,22.2,384.0,19.2,16.8,32.0
2024-09-29 05:00:00,22.7,98,22.5,0.0,3.5,55,10.1,985.6,34.3,23.7,410.0,21.7,19.2,28.0
2024-09-29 06:00:00,23.4,96,22.8,0.0,6.3,37,9.7,986.1,35.0,24.4,420.0,21.3,21.6,36.0
2024-09-29 07:00:00,24.2,92,23.0,0.0,9.4,38,17.6,986.5,36.4,25.5,432.0,20.7,24.7,47.0
2024-09-29 08:00:00,25.9,84,23.0,0.0,9.8,47,20.2,987.2,37.3,26.0,431.0,19.4,26.6,62.0
2024-09-29 09:00:00,27.0,79,23.0,0.1,8.6,68,20.2,987.7,32.6,22.8,405.0,16.7,26.0,82.0
2024-09-29 10:00:00,27.9,75,23.1,0.1,6.8,73,18.7,987.8,28.2,19.7,365.0,13.4,24.0,104.0
2024-09-29 11:00:00,28.8,72,23.2,0.1,7.1,43,17.6,987.3,27.6,19.3,335.0,10.7,22.0,123.0
2024-09-29 12:00:00,29.4,70,23.3,0.0,7.2,22,17.3,986.2,26.6,18.3,315.0,8.4,20.1,137.0
2024-09-29 13:00:00,30.3,66,23.2,0.0,8.4,15,19.4,985.2,27.9,19.0,304.0,6.8,18.2,148.0
2024-09-29 14:00:00,30.6,65,23.1,0.1,9.2,23,20.2,984.6,31.4,21.6,322.0,8.2,16.9,151.0
2024-09-29 15:00:00,30.4,65,23.1,0.0,8.9,21,20.5,984.0,31.4,21.6,373.0,14.2,16.4,143.0
2024-09-29 16:00:00,30.2,66,23.1,0.0,7.2,19,18.4,983.5,32.6,22.3,453.0,23.3,16.6,127.0
2024-09-29 17:00:00,29.4,77,25.0,0.0,2.2,346,14.0,983.7,34.7,24.2,475.0,28.3,22.3,120.0
2024-09-29 18:00:00,27.8,83,24.5,0.0,5.8,120,6.8,984.8,61.2,42.7,876.0,53.2,32.4,92.0
2024-09-29 19:00:00,27.7,81,24.1,0.0,4.5,140,6.5,985.4,89.2,62.2,1432.0,87.1,46.5,52.0
2024-09-29 20:00:00,27.1,83,24.0,0.0,4.0,185,5.0,986.1,106.6,74.5,1871.0,110.1,57.2,23.0
2024-09-29 21:00:00,26.1,88,24.0,0.0,4.5,196,5.4,986.7,118.5,82.7,2112.0,112.5,62.7,13.0
2024-09-29 22:00:00,26.4,86,23.8,0.0,3.0,197,5.0,986.9,124.8,87.1,2234.0,103.9,64.8,12.0
2024-09-29 23:00:00,25.9,88,23.8,0.0,1.3,124,3.2,986.5,122.5,85.7,2209.0,93.2,62.6,15.0
2024-09-30 00:00:00,25.5,91,23.8,0.0,2.2,185,2.2,986.1,114.1,79.6,1956.0,82.1,53.2,20.0
2024-09-30 01:00:00,24.1,96,23.5,0.0,5.1,234,5.8,985.5,98.7,68.7,1555.0,68.8,39.5,28.0
2024-09-30 02:00:00,24.0,96,23.4,0.0,4.6,259,6.5,985.0,82.7,57.4,1211.0,57.1,28.4,35.0
2024-09-30 03:00:00,24.1,95,23.2,0.0,6.8,287,10.1,984.9,73.8,50.6,991.0,47.9,22.9,37.0
2024-09-30 04:00:00,24.0,94,23.0,0.0,6.8,281,10.8,985.1,70.1,47.4,829.0,40.2,20.1,38.0
2024-09-30 05:00:00,23.7,95,22.9,0.0,7.3,279,11.5,985.3,84.8,57.6,1129.0,53.9,28.2,31.0
2024-09-30 06:00:00,24.1,95,23.4,0.0,7.7,281,12.6,985.9,82.7,55.6,1060.0,48.8,27.1,48.0
2024-09-30 07:00:00,25.4,92,24.0,0.0,7.7,282,14.0,986.5,85.4,57.3,958.0,41.3,25.4,72.0
2024-09-30 08:00:00,27.2,85,24.5,0.0,7.6,277,16.2,987.0,82.9,54.1,839.0,33.2,23.5,97.0
2024-09-30 09:00:00,29.0,76,24.2,0.0,9.4,273,19.8,987.3,70.1,43.4,686.0,23.7,21.2,126.0
2024-09-30 10:00:00,30.3,67,23.5,0.0,10.2,280,21.6,987.3,59.5,35.0,515.0,13.5,18.7,156.0
2024-09-30 11:00:00,31.0,63,23.0,0.0,11.5,293,23.4,986.6,56.1,32.4,389.0,6.2,16.4,177.0
2024-09-30 12:00:00,31.9,58,22.6,0.0,12.6,304,25.2,985.7,53.0,29.5,336.0,3.2,14.4,185.0
2024-09-30 13:00:00,32.5,55,22.1,0.0,13.9,312,26.3,984.6,51.6,26.8,328.0,3.2,12.8,185.0
2024-09-30 14:00:00,32.8,52,21.8,0.0,15.1,315,27.7,983.6,54.4,26.3,349.0,5.6,11.9,179.0
2024-09-30 15:00:00,32.5,55,22.1,0.0,15.2,318,27.7,982.8,59.5,26.4,392.0,10.7,11.9,168.0
2024-09-30 16:00:00,31.8,61,23.3,0.0,11.2,325,26.6,982.7,66.1,27.6,464.0,18.4,12.7,152.0
2024-09-30 17:00:00,30.2,69,23.8,0.0,8.1,332,18.7,982.4,86.1,40.6,526.0,26.3,14.6,124.0
2024-09-30 18:00:00,28.4,74,23.2,0.0,7.1,319,15.5,983.3,95.5,47.4,686.0,37.6,18.7,100.0
2024-09-30 19:00:00,27.0,81,23.5,0.0,7.6,298,10.8,983.5,110.4,55.6,907.0,53.1,24.5,66.0
2024-09-30 20:00:00,26.5,84,23.6,0.0,7.6,282,9.4,983.7,124.3,62.4,1079.0,63.9,28.6,41.0
2024-09-30 21:00:00,25.8,87,23.5,0.0,7.3,277,8.3,983.8,135.5,67.8,1168.0,66.2,30.1,31.0
2024-09-30 22:00:00,25.5,88,23.5,0.0,5.4,278,8.3,983.7,140.2,70.3,1207.0,63.9,30.0,29.0
2024-09-30 23:00:00,25.1,90,23.4,0.0,5.5,287,7.9,983.1,139.7,69.4,1189.0,59.7,28.6,30.0
2024-10-01 00:00:00,25.0,90,23.2,0.0,6.2,292,9.0,982.8,131.3,64.7,1083.0,53.8,25.3,33.0
2024-10-01 01:00:00,24.9,90,23.1,0.0,6.3,283,9.7,982.6,123.4,61.0,921.0,46.0,20.6,38.0
2024-10-01 02:00:00,24.5,92,23.1,0.0,6.1,275,9.7,982.0,116.4,58.4,784.0,38.9,17.1,43.0
2024-10-01 03:00:00,24.1,94,23.0,0.0,5.8,268,9.4,981.9,110.4,56.6,696.0,32.7,15.6,46.0
2024-10-01 04:00:00,23.9,94,22.9,0.0,5.8,272,8.6,982.0,106.2,55.5,634.0,27.1,15.2,47.0
2024-10-01 05:00:00,23.5,95,22.6,0.0,5.6,270,8.3,982.0,103.6,54.7,632.0,25.1,15.1,50.0
2024-10-01 06:00:00,24.3,90,22.5,0.0,6.8,282,10.4,982.8,103.6,55.5,688.0,28.1,16.6,55.0
2024-10-01 07:00:00,25.5,87,23.1,0.0,7.8,277,13.7,983.4,103.8,58.6,761.0,31.8,18.6,64.0
2024-10-01 08:00:00,27.4,80,23.6,0.0,7.6,270,15.8,984.1,108.7,60.8,777.0,31.9,20.0,80.0
2024-10-01 09:00:00,29.2,72,23.8,0.0,9.9,275,20.5,984.4,103.8,57.5,681.0,24.8,20.5,111.0
2024-10-01 10:00:00,30.5,66,23.5,0.0,12.0,289,24.1,984.1,97.8,53.7,528.0,14.1,20.4,151.0
2024-10-01 11:00:00,31.5,61,23.1,0.0,13.2,294,26.3,983.8,92.2,49.2,412.0,6.2,19.7,179.0
2024-10-01 12:00:00,32.3,57,22.9,0.0,13.3,297,26.6,982.8,92.4,47.3,367.0,3.3,18.1,189.0
2024-10-01 13:00:00,33.0,56,22.9,0.0,14.1,298,27.0,982.0,99.2,47.4,358.0,3.3,15.9,188.0
2024-10-01 14:00:00,33.0,58,23.5,0.0,14.6,299,27.4,981.0,109.7,48.5,374.0,5.6,14.4,181.0
2024-10-01 15:00:00,33.0,59,23.9,0.0,13.7,298,27.4,980.5,120.6,49.9,406.0,10.4,13.6,169.0
2024-10-01 16:00:00,32.7,62,24.5,0.0,11.1,304,24.5,980.1,122.9,51.5,463.0,17.7,13.5,150.0
2024-10-01 17:00:00,31.1,70,25.0,0.0,7.1,319,18.7,979.9,128.1,58.8,555.0,28.2,15.2,128.0
2024-10-01 18:00:00,28.4,80,24.5,0.0,8.2,306,9.4,980.6,137.4,64.5,743.0,40.9,20.2,104.0
2024-10-01 19:00:00,27.9,82,24.5,0.0,7.4,331,9.7,980.9,157.4,74.0,1006.0,58.3,27.3,70.0
2024-10-01 20:00:00,28.0,80,24.1,0.0,4.8,22,8.3,981.4,178.3,82.2,1224.0,70.5,33.8,45.0
2024-10-01 21:00:00,28.5,76,23.8,0.0,4.3,42,5.8,981.6,197.0,88.7,1349.0,72.1,39.0,36.0
2024-10-01 22:00:00,28.1,77,23.6,0.0,1.9,112,5.0,981.6,210.5,93.1,1430.0,68.5,43.6,36.0
2024-10-01 23:00:00,25.2,92,23.8,0.0,6.0,185,6.5,981.5,216.1,93.8,1490.0,65.5,46.5,35.0
2024-10-02 00:00:00,25.0,93,23.8,0.0,6.5,199,7.6,981.8,214.2,92.4,1530.0,64.8,46.6,33.0
2024-10-02 01:00:00,24.7,94,23.6,0.0,6.6,193,8.3,981.6,212.8,93.4,1548.0,64.8,45.0,30.0
2024-10-02 02:00:00,24.4,95,23.5,0.0,6.0,183,7.6,981.2,215.1,95.7,1569.0,66.8,44.5,26.0
2024-10-02 03:00:00,24.1,96,23.4,0.0,5.6,197,7.2,981.2,220.3,98.3,1610.0,72.9,46.8,14.0
2024-10-02 04:00:00,24.1,95,23.3,0.0,5.6,211,7.2,981.4,220.3,98.7,1652.0,81.1,50.1,1.0
2024-10-02 05:00:00,24.1,95,23.2,0.0,5.4,222,7.2,981.8,173.7,83.1,1264.0,56.6,32.2,17.0
2024-10-02 06:00:00,25.4,91,23.8,0.0,5.0,255,7.6,982.7,158.3,79.2,1182.0,52.6,30.5,35.0
2024-10-02 07:00:00,27.0,86,24.4,0.0,6.8,281,12.2,983.1,151.8,78.5,1061.0,46.6,28.0,61.0
2024-10-02 08:00:00,28.9,81,25.3,0.0,6.0,299,13.7,983.7,143.0,74.0,923.0,39.0,25.8,91.0
2024-10-02 09:00:00,30.7,74,25.5,0.0,7.7,306,17.3,983.8,122.0,61.9,752.0,28.4,24.3,128.0
2024-10-02 10:00:00,32.1,67,25.3,0.0,9.9,297,20.9,983.8,110.6,54.4,562.0,16.2,23.0,168.0
2024-10-02 11:00:00,33.2,62,24.9,0.0,12.4,296,24.8,983.0,110.6,52.9,422.0,7.4,21.6,196.0
2024-10-02 12:00:00,33.9,57,24.2,0.0,14.9,298,28.4,981.8,113.4,53.0,356.0,3.6,19.7,203.0
2024-10-02 13:00:00,34.3,53,23.5,0.0,15.5,299,29.2,981.0,117.1,53.0,339.0,3.1,17.7,198.0
2024-10-02 14:00:00,34.5,52,23.1,0.0,15.8,296,29.2,980.1,121.5,52.7,359.0,5.9,16.4,187.0
2024-10-02 15:00:00,34.5,50,22.5,0.0,14.7,290,28.4,979.6,123.9,52.0,399.0,12.3,15.4,171.0
2024-10-02 16:00:00,33.5,55,23.3,0.0,11.2,292,24.8,979.4,120.1,52.6,476.0,22.1,15.1,150.0
2024-10-02 17:00:00,31.3,65,24.0,0.0,6.8,292,18.4,979.0,117.8,52.0,596.0,33.0,16.5,123.0
2024-10-02 18:00:00,28.8,77,24.4,0.0,8.8,287,10.4,979.9,131.3,59.6,819.0,46.5,22.5,100.0
2024-10-02 19:00:00,30.3,67,23.4,0.0,4.3,272,9.7,980.5,151.3,70.5,1134.0,65.1,31.0,68.0
2024-10-02 20:00:00,27.7,79,23.8,0.0,4.5,209,4.7,981.0,175.6,80.6,1413.0,78.3,39.1,43.0
2024-10-02 21:00:00,26.5,83,23.5,0.0,5.7,224,7.2,981.2,196.0,88.2,1614.0,80.0,46.4,35.0
2024-10-02 22:00:00,26.2,83,23.0,0.0,6.2,229,9.0,981.4,211.9,95.2,1781.0,76.2,53.3,34.0
2024-10-02 23:00:00,25.5,84,22.7,0.0,8.7,238,10.1,981.2,218.9,98.7,1917.0,75.0,57.7,31.0
2024-10-03 00:00:00,25.0,86,22.6,0.0,6.7,333,9.7,981.1,221.7,100.8,2039.0,81.2,58.6,21.0
2024-10-03 01:00:00,24.8,88,22.8,0.0,5.5,308,7.9,980.7,224.0,102.2,2130.0,89.8,57.0,8.0
2024-10-03 02:00:00,24.7,88,22.5,0.0,6.4,286,9.4,980.1,224.0,101.0,2147.0,94.1,54.3,0.0
2024-10-03 03:00:00,24.8,85,22.0,0.0,7.6,282,11.5,980.2,221.2,97.6,2038.0,88.9,50.2,0.0
2024-10-03 04:00:00,24.4,85,21.7,0.0,6.3,273,11.9,980.3,212.8,92.4,1855.0,79.3,45.0,0.0
2024-10-03 05:00:00,24.2,84,21.4,0.0,8.7,253,13.0,980.6,91.5,42.1,503.0,20.6,11.2,39.0
2024-10-03 06:00:00,26.0,64,18.5,0.0,14.2,270,22.3,981.3,94.3,44.6,595.0,24.1,13.0,39.0
2024-10-03 07:00:00,26.4,64,19.0,0.0,15.2,275,24.1,981.9,104.8,50.6,718.0,28.6,15.5,42.0
2024-10-03 08:00:00,28.1,64,20.6,0.0,13.1,285,25.6,982.8,113.4,52.5,776.0,30.0,18.0,58.0
2024-10-03 09:00:00,29.7,59,20.9,0.0,13.3,298,24.5,983.4,111.8,48.7,708.0,25.1,20.5,100.0
2024-10-03 10:00:00,31.1,54,20.7,0.0,14.6,296,27.4,983.3,104.5,45.8,575.0,17.1,22.9,156.0
2024-10-03 11:00:00,32.1,51,20.5,0.0,14.4,303,28.1,982.8,98.5,43.9,467.0,10.8,24.5,199.0
2024-10-03 12:00:00,32.8,48,20.5,0.0,12.6,306,27.4,982.0,99.9,45.1,402.0,6.7,24.5,219.0
2024-10-03 13:00:00,33.4,48,21.0,0.0,10.6,310,24.8,981.2,99.7,45.4,362.0,4.4,23.7,226.0
2024-10-03 14:00:00,33.7,48,21.3,0.0,8.9,308,21.6,980.4,95.7,44.1,386.0,7.9,23.2,221.0
2024-10-03 15:00:00,33.7,49,21.4,0.0,8.5,299,18.0,979.7,91.7,43.0,471.0,19.2,22.3,200.0
2024-10-03 16:00:00,32.9,56,23.1,0.0,5.9,301,15.8,979.3,88.7,43.5,620.0,36.3,21.8,167.0
2024-10-03 17:00:00,30.8,75,25.8,0.0,5.9,325,9.4,979.2,106.2,58.6,812.0,50.3,23.8,139.0
2024-10-03 18:00:00,29.6,71,23.8,0.0,6.9,313,7.6,979.7,134.1,76.8,1206.0,73.9,33.8,109.0
2024-10-03 19:00:00,27.5,79,23.6,0.0,8.4,337,9.4,980.2,159.7,94.1,1754.0,106.2,47.8,68.0
2024-10-03 20:00:00,26.4,82,23.0,0.0,9.4,357,11.2,980.6,178.8,106.6,2204.0,128.4,59.7,37.0
2024-10-03 21:00:00,25.8,84,22.9,0.0,8.7,4,11.2,980.7,192.3,115.5,2478.0,130.1,68.5,25.0
2024-10-03 22:00:00,27.0,78,22.9,0.0,2.2,194,9.7,981.2,202.1,121.5,2655.0,121.8,75.3,23.0
2024-10-03 23:00:00,24.6,89,22.7,0.0,5.8,182,7.6,981.4,210.0,126.2,2715.0,115.6,77.3,21.0
2024-10-04 00:00:00,24.0,91,22.5,0.0,4.0,63,6.5,981.2,215.6,129.9,2617.0,118.2,71.6,15.0
2024-10-04 01:00:00,23.5,93,22.4,0.0,5.5,109,6.5,981.0,201.2,122.0,2403.0,122.9,61.1,8.0
2024-10-04 02:00:00,23.3,95,22.4,0.0,4.8,165,7.2,981.0,179.7,107.8,2183.0,122.3,52.3,5.0
2024-10-04 03:00:00,23.0,95,22.2,0.0,5.4,140,7.6,981.0,171.8,101.7,1971.0,111.4,47.6,4.0
2024-10-04 04:00:00,23.2,95,22.3,0.0,5.4,160,7.9,981.2,167.6,98.5,1754.0,95.2,44.7,6.0
2024-10-04 05:00:00,23.0,95,22.1,0.0,5.0,165,7.9,981.6,96.9,54.4,872.0,44.5,17.5,23.0
2024-10-04 06:00:00,24.2,85,21.5,0.0,6.6,249,8.3,981.7,98.0,54.1,907.0,44.1,18.7,31.0
2024-10-04 07:00:00,26.0,70,20.0,0.0,8.3,292,12.2,982.6,102.2,55.8,948.0,43.2,20.2,43.0
2024-10-04 08:00:00,27.8,64,20.4,0.0,7.3,287,14.4,983.5,97.6,51.3,917.0,39.4,20.9,61.0
2024-10-04 09:00:00,29.4,58,20.1,0.0,10.2,287,20.2,984.1,83.8,40.7,746.0,30.1,20.0,90.0
2024-10-04 10:00:00,30.9,53,20.1,0.0,11.2,292,22.7,984.3,66.1,31.2,503.0,17.9,18.2,125.0
2024-10-04 11:00:00,32.1,50,20.5,0.0,10.7,299,23.0,984.0,53.9,23.6,319.0,8.9,16.6,150.0
2024-10-04 12:00:00,32.9,49,20.9,0.0,9.9,302,22.3,983.3,54.2,21.1,240.0,4.4,15.2,160.0
2024-10-04 13:00:00,33.4,49,21.1,0.0,9.4,302,21.2,982.5,60.8,21.4,220.0,3.0,13.9,162.0
2024-10-04 14:00:00,33.5,49,21.4,0.0,9.9,303,20.5,981.8,68.7,22.1,254.0,6.5,13.5,156.0
2024-10-04 15:00:00,33.3,51,21.8,0.0,9.5,299,19.8,981.1,76.1,23.2,321.0,16.4,13.3,142.0
2024-10-04 16:00:00,32.8,57,23.2,0.0,7.0,299,18.0,980.8,81.7,25.1,442.0,31.2,14.0,122.0
2024-10-04 17:00:00,31.2,74,26.0,0.0,5.0,308,11.2,980.8,97.1,49.9,784.0,55.5,24.9,118.0
2024-10-04 18:00:00,29.2,72,23.7,0.0,6.4,342,7.2,981.3,123.4,66.1,1155.0,75.1,34.7,93.0
2024-10-04 19:00:00,27.5,80,23.6,0.0,7.6,356,8.6,981.8,149.5,83.4,1680.0,102.4,48.5,58.0
2024-10-04 20:00:00,27.0,80,23.3,0.0,6.6,29,8.6,982.5,171.8,98.3,2166.0,124.1,61.8,29.0
2024-10-04 21:00:00,28.4,71,22.7,0.0,1.9,112,7.6,983.0,190.0,110.4,2581.0,135.6,74.7,14.0
2024-10-04 22:00:00,25.7,86,23.1,0.0,4.3,163,5.0,983.0,206.3,120.6,2957.0,141.6,87.0,5.0
2024-10-04 23:00:00,25.0,90,23.2,0.0,6.3,180,7.6,983.0,216.1,126.7,3199.0,142.5,93.1,0.0
2024-10-05 00:00:00,24.7,91,23.1,0.0,6.6,164,8.6,982.9,217.0,126.7,3250.0,136.9,88.8,0.0
2024-10-05 01:00:00,24.4,92,23.0,0.0,6.4,158,9.0,982.9,206.3,120.1,3167.0,126.4,78.3,0.0
2024-10-05 02:00:00,24.0,93,22.8,0.0,7.3,157,9.4,982.7,188.6,108.7,3024.0,116.0,68.9,0.0
2024-10-05 03:00:00,24.1,92,22.8,0.0,5.3,145,8.3,983.0,175.1,99.7,2832.0,107.3,63.7,0.0
2024-10-05 04:00:00,23.9,94,22.8,0.0,5.3,172,6.5,983.3,164.8,92.0,2579.0,98.8,59.6,0.0
2024-10-05 05:00:00,23.2,96,22.5,0.0,6.2,213,6.5,983.8,114.3,64.5,1457.0,84.6,33.3,2.0
2024-10-05 06:00:00,25.0,80,21.4,0.0,7.7,282,10.8,984.6,94.5,53.0,1290.0,72.0,29.2,16.0
2024-10-05 07:00:00,26.2,71,20.5,0.0,12.3,280,19.1,985.2,81.3,45.6,1053.0,54.3,23.6,37.0
2024-10-05 08:00:00,27.7,67,21.0,0.0,12.3,282,21.2,985.9,72.9,39.1,826.0,38.3,18.9,59.0
2024-10-05 09:00:00,29.1,63,21.4,0.0,15.6,286,28.4,986.2,60.8,30.3,621.0,25.7,16.2,84.0
2024-10-05 10:00:00,30.5,61,22.1,0.0,16.7,291,31.3,986.2,51.3,24.3,426.0,14.9,14.5,111.0
2024-10-05 11:00:00,31.9,57,22.2,0.0,16.7,302,31.7,985.7,47.1,19.7,286.0,7.3,13.4,131.0
2024-10-05 12:00:00,32.8,53,21.9,0.0,15.3,311,31.3,985.0,53.8,18.6,214.0,2.9,13.0,143.0
2024-10-05 13:00:00,33.3,50,21.6,0.0,12.8,321,29.2,984.1,65.9,19.4,198.0,1.7,13.2,150.0
2024-10-05 14:00:00,33.5,49,21.2,0.0,10.4,323,25.2,983.3,76.6,20.3,240.0,6.0,14.0,148.0
2024-10-05 15:00:00,33.4,49,21.2,0.0,8.5,318,20.5,982.7,85.7,21.2,333.0,18.1,14.6,135.0
2024-10-05 16:00:00,32.7,56,22.6,0.0,6.2,314,16.6,983.0,88.9,24.1,485.0,35.5,15.8,114.0
2024-10-05 17:00:00,31.0,74,25.8,0.0,5.2,299,10.4,983.2,108.3,39.5,797.0,58.7,21.5,88.0
2024-10-05 18:00:00,27.7,72,22.3,0.0,8.9,332,10.4,983.5,136.9,53.7,1275.0,82.0,34.4,64.0
2024-10-05 19:00:00,27.9,69,21.5,0.0,7.3,329,10.8,984.2,166.2,71.9,1923.0,113.5,51.8,31.0
2024-10-05 20:00:00,29.0,60,20.6,0.0,3.7,281,8.3,985.1,192.8,89.2,2326.0,133.1,62.2,6.0
2024-10-05 21:00:00,25.8,77,21.5,0.0,4.4,207,4.7,985.1,190.5,94.5,2272.0,130.7,59.3,0.0
2024-10-05 22:00:00,25.0,80,21.4,0.0,5.4,188,7.9,985.6,161.1,82.0,1972.0,116.5,49.4,0.0
2024-10-05 23:00:00,24.7,80,21.0,0.0,6.9,187,9.4,985.8,131.3,65.7,1647.0,100.4,39.7,2.0
2024-10-06 00:00:00,25.1,77,20.8,0.0,9.2,203,14.8,986.0,104.8,51.7,1337.0,84.2,31.9,6.0
2024-10-06 01:00:00,24.1,83,21.0,0.0,9.3,195,14.0,985.8,85.4,42.0,1002.0,66.1,24.1,13.0
2024-10-06 02:00:00,24.1,83,21.0,0.0,7.9,184,10.8,985.8,73.8,36.0,738.0,51.4,18.5,18.0
2024-10-06 03:00:00,25.5,74,20.5,0.0,5.0,195,8.6,986.0,68.0,32.5,587.0,42.3,16.1,20.0
2024-10-06 04:00:00,25.1,74,20.2,0.0,5.4,255,5.4,986.4,65.7,30.3,508.0,36.6,15.7,21.0
2024-10-06 05:00:00,23.4,82,20.2,0.0,7.6,256,7.9,986.5,121.5,54.9,1240.0,62.2,23.6,5.0
2024-10-06 06:00:00,23.5,89,21.5,0.0,3.5,309,6.5,988.0,131.8,58.0,1282.0,63.0,25.6,24.0
2024-10-06 07:00:00,24.9,82,21.6,0.0,3.9,294,9.0,988.3,148.1,67.3,1329.0,63.4,28.3,52.0
2024-10-06 08:00:00,27.0,74,22.0,0.0,2.4,312,9.4,988.9,148.1,63.1,1278.0,58.9,30.4,84.0
2024-10-06 09:00:00,29.0,68,22.5,0.0,5.8,326,15.1,989.3,125.3,47.1,1038.0,44.9,31.8,124.0
2024-10-06 10:00:00,30.6,62,22.5,0.0,5.4,340,16.2,989.7,111.1,42.0,700.0,26.0,32.7,168.0
2024-10-06 11:00:00,31.8,57,22.3,0.0,5.1,333,15.5,989.4,100.8,38.0,439.0,11.7,31.8,197.0
2024-10-06 12:00:00,32.8,52,21.7,0.0,6.8,328,17.3,988.7,90.8,34.3,318.0,5.1,27.7,200.0
2024-10-06 13:00:00,33.3,47,20.4,0.0,9.4,334,20.2,987.7,81.7,30.6,273.0,3.2,22.0,188.0
2024-10-06 14:00:00,33.4,45,19.8,0.0,11.0,328,21.2,986.9,75.4,28.2,288.0,6.2,17.9,170.0
2024-10-06 15:00:00,32.9,44,19.0,0.0,14.2,320,24.5,986.7,73.3,27.6,374.0,16.5,16.8,148.0
2024-10-06 16:00:00,31.5,52,20.5,0.0,13.4,312,24.5,986.6,72.2,30.5,520.0,31.8,17.4,121.0
2024-10-06 17:00:00,29.5,60,21.0,0.0,8.1,317,22.3,986.7,86.6,33.1,522.0,33.1,19.3,105.0
2024-10-06 18:00:00,28.9,58,19.7,0.0,9.9,325,15.5,987.0,104.8,39.8,623.0,41.0,21.3,85.0
2024-10-06 19:00:00,27.5,63,19.8,0.0,8.1,335,15.8,987.5,116.4,43.3,760.0,51.7,23.9,57.0
2024-10-06 20:00:00,26.3,70,20.4,0.0,7.1,344,12.6,988.0,126.2,44.8,852.0,58.3,25.6,37.0
2024-10-06 21:00:00,25.0,77,20.7,0.0,7.8,9,10.4,988.1,136.9,46.4,864.0,57.6,25.6,31.0
2024-10-06 22:00:00,24.6,78,20.6,0.0,7.1,34,10.1,988.4,143.4,47.5,830.0,52.8,24.7,32.0
2024-10-06 23:00:00,24.1,80,20.5,0.0,7.2,22,9.4,988.3,137.4,45.3,773.0,46.6,23.0,35.0
2024-10-07 00:00:00,23.5,83,20.5,0.0,7.6,3,9.7,988.6,122.9,41.9,680.0,38.7,20.0,39.0
2024-10-07 01:00:00,23.0,85,20.5,0.0,6.3,321,9.4,988.6,105.7,39.3,564.0,29.5,16.3,45.0
2024-10-07 02:00:00,22.5,88,20.5,0.0,6.9,311,8.3,988.5,92.4,38.4,480.0,22.9,13.7,48.0
2024-10-07 03:00:00,22.2,89,20.2,0.0,5.6,295,7.9,988.6,84.5,38.2,445.0,20.8,12.9,46.0
2024-10-07 04:00:00,21.5,92,20.2,0.0,7.0,293,7.9,988.7,80.8,38.2,442.0,21.3,13.2,41.0
2024-10-07 05:00:00,22.6,86,20.1,0.0,3.5,285,7.9,989.3,89.4,40.9,521.0,28.0,16.6,32.0
2024-10-07 06:00:00,22.5,92,21.0,0.0,3.8,301,6.8,990.6,83.8,42.4,589.0,29.3,17.6,37.0
2024-10-07 07:00:00,23.9,86,21.4,0.0,3.8,329,8.6,991.3,89.4,47.5,679.0,30.7,19.1,45.0
2024-10-07 08:00:00,25.8,78,21.6,0.0,5.0,314,12.6,992.0,91.0,48.1,716.0,29.9,20.8,63.0
2024-10-07 09:00:00,27.5,70,21.5,0.0,5.5,302,15.1,991.9,85.9,47.0,653.0,24.6,23.1,100.0
2024-10-07 10:00:00,29.1,64,21.5,0.0,5.6,295,15.8,991.7,77.8,44.6,537.0,16.9,25.7,147.0
2024-10-07 11:00:00,30.5,58,21.2,0.0,6.4,302,17.3,991.3,69.4,39.0,438.0,10.9,26.9,181.0
2024-10-07 12:00:00,31.5,54,20.9,0.0,6.9,315,18.0,990.5,64.0,33.8,366.0,6.9,25.5,193.0
2024-10-07 13:00:00,32.0,51,20.7,0.0,7.2,323,18.0,989.4,61.9,30.5,310.0,4.5,22.7,192.0
2024-10-07 14:00:00,32.2,49,20.3,0.0,7.8,331,18.0,988.5,61.7,28.9,308.0,6.7,20.7,182.0
2024-10-07 15:00:00,32.2,48,19.9,0.0,8.6,331,17.6,987.8,62.6,28.3,383.0,16.3,20.0,163.0
2024-10-07 16:00:00,31.5,53,20.8,0.0,7.9,333,17.3,987.7,64.3,28.9,511.0,30.5,20.0,135.0
2024-10-07 17:00:00,29.5,64,22.0,0.0,5.9,340,13.0,987.6,76.8,39.3,660.0,44.0,20.5,105.0
2024-10-07 18:00:00,27.5,68,21.0,0.0,6.5,332,9.4,988.2,100.8,53.0,844.0,52.0,24.8,86.0
2024-10-07 19:00:00,26.6,70,20.7,0.0,6.9,319,9.7,988.8,113.4,60.3,1095.0,62.8,30.7,59.0
2024-10-07 20:00:00,26.2,71,20.5,0.0,7.3,316,10.8,989.6,118.3,62.2,1276.0,70.1,35.2,39.0
2024-10-07 21:00:00,25.6,73,20.5,0.0,8.6,338,13.7,989.7,121.1,62.2,1319.0,70.5,37.2,31.0
2024-10-07 22:00:00,24.6,79,20.8,0.0,6.5,355,13.7,989.7,128.5,63.3,1290.0,67.2,37.9,30.0
2024-10-07 23:00:00,23.7,86,21.3,0.0,5.9,360,10.1,989.6,137.8,65.2,1249.0,63.8,37.5,29.0
2024-10-08 00:00:00,23.2,90,21.5,0.0,6.7,5,9.0,989.2,143.9,65.4,1213.0,61.1,35.7,26.0
2024-10-08 01:00:00,22.6,94,21.5,0.0,7.6,22,9.0,989.1,146.7,64.3,1164.0,58.2,32.9,24.0
2024-10-08 02:00:00,22.2,95,21.3,0.0,6.8,17,8.6,988.7,145.8,61.7,1116.0,55.9,30.7,22.0
2024-10-08 03:00:00,22.0,96,21.2,0.0,6.7,20,8.3,988.4,142.0,58.7,1048.0,53.6,29.3,17.0
2024-10-08 04:00:00,21.7,96,21.0,0.0,6.5,19,8.3,988.6,139.7,57.5,980.0,51.9,28.5,12.0
2024-10-08 05:00:00,21.9,95,21.0,0.0,3.8,349,7.6,988.9,138.3,57.0,925.0,52.5,28.3,10.0
2024-10-08 06:00:00,22.9,94,21.9,0.0,2.6,304,5.4,990.0,137.4,58.9,999.0,53.0,27.7,22.0
2024-10-08 07:00:00,24.2,90,22.5,0.0,2.9,317,8.3,990.8,137.4,62.9,1092.0,53.1,27.0,39.0
2024-10-08 08:00:00,26.1,83,23.0,0.0,4.5,317,12.2,991.7,129.5,58.0,1089.0,49.4,27.4,64.0
2024-10-08 09:00:00,28.1,76,23.5,0.0,4.2,324,14.0,992.1,110.6,43.1,897.0,38.4,30.7,102.0
2024-10-08 10:00:00,29.8,67,23.0,0.0,4.6,318,14.8,992.0,92.2,32.2,609.0,23.7,35.1,147.0
2024-10-08 11:00:00,30.8,59,22.0,0.0,5.8,326,16.6,991.1,76.1,27.5,391.0,12.4,36.8,180.0
2024-10-08 12:00:00,31.6,55,21.4,0.0,6.8,333,18.0,989.9,68.9,26.9,305.0,6.7,32.9,193.0
2024-10-08 13:00:00,32.2,51,20.7,0.0,7.6,335,18.4,988.7,64.0,26.3,288.0,4.4,26.1,193.0
2024-10-08 14:00:00,32.5,47,19.8,0.0,7.9,340,18.4,987.4,58.7,25.0,316.0,6.6,21.1,185.0
2024-10-08 15:00:00,32.3,46,19.1,0.0,8.9,339,18.0,986.7,55.2,24.2,401.0,15.9,19.6,166.0
2024-10-08 16:00:00,31.5,51,20.3,0.0,8.2,334,17.3,986.5,53.8,24.3,531.0,29.8,19.8,139.0
2024-10-08 17:00:00,29.5,59,20.8,0.0,7.4,328,14.0,986.3,81.5,41.0,683.0,44.2,20.6,111.0
2024-10-08 18:00:00,27.8,65,20.6,0.0,6.6,349,9.4,987.2,97.1,50.2,759.0,49.2,22.5,93.0
2024-10-08 19:00:00,26.9,68,20.5,0.0,7.6,4,11.9,987.9,103.1,52.7,863.0,55.9,24.9,68.0
2024-10-08 20:00:00,25.4,75,20.6,0.0,6.0,5,11.9,988.3,105.7,51.5,931.0,59.6,26.3,49.0
2024-10-08 21:00:00,24.5,80,20.8,0.0,6.4,338,9.0,988.5,110.4,50.5,936.0,58.0,25.7,40.0
2024-10-08 22:00:00,23.6,85,20.9,0.0,8.0,337,9.4,988.2,117.1,50.6,905.0,53.4,24.1,38.0
2024-10-08 23:00:00,23.0,87,20.7,0.0,6.7,314,9.4,987.8,116.6,47.5,852.0,47.5,21.9,37.0
2024-10-09 00:00:00,22.9,87,20.6,0.0,5.1,293,7.9,987.5,107.6,41.2,766.0,40.0,19.0,39.0
2024-10-09 01:00:00,23.9,81,20.5,0.0,3.1,283,5.8,987.2,98.5,37.7,658.0,31.2,15.7,44.0
2024-10-09 02:00:00,23.6,82,20.4,0.0,2.2,265,3.6,986.6,90.1,36.2,572.0,24.4,13.3,47.0
2024-10-09 03:00:00,21.5,92,20.0,0.0,6.0,291,7.9,986.2,82.0,35.0,518.0,20.7,12.3,46.0
2024-10-09 04:00:00,21.4,90,19.7,0.0,6.8,320,11.2,986.2,74.7,34.2,487.0,19.1,12.2,44.0
2024-10-09 05:00:00,20.4,93,19.2,0.0,6.5,314,10.4,986.5,72.4,33.2,514.0,20.4,13.2,38.0
2024-10-09 06:00:00,21.9,87,19.6,0.0,4.3,303,7.9,988.0,73.6,36.0,599.0,23.9,15.3,40.0
2024-10-09 07:00:00,23.3,81,19.8,0.0,5.8,300,11.2,988.8,80.6,41.9,712.0,28.4,18.2,44.0
2024-10-09 08:00:00,25.4,73,20.2,0.0,5.9,301,14.0,989.4,85.0,44.0,758.0,29.5,20.9,60.0
2024-10-09 09:00:00,27.5,65,20.3,0.0,5.7,311,15.5,989.8,84.3,46.7,675.0,24.1,23.4,98.0
2024-10-09 10:00:00,29.4,58,20.3,0.0,5.4,318,15.8,989.6,71.2,43.0,526.0,15.3,25.8,147.0
2024-10-09 11:00:00,30.8,51,19.5,0.0,6.4,317,17.3,988.8,56.6,33.9,409.0,8.5,26.4,183.0
2024-10-09 12:00:00,31.5,47,19.0,0.0,8.0,306,19.1,987.8,55.4,30.4,359.0,5.3,24.1,196.0
2024-10-09 13:00:00,32.2,45,18.6,0.0,9.5,306,20.9,986.8,57.7,28.5,341.0,4.1,20.0,196.0
2024-10-09 14:00:00,32.3,43,18.2,0.0,11.2,310,22.3,985.8,63.1,27.5,353.0,5.8,17.0,188.0
2024-10-09 15:00:00,32.0,44,18.1,0.0,13.5,315,24.1,985.0,72.6,27.8,401.0,11.8,15.9,172.0
2024-10-09 16:00:00,31.1,49,19.0,0.0,11.5,321,24.1,984.7,83.1,28.7,477.0,20.8,15.7,147.0
2024-10-09 17:00:00,29.1,55,19.1,0.0,9.1,328,19.1,984.3,70.5,34.2,563.0,31.1,18.9,132.0
2024-10-09 18:00:00,27.4,61,19.3,0.0,8.1,342,12.6,985.6,84.8,42.1,638.0,36.7,20.2,112.0
2024-10-09 19:00:00,26.3,65,19.1,0.0,7.3,340,12.6,986.0,92.7,43.7,740.0,44.3,22.0,85.0
2024-10-09 20:00:00,24.9,72,19.5,0.0,8.5,308,10.8,986.6,99.2,42.4,809.0,49.2,22.9,63.0
2024-10-09 21:00:00,24.1,76,19.6,0.0,8.0,279,10.1,986.6,105.9,39.8,822.0,49.6,22.4,53.0
2024-10-09 22:00:00,23.9,76,19.5,0.0,6.5,257,9.4,986.9,113.9,39.1,803.0,47.3,21.1,49.0
2024-10-09 23:00:00,23.5,78,19.5,0.0,7.0,266,9.4,986.7,113.9,37.4,760.0,43.3,19.3,47.0
2024-10-10 00:00:00,23.3,77,19.1,0.0,7.2,289,10.4,986.3,105.7,34.9,682.0,36.7,16.8,48.0
2024-10-10 01:00:00,22.9,78,18.9,0.0,7.8,293,11.9,986.1,93.6,32.9,580.0,28.3,13.9,51.0
2024-10-10 02:00:00,22.5,79,18.8,0.0,7.0,305,12.2,985.7,83.6,31.7,501.0,22.0,11.7,52.0
2024-10-10 03:00:00,21.8,83,18.8,0.0,6.8,310,10.8,985.5,77.8,31.3,454.0,19.2,10.7,50.0
2024-10-10 04:00:00,21.6,83,18.5,0.0,6.6,323,11.2,985.3,76.1,32.0,430.0,18.4,10.5,46.0
2024-10-10 05:00:00,20.5,85,18.0,0.0,9.3,328,10.8,985.3,77.1,32.7,426.0,18.1,10.7,47.0
2024-10-10 06:00:00,22.2,76,17.9,0.0,7.6,292,11.9,986.8,83.1,35.4,505.0,21.2,12.3,48.0
2024-10-10 07:00:00,23.3,74,18.5,0.0,9.9,297,15.5,987.4,88.2,39.6,609.0,25.3,14.6,50.0
2024-10-10 08:00:00,25.2,69,19.0,0.0,8.1,299,16.6,988.0,92.4,41.2,656.0,26.5,16.5,62.0
2024-10-10 09:00:00,27.2,60,18.8,0.0,9.0,307,19.4,988.5,87.1,38.6,592.0,22.0,18.0,93.0
2024-10-10 10:00:00,29.0,54,18.7,0.0,9.6,307,21.2,988.3,77.1,35.2,472.0,14.6,19.3,134.0
2024-10-10 11:00:00,30.5,47,18.0,0.0,11.8,309,24.1,987.4,65.2,28.6,372.0,8.9,19.5,163.0
2024-10-10 12:00:00,31.5,42,17.1,0.0,13.2,309,26.3,986.5,64.7,26.0,310.0,5.5,17.9,170.0
2024-10-10 13:00:00,32.0,40,16.6,0.0,12.3,305,26.3,985.7,73.3,26.4,270.0,3.7,15.3,166.0
2024-10-10 14:00:00,32.3,38,16.0,0.0,12.8,302,24.5,984.8,84.5,27.6,275.0,5.9,13.6,155.0
2024-10-10 15:00:00,32.0,38,15.9,0.0,13.6,307,24.5,984.5,95.7,29.0,352.0,14.7,13.7,138.0
2024-10-10 16:00:00,30.9,44,17.3,0.0,10.7,318,24.1,984.4,96.9,31.8,476.0,27.5,14.7,114.0
2024-10-10 17:00:00,28.4,52,17.5,0.0,7.6,317,17.6,984.3,113.9,39.5,582.0,38.8,15.6,86.0
2024-10-10 18:00:00,26.1,59,17.6,0.0,8.3,326,10.8,985.3,132.7,47.1,698.0,44.8,18.3,71.0
2024-10-10 19:00:00,24.9,64,17.5,0.0,10.3,313,11.9,985.8,142.5,51.2,858.0,52.9,22.0,49.0
2024-10-10 20:00:00,24.1,66,17.5,0.0,10.0,300,11.9,986.2,150.4,52.7,972.0,58.0,24.6,33.0
2024-10-10 21:00:00,23.5,69,17.5,0.0,10.1,297,12.2,986.5,156.0,53.2,1003.0,57.7,25.4,27.0
2024-10-10 22:00:00,22.5,71,17.0,0.0,9.3,283,11.2,986.8,159.3,54.0,989.0,54.4,25.1,27.0
2024-10-10 23:00:00,22.2,70,16.4,0.0,7.5,281,11.2,986.7,159.3,54.0,954.0,50.7,24.0,27.0
2024-10-11 00:00:00,21.1,74,16.4,0.0,6.9,290,11.2,986.3,153.7,52.2,897.0,47.1,21.6,27.0
2024-10-11 01:00:00,20.8,75,16.1,0.0,7.1,286,10.8,985.8,143.9,49.4,819.0,42.9,18.4,27.0
2024-10-11 02:00:00,20.2,75,15.6,0.0,7.4,293,11.5,985.6,126.2,45.6,749.0,39.2,15.9,27.0
2024-10-11 03:00:00,19.7,74,15.0,0.0,7.4,311,11.5,985.7,107.8,43.1,681.0,35.6,14.4,27.0
2024-10-11 04:00:00,19.0,75,14.5,0.0,6.6,313,11.5,985.7,95.2,41.6,621.0,32.4,13.5,26.0
2024-10-11 05:00:00,18.6,75,14.1,0.0,6.4,308,10.1,985.8,83.8,38.4,512.0,24.0,12.9,35.0
2024-10-11 06:00:00,18.9,76,14.6,0.0,6.0,297,10.1,986.5,85.7,41.3,630.0,27.9,14.7,35.0
2024-10-11 07:00:00,20.7,70,15.1,0.0,9.4,281,15.1,987.5,90.6,46.0,785.0,32.9,17.1,38.0
2024-10-11 08:00:00,23.5,64,16.2,0.0,8.3,281,16.9,988.2,92.9,48.3,846.0,33.9,18.8,51.0
2024-10-11 09:00:00,26.4,56,16.8,0.0,8.9,288,19.1,988.8,85.7,44.8,721.0,27.1,19.4,87.0
2024-10-11 10:00:00,28.7,50,17.1,0.0,8.9,294,20.2,988.8,66.6,36.8,503.0,16.2,19.4,134.0
2024-10-11 11:00:00,30.4,42,15.9,0.0,10.7,299,22.7,988.1,50.5,27.0,335.0,8.0,18.7,167.0
2024-10-11 12:00:00,31.4,37,14.9,0.0,13.0,297,25.9,987.1,48.8,23.7,266.0,3.8,16.6,177.0
2024-10-11 13:00:00,31.8,36,14.8,0.0,13.8,298,27.0,986.1,51.3,22.6,247.0,2.2,13.8,174.0
2024-10-11 14:00:00,31.7,37,15.1,0.0,13.7,300,27.0,985.2,55.5,22.0,279.0,5.4,12.2,163.0
2024-10-11 15:00:00,31.4,37,14.9,0.0,13.3,305,25.9,984.5,60.8,21.7,365.0,16.1,12.2,145.0
2024-10-11 16:00:00,30.4,43,16.4,0.0,9.4,313,23.8,984.4,63.8,23.7,503.0,31.6,13.4,120.0
2024-10-11 17:00:00,27.6,53,17.2,0.0,6.7,324,15.5,984.4,102.2,30.7,608.0,38.7,15.5,94.0
2024-10-11 18:00:00,25.0,63,17.4,0.0,9.9,325,11.9,985.1,128.1,39.9,779.0,46.7,19.8,77.0
2024-10-11 19:00:00,23.9,67,17.4,0.0,9.4,274,11.9,985.6,141.6,46.4,1014.0,57.7,25.7,53.0
2024-10-11 20:00:00,23.5,66,16.9,0.0,8.1,242,10.8,986.2,152.7,49.7,1191.0,65.2,30.1,35.0
2024-10-11 21:00:00,22.8,68,16.7,0.0,8.5,235,10.4,986.7,162.1,51.5,1259.0,66.3,32.0,28.0
2024-10-11 22:00:00,22.1,71,16.5,0.0,9.1,256,10.8,986.5,169.5,53.1,1268.0,64.1,32.5,27.0
2024-10-11 23:00:00,21.9,70,16.1,0.0,7.3,280,11.2,986.5,174.2,53.6,1242.0,61.1,31.5,26.0
2024-10-12 00:00:00,21.8,69,15.9,0.0,8.1,294,12.2,986.2,169.5,51.2,1175.0,57.9,28.2,25.0
2024-10-12 01:00:00,20.8,75,16.2,0.0,7.1,297,12.2,985.9,159.3,47.8,1074.0,53.9,23.5,24.0
2024-10-12 02:00:00,20.0,80,16.5,0.0,6.9,315,10.4,985.6,146.7,44.4,985.0,50.3,19.7,24.0
2024-10-12 03:00:00,19.4,84,16.5,0.0,7.3,316,9.7,985.3,135.5,41.3,909.0,46.9,17.7,22.0
2024-10-12 04:00:00,18.9,85,16.4,0.0,6.5,293,9.7,985.5,129.5,39.9,846.0,43.9,16.6,20.0
2024-10-12 05:00:00,18.5,87,16.2,0.0,6.6,291,9.0,985.8,91.3,37.7,544.0,22.4,15.8,54.0
2024-10-12 06:00:00,19.4,84,16.6,0.0,6.5,273,9.7,986.8,92.9,41.9,682.0,28.7,17.9,53.0
2024-10-12 07:00:00,21.2,76,17.0,0.0,8.8,272,14.8,987.5,98.0,49.6,864.0,37.0,20.8,54.0
2024-10-12 08:00:00,23.9,70,18.1,0.0,5.1,266,14.4,988.4,95.9,49.5,943.0,40.0,22.9,67.0
2024-10-12 09:00:00,26.9,58,18.0,0.0,7.0,260,16.2,989.0,90.1,43.8,821.0,32.5,23.8,104.0
2024-10-12 10:00:00,29.1,49,17.4,0.0,8.0,280,18.7,989.0,75.2,35.9,596.0,19.8,23.9,153.0
2024-10-12 11:00:00,30.4,44,16.6,0.0,8.7,300,20.2,988.4,68.0,31.7,420.0,9.9,23.0,187.0
2024-10-12 12:00:00,31.2,40,16.1,0.0,9.0,299,20.9,987.6,69.8,32.1,337.0,4.7,20.1,194.0
2024-10-12 13:00:00,31.9,37,15.6,0.0,8.9,295,20.5,987.0,70.1,32.0,302.0,2.4,16.2,185.0
2024-10-12 14:00:00,32.0,36,14.9,0.0,8.9,298,19.8,986.5,68.2,30.5,330.0,5.8,13.8,170.0
2024-10-12 15:00:00,31.8,36,14.8,0.0,8.2,310,18.7,986.2,67.5,29.5,441.0,18.6,13.8,148.0
2024-10-12 16:00:00,30.8,44,17.1,0.0,6.6,343,15.8,986.1,68.7,32.4,615.0,37.2,15.4,119.0
2024-10-12 17:00:00,28.1,55,18.1,0.0,7.1,15,11.5,986.0,75.9,42.0,710.0,43.7,18.1,107.0
2024-10-12 18:00:00,26.8,55,17.0,0.0,8.8,15,14.8,986.8,88.0,48.4,793.0,50.5,21.3,91.0
2024-10-12 19:00:00,25.5,60,17.2,0.0,7.3,25,13.7,987.0,96.4,53.1,916.0,60.1,25.9,68.0
2024-10-12 20:00:00,23.5,71,18.0,0.0,8.2,38,11.2,987.3,105.7,58.6,1071.0,68.9,31.7,48.0
2024-10-12 21:00:00,22.3,78,18.4,0.0,8.3,57,10.8,987.3,121.5,67.3,1284.0,76.1,39.8,36.0
2024-10-12 22:00:00,22.4,77,18.2,0.0,3.7,141,9.7,987.3,139.7,77.3,1528.0,82.5,49.1,27.0
2024-10-12 23:00:00,21.7,80,18.0,0.0,6.3,193,9.7,987.2,152.7,84.5,1716.0,87.5,55.4,20.0
2024-10-13 00:00:00,21.2,80,17.6,0.0,7.2,198,10.4,986.9,160.2,87.8,1805.0,90.7,56.4,13.0
2024-10-13 01:00:00,20.8,80,17.3,0.0,8.9,193,10.8,986.7,163.9,89.4,1837.0,92.4,54.5,6.0
2024-10-13 02:00:00,20.5,81,17.0,0.0,9.2,201,11.2,986.5,164.8,89.4,1848.0,93.0,53.0,2.0
2024-10-13 03:00:00,20.4,80,16.9,0.0,9.2,203,11.2,986.3,162.1,88.5,1835.0,92.2,53.1,0.0
2024-10-13 04:00:00,21.8,72,16.5,0.0,6.5,193,10.1,986.6,156.9,86.6,1802.0,90.3,53.6,0.0
2024-10-13 05:00:00,21.9,71,16.4,0.0,3.9,217,7.2,987.3,158.3,71.7,1358.0,63.0,37.6,12.0
2024-10-13 06:00:00,19.2,88,17.1,0.0,4.2,350,7.2,988.4,170.0,78.2,1483.0,70.6,39.0,27.0
2024-10-13 07:00:00,20.9,82,17.8,0.0,6.8,3,11.9,989.1,188.1,91.7,1639.0,80.1,41.1,51.0
2024-10-13 08:00:00,24.2,73,19.0,0.0,5.6,360,13.7,989.9,165.3,83.1,1640.0,80.7,43.8,82.0
2024-10-13 09:00:00,27.4,61,19.1,0.0,3.7,346,13.3,990.2,128.5,55.4,1333.0,63.9,48.6,129.0
2024-10-13 10:00:00,29.5,47,17.1,0.0,2.3,315,12.6,990.4,107.8,40.7,871.0,38.3,54.0,184.0
2024-10-13 11:00:00,30.7,37,14.5,0.0,3.6,267,13.3,989.7,89.2,35.3,519.0,18.4,55.4,224.0
2024-10-13 12:00:00,31.4,35,14.0,0.0,3.6,279,13.3,988.8,78.5,34.2,377.0,8.4,49.1,243.0
2024-10-13 13:00:00,31.9,33,13.6,0.0,3.9,298,13.3,987.9,70.3,33.1,346.0,4.2,38.8,247.0
2024-10-13 14:00:00,32.2,32,13.4,0.0,4.8,307,13.3,987.4,62.2,30.3,398.0,8.3,30.9,237.0
2024-10-13 15:00:00,31.9,33,13.6,0.0,6.4,338,13.3,986.9,56.1,27.9,557.0,25.9,28.0,207.0
2024-10-13 16:00:00,30.4,43,16.5,0.0,8.0,10,14.0,986.4,55.5,28.7,799.0,51.9,27.5,162.0
2024-10-13 17:00:00,27.7,49,16.1,0.0,8.3,27,14.8,986.3,80.6,46.4,926.0,66.6,24.1,108.0
2024-10-13 18:00:00,27.0,51,15.9,0.0,9.3,13,15.1,987.0,94.8,56.6,994.0,69.8,26.8,89.0
2024-10-13 19:00:00,26.5,53,16.0,0.0,10.3,27,16.6,987.3,99.0,60.1,1092.0,74.3,30.6,64.0
2024-10-13 20:00:00,25.4,56,16.1,0.0,6.4,38,16.6,987.9,100.8,61.5,1189.0,77.8,34.4,43.0
2024-10-13 21:00:00,25.2,57,16.2,0.0,5.9,40,9.4,988.1,105.9,64.7,1283.0,79.4,38.1,33.0
2024-10-13 22:00:00,24.2,67,17.8,0.0,6.6,81,8.6,988.3,115.5,70.8,1376.0,80.0,41.7,27.0
2024-10-13 23:00:00,23.6,65,16.8,0.0,5.2,86,7.6,988.1,122.9,75.2,1446.0,80.2,44.2,23.0
2024-10-14 00:00:00,24.1,63,16.5,0.0,4.2,80,6.1,987.9,126.7,77.1,1472.0,79.7,44.6,19.0
2024-10-14 01:00:00,21.6,74,16.9,0.0,4.7,182,7.6,987.3,129.0,78.2,1476.0,78.7,43.8,17.0
2024-10-14 02:00:00,20.7,79,17.0,0.0,7.1,195,9.4,987.1,132.2,79.9,1494.0,78.6,44.0,14.0
2024-10-14 03:00:00,20.5,80,17.0,0.0,7.3,213,9.0,987.1,134.6,82.0,1542.0,80.0,46.4,6.0
2024-10-14 04:00:00,20.1,80,16.6,0.0,8.4,225,9.7,987.2,137.4,84.1,1604.0,82.3,49.8,0.0
2024-10-14 05:00:00,20.9,75,16.2,0.0,6.9,247,9.4,987.7,118.0,62.2,1037.0,58.1,31.0,13.0
2024-10-14 06:00:00,20.0,85,17.5,0.0,5.0,339,7.6,989.1,127.6,66.8,1137.0,59.3,30.6,28.0
2024-10-14 07:00:00,21.9,78,17.8,0.0,8.1,355,13.7,989.9,138.8,73.8,1261.0,60.4,30.1,50.0
2024-10-14 08:00:00,24.2,71,18.6,0.0,3.1,357,13.7,990.8,126.7,66.1,1265.0,56.8,30.1,77.0
2024-10-14 09:00:00,26.5,62,18.5,0.0,3.4,357,12.2,991.3,103.4,43.2,1029.0,43.9,31.6,113.0
2024-10-14 10:00:00,28.4,54,18.2,0.0,4.3,358,14.4,991.2,82.2,29.9,672.0,26.3,33.7,153.0
2024-10-14 11:00:00,30.0,45,16.8,0.0,4.9,343,15.5,990.4,65.0,25.9,402.0,12.8,33.7,182.0
2024-10-14 12:00:00,30.9,39,15.4,0.0,6.0,335,16.6,989.4,55.3,24.3,298.0,6.1,29.6,194.0
2024-10-14 13:00:00,31.4,36,14.6,0.0,7.4,334,18.0,988.6,50.4,23.5,281.0,3.6,23.4,196.0
2024-10-14 14:00:00,31.5,35,14.1,0.0,9.5,338,19.8,987.5,47.5,22.5,319.0,6.5,18.9,187.0
2024-10-14 15:00:00,31.1,36,14.1,0.0,11.5,343,20.9,986.9,46.8,21.6,414.0,17.9,17.4,165.0
2024-10-14 16:00:00,29.9,44,16.2,0.0,8.3,347,20.9,986.6,51.5,24.5,565.0,34.7,17.6,133.0
2024-10-14 17:00:00,27.2,53,16.7,0.0,7.0,339,13.7,986.4,89.2,39.0,635.0,38.3,16.1,105.0
2024-10-14 18:00:00,26.0,50,14.6,0.0,8.7,354,16.6,986.8,108.7,47.5,729.0,44.7,19.0,88.0
2024-10-14 19:00:00,24.4,56,14.9,0.0,7.2,3,13.3,987.3,123.4,51.8,864.0,53.6,23.1,65.0
2024-10-14 20:00:00,23.2,65,16.2,0.0,8.4,28,11.2,987.8,142.5,55.4,1010.0,61.0,27.6,46.0
2024-10-14 21:00:00,25.1,55,15.4,0.0,2.6,115,9.4,988.2,170.0,61.2,1196.0,66.2,33.5,34.0
2024-10-14 22:00:00,21.9,70,16.1,0.0,4.2,205,4.3,988.2,190.5,68.7,1392.0,69.9,39.8,26.0
2024-10-14 23:00:00,21.6,67,15.2,0.0,5.7,229,8.6,988.2,192.3,72.9,1485.0,70.3,42.1,22.0
2024-10-15 00:00:00,20.8,71,15.3,0.0,8.1,258,9.7,987.8,176.0,69.2,1396.0,65.9,37.1,22.0
2024-10-15 01:00:00,20.5,73,15.4,0.0,8.8,285,10.4,987.6,156.0,61.2,1203.0,58.3,28.1,26.0
2024-10-15 02:00:00,20.2,73,15.2,0.0,7.3,281,10.8,987.0,136.4,52.3,1022.0,50.4,20.7,30.0
2024-10-15 03:00:00,19.5,75,15.1,0.0,7.0,270,10.1,986.9,120.1,45.3,872.0,41.8,16.6,34.0
2024-10-15 04:00:00,19.2,75,14.8,0.0,6.7,272,9.7,986.9,108.5,42.3,735.0,32.8,14.1,39.0
2024-10-15 05:00:00,19.0,76,14.6,0.0,7.0,282,11.2,987.1,113.6,46.0,703.0,27.9,14.4,45.0
2024-10-15 06:00:00,19.6,78,15.8,0.0,6.8,288,12.6,988.2,109.4,48.3,798.0,31.5,15.6,44.0
2024-10-15 07:00:00,21.0,74,16.3,0.0,9.4,305,15.5,988.9,107.3,52.6,923.0,36.0,17.4,44.0
2024-10-15 08:00:00,23.5,70,17.6,0.0,6.0,314,15.5,989.8,105.2,55.2,963.0,36.5,19.2,58.0
2024-10-15 09:00:00,26.1,59,17.5,0.0,6.6,305,16.2,990.0,98.3,52.9,838.0,28.9,21.4,101.0
2024-10-15 10:00:00,28.3,52,17.4,0.0,7.7,294,18.4,989.7,85.7,49.6,628.0,17.2,23.6,157.0
2024-10-15 11:00:00,29.9,46,16.9,0.0,9.3,297,20.9,989.0,74.7,43.9,465.0,8.4,24.5,198.0
2024-10-15 12:00:00,30.8,43,16.9,0.0,11.6,311,24.1,988.1,68.9,39.3,389.0,4.1,22.6,210.0
2024-10-15 13:00:00,31.4,41,16.5,0.0,12.4,311,25.2,987.1,65.7,35.0,359.0,2.7,19.4,206.0
2024-10-15 14:00:00,31.6,39,16.1,0.0,12.0,310,25.2,986.5,64.7,30.9,381.0,6.0,17.3,193.0
2024-10-15 15:00:00,31.5,38,15.6,0.0,11.7,313,23.4,985.8,70.8,29.3,466.0,16.5,17.1,171.0
2024-10-15 16:00:00,30.5,46,17.5,0.0,7.0,310,20.9,985.7,79.2,31.5,604.0,31.6,18.0,141.0
2024-10-15 17:00:00,27.3,61,19.0,0.0,8.8,313,11.5,985.6,101.7,43.9,733.0,42.5,20.1,120.0
2024-10-15 18:00:00,25.5,60,17.2,0.0,9.2,310,11.2,986.1,123.9,53.6,879.0,51.5,23.8,98.0
2024-10-15 19:00:00,24.5,65,17.6,0.0,9.2,320,11.5,986.5,141.1,62.2,1085.0,64.0,29.1,69.0
2024-10-15 20:00:00,25.9,58,17.0,0.0,7.0,305,10.4,986.9,155.1,67.1,1285.0,73.8,34.1,44.0
2024-10-15 21:00:00,22.8,71,17.2,0.0,9.1,262,10.4,986.9,173.7,73.6,1483.0,78.9,39.2,30.0
2024-10-15 22:00:00,22.3,70,16.6,0.0,7.7,269,10.8,987.0,193.2,80.8,1673.0,81.3,44.0,22.0
2024-10-15 23:00:00,21.2,74,16.5,0.0,9.1,291,11.5,986.5,203.0,85.2,1771.0,81.4,45.2,17.0
2024-10-16 00:00:00,20.5,77,16.4,0.0,7.7,307,11.2,985.9,188.6,83.1,1718.0,78.7,40.1,14.0
2024-10-16 01:00:00,19.5,83,16.5,0.0,9.2,301,10.8,985.5,168.1,77.1,1573.0,73.7,31.4,14.0
2024-10-16 02:00:00,19.1,84,16.4,0.0,8.6,282,10.4,985.1,147.1,69.2,1425.0,68.3,24.5,15.0
2024-10-16 03:00:00,18.6,85,16.1,0.0,8.6,270,10.4,985.1,133.6,63.3,1279.0,62.1,21.4,16.0
2024-10-16 04:00:00,18.2,85,15.7,0.0,8.8,281,10.8,985.0,125.3,59.6,1132.0,55.3,20.0,18.0
2024-10-16 05:00:00,17.7,86,15.2,0.0,9.5,260,10.4,985.8,108.5,54.9,819.0,31.2,15.6,40.0
2024-10-16 06:00:00,18.9,81,15.4,0.0,7.2,271,9.4,986.9,119.0,60.3,987.0,37.7,18.1,38.0
2024-10-16 07:00:00,21.0,72,15.8,0.0,6.5,284,10.1,987.5,128.5,68.2,1208.0,46.1,21.6,36.0
2024-10-16 08:00:00,23.9,67,17.3,0.0,3.4,267,10.8,988.2,122.5,66.8,1293.0,48.7,24.7,51.0
2024-10-16 09:00:00,26.7,58,17.8,0.0,3.0,245,11.2,988.8,114.3,61.0,1113.0,40.0,27.4,98.0
2024-10-16 10:00:00,29.0,49,17.2,0.0,3.8,253,13.0,988.5,97.3,53.0,796.0,25.5,29.6,160.0
2024-10-16 11:00:00,30.6,42,16.3,0.0,4.6,252,14.4,987.9,80.8,45.9,545.0,14.2,30.3,203.0
2024-10-16 12:00:00,31.5,38,15.7,0.0,5.0,244,14.4,986.8,68.9,40.3,418.0,7.6,27.9,213.0
2024-10-16 13:00:00,32.0,37,15.5,0.0,6.7,236,16.2,986.0,60.1,35.5,356.0,4.2,24.0,204.0
2024-10-16 14:00:00,32.3,35,14.9,0.0,7.2,248,16.6,985.2,55.1,32.2,381.0,8.4,21.5,185.0
2024-10-16 15:00:00,32.2,35,14.8,0.0,7.3,263,15.8,984.7,53.8,31.0,510.0,25.3,21.1,156.0
2024-10-16 16:00:00,30.4,53,19.6,0.0,3.9,257,13.0,984.9,60.3,36.1,726.0,49.9,22.2,117.0
2024-10-16 17:00:00,28.0,61,19.6,0.0,7.5,262,8.3,985.0,105.0,68.2,1164.0,86.2,30.0,87.0
2024-10-16 18:00:00,26.5,62,18.8,0.0,5.8,7,9.0,985.6,123.4,80.6,1444.0,92.2,38.2,72.0
2024-10-16 19:00:00,25.0,64,17.7,0.0,7.2,22,9.4,986.1,140.2,92.4,1836.0,100.8,49.6,50.0
2024-10-16 20:00:00,25.4,60,17.0,0.0,6.8,25,9.4,986.7,155.1,102.4,2173.0,108.4,59.7,32.0
2024-10-16 21:00:00,25.6,57,16.4,0.0,7.7,36,11.9,987.1,165.8,109.7,2405.0,114.5,67.6,19.0
2024-10-16 22:00:00,24.9,62,17.1,0.0,6.9,53,13.0,987.4,175.1,116.2,2581.0,119.7,74.1,10.0
2024-10-16 23:00:00,22.9,75,18.1,0.0,8.1,94,11.2,987.7,182.1,121.1,2684.0,122.7,77.0,3.0
2024-10-17 00:00:00,22.5,76,18.2,0.0,7.0,108,9.0,987.3,182.1,121.5,2695.0,122.7,74.3,0.0
2024-10-17 01:00:00,22.0,80,18.3,0.0,7.2,104,8.6,986.9,177.9,118.7,2633.0,120.5,67.9,0.0
2024-10-17 02:00:00,22.5,77,18.2,0.0,4.5,90,8.6,986.6,170.0,113.2,2533.0,116.6,61.7,0.0
2024-10-17 03:00:00,21.6,81,18.1,0.0,5.0,75,7.9,986.3,161.6,107.6,2382.0,110.6,56.6,0.0
2024-10-17 04:00:00,21.0,83,18.0,0.0,5.8,64,9.0,986.2,156.5,103.8,2192.0,102.9,51.7,0.0
2024-10-17 05:00:00,20.4,86,17.9,0.0,5.9,59,9.4,986.3,155.5,102.9,1980.0,89.0,53.0,1.0
2024-10-17 06:00:00,19.9,92,18.5,0.0,6.8,101,8.3,987.1,144.4,96.2,1878.0,83.4,48.6,22.0
2024-10-17 07:00:00,21.8,84,19.0,0.0,5.0,105,9.4,987.8,146.2,97.8,1725.0,75.1,42.9,53.0
2024-10-17 08:00:00,24.6,77,20.2,0.0,4.2,95,11.5,988.5,143.4,95.5,1527.0,64.5,41.3,92.0
2024-10-17 09:00:00,27.4,66,20.5,0.0,5.2,96,14.4,989.2,141.6,92.9,1245.0,49.7,48.7,145.0
2024-10-17 10:00:00,29.5,54,19.2,0.0,5.5,101,16.2,989.2,127.1,80.8,918.0,32.7,60.0,206.0
2024-10-17 11:00:00,30.7,48,18.5,0.0,3.8,121,15.8,988.7,108.3,66.4,664.0,19.6,65.9,250.0
2024-10-17 12:00:00,31.4,45,18.2,0.0,2.4,144,13.7,987.8,90.6,54.5,511.0,10.7,60.4,270.0
2024-10-17 13:00:00,31.9,44,18.1,0.0,1.8,169,12.2,987.0,78.0,46.9,431.0,5.7,49.4,273.0
2024-10-17 14:00:00,32.2,43,17.9,0.0,1.3,196,11.2,986.2,67.8,41.0,455.0,10.1,40.7,261.0
2024-10-17 15:00:00,32.4,40,17.1,0.0,0.6,198,9.0,985.5,60.5,36.8,614.0,29.5,36.2,228.0
2024-10-17 16:00:00,31.9,51,20.4,0.0,1.3,45,6.5,985.5,68.5,43.3,877.0,58.2,34.1,179.0
2024-10-17 17:00:00,28.8,61,20.6,0.0,6.0,27,6.5,985.5,118.7,75.2,1122.0,78.2,31.3,132.0
2024-10-17 18:00:00,27.1,66,20.1,0.0,5.3,45,8.3,986.1,145.3,92.9,1374.0,90.1,39.0,109.0
2024-10-17 19:00:00,25.4,72,20.0,0.0,7.4,47,9.0,986.5,163.9,105.2,1724.0,106.4,49.7,77.0
2024-10-17 20:00:00,24.0,75,19.4,0.0,8.1,45,9.7,986.8,176.0,112.7,2000.0,117.7,58.1,51.0
2024-10-17 21:00:00,23.2,78,19.1,0.0,8.2,40,10.4,986.9,185.8,118.7,2143.0,119.8,62.6,36.0
2024-10-17 22:00:00,23.0,79,19.0,0.0,6.7,54,10.4,987.2,195.1,125.3,2212.0,116.8,64.8,27.0
2024-10-17 23:00:00,22.0,84,19.3,0.0,7.6,78,10.4,987.1,198.8,128.5,2214.0,111.9,64.1,21.0
2024-10-18 00:00:00,21.1,89,19.2,0.0,7.6,149,10.4,986.9,191.4,124.8,2121.0,105.1,58.9,19.0
2024-10-18 01:00:00,20.8,90,19.1,0.0,7.6,168,8.6,986.6,182.1,118.7,1961.0,96.4,50.8,20.0
2024-10-18 02:00:00,20.7,90,19.0,0.0,6.6,112,8.3,986.0,175.1,113.9,1820.0,88.4,44.4,20.0
2024-10-18 03:00:00,19.9,94,18.9,0.0,6.7,109,8.3,985.9,168.6,109.2,1718.0,81.8,41.7,16.0
2024-10-18 04:00:00,19.5,96,18.8,0.0,6.1,118,7.9,986.0,163.9,105.5,1635.0,76.0,40.7,12.0
2024-10-18 05:00:00,19.4,96,18.8,0.0,5.7,125,7.6,986.3,158.3,101.7,1402.0,61.9,36.4,18.0
2024-10-18 06:00:00,19.5,97,19.0,0.0,5.3,125,6.5,987.4,159.7,103.1,1478.0,63.4,37.9,36.0
2024-10-18 07:00:00,21.5,90,19.8,0.0,4.6,154,9.0,988.2,165.8,107.8,1569.0,64.8,40.1,64.0
2024-10-18 08:00:00,24.7,77,20.5,0.0,2.7,176,10.1,989.1,167.6,109.2,1545.0,61.4,43.7,100.0
2024-10-18 09:00:00,27.4,66,20.5,0.0,2.3,180,10.8,989.6,162.5,103.8,1297.0,48.7,51.2,155.0
2024-10-18 10:00:00,29.5,58,20.5,0.0,2.4,171,11.9,989.5,143.4,85.2,933.0,31.1,60.0,219.0
2024-10-18 11:00:00,31.0,50,19.5,0.0,1.4,130,11.9,988.8,111.8,62.4,644.0,17.4,62.7,262.0
2024-10-18 12:00:00,31.9,46,18.7,0.0,1.5,76,11.2,987.9,88.5,48.9,484.0,8.7,53.5,272.0
2024-10-18 13:00:00,32.3,44,18.5,0.0,1.3,98,11.5,986.7,71.7,40.0,398.0,3.9,38.2,261.0
2024-10-18 14:00:00,32.7,42,18.0,0.0,0.7,90,10.4,985.9,60.5,34.1,417.0,8.2,27.0,239.0
2024-10-18 15:00:00,32.8,40,17.3,0.0,1.5,30,8.6,985.5,53.6,30.2,561.0,27.5,23.3,204.0
2024-10-18 16:00:00,31.8,49,19.9,0.0,3.6,37,7.6,985.4,63.6,38.4,810.0,55.9,23.7,158.0
2024-10-18 17:00:00,28.4,61,20.1,0.0,6.3,35,8.6,985.3,99.7,60.3,1011.0,71.7,25.1,114.0
2024-10-18 18:00:00,26.8,62,18.8,0.0,7.1,27,11.9,985.8,122.0,75.0,1322.0,82.2,33.5,91.0
2024-10-18 19:00:00,26.1,62,18.4,0.0,7.6,19,10.8,986.3,141.6,87.8,1762.0,96.8,45.5,59.0
2024-10-18 20:00:00,25.5,67,18.9,0.0,8.3,30,14.0,986.7,158.8,99.7,2169.0,108.9,56.6,33.0
2024-10-18 21:00:00,24.0,75,19.2,0.0,6.9,47,13.0,986.8,175.1,110.6,2517.0,116.5,66.8,17.0
2024-10-18 22:00:00,22.8,82,19.5,0.0,8.2,67,10.1,987.0,190.9,121.5,2832.0,121.6,76.2,7.0
2024-10-18 23:00:00,22.1,85,19.4,0.0,6.6,112,9.4,986.8,200.7,128.5,3034.0,123.8,80.7,0.0
2024-10-19 00:00:00,21.6,87,19.3,0.0,6.0,151,7.9,986.8,197.9,127.1,3074.0,122.1,76.9,0.0
2024-10-19 01:00:00,21.3,88,19.2,0.0,6.4,170,7.9,986.8,189.1,121.1,3001.0,117.5,68.1,0.0
2024-10-19 02:00:00,21.0,89,19.1,0.0,7.1,171,9.4,986.5,178.8,112.5,2885.0,112.6,60.7,0.0
2024-10-19 03:00:00,21.0,89,19.0,0.0,6.1,180,9.0,986.7,168.6,103.6,2719.0,107.1,56.9,0.0
2024-10-19 04:00:00,20.4,91,18.9,0.0,8.0,175,9.7,986.9,160.7,97.6,2509.0,101.3,54.5,0.0
2024-10-19 05:00:00,20.1,92,18.9,0.0,8.3,160,9.7,987.1,148.1,94.3,1262.0,51.0,32.7,36.0
2024-10-19 06:00:00,20.5,93,19.2,0.0,6.9,135,8.3,988.0,154.1,98.5,1399.0,56.5,33.8,41.0
2024-10-19 07:00:00,22.5,84,19.7,0.0,5.4,140,9.4,988.6,165.3,106.2,1576.0,63.5,35.7,50.0
2024-10-19 08:00:00,25.0,76,20.5,0.0,3.2,164,10.1,989.6,168.1,108.3,1622.0,64.2,39.5,78.0
2024-10-19 09:00:00,27.7,67,21.0,0.0,2.7,132,11.5,990.0,159.7,102.4,1416.0,52.8,47.9,142.0
2024-10-19 10:00:00,29.8,59,20.9,0.0,5.4,64,15.5,989.8,129.5,82.4,1078.0,35.2,58.1,225.0
2024-10-19 11:00:00,31.0,53,20.5,0.0,4.8,75,16.6,989.1,109.4,69.2,802.0,21.1,63.0,285.0
2024-10-19 12:00:00,31.9,49,19.8,0.0,2.9,97,15.5,988.0,93.1,58.0,642.0,12.6,57.7,307.0
2024-10-19 13:00:00,32.5,44,18.9,0.0,0.4,117,13.0,986.9,81.0,49.2,544.0,7.7,47.0,307.0
2024-10-19 14:00:00,33.0,42,18.1,0.0,2.1,308,9.7,986.2,74.5,44.4,535.0,10.3,38.3,290.0
2024-10-19 15:00:00,33.1,39,17.3,0.0,3.9,344,10.1,985.7,72.2,42.0,670.0,26.1,34.2,251.0
2024-10-19 16:00:00,31.9,50,20.4,0.0,4.5,16,10.1,985.3,80.6,48.7,895.0,49.3,32.0,195.0
2024-10-19 17:00:00,28.5,65,21.1,0.0,7.0,18,8.6,985.1,141.1,84.8,1148.0,68.1,38.9,161.0
2024-10-19 18:00:00,27.2,67,20.6,0.0,8.7,14,10.8,985.3,159.7,95.7,1287.0,75.8,42.4,131.0
2024-10-19 19:00:00,26.9,66,19.9,0.0,7.9,12,11.2,986.0,174.2,104.3,1480.0,86.4,47.3,90.0
2024-10-19 20:00:00,26.0,70,20.0,0.0,8.8,26,14.8,986.5,186.3,110.4,1640.0,93.4,51.4,58.0
2024-10-19 21:00:00,24.4,78,20.3,0.0,6.7,46,13.7,986.9,201.2,115.7,1736.0,93.7,54.2,46.0
2024-10-19 22:00:00,25.1,74,20.2,0.0,5.1,84,10.4,987.4,213.3,119.2,1797.0,90.5,56.3,43.0
2024-10-19 23:00:00,23.7,82,20.4,0.0,5.5,73,6.5,987.4,221.7,119.7,1826.0,86.9,56.9,41.0
2024-10-20 00:00:00,23.8,81,20.4,0.0,3.1,149,6.1,987.4,226.3,118.7,1821.0,84.0,55.6,36.0
2024-10-20 01:00:00,23.1,85,20.4,0.0,2.2,66,3.6,987.3,230.0,117.8,1783.0,80.7,52.8,32.0
2024-10-20 02:00:00,21.5,92,20.1,0.0,5.2,124,5.0,987.2,232.4,116.4,1716.0,76.4,49.0,28.0
2024-10-20 03:00:00,20.9,94,19.9,0.0,6.1,118,7.9,987.2,228.6,113.2,1597.0,70.2,43.6,22.0
2024-10-20 04:00:00,20.6,95,19.9,0.0,4.0,51,6.8,987.4,217.0,106.9,1448.0,63.1,37.3,16.0
2024-10-20 05:00:00,20.5,95,19.8,0.0,5.5,52,8.6,987.9,205.4,101.3,1131.0,54.6,34.6,21.0
2024-10-20 06:00:00,21.0,94,20.0,0.0,6.0,81,11.2,988.8,201.2,104.5,1245.0,56.7,33.3,27.0
2024-10-20 07:00:00,22.8,87,20.4,0.0,7.8,82,13.0,989.6,193.2,106.6,1390.0,58.9,31.9,38.0
2024-10-20 08:00:00,25.5,78,21.3,0.0,6.1,85,14.0,990.2,183.0,105.0,1418.0,56.5,33.5,64.0
2024-10-20 09:00:00,28.2,68,21.9,0.0,7.6,95,17.3,991.1,182.1,102.0,1215.0,44.9,41.5,117.0
2024-10-20 10:00:00,30.3,58,21.0,0.0,10.1,95,22.0,991.1,173.2,93.4,895.0,28.6,52.6,185.0
2024-10-20 11:00:00,31.5,50,19.8,0.0,9.7,93,22.3,990.3,160.2,82.9,649.0,16.3,59.9,237.0
2024-10-20 12:00:00,32.2,45,18.8,0.0,7.7,99,22.0,989.3,144.8,74.7,529.0,9.1,59.7,264.0
2024-10-20 13:00:00,32.7,41,17.9,0.0,5.4,116,19.1,988.4,136.0,71.0,483.0,6.0,55.7,276.0
2024-10-20 14:00:00,32.8,39,17.0,0.0,3.3,158,15.5,987.9,131.3,69.6,543.0,12.5,52.8,271.0
2024-10-20 15:00:00,32.6,38,16.5,0.0,2.5,210,11.2,987.3,129.5,68.9,750.0,35.2,52.2,245.0
2024-10-20 16:00:00,32.0,43,18.0,0.0,0.8,117,7.9,987.3,131.8,71.5,1063.0,67.6,52.6,202.0
2024-10-20 17:00:00,31.7,39,16.1,0.0,1.6,96,4.0,987.3,164.4,96.9,1202.0,76.6,41.9,140.0
2024-10-20 18:00:00,26.5,68,20.1,0.0,6.2,30,9.4,987.6,181.1,109.7,1304.0,79.8,43.1,114.0
2024-10-20 19:00:00,25.8,70,20.0,0.0,7.4,39,11.5,988.2,182.1,112.5,1444.0,84.1,44.8,78.0
2024-10-20 20:00:00,24.9,74,19.9,0.0,6.8,50,11.9,988.6,180.2,112.0,1545.0,86.0,45.6,49.0
2024-10-20 21:00:00,24.0,77,19.8,0.0,6.2,57,10.4,989.1,180.7,112.7,1572.0,83.5,45.2,36.0
2024-10-20 22:00:00,23.2,81,19.8,0.0,6.0,44,9.7,989.3,183.5,114.3,1560.0,78.7,44.0,32.0
2024-10-20 23:00:00,22.8,82,19.6,0.0,6.5,39,10.4,989.3,185.8,115.0,1531.0,74.2,42.1,28.0
2024-10-21 00:00:00,21.7,87,19.5,0.0,6.7,46,10.1,989.0,185.3,114.1,1488.0,71.6,39.3,22.0
2024-10-21 01:00:00,21.1,89,19.3,0.0,7.2,39,9.0,989.0,183.0,112.2,1429.0,69.4,35.8,18.0
2024-10-21 02:00:00,20.9,89,19.1,0.0,5.9,55,8.6,988.9,180.2,110.1,1364.0,65.7,32.6,16.0
2024-10-21 03:00:00,20.9,89,18.9,0.0,5.7,58,8.6,988.9,175.1,106.9,1277.0,58.3,29.5,17.0
2024-10-21 04:00:00,20.8,87,18.5,0.0,6.6,57,10.4,988.9,167.2,102.0,1186.0,49.3,26.6,20.0
2024-10-21 05:00:00,20.5,87,18.1,0.0,5.8,68,10.4,988.9,146.2,89.6,997.0,36.9,23.1,29.0
2024-10-21 06:00:00,20.0,93,18.8,0.0,4.3,66,8.6,989.7,147.1,91.0,1089.0,40.7,24.1,35.0
2024-10-21 07:00:00,21.8,85,19.2,0.0,7.1,84,12.2,990.6,151.8,93.8,1206.0,45.5,25.9,45.0
2024-10-21 08:00:00,24.6,76,20.0,0.0,6.8,92,15.1,991.2,152.7,94.3,1230.0,46.0,29.5,68.0
2024-10-21 09:00:00,27.5,66,20.5,0.0,7.2,93,16.9,991.4,152.7,92.9,1070.0,38.1,37.2,115.0
2024-10-21 10:00:00,29.4,58,20.2,0.0,6.0,100,18.0,991.2,150.9,88.7,816.0,25.8,46.8,175.0
2024-10-21 11:00:00,30.3,54,20.0,0.0,3.1,100,16.6,990.4,145.3,82.0,620.0,16.2,52.9,223.0
2024-10-21 12:00:00,31.0,51,19.6,0.0,1.1,72,13.3,989.6,141.6,77.8,522.0,9.5,52.5,252.0
2024-10-21 13:00:00,31.5,48,19.0,0.0,2.4,9,17.3,988.8,136.4,74.7,482.0,5.4,48.6,268.0
2024-10-21 14:00:00,31.6,46,18.6,0.0,3.8,11,17.3,987.8,126.2,69.2,536.0,10.5,45.4,265.0
2024-10-21 15:00:00,31.4,45,18.1,0.0,5.6,17,13.3,987.4,120.1,65.7,724.0,31.6,43.7,234.0
2024-10-21 16:00:00,30.5,51,19.2,0.0,5.2,22,13.3,987.4,124.3,70.1,1005.0,61.9,42.8,184.0
2024-10-21 17:00:00,27.5,67,20.8,0.0,8.0,8,9.0,987.3,160.2,95.0,1204.0,79.5,40.7,138.0
2024-10-21 18:00:00,26.8,67,20.1,0.0,5.6,17,8.3,987.5,186.7,113.2,1441.0,89.1,45.1,110.0
2024-10-21 19:00:00,24.7,77,20.5,0.0,7.2,6,9.0,988.3,206.3,126.7,1765.0,101.9,51.2,72.0
2024-10-21 20:00:00,24.1,80,20.5,0.0,5.8,5,9.0,988.9,207.2,127.6,1983.0,109.1,55.1,43.0
2024-10-21 21:00:00,23.3,84,20.4,0.0,6.0,9,9.0,989.4,204.4,125.7,1997.0,105.3,54.9,31.0
2024-10-21 22:00:00,22.8,85,20.1,0.0,5.5,17,8.6,989.4,205.4,126.2,1906.0,95.8,52.7,28.0
2024-10-21 23:00:00,22.0,88,19.9,0.0,6.4,32,9.0,989.3,207.2,126.7,1815.0,87.3,50.2,26.0
2024-10-22 00:00:00,21.3,91,19.7,0.0,7.4,34,9.0,989.3,206.8,125.7,1759.0,82.3,48.2,23.0
2024-10-22 01:00:00,21.0,90,19.4,0.0,6.7,38,9.4,989.0,204.9,123.9,1703.0,78.3,46.0,22.0
2024-10-22 02:00:00,20.2,93,19.1,0.0,6.9,53,8.6,988.7,202.6,122.0,1651.0,74.4,43.9,20.0
2024-10-22 03:00:00,20.1,93,19.0,0.0,5.8,64,8.6,988.9,199.8,119.7,1589.0,69.6,41.6,15.0
2024-10-22 04:00:00,20.0,92,18.8,0.0,6.1,71,9.4,989.2,195.6,116.6,1531.0,65.0,39.4,10.0
2024-10-22 05:00:00,19.7,92,18.4,0.0,6.3,75,9.4,989.7,143.9,88.0,990.0,35.7,26.9,34.0
2024-10-22 06:00:00,19.6,94,18.6,0.0,7.0,116,8.3,990.7,149.5,92.2,1177.0,43.4,28.1,35.0
2024-10-22 07:00:00,21.4,87,19.1,0.0,3.5,51,7.9,991.8,162.1,101.5,1422.0,53.5,30.0,38.0
2024-10-22 08:00:00,23.9,79,20.0,0.0,4.4,27,11.9,992.5,160.7,100.8,1515.0,56.9,33.9,58.0
2024-10-22 09:00:00,26.6,69,20.5,0.0,5.3,33,14.8,993.2,160.2,98.5,1307.0,47.4,42.4,111.0
2024-10-22 10:00:00,28.6,58,19.6,0.0,6.0,17,16.6,992.9,158.3,94.3,948.0,31.4,52.9,182.0
2024-10-22 11:00:00,29.8,52,18.9,0.0,6.9,9,18.4,992.2,148.5,83.1,671.0,18.6,58.3,234.0
2024-10-22 12:00:00,30.5,49,18.5,0.0,6.8,360,18.7,991.2,133.6,75.2,561.0,11.2,54.0,256.0
2024-10-22 13:00:00,30.9,47,18.1,0.0,7.3,351,18.4,990.0,126.2,71.9,533.0,7.1,44.7,259.0
2024-10-22 14:00:00,31.0,45,17.9,0.0,7.3,349,18.4,989.2,120.6,69.4,574.0,9.8,37.4,249.0
2024-10-22 15:00:00,30.9,47,18.1,0.0,6.9,343,17.3,988.7,117.3,67.8,699.0,23.8,34.7,220.0
2024-10-22 16:00:00,30.0,53,19.2,0.0,6.0,331,15.1,988.7,119.7,70.5,893.0,44.6,33.9,177.0
2024-10-22 17:00:00,27.0,64,19.8,0.0,7.1,308,10.1,988.7,168.1,102.4,1201.0,73.6,37.6,139.0
2024-10-22 18:00:00,25.5,72,20.0,0.0,6.1,336,9.7,988.8,188.1,115.9,1396.0,81.6,41.7,115.0
2024-10-22 19:00:00,24.7,75,19.9,0.0,6.8,343,10.8,989.6,201.2,125.7,1663.0,92.4,47.3,81.0
2024-10-22 20:00:00,23.5,80,19.8,0.0,6.4,349,10.4,989.7,205.8,129.0,1854.0,98.2,51.0,55.0
2024-10-22 21:00:00,22.7,83,19.7,0.0,7.5,8,9.7,989.7,210.0,131.8,1921.0,95.5,51.7,43.0
2024-10-22 22:00:00,22.0,86,19.5,0.0,8.1,17,10.1,989.5,212.3,132.7,1912.0,87.8,50.4,38.0
2024-10-22 23:00:00,21.3,89,19.4,0.0,7.4,26,9.7,989.3,208.6,129.5,1823.0,77.8,47.1,39.0
2024-10-23 00:00:00,20.8,90,19.1,0.0,6.8,27,9.0,989.2,195.1,120.1,1606.0,65.0,40.3,46.0
2024-10-23 01:00:00,20.4,91,18.9,0.0,6.4,18,7.9,988.9,176.5,107.3,1308.0,50.0,31.3,59.0
2024-10-23 02:00:00,20.1,92,18.7,0.0,6.1,336,7.6,988.9,163.0,97.6,1068.0,37.3,24.2,69.0
2024-10-23 03:00:00,19.5,94,18.5,0.0,6.4,313,8.3,989.2,153.2,90.1,927.0,27.7,20.4,74.0
2024-10-23 04:00:00,19.5,94,18.6,0.0,5.2,311,7.9,989.3,144.4,84.1,843.0,20.4,18.4,76.0
2024-10-23 05:00:00,19.4,95,18.5,0.0,5.9,313,8.6,989.5,134.6,80.3,837.0,18.5,19.1,72.0
2024-10-23 06:00:00,20.1,95,19.2,0.0,5.7,311,9.4,990.3,133.2,81.0,961.0,25.2,20.4,65.0
2024-10-23 07:00:00,21.6,87,19.5,0.0,8.7,318,13.7,990.9,135.5,84.5,1124.0,34.1,22.3,58.0
2024-10-23 08:00:00,24.2,77,20.0,0.0,7.1,317,15.1,991.7,130.9,82.9,1185.0,37.7,24.2,64.0
2024-10-23 09:00:00,27.0,68,20.5,0.0,9.5,309,19.8,992.2,122.9,78.5,1047.0,31.0,26.6,99.0
2024-10-23 10:00:00,29.1,58,20.0,0.0,12.6,314,24.8,991.8,115.3,73.1,806.0,19.1,29.1,147.0
2024-10-23 11:00:00,30.6,49,18.5,0.0,15.6,325,30.2,991.0,107.6,66.4,613.0,9.9,29.9,183.0
2024-10-23 12:00:00,31.5,43,17.4,0.0,16.5,327,31.7,989.9,102.4,60.3,515.0,5.6,27.4,195.0
2024-10-23 13:00:00,32.0,38,16.1,0.0,16.6,326,31.7,988.5,99.9,55.3,465.0,4.1,23.2,194.0
2024-10-23 14:00:00,32.1,36,15.1,0.0,16.6,326,31.3,987.9,100.6,51.7,468.0,6.9,20.1,184.0
2024-10-23 15:00:00,31.6,37,15.0,0.0,15.7,327,30.2,987.3,105.7,49.9,551.0,17.0,19.3,163.0
2024-10-23 16:00:00,30.5,43,16.3,0.0,11.0,322,27.0,987.4,113.4,54.6,686.0,31.3,19.5,133.0
2024-10-23 17:00:00,28.0,49,16.4,0.0,8.9,312,18.4,987.5,140.6,73.1,845.0,44.0,22.7,115.0
2024-10-23 18:00:00,27.2,60,18.7,0.0,10.2,315,16.6,987.9,158.3,79.9,912.0,47.4,24.1,99.0
2024-10-23 19:00:00,26.1,62,18.4,0.0,10.1,310,16.2,988.5,171.4,83.6,1000.0,51.8,25.8,76.0
2024-10-23 20:00:00,25.1,64,17.9,0.0,10.0,309,16.2,988.7,182.5,84.8,1044.0,52.6,26.2,61.0
2024-10-23 21:00:00,24.2,65,17.2,0.0,9.7,309,15.5,988.7,191.9,83.8,1006.0,46.8,24.1,59.0
2024-10-23 22:00:00,23.6,65,16.5,0.0,10.6,316,16.6,988.8,193.2,80.8,923.0,37.3,20.7,64.0
2024-10-23 23:00:00,23.0,64,15.9,0.0,10.3,317,16.9,988.6,185.3,79.2,840.0,28.7,17.7,68.0
2024-10-24 00:00:00,22.5,65,15.6,0.0,9.9,315,16.6,988.4,170.0,78.0,764.0,22.1,15.7,70.0
2024-10-24 01:00:00,21.9,66,15.4,0.0,9.8,314,15.8,988.0,155.5,77.3,688.0,16.3,14.2,71.0
2024-10-24 02:00:00,21.4,68,15.3,0.0,9.4,317,15.5,987.6,145.3,75.7,634.0,12.4,13.2,70.0
2024-10-24 03:00:00,20.8,71,15.4,0.0,9.0,317,14.8,987.6,140.6,74.3,602.0,10.9,12.8,66.0
2024-10-24 04:00:00,20.3,74,15.6,0.0,9.5,316,14.8,987.7,139.2,73.3,591.0,11.3,12.9,61.0
2024-10-24 05:00:00,20.0,76,15.7,0.0,10.6,312,16.6,987.8,148.1,71.7,600.0,10.1,13.9,78.0
2024-10-24 06:00:00,20.2,79,16.4,0.0,10.7,311,17.3,989.0,154.6,74.3,688.0,15.2,15.4,70.0
2024-10-24 07:00:00,21.4,77,17.1,0.0,12.9,311,19.8,989.6,160.2,78.0,804.0,22.0,17.5,61.0
2024-10-24 08:00:00,23.6,71,18.1,0.0,10.8,308,20.2,990.3,164.8,78.5,857.0,25.3,19.2,63.0
2024-10-24 09:00:00,25.8,65,18.8,0.0,12.6,312,24.8,990.6,161.1,76.1,792.0,21.8,20.2,87.0
2024-10-24 10:00:00,27.8,60,19.3,0.0,13.0,316,26.3,990.3,149.0,72.4,664.0,14.8,20.9,123.0
2024-10-24 11:00:00,29.5,55,19.5,0.0,12.3,323,26.3,989.6,131.8,64.5,550.0,9.4,21.1,151.0
2024-10-24 12:00:00,31.0,49,19.1,0.0,11.8,331,25.6,988.8,114.3,54.9,458.0,6.1,20.6,164.0
2024-10-24 13:00:00,31.9,45,18.4,0.0,11.1,337,24.8,987.6,103.1,47.7,379.0,4.5,19.7,169.0
2024-10-24 14:00:00,32.2,42,17.6,0.0,10.1,340,23.0,986.6,100.6,44.1,370.0,7.8,19.2,164.0
2024-10-24 15:00:00,32.0,43,17.9,0.0,10.3,335,20.5,986.3,107.3,44.2,481.0,20.4,19.6,144.0
2024-10-24 16:00:00,30.8,50,19.2,0.0,8.2,331,18.7,986.4,113.4,49.4,661.0,38.1,20.4,114.0
2024-10-24 17:00:00,28.0,57,18.8,0.0,7.8,326,13.7,986.3,147.1,57.7,718.0,41.5,19.1,98.0
2024-10-24 18:00:00,27.0,57,17.9,0.0,10.3,316,16.2,986.5,179.7,66.4,777.0,44.7,20.5,84.0
2024-10-24 19:00:00,25.6,62,17.9,0.0,8.4,307,16.2,986.8,209.1,72.9,855.0,48.7,22.3,65.0
2024-10-24 20:00:00,24.2,67,17.8,0.0,7.9,300,12.6,987.1,232.8,77.1,893.0,49.3,23.0,53.0
2024-10-24 21:00:00,23.5,66,16.8,0.0,8.9,304,13.7,987.6,239.3,79.2,856.0,43.6,21.6,54.0
2024-10-24 22:00:00,23.0,63,15.5,0.0,8.9,310,14.0,987.7,222.1,78.5,780.0,34.5,19.2,62.0
2024-10-24 23:00:00,22.1,64,14.9,0.0,8.2,306,13.7,987.6,190.9,74.0,711.0,26.6,17.0,69.0
2024-10-25 00:00:00,21.4,66,14.8,0.0,8.3,300,12.6,987.2,164.4,69.8,662.0,21.1,15.6,72.0
2024-10-25 01:00:00,20.8,69,14.9,0.0,8.1,295,12.6,986.9,148.1,67.1,620.0,16.7,14.5,74.0
2024-10-25 02:00:00,20.1,72,15.0,0.0,7.9,297,12.6,986.6,141.6,66.8,595.0,14.0,13.9,74.0
2024-10-25 03:00:00,19.5,76,15.1,0.0,7.6,301,11.9,986.6,137.8,66.4,582.0,13.3,13.7,70.0
2024-10-25 04:00:00,18.7,80,15.2,0.0,6.4,306,11.5,986.9,135.5,66.1,586.0,14.3,13.9,64.0
2024-10-25 05:00:00,17.9,86,15.4,0.0,8.0,318,9.4,987.2,125.7,64.7,589.0,13.1,14.1,71.0
2024-10-25 06:00:00,18.5,84,15.8,0.0,5.9,320,11.5,988.2,129.5,68.0,706.0,19.3,15.6,64.0
2024-10-25 07:00:00,20.1,79,16.5,0.0,7.6,301,11.5,988.9,133.2,71.9,863.0,27.5,17.9,57.0
2024-10-25 08:00:00,22.8,72,17.5,0.0,6.3,294,13.7,989.6,135.5,74.3,938.0,31.2,20.0,63.0
2024-10-25 09:00:00,25.5,65,18.4,0.0,8.3,303,18.4,990.0,136.9,74.7,856.0,25.9,22.2,97.0
2024-10-25 10:00:00,27.6,60,19.1,0.0,10.7,311,22.7,989.5,130.4,72.6,692.0,16.2,24.4,145.0
2024-10-25 11:00:00,29.4,55,19.3,0.0,12.6,316,25.9,988.7,115.5,63.1,558.0,8.7,25.4,180.0
2024-10-25 12:00:00,30.7,48,18.6,0.0,14.8,316,28.8,987.7,102.2,52.9,479.0,4.8,24.2,193.0
2024-10-25 13:00:00,31.5,44,17.7,0.0,16.8,318,31.7,986.6,95.7,46.8,430.0,3.3,21.9,193.0
2024-10-25 14:00:00,31.8,41,17.0,0.0,17.4,321,32.4,986.0,93.4,43.1,441.0,6.9,20.4,183.0
2024-10-25 15:00:00,31.4,42,17.0,0.0,16.5,323,31.7,985.8,96.6,42.0,533.0,19.3,20.0,160.0
2024-10-25 16:00:00,30.3,48,18.0,0.0,11.9,326,28.8,985.9,99.9,44.7,686.0,36.9,20.5,127.0
2024-10-25 17:00:00,27.6,56,18.1,0.0,7.7,327,20.2,986.0,115.3,38.6,701.0,38.5,18.7,113.0
2024-10-25 18:00:00,25.4,65,18.4,0.0,8.1,325,14.8,985.8,140.6,45.8,795.0,44.6,21.2,95.0
2024-10-25 19:00:00,23.9,72,18.5,0.0,9.7,317,11.5,986.3,155.5,49.5,923.0,52.9,24.7,69.0
2024-10-25 20:00:00,23.3,68,17.1,0.0,8.7,307,11.9,986.8,168.6,50.9,1011.0,58.1,27.1,50.0
2024-10-25 21:00:00,22.4,65,15.5,0.0,8.4,304,11.9,987.2,177.4,51.8,1022.0,57.6,27.6,44.0
2024-10-25 22:00:00,21.2,68,14.9,0.0,8.9,291,11.5,987.3,179.7,52.4,992.0,54.0,27.0,45.0
2024-10-25 23:00:00,20.9,69,14.9,0.0,7.4,274,11.2,987.3,179.3,52.2,953.0,50.2,25.9,45.0
2024-10-26 00:00:00,20.4,73,15.4,0.0,8.8,290,11.2,987.4,174.6,50.8,908.0,46.8,24.2,43.0
2024-10-26 01:00:00,20.5,72,15.3,0.0,5.9,342,9.7,987.4,168.6,51.2,853.0,43.2,22.1,41.0
2024-10-26 02:00:00,20.4,72,15.2,0.0,5.6,333,6.5,987.1,159.7,51.5,812.0,40.3,20.6,39.0
2024-10-26 03:00:00,19.8,76,15.3,0.0,6.0,316,6.8,986.8,149.5,50.2,779.0,37.9,20.0,36.0
2024-10-26 04:00:00,18.5,83,15.5,0.0,7.7,303,8.3,986.8,140.6,49.1,759.0,36.1,19.9,32.0
2024-10-26 05:00:00,18.0,86,15.6,0.0,8.1,305,9.4,987.2,89.6,44.5,1603.0,19.7,15.7,53.0
2024-10-26 06:00:00,18.2,88,16.2,0.0,7.0,316,9.0,988.4,97.8,49.9,1751.0,25.7,17.5,48.0
2024-10-26 07:00:00,20.0,82,16.8,0.0,7.8,320,11.9,988.9,106.4,57.4,1937.0,33.5,20.2,42.0
2024-10-26 08:00:00,22.6,74,17.7,0.0,6.1,341,13.7,989.4,105.7,56.8,1941.0,36.6,22.7,51.0
2024-10-26 09:00:00,24.8,66,18.0,0.0,7.6,1,18.0,989.8,107.8,56.3,1585.0,30.3,25.3,88.0
2024-10-26 10:00:00,26.8,59,18.1,0.0,7.6,1,19.1,989.6,104.1,56.5,1048.0,19.3,27.7,140.0
2024-10-26 11:00:00,28.5,53,18.0,0.0,8.1,356,20.2,988.9,94.3,51.8,645.0,10.8,28.9,179.0
2024-10-26 12:00:00,29.8,49,17.8,0.0,9.2,348,21.2,987.7,85.4,46.8,474.0,5.8,27.6,196.0
2024-10-26 13:00:00,30.5,46,17.6,0.0,9.8,343,22.0,986.9,78.7,42.7,438.0,3.3,25.0,200.0
2024-10-26 14:00:00,31.0,44,17.2,0.0,10.3,341,22.0,986.0,75.0,40.2,563.0,7.5,23.6,193.0
2024-10-26 15:00:00,30.8,44,17.2,0.0,10.0,342,21.2,985.6,72.9,38.8,938.0,23.0,23.6,169.0
2024-10-26 16:00:00,29.6,52,18.7,0.0,5.8,351,19.1,985.6,76.6,41.9,1475.0,45.1,24.8,134.0
2024-10-26 17:00:00,26.7,64,19.5,0.0,7.8,5,9.7,985.8,99.7,56.3,1936.0,51.8,26.5,118.0
2024-10-26 18:00:00,25.4,67,18.8,0.0,7.0,350,10.8,986.1,118.7,68.0,2280.0,60.7,31.7,98.0
2024-10-26 19:00:00,24.6,70,18.7,0.0,7.3,343,11.2,986.6,132.2,76.4,2549.0,72.9,39.1,70.0
2024-10-26 20:00:00,23.5,74,18.6,0.0,6.5,354,11.2,986.9,143.9,83.6,2622.0,82.2,45.8,47.0
2024-10-26 21:00:00,22.2,80,18.6,0.0,8.1,17,10.1,987.1,155.5,90.6,2374.0,86.4,52.0,35.0
2024-10-26 22:00:00,21.5,84,18.6,0.0,7.5,50,10.1,987.2,165.3,96.9,1931.0,87.7,57.4,28.0
2024-10-26 23:00:00,21.1,87,18.9,0.0,6.5,60,9.7,987.1,170.0,99.7,1556.0,86.0,58.8,25.0
2024-10-27 00:00:00,21.0,91,19.4,0.0,5.8,51,9.0,986.7,166.7,97.8,1346.0,80.6,53.0,26.0
2024-10-27 01:00:00,20.9,93,19.6,0.0,5.7,58,9.0,986.4,153.2,89.6,1204.0,72.2,43.0,31.0
2024-10-27 02:00:00,20.5,95,19.6,0.0,5.8,85,9.0,986.0,137.8,81.0,1098.0,63.1,34.8,36.0
2024-10-27 03:00:00,20.0,96,19.4,0.0,7.4,112,9.0,985.8,127.6,75.7,1016.0,52.1,30.3,40.0
2024-10-27 04:00:00,19.6,98,19.2,0.0,7.2,117,9.4,985.9,122.5,73.6,971.0,40.3,27.4,44.0
2024-10-27 05:00:00,19.5,98,19.1,0.0,7.4,112,9.0,986.5,105.5,66.1,967.0,19.3,21.9,55.0
2024-10-27 06:00:00,20.3,97,19.8,0.0,5.2,86,8.3,987.8,106.9,67.8,1059.0,24.3,22.8,50.0
2024-10-27 07:00:00,21.7,93,20.5,0.0,7.5,100,12.2,988.5,111.8,71.2,1192.0,31.0,24.3,45.0
2024-10-27 08:00:00,23.8,86,21.2,0.0,6.2,111,13.7,989.1,114.8,72.2,1211.0,34.0,27.1,58.0
2024-10-27 09:00:00,26.5,75,21.5,0.0,6.9,113,16.9,989.7,122.5,74.3,998.0,30.0,32.5,105.0
2024-10-27 10:00:00,28.5,64,21.0,0.0,7.2,118,18.0,989.4,134.1,77.3,670.0,22.3,39.2,169.0
2024-10-27 11:00:00,29.5,57,20.0,0.0,7.3,113,19.4,988.7,132.2,71.2,428.0,16.0,43.8,220.0
2024-10-27 12:00:00,30.2,53,19.6,0.0,6.3,110,19.1,987.3,123.4,63.3,307.0,10.2,44.2,249.0
2024-10-27 13:00:00,30.6,51,19.5,0.0,5.1,108,17.6,986.3,117.1,59.6,270.0,5.8,42.5,265.0
2024-10-27 14:00:00,30.8,50,19.3,0.0,3.9,118,15.8,985.5,114.6,58.6,409.0,10.6,41.6,264.0
2024-10-27 15:00:00,30.7,51,19.2,0.0,2.5,120,13.0,985.1,113.6,58.2,848.0,30.9,41.9,238.0
2024-10-27 16:00:00,30.1,53,19.5,0.0,2.1,121,9.4,985.1,115.3,59.6,1462.0,60.3,43.0,194.0
2024-10-27 17:00:00,27.4,67,20.8,0.0,5.5,136,6.1,985.0,183.0,99.9,1967.0,91.0,44.6,151.0
2024-10-27 18:00:00,26.5,70,20.5,0.0,4.6,108,5.8,985.4,214.2,121.5,2265.0,106.4,52.8,119.0
2024-10-27 19:00:00,26.6,67,20.0,0.0,2.9,79,5.4,985.8,238.4,138.8,2455.0,127.3,64.2,75.0
2024-10-27 20:00:00,24.6,77,20.3,0.0,4.7,58,5.4,985.8,249.6,146.2,2547.0,140.6,72.9,40.0
2024-10-27 21:00:00,23.5,82,20.2,0.0,6.5,92,7.2,985.8,257.0,151.3,2523.0,140.3,77.3,24.0
2024-10-27 22:00:00,22.8,85,20.1,0.0,6.8,127,8.3,985.9,261.7,154.1,2401.0,132.5,79.0,19.0
2024-10-27 23:00:00,22.2,88,20.2,0.0,7.5,147,8.6,985.7,260.8,152.7,2250.0,122.4,76.9,16.0
2024-10-28 00:00:00,22.1,89,20.1,0.0,6.5,172,8.3,985.1,254.3,147.6,2070.0,110.4,69.1,16.0
2024-10-28 01:00:00,21.8,90,20.0,0.0,5.8,124,7.2,984.6,242.1,139.2,1861.0,96.0,57.5,19.0
2024-10-28 02:00:00,20.8,94,19.8,0.0,5.6,88,7.2,984.3,223.1,128.1,1691.0,83.2,47.3,22.0
2024-10-28 03:00:00,20.4,95,19.5,0.0,5.8,95,7.2,984.2,204.4,117.6,1580.0,72.9,39.9,24.0
2024-10-28 04:00:00,20.0,96,19.3,0.0,7.3,138,8.3,984.3,188.6,109.2,1507.0,64.2,33.8,26.0
2024-10-28 05:00:00,19.9,97,19.3,0.0,6.8,155,8.6,984.7,194.6,109.7,1481.0,64.9,34.2,16.0
2024-10-28 06:00:00,20.6,96,20.0,0.0,5.0,154,9.0,985.7,191.9,110.1,1569.0,65.9,34.9,23.0
2024-10-28 07:00:00,22.1,90,20.4,0.0,7.5,156,12.2,986.6,201.2,117.3,1704.0,66.6,36.0,34.0
2024-10-28 08:00:00,24.6,80,21.0,0.0,6.0,153,13.3,987.4,194.2,114.3,1688.0,62.4,37.2,59.0
2024-10-28 09:00:00,27.1,69,20.9,0.0,7.8,158,18.0,988.2,177.4,102.0,1367.0,48.5,38.9,110.0
2024-10-28 10:00:00,28.9,59,20.1,0.0,9.4,162,21.2,987.9,156.5,87.1,896.0,29.5,40.8,175.0
2024-10-28 11:00:00,29.9,54,19.5,0.0,10.0,152,22.7,987.0,133.6,67.3,544.0,15.3,41.4,225.0
2024-10-28 12:00:00,30.5,51,19.3,0.0,9.3,148,22.7,985.8,126.7,61.5,394.0,7.7,39.5,253.0
2024-10-28 13:00:00,31.0,49,19.0,0.0,8.4,155,21.6,984.8,124.8,60.3,362.0,4.7,36.3,266.0
2024-10-28 14:00:00,31.2,48,18.8,0.0,8.0,160,20.2,984.2,124.3,59.8,471.0,10.1,34.6,262.0
2024-10-28 15:00:00,31.0,47,18.5,0.0,7.5,160,18.4,983.9,124.3,59.3,806.0,30.1,35.6,233.0
2024-10-28 16:00:00,30.4,51,19.1,0.0,6.8,162,15.8,984.0,125.3,61.2,1282.0,58.4,38.1,187.0
2024-10-28 17:00:00,27.5,62,19.7,0.0,6.7,153,11.2,984.1,159.3,88.7,1661.0,74.4,35.8,123.0
2024-10-28 18:00:00,26.1,70,20.3,0.0,7.5,172,9.7,984.9,178.3,102.0,1853.0,81.4,39.5,97.0
2024-10-28 19:00:00,25.0,75,20.3,0.0,9.5,171,10.8,985.3,181.6,106.9,1948.0,90.9,44.4,62.0
2024-10-28 20:00:00,24.2,78,20.2,0.0,9.4,151,10.8,985.7,180.2,107.3,1979.0,96.2,47.5,35.0
2024-10-28 21:00:00,23.6,82,20.3,0.0,8.8,145,10.4,986.1,178.8,107.6,1954.0,94.6,47.5,24.0
2024-10-28 22:00:00,23.0,84,20.2,0.0,7.3,120,10.1,986.0,178.3,108.3,1865.0,88.8,45.6,21.0
2024-10-28 23:00:00,22.6,86,20.2,0.0,6.1,109,9.0,985.7,175.6,106.9,1727.0,80.9,42.4,22.0
2024-10-29 00:00:00,21.9,90,20.2,0.0,6.0,115,9.0,985.2,166.7,102.0,1499.0,69.9,37.0,26.0
2024-10-29 01:00:00,21.3,93,20.1,0.0,5.6,111,8.6,984.9,156.9,96.2,1221.0,56.6,30.2,34.0
2024-10-29 02:00:00,20.6,95,19.8,0.0,7.3,126,9.0,984.7,149.9,91.7,1027.0,46.0,25.1,39.0
2024-10-29 03:00:00,20.7,95,19.9,0.0,5.7,148,8.3,984.6,147.1,89.9,953.0,39.2,22.9,37.0
2024-10-29 04:00:00,21.0,95,20.1,0.0,4.4,187,6.5,985.1,146.7,89.2,963.0,35.0,22.5,33.0
2024-10-29 05:00:00,20.9,95,20.0,0.0,4.3,185,5.0,985.5,156.9,95.2,1082.0,44.1,26.8,28.0
2024-10-29 06:00:00,20.2,98,19.9,0.0,4.8,79,5.0,986.2,160.2,97.6,1453.0,47.1,28.0,34.0
2024-10-29 07:00:00,22.0,93,20.9,0.0,5.0,88,9.4,986.9,165.8,101.7,1934.0,50.8,29.7,45.0
2024-10-29 08:00:00,24.9,82,21.6,0.0,2.3,157,9.4,987.9,166.2,103.1,2122.0,50.1,32.2,66.0
2024-10-29 09:00:00,27.3,70,21.5,0.0,4.1,151,13.0,988.7,159.3,98.3,1727.0,40.9,36.5,107.0
2024-10-29 10:00:00,29.3,61,20.9,0.0,6.5,148,17.3,988.4,118.3,72.6,1039.0,27.3,41.6,159.0
2024-10-29 11:00:00,30.5,55,20.4,0.0,6.7,153,18.4,987.5,99.9,57.2,527.0,16.8,44.3,201.0
2024-10-29 12:00:00,31.4,51,20.0,0.0,5.4,160,18.0,986.6,94.8,50.9,351.0,9.5,42.6,229.0
2024-10-29 13:00:00,32.0,49,20.0,0.0,4.6,171,16.2,985.6,91.7,47.8,350.0,5.2,38.5,247.0
2024-10-29 14:00:00,32.4,47,19.8,0.0,5.1,186,14.8,984.9,88.5,45.3,510.0,10.9,35.7,246.0
2024-10-29 15:00:00,32.5,46,19.5,0.0,5.5,189,14.4,984.3,84.8,43.2,924.0,34.3,34.5,214.0
2024-10-29 16:00:00,31.7,52,20.7,0.0,4.4,171,12.2,984.3,87.5,46.3,1498.0,67.6,34.5,164.0
2024-10-29 17:00:00,28.6,64,21.0,0.0,6.6,151,8.3,984.2,150.9,88.0,1934.0,92.9,46.4,131.0
2024-10-29 18:00:00,27.5,65,20.5,0.0,6.5,120,13.0,984.9,182.1,109.4,2094.0,102.3,54.5,105.0
2024-10-29 19:00:00,26.0,72,20.6,0.0,6.3,108,10.1,985.2,201.2,122.5,2116.0,115.0,65.7,70.0
2024-10-29 20:00:00,25.2,76,20.6,0.0,6.2,100,9.7,985.6,213.3,130.4,2112.0,121.9,73.5,41.0
2024-10-29 21:00:00,24.4,79,20.6,0.0,6.1,93,10.1,985.8,219.8,134.6,2127.0,118.2,75.4,26.0
2024-10-29 22:00:00,23.6,82,20.4,0.0,5.7,103,9.7,985.8,222.6,136.9,2116.0,108.8,74.0,19.0
2024-10-29 23:00:00,23.0,85,20.4,0.0,5.8,171,8.6,985.9,218.9,134.6,2057.0,99.4,70.5,14.0
2024-10-30 00:00:00,22.2,89,20.4,0.0,7.7,150,9.4,985.4,207.7,127.6,1927.0,91.3,64.2,13.0
2024-10-30 01:00:00,22.2,88,20.2,0.0,5.0,116,9.0,984.8,194.2,118.5,1749.0,83.2,55.9,15.0
2024-10-30 02:00:00,21.9,90,20.2,0.0,5.5,139,8.3,984.5,182.5,111.1,1571.0,76.8,49.1,16.0
2024-10-30 03:00:00,21.3,93,20.1,0.0,6.9,129,8.3,984.6,175.6,106.4,1364.0,72.9,45.1,13.0
2024-10-30 04:00:00,21.1,93,20.0,0.0,6.5,141,9.0,984.8,171.4,103.4,1158.0,70.7,42.6,8.0
2024-10-30 05:00:00,20.9,95,20.0,0.0,5.7,148,8.3,985.4,143.4,87.3,1085.0,68.2,36.2,5.0
2024-10-30 06:00:00,21.1,95,20.2,0.0,6.2,142,8.3,985.9,144.8,90.1,1284.0,71.1,36.9,12.0
2024-10-30 07:00:00,22.4,90,20.8,0.0,6.0,151,9.7,986.7,156.0,99.2,1616.0,74.5,38.0,25.0
2024-10-30 08:00:00,24.9,81,21.4,0.0,4.0,180,11.2,987.5,150.4,95.7,1801.0,72.4,40.0,54.0
2024-10-30 09:00:00,27.5,67,20.8,0.0,3.0,213,11.5,988.2,130.9,81.7,1698.0,59.7,44.4,115.0
2024-10-30 10:00:00,29.7,56,20.0,0.0,1.8,259,11.5,988.3,120.1,75.4,1446.0,41.4,49.8,192.0
2024-10-30 11:00:00,31.3,52,20.4,0.0,3.0,17,12.6,987.7,112.2,70.1,1185.0,26.6,52.0,249.0
2024-10-30 12:00:00,32.5,51,21.0,0.0,5.7,28,16.6,986.8,103.4,61.0,887.0,16.9,48.4,273.0
2024-10-30 13:00:00,33.5,45,19.8,0.0,7.0,4,17.6,986.1,97.3,52.2,578.0,10.7,41.6,276.0
2024-10-30 14:00:00,34.0,38,17.7,0.0,9.2,339,19.4,985.5,92.4,46.2,478.0,12.4,35.9,262.0
2024-10-30 15:00:00,33.5,39,17.7,0.0,11.2,336,20.5,985.2,88.5,43.4,764.0,27.6,32.2,222.0
2024-10-30 16:00:00,32.1,45,18.6,0.0,8.2,338,20.5,985.3,93.1,50.5,1259.0,50.6,29.6,165.0
2024-10-30 17:00:00,28.9,54,18.6,0.0,7.4,337,13.7,985.6,129.5,73.6,1643.0,70.9,33.3,121.0
2024-10-30 18:00:00,28.0,62,20.0,0.0,7.2,356,10.8,986.6,151.3,86.6,1765.0,77.5,37.9,99.0
2024-10-30 19:00:00,27.1,66,20.1,0.0,7.9,3,12.6,987.2,164.8,94.1,1776.0,86.3,44.1,69.0
2024-10-30 20:00:00,25.7,73,20.4,0.0,6.4,8,12.2,987.6,174.2,97.6,1815.0,90.6,48.8,46.0
2024-10-30 21:00:00,24.5,79,20.7,0.0,8.3,358,10.1,988.0,182.5,99.9,1989.0,86.9,51.1,38.0
2024-10-30 22:00:00,24.0,81,20.5,0.0,7.6,333,9.4,988.2,188.1,100.8,2190.0,78.7,51.8,38.0
2024-10-30 23:00:00,23.6,81,20.2,0.0,6.5,314,8.6,988.1,188.1,98.7,2234.0,70.2,49.9,38.0
2024-10-31 00:00:00,22.5,86,20.1,0.0,7.3,316,7.9,987.5,183.5,94.5,1980.0,62.4,43.9,38.0
2024-10-31 01:00:00,21.4,91,19.8,0.0,8.8,332,10.1,987.2,175.1,89.4,1570.0,54.4,35.4,38.0
2024-10-31 02:00:00,20.6,92,19.4,0.0,8.4,318,10.1,987.0,162.5,83.4,1244.0,47.5,28.2,39.0
2024-10-31 03:00:00,20.0,93,18.9,0.0,8.1,307,9.7,986.7,149.5,77.8,1054.0,42.0,23.4,39.0
2024-10-31 04:00:00,20.0,93,18.8,0.0,5.9,288,9.4,986.8,141.6,74.3,948.0,37.6,19.8,38.0
2024-10-31 05:00:00,20.3,91,18.8,0.0,8.2,280,13.0,987.4,128.1,66.6,1009.0,20.5,16.6,54.0
2024-10-31 06:00:00,20.3,89,18.5,0.0,7.6,289,13.7,988.6,131.8,69.8,1426.0,26.2,17.9,48.0
2024-10-31 07:00:00,21.7,82,18.5,0.0,9.5,292,13.7,989.1,137.4,74.5,2010.0,33.6,19.8,41.0
2024-10-31 08:00:00,24.2,74,19.2,0.0,7.2,288,15.1,990.0,139.7,76.8,2284.0,36.4,21.1,49.0
2024-10-31 09:00:00,27.0,63,19.4,0.0,9.3,289,19.4,990.6,143.0,75.9,1940.0,29.9,21.6,85.0
2024-10-31 10:00:00,29.5,53,19.0,0.0,12.0,294,24.1,990.5,141.1,73.1,1286.0,18.8,21.6,135.0
2024-10-31 11:00:00,31.3,44,17.5,0.0,15.6,303,29.9,989.6,136.0,67.5,765.0,10.2,21.3,172.0
2024-10-31 12:00:00,32.2,39,16.6,0.0,17.2,307,32.4,988.7,131.3,62.2,524.0,5.9,20.5,184.0
2024-10-31 13:00:00,32.7,38,16.5,0.0,17.5,307,33.1,987.9,127.6,58.3,416.0,4.2,19.4,181.0
2024-10-31 14:00:00,32.8,36,15.9,0.0,17.4,305,32.8,987.0,128.5,56.3,448.0,6.8,18.8,171.0
2024-10-31 15:00:00,32.4,35,15.2,0.0,16.3,305,31.7,986.7,132.7,56.0,659.0,17.0,19.1,150.0
2024-10-31 16:00:00,31.2,40,15.9,0.0,11.5,309,28.1,986.6,131.8,58.7,1008.0,31.6,19.9,121.0
2024-10-31 17:00:00,28.2,48,16.1,0.0,7.7,319,19.4,986.4,154.6,74.7,1385.0,44.9,21.3,101.0
2024-10-31 18:00:00,26.9,58,17.9,0.0,7.4,337,13.0,987.3,163.4,77.5,1863.0,45.3,22.5,91.0
2024-10-31 19:00:00,25.9,61,17.7,0.0,7.2,321,10.8,987.5,165.8,77.3,2368.0,45.6,24.1,77.0
2024-10-31 20:00:00,24.6,66,17.8,0.0,7.2,282,10.8,987.8,166.7,76.1,2562.0,44.6,24.7,66.0
2024-10-31 21:00:00,23.6,70,17.9,0.0,7.4,284,11.2,987.8,164.8,75.2,2185.0,41.6,23.7,62.0
2024-10-31 22:00:00,23.2,68,17.0,0.0,8.9,295,13.3,987.7,159.7,73.6,1497.0,37.2,21.7,61.0
2024-10-31 23:00:00,23.0,60,14.6,0.0,10.7,303,16.9,987.7,149.0,70.3,944.0,32.3,19.7,61.0
2024-11-01 00:00:00,22.1,56,13.0,0.0,10.1,305,17.3,987.4,136.0,66.4,706.0,26.3,17.8,62.0
2024-11-01 01:00:00,21.3,58,12.6,0.0,9.4,301,15.8,986.9,122.5,62.6,603.0,19.7,15.9,65.0
2024-11-01 02:00:00,20.7,61,12.9,0.0,9.4,296,14.8,986.8,112.0,59.0,545.0,15.0,14.6,66.0
2024-11-01 03:00:00,20.2,65,13.4,0.0,9.4,294,14.8,986.6,104.5,56.1,479.0,12.9,14.3,65.0
2024-11-01 04:00:00,19.6,70,14.0,0.0,9.3,288,14.8,986.6,99.2,53.9,457.0,12.7,14.6,63.0
2024-11-01 05:00:00,19.2,73,14.3,0.0,9.4,283,14.8,987.2,97.1,53.0,545.0,13.5,15.9,64.0
2024-11-01 06:00:00,18.9,82,15.8,0.0,8.0,286,13.3,988.3,97.3,54.9,871.0,19.5,17.7,57.0
2024-11-01 07:00:00,20.1,78,16.2,0.0,10.8,274,16.2,989.0,99.7,58.3,1307.0,27.5,20.1,48.0
2024-11-01 08:00:00,22.8,71,17.1,0.0,10.6,261,19.4,989.9,98.5,58.8,1537.0,31.2,21.9,52.0
2024-11-01 09:00:00,25.7,61,17.6,0.0,11.0,270,22.0,990.7,95.0,57.2,1363.0,26.4,22.7,81.0
2024-11-01 10:00:00,28.3,51,17.4,0.0,12.0,279,24.1,990.8,88.0,53.4,983.0,17.3,22.7,122.0
2024-11-01 11:00:00,30.2,40,15.1,0.0,15.2,294,28.8,990.4,77.5,46.4,673.0,10.1,21.8,152.0
2024-11-01 12:00:00,31.4,32,12.6,0.0,16.7,302,31.7,989.8,65.2,37.3,481.0,5.4,18.8,161.0
2024-11-01 13:00:00,31.9,29,11.5,0.0,16.7,303,31.7,988.9,59.1,30.9,359.0,2.6,14.8,159.0
2024-11-01 14:00:00,31.9,27,10.8,0.0,16.1,304,31.0,988.3,59.0,27.3,436.0,6.1,12.4,148.0
2024-11-01 15:00:00,31.5,27,10.3,0.0,13.7,308,29.2,988.2,62.2,25.8,784.0,20.5,12.1,125.0
2024-11-01 16:00:00,29.6,36,12.8,0.0,7.6,322,23.0,988.2,69.4,32.2,1332.0,41.3,13.4,94.0
2024-11-01 17:00:00,25.4,47,13.3,0.0,10.3,341,11.9,988.3,86.4,42.7,1997.0,51.1,16.0,71.0
2024-11-01 18:00:00,25.3,49,13.7,0.0,8.2,327,11.9,989.1,111.5,53.2,2951.0,57.9,23.9,58.0
2024-11-01 19:00:00,25.1,49,13.6,0.0,5.8,248,9.0,989.7,134.6,63.8,4022.0,67.4,34.9,39.0
2024-11-01 20:00:00,22.2,61,14.2,0.0,8.5,238,9.4,989.9,154.6,73.3,4617.0,75.0,43.8,23.0
2024-11-01 21:00:00,22.3,60,14.2,0.0,9.1,280,9.7,989.9,171.8,82.4,4361.0,79.4,49.4,13.0
2024-11-01 22:00:00,21.1,65,14.1,0.0,10.2,334,13.3,989.9,183.5,88.9,3628.0,81.8,52.9,5.0
2024-11-01 23:00:00,21.1,61,13.3,0.0,8.1,359,12.6,989.6,183.5,89.4,2945.0,81.6,52.4,0.0
2024-11-02 00:00:00,19.8,66,13.2,0.0,9.1,352,11.9,989.0,168.6,83.1,2469.0,77.3,45.1,0.0
2024-11-02 01:00:00,18.9,71,13.6,0.0,9.4,342,11.5,988.7,149.9,74.0,2042.0,70.3,33.7,0.0
2024-11-02 02:00:00,18.6,71,13.3,0.0,6.1,272,10.8,988.5,135.5,66.1,1718.0,63.8,25.0,2.0
2024-11-02 03:00:00,17.8,76,13.4,0.0,8.4,290,9.7,988.4,128.1,60.8,1479.0,57.7,21.2,2.0
2024-11-02 04:00:00,17.5,77,13.5,0.0,8.2,296,10.1,988.3,129.0,58.8,1341.0,52.2,19.9,1.0
2024-11-02 05:00:00,17.1,79,13.4,0.0,8.8,290,10.1,988.7,151.8,69.4,1410.0,45.2,32.4,21.0
2024-11-02 06:00:00,17.0,84,14.3,0.0,6.5,298,9.0,989.5,160.2,76.8,1923.0,62.9,35.6,19.0
2024-11-02 07:00:00,18.5,78,14.6,0.0,5.0,272,7.2,990.3,182.5,92.9,2643.0,86.3,40.0,20.0
2024-11-02 08:00:00,21.5,69,15.6,0.0,2.8,310,9.7,991.3,172.8,96.4,2958.0,95.6,43.2,38.0
2024-11-02 09:00:00,24.9,59,16.4,0.0,2.2,279,10.1,992.1,150.9,82.9,2458.0,77.4,44.9,93.0
2024-11-02 10:00:00,27.6,49,15.9,0.0,4.8,248,14.0,992.4,125.7,68.0,1553.0,45.2,45.5,165.0
2024-11-02 11:00:00,29.6,42,15.4,0.0,6.0,241,16.2,991.8,102.7,56.3,865.0,20.1,43.6,215.0
2024-11-02 12:00:00,30.8,38,15.0,0.0,5.6,249,16.2,990.8,85.9,47.8,629.0,8.4,36.9,226.0
2024-11-02 13:00:00,31.5,35,13.9,0.0,6.0,287,15.8,989.9,75.9,42.6,610.0,3.8,27.7,214.0
2024-11-02 14:00:00,31.6,33,13.1,0.0,7.1,313,16.2,989.4,68.2,38.4,718.0,8.3,21.5,192.0
2024-11-02 15:00:00,31.2,33,13.2,0.0,8.1,331,16.2,989.1,64.0,36.6,1001.0,28.2,20.8,158.0
2024-11-02 16:00:00,29.5,45,16.3,0.0,5.8,9,14.8,989.0,70.5,43.4,1412.0,57.2,23.2,113.0
2024-11-02 17:00:00,26.2,52,15.7,0.0,7.1,30,10.8,989.1,119.7,76.6,1721.0,59.1,29.1,111.0
2024-11-02 18:00:00,24.9,54,14.8,0.0,7.5,33,11.5,989.6,123.9,81.3,1854.0,63.2,31.2,91.0
2024-11-02 19:00:00,24.2,56,14.9,0.0,8.2,41,12.2,989.9,126.7,84.8,1883.0,68.9,34.1,63.0
2024-11-02 20:00:00,23.2,60,15.1,0.0,9.4,54,14.8,990.4,131.8,89.4,1801.0,72.3,35.7,41.0
2024-11-02 21:00:00,22.2,64,14.9,0.0,8.0,65,14.8,990.5,136.4,92.9,1537.0,72.3,35.2,31.0
2024-11-02 22:00:00,20.8,69,14.8,0.0,6.9,70,12.2,990.8,136.0,93.1,1160.0,70.1,33.5,27.0
2024-11-02 23:00:00,20.0,72,14.9,0.0,7.1,81,9.7,990.8,130.9,89.6,869.0,66.0,31.4,26.0
2024-11-03 00:00:00,19.0,78,15.1,0.0,8.6,88,10.1,990.5,124.8,85.2,734.0,58.6,28.9,28.0
2024-11-03 01:00:00,18.7,79,14.9,0.0,7.4,77,9.7,990.3,120.1,82.2,684.0,49.2,26.0,33.0
2024-11-03 02:00:00,18.6,79,14.8,0.0,6.1,95,8.3,990.2,117.3,80.1,708.0,42.2,24.1,35.0
2024-11-03 03:00:00,18.0,82,14.8,0.0,6.7,104,7.6,989.8,115.9,78.9,797.0,38.8,23.7,31.0
2024-11-03 04:00:00,17.5,83,14.6,0.0,7.1,137,7.9,989.7,115.9,78.5,959.0,37.8,24.2,25.0
2024-11-03 05:00:00,17.6,82,14.4,0.0,7.2,143,8.3,990.0,113.2,76.4,1209.0,31.3,23.1,34.0
2024-11-03 06:00:00,18.1,86,15.7,0.0,4.1,88,4.7,991.1,122.0,82.2,1687.0,39.2,25.8,33.0
2024-11-03 07:00:00,18.1,87,15.9,0.0,3.5,66,5.4,991.5,139.2,94.1,2252.0,49.5,29.8,33.0
2024-11-03 08:00:00,21.2,76,16.9,0.0,2.6,74,9.7,992.4,142.5,95.2,2496.0,53.6,34.8,50.0
2024-11-03 09:00:00,24.9,65,17.7,0.0,1.5,104,9.7,993.2,144.8,95.9,2128.0,45.5,42.2,100.0
2024-11-03 10:00:00,27.5,53,16.9,0.0,1.3,146,10.4,993.4,144.4,95.0,1439.0,31.2,50.6,167.0
2024-11-03 11:00:00,29.1,44,15.4,0.0,1.7,342,10.8,992.6,120.1,78.9,892.0,19.8,54.9,216.0
2024-11-03 12:00:00,30.2,35,13.2,0.0,4.9,336,14.8,991.6,103.1,66.8,631.0,12.1,51.6,233.0
2024-11-03 13:00:00,30.9,31,11.6,0.0,6.8,331,16.9,990.6,94.1,60.5,512.0,7.3,44.4,231.0
2024-11-03 14:00:00,30.9,29,10.9,0.0,8.0,332,17.3,989.8,88.5,57.0,568.0,11.9,38.9,216.0
2024-11-03 15:00:00,30.4,31,11.3,0.0,8.4,340,17.3,989.3,85.9,55.9,905.0,33.6,37.2,183.0
2024-11-03 16:00:00,28.6,41,14.2,0.0,6.7,358,15.8,989.4,95.0,62.9,1417.0,64.8,37.2,138.0
2024-11-03 17:00:00,25.5,47,13.4,0.0,7.4,4,11.5,989.3,167.2,109.7,1818.0,87.9,36.2,87.0
2024-11-03 18:00:00,23.2,57,14.1,0.0,9.4,348,11.9,990.2,182.5,121.1,1976.0,92.1,41.6,69.0
2024-11-03 19:00:00,22.5,58,13.8,0.0,9.0,355,11.9,990.7,195.1,129.9,2024.0,97.6,48.8,45.0
2024-11-03 20:00:00,21.5,63,14.1,0.0,7.7,18,11.5,990.9,202.6,135.0,2072.0,99.7,53.4,26.0
2024-11-03 21:00:00,20.2,72,15.1,0.0,7.8,22,10.4,990.9,206.3,137.8,2199.0,95.8,53.2,18.0
2024-11-03 22:00:00,20.0,75,15.5,0.0,6.1,357,9.4,991.0,206.8,138.3,2327.0,88.5,50.4,15.0
2024-11-03 23:00:00,19.0,80,15.6,0.0,6.4,331,8.3,990.8,200.2,134.1,2332.0,81.5,46.4,14.0
2024-11-04 00:00:00,18.5,84,15.7,0.0,7.4,326,8.6,990.0,190.5,127.1,2091.0,75.6,40.7,14.0
2024-11-04 01:00:00,18.1,85,15.6,0.0,7.1,311,9.0,989.5,181.6,121.1,1728.0,70.0,33.9,15.0
2024-11-04 02:00:00,17.8,86,15.4,0.0,7.3,301,9.0,988.9,174.6,116.2,1492.0,65.7,29.4,16.0
2024-11-04 03:00:00,17.8,85,15.2,0.0,6.3,297,9.4,988.6,171.8,113.9,1478.0,61.7,28.7,14.0
2024-11-04 04:00:00,17.5,87,15.3,0.0,6.5,298,9.7,988.5,171.4,113.4,1591.0,59.0,30.3,12.0
2024-11-04 05:00:00,16.9,91,15.4,0.0,6.4,295,9.7,988.6,178.8,118.5,1801.0,56.8,34.0,14.0
2024-11-04 06:00:00,17.0,91,15.6,0.0,6.5,293,11.2,989.4,185.8,122.5,2238.0,65.4,35.8,17.0
2024-11-04 07:00:00,18.2,85,15.7,0.0,8.6,290,12.2,989.9,202.6,134.1,2772.0,76.3,38.3,25.0
2024-11-04 08:00:00,21.0,76,16.6,0.0,5.7,281,13.7,990.8,204.4,135.5,2984.0,78.2,40.9,47.0
2024-11-04 09:00:00,24.1,64,16.9,0.0,4.7,277,13.3,991.4,195.1,128.1,2585.0,62.3,43.9,99.0
2024-11-04 10:00:00,26.7,55,16.9,0.0,4.9,276,14.8,991.4,183.5,118.5,1863.0,37.4,47.0,166.0
2024-11-04 11:00:00,28.4,48,16.3,0.0,4.1,270,14.8,990.6,171.4,110.1,1269.0,18.3,48.4,217.0
2024-11-04 12:00:00,29.4,43,15.6,0.0,4.2,290,14.4,989.6,158.3,102.2,899.0,8.5,46.7,243.0
2024-11-04 13:00:00,30.0,41,15.2,0.0,4.8,299,14.8,988.7,148.5,96.4,655.0,4.6,43.4,253.0
2024-11-04 14:00:00,30.2,39,14.9,0.0,5.5,302,14.8,987.8,141.6,92.2,696.0,11.2,41.2,245.0
2024-11-04 15:00:00,30.1,39,14.7,0.0,6.3,305,14.4,987.5,135.5,88.2,1278.0,34.8,40.1,211.0
2024-11-04 16:00:00,28.6,53,18.1,0.0,3.7,337,13.0,987.4,138.3,90.8,2144.0,68.9,40.2,160.0
2024-11-04 17:00:00,25.0,61,16.9,0.0,7.8,22,10.1,987.6,167.2,109.2,2678.0,72.8,29.2,108.0
2024-11-04 18:00:00,23.7,67,17.2,0.0,7.0,21,10.1,988.4,185.8,121.1,2540.0,81.4,37.4,88.0
2024-11-04 19:00:00,23.5,67,17.0,0.0,7.4,22,10.4,989.2,204.0,133.2,2071.0,93.3,49.0,61.0
2024-11-04 20:00:00,23.1,67,16.7,0.0,6.7,351,8.3,989.7,220.3,144.4,1674.0,103.2,59.5,38.0
2024-11-04 21:00:00,21.0,77,16.8,0.0,7.3,350,9.7,990.1,235.2,154.1,1511.0,109.8,68.7,24.0
2024-11-04 22:00:00,20.2,82,17.0,0.0,5.9,2,9.4,990.3,246.8,161.6,1420.0,114.3,76.8,15.0
2024-11-04 23:00:00,19.6,86,17.2,0.0,6.3,18,9.0,990.0,253.3,165.8,1324.0,114.9,79.8,9.0
2024-11-05 00:00:00,19.2,89,17.4,0.0,5.8,36,9.4,990.0,252.4,165.3,1174.0,110.6,74.7,6.0
2024-11-05 01:00:00,19.2,90,17.5,0.0,8.1,55,12.6,990.1,244.9,160.7,1020.0,102.4,64.5,6.0
2024-11-05 02:00:00,19.1,92,17.8,0.0,8.3,70,13.7,989.9,222.6,147.1,930.0,91.5,54.5,9.0
2024-11-05 03:00:00,19.0,93,17.9,0.0,7.1,83,13.0,989.8,194.2,129.5,926.0,75.2,45.7,18.0
2024-11-05 04:00:00,18.7,95,17.9,0.0,6.8,93,11.5,990.1,178.8,119.2,987.0,56.1,37.1,30.0
2024-11-05 05:00:00,18.4,96,17.8,0.0,6.2,100,10.8,990.4,170.0,113.4,1116.0,38.8,30.9,40.0
2024-11-05 06:00:00,18.0,97,17.6,0.0,5.4,98,9.4,991.5,167.6,112.9,1410.0,42.9,30.5,36.0
2024-11-05 07:00:00,19.2,95,18.5,0.0,8.7,96,13.7,992.4,171.8,115.0,1772.0,48.1,30.2,33.0
2024-11-05 08:00:00,21.5,86,19.1,0.0,6.8,107,15.1,993.3,171.4,113.6,1912.0,48.9,31.9,49.0
2024-11-05 09:00:00,24.0,76,19.5,0.0,6.3,105,16.2,994.1,170.0,110.6,1616.0,41.1,37.6,99.0
2024-11-05 10:00:00,26.2,66,19.5,0.0,6.3,110,17.6,994.3,175.1,112.0,1098.0,28.8,45.3,168.0
2024-11-05 11:00:00,27.6,58,18.6,0.0,5.6,117,17.6,993.4,183.5,116.4,706.0,19.1,50.8,223.0
2024-11-05 12:00:00,28.4,53,18.0,0.0,5.2,117,16.9,992.5,173.2,109.4,536.0,11.6,51.9,256.0
2024-11-05 13:00:00,28.8,51,17.8,0.0,4.4,111,16.6,991.4,164.8,104.1,491.0,6.6,50.9,275.0
2024-11-05 14:00:00,28.9,49,17.2,0.0,2.7,98,15.1,990.7,161.1,101.5,633.0,12.1,50.5,273.0
2024-11-05 15:00:00,28.9,47,16.5,0.0,3.2,52,11.9,990.2,158.3,99.9,1130.0,35.7,51.2,241.0
2024-11-05 16:00:00,28.0,53,17.5,0.0,2.9,47,10.4,990.2,167.2,106.4,1813.0,69.7,52.4,188.0
2024-11-05 17:00:00,24.8,62,17.0,0.0,7.2,62,7.9,990.3,234.7,148.5,2239.0,107.8,49.7,108.0
2024-11-05 18:00:00,26.8,51,15.8,0.0,2.2,66,3.6,991.2,257.0,163.9,2161.0,113.4,56.2,85.0
2024-11-05 19:00:00,23.1,66,16.4,0.0,5.5,19,7.2,991.5,271.0,172.3,1825.0,120.5,64.9,53.0
2024-11-05 20:00:00,22.6,72,17.3,0.0,5.4,30,9.0,991.9,275.7,175.6,1523.0,122.2,70.4,29.0
2024-11-05 21:00:00,21.3,80,17.8,0.0,7.8,77,9.4,991.9,278.5,176.0,1356.0,113.9,70.1,20.0
2024-11-05 22:00:00,20.7,85,18.0,0.0,6.3,75,9.4,992.0,275.7,173.7,1224.0,100.1,66.5,19.0
2024-11-05 23:00:00,20.0,89,18.0,0.0,5.5,44,8.6,991.9,264.5,164.8,1119.0,87.1,61.2,19.0
2024-11-06 00:00:00,19.4,90,17.6,0.0,6.8,32,8.6,991.4,250.5,154.6,1019.0,76.6,53.6,18.0
2024-11-06 01:00:00,19.1,88,17.1,0.0,5.3,24,8.3,991.2,239.3,146.2,946.0,66.9,44.3,19.0
2024-11-06 02:00:00,18.7,89,16.9,0.0,5.3,28,7.6,990.7,231.9,140.6,953.0,59.4,37.4,19.0
2024-11-06 03:00:00,19.8,83,16.8,0.0,1.5,7,6.1,990.5,225.8,136.0,1044.0,54.4,34.4,17.0
2024-11-06 04:00:00,19.2,86,16.8,0.0,1.5,234,2.2,990.7,219.3,132.2,1216.0,51.7,33.8,14.0
2024-11-06 05:00:00,19.0,87,16.8,0.0,2.5,201,2.9,991.0,208.2,122.9,1513.0,44.5,30.6,21.0
2024-11-06 06:00:00,18.6,94,17.6,0.0,1.8,307,2.2,992.0,211.9,126.7,2138.0,50.0,32.4,21.0
2024-11-06 07:00:00,18.9,93,17.7,0.0,2.3,328,4.3,992.9,225.8,136.4,2887.0,57.1,35.3,24.0
2024-11-06 08:00:00,21.8,83,18.7,0.0,2.7,278,9.0,993.7,227.7,137.8,3195.0,58.6,40.7,43.0
2024-11-06 09:00:00,25.1,70,19.4,0.0,2.9,259,11.2,994.4,234.7,139.2,2643.0,49.1,51.7,93.0
2024-11-06 10:00:00,27.3,59,18.5,0.0,3.4,264,13.0,994.5,246.8,143.4,1650.0,34.0,65.2,160.0
2024-11-06 11:00:00,28.5,51,17.4,0.0,2.3,309,13.0,993.7,239.3,136.0,902.0,21.8,73.0,212.0
2024-11-06 12:00:00,29.1,48,17.0,0.0,2.3,337,12.6,992.7,220.7,126.2,663.0,13.2,69.8,240.0
2024-11-06 13:00:00,29.5,46,16.6,0.0,3.0,346,13.0,991.6,202.1,116.4,668.0,7.6,61.0,253.0
2024-11-06 14:00:00,29.8,44,16.4,0.0,4.1,345,13.0,990.9,189.1,109.9,813.0,12.0,53.8,247.0
2024-11-06 15:00:00,29.6,45,16.4,0.0,6.3,345,14.0,990.6,182.1,106.4,1143.0,33.8,50.4,213.0
2024-11-06 16:00:00,28.6,50,17.3,0.0,6.3,357,14.0,990.4,186.7,112.2,1613.0,65.5,48.7,160.0
2024-11-06 17:00:00,26.0,58,17.1,0.0,6.6,13,10.8,990.5,251.5,151.8,1980.0,108.4,63.7,129.0
2024-11-06 18:00:00,24.9,62,17.1,0.0,6.7,27,12.2,990.9,276.6,170.0,2092.0,116.2,68.8,104.0
2024-11-06 19:00:00,24.0,66,17.2,0.0,7.7,36,10.4,991.2,294.3,183.0,2100.0,126.6,75.6,70.0
2024-11-06 20:00:00,25.9,57,16.6,0.0,5.6,353,8.6,991.5,300.8,188.1,2216.0,131.6,79.8,43.0
2024-11-06 21:00:00,25.1,59,16.6,0.0,5.5,314,6.1,991.5,304.5,190.5,2576.0,127.2,79.8,31.0
2024-11-06 22:00:00,24.0,64,16.8,0.0,3.3,306,6.1,991.4,302.7,190.0,3043.0,117.4,77.1,27.0
2024-11-06 23:00:00,22.9,69,16.9,0.0,1.2,153,4.0,991.2,292.4,182.5,3416.0,106.3,72.0,26.0
2024-11-07 00:00:00,20.0,84,17.4,0.0,4.6,149,5.4,990.7,273.8,170.4,3608.0,94.4,62.9,29.0
2024-11-07 01:00:00,21.0,79,17.2,0.0,4.3,156,5.8,990.3,254.3,157.4,3706.0,81.2,51.3,35.0
2024-11-07 02:00:00,20.3,83,17.4,0.0,4.9,170,5.4,989.9,239.3,147.6,3763.0,69.1,42.2,39.0
2024-11-07 03:00:00,18.7,92,17.4,0.0,7.4,173,8.3,989.8,229.1,140.6,3796.0,57.4,37.5,40.0
2024-11-07 04:00:00,18.4,93,17.2,0.0,7.8,176,9.0,989.7,221.7,136.0,3790.0,46.9,35.2,39.0
2024-11-07 05:00:00,18.1,94,17.1,0.0,7.5,170,9.0,990.0,194.2,120.1,3749.0,31.3,28.9,41.0
2024-11-07 06:00:00,18.4,95,17.5,0.0,5.8,146,7.6,991.2,187.7,118.3,3748.0,38.2,29.2,37.0
2024-11-07 07:00:00,19.5,91,18.0,0.0,4.4,150,6.8,991.9,190.0,121.1,3713.0,47.2,29.9,33.0
2024-11-07 08:00:00,22.2,81,18.8,0.0,2.0,135,8.6,992.8,190.9,120.6,3427.0,50.6,33.2,48.0
2024-11-07 09:00:00,25.0,70,19.1,0.0,2.8,105,11.2,993.3,194.6,120.6,2642.0,43.1,41.6,99.0
2024-11-07 10:00:00,27.1,60,18.7,0.0,2.9,120,12.6,993.4,209.1,125.3,1607.0,30.0,52.5,168.0
2024-11-07 11:00:00,28.3,53,17.8,0.0,2.7,132,13.3,992.5,222.6,128.1,850.0,19.6,60.1,222.0
2024-11-07 12:00:00,29.0,49,17.1,0.0,2.3,108,13.0,991.5,209.1,119.2,581.0,11.9,61.1,251.0
2024-11-07 13:00:00,29.5,46,16.5,0.0,2.6,102,12.6,990.6,196.0,112.7,590.0,6.8,58.7,265.0
2024-11-07 14:00:00,29.6,44,16.2,0.0,2.6,106,12.6,989.9,187.2,108.5,782.0,12.6,56.7,259.0
2024-11-07 15:00:00,29.4,45,16.1,0.0,2.4,107,11.5,989.6,183.9,107.1,1234.0,38.6,56.3,224.0
2024-11-07 16:00:00,28.5,56,18.9,0.0,2.2,114,9.0,989.7,191.4,113.6,1867.0,75.5,56.3,169.0
2024-11-07 17:00:00,25.9,62,18.0,0.0,5.0,103,6.1,989.9,298.0,176.5,2352.0,110.8,65.4,133.0
2024-11-07 18:00:00,24.2,67,17.8,0.0,7.5,143,9.0,990.3,316.6,191.4,2533.0,113.8,67.3,108.0
2024-11-07 19:00:00,25.5,59,17.0,0.0,4.4,148,8.6,990.8,316.6,193.7,2564.0,117.4,69.5,74.0
2024-11-07 20:00:00,24.9,62,17.1,0.0,2.7,228,5.0,991.1,305.5,187.7,2580.0,116.1,69.1,48.0
2024-11-07 21:00:00,23.0,73,17.8,0.0,4.6,249,5.0,991.3,294.3,181.6,2673.0,106.5,64.0,39.0
2024-11-07 22:00:00,23.4,71,17.8,0.0,4.2,239,5.8,991.2,279.4,172.8,2751.0,91.9,56.2,39.0
2024-11-07 23:00:00,22.6,74,17.8,0.0,0.6,72,4.7,991.1,258.9,160.2,2664.0,76.8,48.4,41.0
2024-11-08 00:00:00,20.0,86,17.5,0.0,3.6,49,4.7,990.8,237.5,146.2,2255.0,60.9,40.7,46.0
2024-11-08 01:00:00,19.6,87,17.4,0.0,4.6,45,6.1,990.3,218.9,134.6,1681.0,44.4,33.1,54.0
2024-11-08 02:00:00,19.1,91,17.5,0.0,6.4,43,7.6,989.9,204.9,125.7,1270.0,32.2,27.6,59.0
2024-11-08 03:00:00,19.5,89,17.6,0.0,5.3,78,7.2,989.8,194.6,119.2,1154.0,26.0,25.3,56.0
2024-11-08 04:00:00,19.5,90,17.7,0.0,4.6,149,6.1,989.8,189.5,115.7,1200.0,24.1,25.3,51.0
2024-11-08 05:00:00,18.3,94,17.3,0.0,5.7,171,6.1,990.1,193.2,116.6,1334.0,22.8,26.2,50.0
2024-11-08 06:00:00,17.9,95,17.1,0.0,8.3,182,9.0,990.7,200.7,121.1,1643.0,31.9,28.3,42.0
2024-11-08 07:00:00,19.8,86,17.4,0.0,7.2,180,9.4,991.6,212.3,129.0,2040.0,44.1,31.5,34.0
2024-11-08 08:00:00,22.6,76,18.1,0.0,5.4,178,12.6,992.6,219.3,132.7,2186.0,50.1,36.0,46.0
2024-11-08 09:00:00,25.3,67,18.9,0.0,4.1,180,12.6,993.3,229.6,136.4,1835.0,44.0,43.0,96.0
2024-11-08 10:00:00,27.5,59,18.6,0.0,4.7,178,14.4,993.2,244.0,143.0,1233.0,31.6,51.4,166.0
2024-11-08 11:00:00,28.6,52,17.9,0.0,4.0,148,14.8,992.2,258.0,148.5,781.0,21.6,57.9,221.0
2024-11-08 12:00:00,29.2,50,17.8,0.0,3.9,124,14.8,991.1,250.5,142.0,608.0,13.5,60.9,252.0
2024-11-08 13:00:00,29.6,48,17.5,0.0,3.5,111,14.4,990.2,233.8,133.2,585.0,7.8,62.0,269.0
2024-11-08 14:00:00,29.7,47,17.2,0.0,2.9,112,13.3,989.6,221.2,126.7,720.0,13.6,62.6,265.0
2024-11-08 15:00:00,29.5,47,17.0,0.0,2.7,94,11.9,989.2,214.7,123.4,1074.0,40.6,62.5,230.0
2024-11-08 16:00:00,28.5,55,18.5,0.0,3.5,102,9.4,989.6,224.9,131.8,1587.0,79.3,62.0,174.0
2024-11-08 17:00:00,25.2,66,18.4,0.0,7.6,115,8.6,989.5,329.7,195.6,2083.0,118.7,64.3,104.0
2024-11-08 18:00:00,24.9,67,18.4,0.0,6.7,142,9.7,990.0,350.2,210.9,2602.0,122.7,69.7,82.0
2024-11-08 19:00:00,23.8,73,18.6,0.0,7.2,180,7.6,990.3,359.5,218.4,3106.0,127.7,76.8,53.0
2024-11-08 20:00:00,22.7,79,18.9,0.0,9.2,173,10.4,990.6,362.3,221.2,3300.0,127.4,80.2,31.0
2024-11-08 21:00:00,22.1,81,18.7,0.0,7.3,126,10.4,990.6,359.5,220.3,2932.0,118.1,77.1,24.0
2024-11-08 22:00:00,21.5,84,18.8,0.0,5.8,116,9.0,990.6,349.2,214.2,2255.0,103.6,70.3,25.0
2024-11-08 23:00:00,20.5,90,18.9,0.0,7.0,134,9.4,990.6,326.9,199.8,1736.0,89.2,62.2,28.0
2024-11-09 00:00:00,19.7,94,18.7,0.0,8.0,138,9.4,990.2,300.8,183.0,1592.0,76.1,52.4,32.0
2024-11-09 01:00:00,19.3,95,18.5,0.0,6.8,117,9.0,990.1,279.4,169.5,1606.0,63.1,41.4,38.0
2024-11-09 02:00:00,19.1,96,18.4,0.0,5.6,121,7.9,990.1,258.9,157.9,1596.0,51.9,33.1,43.0
2024-11-09 03:00:00,18.7,97,18.1,0.0,6.6,133,8.3,989.9,242.1,149.5,1442.0,42.2,29.3,44.0
2024-11-09 04:00:00,18.5,97,18.0,0.0,6.8,148,8.3,989.8,231.9,144.4,1264.0,34.3,28.3,44.0
2024-11-09 05:00:00,18.5,97,18.0,0.0,5.3,147,7.9,990.2,212.8,134.1,1243.0,26.3,26.2,44.0
2024-11-09 06:00:00,18.8,96,18.1,0.0,4.8,138,7.2,991.2,206.3,132.7,1588.0,32.5,27.4,37.0
2024-11-09 07:00:00,19.9,91,18.5,0.0,8.6,144,13.0,992.1,205.4,134.1,2090.0,40.6,29.2,30.0
2024-11-09 08:00:00,22.4,81,19.0,0.0,6.7,149,14.4,993.0,204.0,132.7,2304.0,44.3,31.5,40.0
2024-11-09 09:00:00,24.9,71,19.3,0.0,7.6,161,17.3,993.9,196.5,125.7,1929.0,39.4,34.9,82.0
2024-11-09 10:00:00,27.1,61,18.9,0.0,9.5,166,20.9,993.8,183.5,116.2,1265.0,30.0,38.9,140.0
2024-11-09 11:00:00,28.5,52,17.9,0.0,8.5,159,21.6,992.9,173.7,109.4,766.0,22.2,41.6,188.0
2024-11-09 12:00:00,29.4,48,17.4,0.0,6.7,146,20.2,991.9,163.9,101.7,579.0,15.0,41.7,218.0
2024-11-09 13:00:00,29.8,47,17.1,0.0,5.0,142,18.0,990.9,150.4,91.5,557.0,9.3,40.7,237.0
2024-11-09 14:00:00,30.0,46,17.0,0.0,3.9,143,15.5,990.2,146.2,87.8,714.0,14.3,40.7,237.0
2024-11-09 15:00:00,29.8,45,16.8,0.0,5.0,136,12.6,989.8,145.8,87.1,1146.0,40.0,43.0,206.0
2024-11-09 16:00:00,28.8,52,17.8,0.0,6.4,128,11.9,989.9,157.9,95.7,1756.0,76.3,46.5,156.0
2024-11-09 17:00:00,26.5,56,17.0,0.0,8.0,128,13.0,989.9,174.6,108.0,2273.0,80.2,38.6,91.0
2024-11-09 18:00:00,24.9,65,17.9,0.0,6.5,104,9.7,990.0,191.4,120.1,2646.0,80.2,40.1,76.0
2024-11-09 19:00:00,24.0,70,18.1,0.0,8.4,100,13.0,990.3,194.6,122.5,2925.0,80.0,41.9,54.0
2024-11-09 20:00:00,23.1,73,18.1,0.0,7.7,93,13.7,990.5,193.2,122.0,2985.0,78.2,42.1,38.0
2024-11-09 21:00:00,22.1,78,18.0,0.0,6.5,95,12.2,990.6,190.9,120.6,2654.0,74.2,39.2,32.0
2024-11-09 22:00:00,21.1,82,17.9,0.0,5.9,108,10.1,990.8,187.7,118.3,2104.0,68.7,34.6,31.0
2024-11-09 23:00:00,20.6,84,17.9,0.0,5.6,96,8.6,990.8,183.5,115.7,1722.0,62.2,30.4,31.0
2024-11-10 00:00:00,20.4,86,18.0,0.0,6.2,83,9.7,990.5,179.7,113.2,1720.0,54.2,27.1,32.0
2024-11-10 01:00:00,20.1,87,18.0,0.0,6.9,83,10.8,990.2,177.0,111.5,1887.0,45.2,24.2,35.0
2024-11-10 02:00:00,20.0,89,18.0,0.0,6.7,98,11.2,990.0,171.8,109.4,1974.0,37.9,22.1,36.0
2024-11-10 03:00:00,19.5,91,18.0,0.0,6.1,114,10.4,989.8,167.6,107.8,1828.0,32.6,21.1,35.0
2024-11-10 04:00:00,19.1,93,18.0,0.0,6.0,123,9.4,989.9,161.1,105.5,1603.0,28.9,20.9,33.0
2024-11-10 05:00:00,18.9,93,17.8,0.0,6.4,115,9.7,990.3,142.5,92.4,1507.0,20.8,18.7,39.0
2024-11-10 06:00:00,19.4,93,18.2,0.0,7.3,110,12.6,991.1,144.8,94.3,1734.0,26.2,20.8,34.0
2024-11-10 07:00:00,20.1,90,18.4,0.0,9.0,119,13.3,991.6,148.5,97.6,2090.0,33.4,23.8,28.0
2024-11-10 08:00:00,22.4,81,18.9,0.0,6.2,120,14.8,992.5,151.8,99.4,2204.0,36.8,26.9,37.0
2024-11-10 09:00:00,24.6,72,19.3,0.0,6.0,129,15.5,993.2,147.6,95.2,1818.0,32.9,30.0,73.0
2024-11-10 10:00:00,26.6,64,19.2,0.0,6.5,136,17.3,993.1,140.2,89.9,1190.0,25.2,33.2,124.0
2024-11-10 11:00:00,28.0,58,19.1,0.0,6.1,124,17.6,992.4,138.8,88.7,722.0,19.0,35.9,166.0
2024-11-10 12:00:00,29.0,54,18.9,0.0,5.8,116,17.3,991.4,134.1,84.8,558.0,13.6,37.6,194.0
2024-11-10 13:00:00,29.7,51,18.5,0.0,5.2,117,16.9,990.3,124.8,78.2,554.0,9.8,38.8,214.0
2024-11-10 14:00:00,30.0,49,18.1,0.0,4.2,130,15.5,989.6,117.6,72.9,679.0,15.0,40.4,215.0
2024-11-10 15:00:00,29.9,49,17.9,0.0,3.8,139,13.0,989.3,112.7,69.4,982.0,37.0,42.3,186.0
2024-11-10 16:00:00,28.7,62,20.8,0.0,2.0,175,10.1,989.2,122.0,76.6,1414.0,68.0,44.6,138.0
2024-11-10 17:00:00,27.8,57,18.5,0.0,3.5,204,4.3,989.6,178.8,115.3,1791.0,104.7,51.4,100.0
2024-11-10 18:00:00,25.5,65,18.5,0.0,4.6,149,6.8,989.9,206.8,135.0,2086.0,112.5,60.8,79.0
2024-11-10 19:00:00,26.0,61,18.0,0.0,2.3,51,5.4,990.5,229.1,150.4,2326.0,122.6,73.4,50.0
2024-11-10 20:00:00,22.5,80,18.9,0.0,7.8,26,9.4,990.9,241.2,158.8,2411.0,125.2,79.5,28.0
2024-11-10 21:00:00,22.5,83,19.5,0.0,8.3,42,12.6,991.5,238.0,156.9,2236.0,113.9,73.6,22.0
2024-11-10 22:00:00,22.2,84,19.4,0.0,8.3,66,14.0,991.5,223.5,146.7,1906.0,95.2,61.1,23.0
2024-11-10 23:00:00,21.6,86,19.1,0.0,7.2,71,13.3,991.2,209.5,136.9,1634.0,78.5,49.5,25.0
2024-11-11 00:00:00,20.9,89,19.0,0.0,6.2,80,11.2,990.7,196.5,128.1,1518.0,67.1,40.5,26.0
2024-11-11 01:00:00,20.2,92,18.9,0.0,5.8,83,9.4,990.4,182.1,119.7,1461.0,57.7,32.2,27.0
2024-11-11 02:00:00,19.8,94,18.8,0.0,5.8,74,8.6,990.1,172.8,113.9,1386.0,49.8,26.3,28.0
2024-11-11 03:00:00,19.0,96,18.4,0.0,7.6,65,9.0,989.8,168.6,110.6,1222.0,42.5,23.5,28.0
2024-11-11 04:00:00,18.8,96,18.1,0.0,6.4,54,8.6,990.0,166.2,109.0,1040.0,36.7,22.9,28.0
2024-11-11 05:00:00,18.5,97,17.9,0.0,6.2,54,7.6,990.3,160.7,105.9,974.0,23.6,22.5,40.0
2024-11-11 06:00:00,19.0,97,18.5,0.0,4.3,42,6.5,991.1,170.0,111.5,1165.0,30.6,25.6,34.0
2024-11-11 07:00:00,20.0,95,19.0,0.0,6.7,84,9.7,991.7,182.1,119.7,1471.0,39.9,30.0,28.0
2024-11-11 08:00:00,22.3,86,19.8,0.0,4.2,102,11.9,992.6,185.3,122.9,1604.0,44.3,34.7,38.0
2024-11-11 09:00:00,24.7,77,20.3,0.0,4.2,95,13.0,993.4,196.0,125.7,1376.0,39.2,39.8,80.0
2024-11-11 10:00:00,26.9,68,20.4,0.0,5.0,90,15.5,993.3,193.2,122.9,975.0,29.2,45.1,139.0
2024-11-11 11:00:00,28.2,58,19.3,0.0,5.4,70,16.6,992.4,183.9,116.2,675.0,21.1,48.7,185.0
2024-11-11 12:00:00,29.0,54,18.7,0.0,4.2,59,16.2,991.3,163.0,101.5,543.0,14.1,49.4,209.0
2024-11-11 13:00:00,29.4,51,18.2,0.0,3.3,36,14.8,990.3,149.9,91.7,511.0,9.0,48.5,220.0
2024-11-11 14:00:00,29.5,50,18.1,0.0,4.0,3,13.3,989.7,143.4,86.8,656.0,14.3,48.0,214.0
2024-11-11 15:00:00,29.3,50,17.6,0.0,5.1,350,13.0,989.4,142.5,85.7,1115.0,38.9,47.9,183.0
2024-11-11 16:00:00,28.2,55,18.4,0.0,5.4,358,12.2,989.3,153.2,93.4,1750.0,73.9,48.1,135.0
2024-11-11 17:00:00,25.8,62,17.9,0.0,7.3,9,11.5,989.3,192.3,121.1,2222.0,99.5,51.9,102.0
2024-11-11 18:00:00,24.3,73,19.1,0.0,7.1,10,9.0,989.7,220.3,140.2,2387.0,107.3,59.0,82.0
2024-11-11 19:00:00,26.0,63,18.4,0.0,3.8,11,8.3,990.2,238.0,152.7,2390.0,117.7,68.9,55.0
2024-11-11 20:00:00,24.0,72,18.6,0.0,3.8,45,4.7,990.3,247.7,159.7,2323.0,123.4,76.2,34.0
2024-11-11 21:00:00,22.0,81,18.6,0.0,5.8,51,7.9,990.5,254.3,163.9,2194.0,120.8,79.7,25.0
2024-11-11 22:00:00,20.8,89,18.8,0.0,8.1,91,9.4,990.4,258.0,166.7,1995.0,113.3,80.6,22.0
2024-11-11 23:00:00,20.0,93,18.8,0.0,7.5,120,9.4,990.3,254.3,164.4,1796.0,104.4,77.7,22.0
2024-11-12 00:00:00,19.8,93,18.6,0.0,7.3,115,9.0,989.9,239.3,154.1,1591.0,93.4,68.1,25.0
2024-11-12 01:00:00,20.4,91,18.8,0.0,5.5,136,8.3,989.9,216.1,139.2,1386.0,80.8,54.7,31.0
2024-11-12 02:00:00,20.4,91,18.8,0.0,4.0,162,6.1,989.8,196.5,126.2,1263.0,71.6,44.9,34.0
2024-11-12 03:00:00,20.0,93,18.8,0.0,3.2,124,4.7,989.8,186.7,120.1,1249.0,67.7,41.8,30.0
2024-11-12 04:00:00,19.7,94,18.7,0.0,1.4,50,3.6,989.6,184.9,118.5,1318.0,67.1,42.3,24.0
2024-11-12 05:00:00,18.7,97,18.2,0.0,2.2,55,2.9,989.8,199.8,127.1,1467.0,76.7,46.5,16.0
2024-11-12 06:00:00,18.8,98,18.5,0.0,4.7,88,5.8,990.6,217.0,138.8,1815.0,89.7,50.3,18.0
2024-11-12 07:00:00,19.9,96,19.1,0.0,5.8,144,7.6,991.0,240.3,154.6,2244.0,106.4,55.8,23.0
2024-11-12 08:00:00,22.6,84,19.9,0.0,5.2,192,11.9,991.9,252.4,164.4,2400.0,109.8,62.1,49.0
2024-11-12 09:00:00,25.5,73,20.3,0.0,6.4,205,14.8,992.7,231.4,147.1,2030.0,87.0,71.8,116.0
2024-11-12 10:00:00,27.6,62,19.8,0.0,7.5,207,18.0,992.5,217.9,134.1,1386.0,50.8,82.4,204.0
2024-11-12 11:00:00,29.0,54,18.7,0.0,6.2,218,18.0,991.7,203.5,121.5,871.0,22.8,84.8,263.0
2024-11-12 12:00:00,30.1,44,16.5,0.0,5.9,258,16.6,990.6,178.8,105.2,602.0,9.5,71.7,273.0
2024-11-12 13:00:00,31.0,31,11.9,0.0,10.0,290,20.2,989.5,151.8,88.0,463.0,4.2,50.5,255.0
2024-11-12 14:00:00,31.0,26,9.3,0.0,13.1,299,24.1,989.0,122.0,69.2,507.0,8.9,34.5,225.0
2024-11-12 15:00:00,30.3,28,9.9,0.0,12.5,302,24.5,988.6,103.8,57.9,884.0,29.6,28.6,179.0
2024-11-12 16:00:00,28.0,40,13.1,0.0,7.1,308,20.9,988.6,108.7,64.3,1445.0,60.3,28.0,121.0
2024-11-12 17:00:00,24.2,51,13.4,0.0,11.1,302,12.2,988.5,80.8,60.3,1797.0,45.6,20.3,80.0
2024-11-12 18:00:00,28.0,34,10.8,0.0,9.1,297,18.0,989.5,92.2,69.2,1721.0,52.7,22.5,64.0
2024-11-12 19:00:00,26.9,41,12.6,0.0,10.2,312,20.5,989.9,105.2,79.4,1436.0,62.2,25.3,43.0
2024-11-12 20:00:00,25.8,47,13.6,0.0,9.1,322,20.5,990.2,113.6,84.5,1211.0,67.1,26.7,28.0
2024-11-12 21:00:00,24.8,50,13.8,0.0,8.3,326,18.0,990.5,117.1,84.3,1164.0,63.6,25.2,25.0
2024-11-12 22:00:00,23.8,53,13.6,0.0,8.3,327,16.6,990.2,122.0,85.0,1175.0,55.5,22.2,29.0
2024-11-12 23:00:00,22.6,56,13.6,0.0,8.0,326,16.6,989.8,127.6,89.2,1156.0,47.2,19.7,33.0
2024-11-13 00:00:00,21.8,60,13.6,0.0,7.9,325,16.2,989.3,133.2,95.9,1049.0,39.4,18.3,38.0
2024-11-13 01:00:00,21.1,62,13.6,0.0,5.5,316,15.8,988.7,138.8,104.1,911.0,31.3,17.4,43.0
2024-11-13 02:00:00,20.7,64,13.6,0.0,5.6,320,11.2,988.3,143.4,112.5,821.0,25.5,17.1,47.0
2024-11-13 03:00:00,20.4,65,13.6,0.0,6.6,315,13.0,988.2,147.6,120.6,792.0,22.6,17.3,47.0
2024-11-13 04:00:00,20.0,67,13.6,0.0,6.6,315,13.7,988.3,152.7,128.5,812.0,21.8,18.2,46.0
2024-11-13 05:00:00,19.3,70,13.6,0.0,5.2,316,13.0,988.5,162.5,141.1,923.0,19.1,20.9,55.0
2024-11-13 06:00:00,18.9,89,17.0,0.0,4.4,305,11.2,989.5,170.9,150.9,1245.0,26.1,22.8,47.0
2024-11-13 07:00:00,19.2,88,17.1,0.0,5.9,297,10.4,990.3,181.1,162.1,1659.0,35.4,25.6,38.0
2024-11-13 08:00:00,21.2,79,17.4,0.0,4.5,293,13.0,991.2,179.3,164.4,1851.0,39.7,28.6,43.0
2024-11-13 09:00:00,23.9,67,17.5,0.0,4.3,298,15.1,991.9,180.2,162.5,1612.0,34.1,32.6,77.0
2024-11-13 10:00:00,26.3,55,16.5,0.0,5.3,308,18.7,991.5,176.5,155.1,1151.0,23.5,36.9,126.0
2024-11-13 11:00:00,28.0,45,14.9,0.0,7.4,309,23.4,990.6,174.2,149.9,781.0,14.8,38.5,161.0
2024-11-13 12:00:00,29.3,37,13.2,0.0,8.9,306,26.3,989.7,159.3,134.1,611.0,9.7,35.0,172.0
2024-11-13 13:00:00,30.0,33,12.1,0.0,9.7,305,27.7,988.6,134.6,110.1,531.0,6.6,28.8,169.0
2024-11-13 14:00:00,30.2,31,11.2,0.0,9.7,305,27.7,987.7,114.3,90.8,533.0,7.6,24.0,159.0
2024-11-13 15:00:00,30.0,30,10.6,0.0,9.4,306,27.0,987.4,106.2,82.2,621.0,14.8,21.9,142.0
2024-11-13 16:00:00,29.1,32,10.6,0.0,8.3,311,24.8,987.5,105.7,82.0,790.0,26.2,21.1,117.0
2024-11-13 17:00:00,27.5,37,11.4,0.0,5.1,315,20.2,987.8,162.5,133.6,1011.0,42.6,26.4,91.0
2024-11-13 18:00:00,25.5,53,15.1,0.0,5.1,324,13.0,988.9,177.0,147.6,1324.0,54.5,29.9,72.0
2024-11-13 19:00:00,24.5,57,15.4,0.0,4.4,322,10.4,989.5,195.6,163.9,1689.0,71.2,35.1,46.0
2024-11-13 20:00:00,23.5,60,15.4,0.0,4.2,317,9.0,990.0,212.8,178.3,1962.0,85.4,41.2,24.0
2024-11-13 21:00:00,22.6,64,15.4,0.0,4.0,342,8.3,990.2,228.6,192.3,2059.0,95.0,49.1,12.0
2024-11-13 22:00:00,21.5,69,15.6,0.0,3.6,342,8.3,990.2,243.1,204.4,2064.0,102.1,58.0,5.0
2024-11-13 23:00:00,20.6,73,15.7,0.0,3.2,326,7.6,990.0,253.3,213.7,2083.0,105.7,64.0,1.0
2024-11-14 00:00:00,20.3,75,15.6,0.0,1.5,234,6.1,989.7,257.0,217.0,2168.0,105.0,65.1,0.0
2024-11-14 01:00:00,19.8,78,15.8,0.0,0.6,146,3.2,989.6,258.9,217.5,2267.0,100.9,63.5,1.0
2024-11-14 02:00:00,18.8,82,15.6,0.0,1.8,135,3.2,989.6,258.0,215.6,2333.0,94.9,61.4,3.0
2024-11-14 03:00:00,18.5,83,15.5,0.0,1.5,126,6.8,989.8,251.5,210.9,2302.0,85.7,59.3,7.0
2024-11-14 04:00:00,18.0,85,15.4,0.0,2.0,27,5.8,989.9,245.9,206.8,2238.0,74.7,56.8,13.0
2024-11-14 05:00:00,17.1,89,15.4,0.0,2.4,36,5.8,990.3,242.1,198.8,2282.0,54.1,33.2,30.0
2024-11-14 06:00:00,16.5,99,16.4,0.0,4.5,37,9.0,991.6,251.5,209.1,2634.0,58.5,35.5,25.0
2024-11-14 07:00:00,16.8,98,16.5,0.0,4.0,36,9.7,992.4,270.1,228.2,3094.0,64.1,38.9,21.0
2024-11-14 08:00:00,19.2,85,16.6,0.0,1.4,23,9.7,993.5,249.6,220.7,3199.0,64.6,43.4,32.0
2024-11-14 09:00:00,22.6,69,16.7,0.0,1.6,6,11.5,994.2,231.4,199.3,2608.0,55.4,51.2,73.0
2024-11-14 10:00:00,25.5,58,16.5,0.0,0.5,315,12.2,994.2,216.1,182.1,1663.0,41.1,60.0,130.0
2024-11-14 11:00:00,27.5,45,14.6,0.0,2.1,308,14.0,993.4,197.9,166.2,929.0,28.7,63.0,171.0
2024-11-14 12:00:00,28.9,37,12.6,0.0,3.6,315,16.9,992.4,162.5,136.9,642.0,19.0,54.9,184.0
2024-11-14 13:00:00,29.8,32,11.1,0.0,5.4,312,19.8,991.4,124.3,103.8,566.0,11.1,40.9,182.0
2024-11-14 14:00:00,30.0,29,10.1,0.0,7.2,307,22.3,990.5,98.7,81.7,558.0,10.0,30.0,171.0
2024-11-14 15:00:00,29.8,28,9.5,0.0,8.2,299,22.3,990.1,86.6,71.9,566.0,20.4,25.8,148.0
2024-11-14 16:00:00,29.0,30,9.6,0.0,8.0,293,22.7,990.0,85.7,72.9,641.0,37.5,24.7,116.0
2024-11-14 17:00:00,27.1,36,10.6,0.0,4.6,296,19.1,990.1,123.4,109.0,798.0,51.4,27.9,84.0
2024-11-14 18:00:00,24.3,55,14.6,0.0,2.9,60,7.9,991.0,133.2,119.2,1131.0,55.1,28.9,72.0
2024-11-14 19:00:00,23.0,66,16.3,0.0,1.5,97,6.8,991.4,136.9,123.4,1545.0,59.8,30.1,56.0
2024-11-14 20:00:00,21.9,71,16.5,0.0,1.1,72,4.0,991.8,134.1,120.6,1773.0,61.3,30.4,45.0
2024-11-14 21:00:00,21.1,75,16.6,0.0,1.5,353,3.6,991.9,129.9,116.2,1637.0,56.8,28.8,44.0
2024-11-14 22:00:00,20.8,74,15.9,0.0,4.5,326,8.6,991.9,126.2,112.5,1314.0,48.9,26.2,47.0
2024-11-14 23:00:00,20.8,70,15.1,0.0,5.0,314,10.8,991.7,123.9,110.4,1066.0,41.8,24.2,51.0
2024-11-15 00:00:00,20.1,70,14.4,0.0,3.6,307,10.1,991.3,124.3,110.6,997.0,36.1,23.4,53.0
2024-11-15 01:00:00,19.5,70,13.9,0.0,3.5,309,7.6,990.9,127.6,113.6,1003.0,31.0,23.2,55.0
2024-11-15 02:00:00,18.9,73,13.9,0.0,3.2,313,7.2,990.5,132.7,119.0,1029.0,28.4,23.7,55.0
2024-11-15 03:00:00,18.4,75,13.8,0.0,3.1,306,6.5,990.2,140.2,126.2,1023.0,29.8,25.1,50.0
2024-11-15 04:00:00,18.0,77,13.8,0.0,3.0,287,5.8,990.0,147.6,133.2,1037.0,33.7,27.3,43.0
2024-11-15 05:00:00,17.9,76,13.6,0.0,3.5,285,6.1,990.1,150.4,136.0,1175.0,29.4,28.2,51.0
2024-11-15 06:00:00,17.9,82,14.8,0.0,4.8,299,9.0,991.7,160.2,146.7,1620.0,35.6,31.2,43.0
2024-11-15 07:00:00,18.5,78,14.7,0.0,5.7,307,10.4,992.3,171.4,159.7,2190.0,43.7,35.3,35.0
2024-11-15 08:00:00,20.6,69,14.8,0.0,3.6,303,11.2,992.8,166.7,157.4,2440.0,46.6,38.7,40.0
2024-11-15 09:00:00,23.6,57,14.6,0.0,3.1,283,12.6,993.4,154.6,143.4,2069.0,39.4,41.5,74.0
2024-11-15 10:00:00,26.2,46,13.6,0.0,4.8,283,17.3,993.5,147.6,133.6,1378.0,26.9,43.7,122.0
2024-11-15 11:00:00,27.9,37,11.6,0.0,7.9,290,23.8,992.6,127.1,113.6,829.0,16.6,42.9,157.0
2024-11-15 12:00:00,28.8,32,10.6,0.0,10.1,295,28.4,991.3,103.8,91.7,597.0,10.2,36.8,167.0
2024-11-15 13:00:00,29.1,30,9.9,0.0,11.1,295,30.6,990.3,84.1,74.0,506.0,6.1,27.7,164.0
2024-11-15 14:00:00,29.2,29,9.4,0.0,11.4,297,30.6,989.6,69.8,61.5,490.0,6.6,20.9,154.0
2024-11-15 15:00:00,28.9,28,8.6,0.0,11.5,300,30.2,989.2,62.2,55.4,555.0,14.8,18.6,135.0
2024-11-15 16:00:00,28.1,29,8.6,0.0,10.2,307,28.8,988.9,60.5,54.8,695.0,27.6,18.5,109.0
2024-11-15 17:00:00,26.5,34,9.2,0.0,7.8,314,23.8,989.1,89.2,82.9,826.0,37.8,21.7,88.0
2024-11-15 18:00:00,25.7,42,12.0,0.0,8.3,318,16.9,989.7,95.9,89.9,933.0,39.1,22.6,82.0
2024-11-15 19:00:00,24.9,46,12.4,0.0,8.0,316,16.2,990.1,102.7,96.4,1032.0,40.7,23.9,73.0
2024-11-15 20:00:00,23.9,51,13.1,0.0,9.0,317,18.0,990.3,109.9,103.1,1087.0,40.4,24.5,67.0
2024-11-15 21:00:00,23.1,55,13.6,0.0,8.5,316,18.0,990.3,118.0,110.6,1077.0,36.8,24.0,67.0
2024-11-15 22:00:00,22.4,59,13.9,0.0,8.1,331,16.6,990.2,124.8,117.3,1023.0,31.3,22.8,71.0
2024-11-15 23:00:00,21.1,65,14.2,0.0,8.4,341,16.9,989.8,129.0,121.1,951.0,26.3,21.9,73.0
2024-11-16 00:00:00,20.1,70,14.4,0.0,6.5,336,16.6,989.3,131.3,123.4,844.0,22.3,21.5,73.0
2024-11-16 01:00:00,19.5,73,14.6,0.0,4.9,321,13.0,989.5,133.2,125.7,719.0,18.9,21.4,72.0
2024-11-16 02:00:00,19.0,76,14.6,0.0,3.6,297,9.7,989.3,136.4,128.5,649.0,17.1,21.5,70.0
2024-11-16 03:00:00,18.6,78,14.6,0.0,3.6,279,7.6,989.3,140.2,132.2,640.0,17.2,21.6,65.0
2024-11-16 04:00:00,18.5,78,14.6,0.0,4.0,273,7.9,989.3,143.4,135.5,685.0,18.9,21.9,59.0
2024-11-16 05:00:00,18.4,79,14.6,0.0,4.5,275,9.0,989.5,160.2,151.8,839.0,36.1,27.6,38.0
2024-11-16 06:00:00,18.1,84,15.4,0.0,5.7,259,11.5,990.1,163.4,155.5,1243.0,39.8,30.0,35.0
2024-11-16 07:00:00,18.3,83,15.3,0.0,6.5,272,11.5,990.4,170.9,163.4,1756.0,44.5,33.3,33.0
2024-11-16 08:00:00,20.1,74,15.2,0.0,4.7,274,13.3,991.0,166.2,160.2,2004.0,44.9,36.1,42.0
2024-11-16 09:00:00,22.9,62,15.1,0.0,4.4,291,15.1,991.7,158.3,149.9,1741.0,37.1,38.3,75.0
2024-11-16 10:00:00,25.3,52,14.8,0.0,6.0,295,19.4,991.9,151.3,139.7,1214.0,25.1,40.0,120.0
2024-11-16 11:00:00,27.0,44,13.6,0.0,7.4,288,23.0,991.1,142.5,129.0,786.0,15.4,39.5,152.0
2024-11-16 12:00:00,28.3,37,12.1,0.0,8.7,292,25.9,990.3,129.5,115.0,587.0,9.4,35.1,163.0
2024-11-16 13:00:00,29.0,32,10.4,0.0,9.8,305,28.1,989.2,112.5,98.7,487.0,5.8,28.5,161.0
2024-11-16 14:00:00,28.9,31,10.2,0.0,10.4,312,28.8,988.6,96.9,84.8,463.0,7.4,23.7,152.0
2024-11-16 15:00:00,28.5,33,10.7,0.0,10.6,317,28.8,988.3,89.2,78.7,530.0,18.1,22.2,131.0
2024-11-16 16:00:00,27.7,34,10.6,0.0,9.8,322,27.4,988.3,89.9,81.3,672.0,34.1,22.4,102.0
2024-11-16 17:00:00,26.3,39,11.4,0.0,7.7,323,23.4,988.5,121.1,110.8,818.0,61.8,29.5,74.0
2024-11-16 18:00:00,25.6,41,11.4,0.0,4.7,317,14.0,988.9,126.2,116.9,967.0,64.0,30.9,65.0
2024-11-16 19:00:00,24.8,44,11.8,0.0,5.2,338,10.4,989.4,131.3,122.5,1120.0,66.6,32.8,52.0
2024-11-16 20:00:00,23.6,50,12.5,0.0,7.5,349,14.8,990.0,135.5,126.7,1201.0,65.2,33.3,46.0
2024-11-16 21:00:00,22.5,56,13.3,0.0,8.0,354,16.9,990.3,140.2,131.3,1163.0,56.3,31.4,52.0
2024-11-16 22:00:00,21.7,60,13.7,0.0,6.4,350,16.2,990.3,136.0,128.1,1054.0,43.4,28.2,64.0
2024-11-16 23:00:00,20.9,65,13.9,0.0,3.9,338,12.6,990.2,134.1,127.1,944.0,32.6,25.4,72.0
2024-11-17 00:00:00,20.1,69,14.1,0.0,3.3,324,8.3,989.8,135.5,129.0,823.0,25.9,23.5,73.0
2024-11-17 01:00:00,19.6,71,14.2,0.0,4.0,328,8.3,989.6,138.8,132.2,701.0,21.3,21.9,71.0
2024-11-17 02:00:00,19.1,73,14.2,0.0,3.9,304,8.3,989.3,141.6,135.0,682.0,18.5,20.9,68.0
2024-11-17 03:00:00,19.0,74,14.3,0.0,4.2,295,8.3,989.4,143.0,136.9,817.0,17.4,20.3,64.0
2024-11-17 04:00:00,18.9,75,14.2,0.0,4.8,304,9.4,989.2,145.3,138.8,1054.0,18.0,20.1,59.0
2024-11-17 05:00:00,18.5,77,14.3,0.0,4.7,313,9.4,989.6,144.8,139.2,1343.0,23.4,23.2,51.0
2024-11-17 06:00:00,16.9,90,15.2,0.0,4.2,340,9.4,990.2,149.0,143.9,1791.0,28.7,24.6,44.0
2024-11-17 07:00:00,17.2,88,15.2,0.0,4.8,323,8.6,990.6,155.1,149.9,2291.0,35.7,26.7,36.0
2024-11-17 08:00:00,19.4,78,15.4,0.0,2.8,297,10.4,991.7,154.6,150.4,2474.0,38.7,29.1,39.0
2024-11-17 09:00:00,22.2,66,15.6,0.0,2.6,304,12.2,992.6,148.1,142.0,2056.0,34.0,32.5,63.0
2024-11-17 10:00:00,24.8,56,15.4,0.0,3.7,325,15.8,992.7,135.5,128.1,1320.0,25.2,36.3,98.0
2024-11-17 11:00:00,26.5,49,14.8,0.0,6.0,331,20.9,992.0,126.7,116.6,753.0,18.0,38.4,128.0
2024-11-17 12:00:00,27.6,43,14.0,0.0,6.9,332,23.4,991.0,121.1,109.4,551.0,12.7,37.6,149.0
2024-11-17 13:00:00,28.4,39,13.2,0.0,7.8,314,24.1,989.8,117.8,105.7,516.0,9.0,35.2,165.0
2024-11-17 14:00:00,28.5,37,12.4,0.0,8.5,312,24.8,989.3,114.6,102.7,542.0,10.8,32.8,167.0
2024-11-17 15:00:00,28.1,37,11.9,0.0,8.4,317,24.8,988.8,105.9,95.2,623.0,23.0,31.0,147.0
2024-11-17 16:00:00,27.4,38,11.6,0.0,8.7,317,23.4,988.9,103.6,95.5,764.0,40.7,29.2,114.0
2024-11-17 17:00:00,26.0,43,12.5,0.0,8.3,321,21.6,989.2,167.6,154.1,879.0,59.3,34.8,82.0
2024-11-17 18:00:00,24.2,49,12.9,0.0,6.6,319,13.0,990.0,171.4,159.3,935.0,58.6,33.3,73.0
2024-11-17 19:00:00,23.2,55,13.8,0.0,8.4,320,16.6,990.6,168.6,157.4,965.0,57.3,31.1,60.0
2024-11-17 20:00:00,22.5,58,13.8,0.0,8.8,313,17.6,991.0,161.6,151.3,978.0,54.0,28.7,51.0
2024-11-17 21:00:00,21.6,60,13.6,0.0,8.3,316,17.3,991.2,156.0,145.8,979.0,47.3,26.0,49.0
2024-11-17 22:00:00,20.8,63,13.4,0.0,7.7,319,16.6,991.1,150.9,140.6,963.0,38.6,23.0,51.0
2024-11-17 23:00:00,20.0,66,13.4,0.0,7.4,313,15.1,991.1,146.2,136.0,925.0,31.3,20.6,53.0
2024-11-18 00:00:00,19.3,68,13.1,0.0,7.5,307,14.8,990.9,143.9,132.7,843.0,26.5,18.9,53.0
2024-11-18 01:00:00,18.8,67,12.6,0.0,7.5,312,14.8,990.7,143.4,132.2,740.0,23.2,17.7,53.0
2024-11-18 02:00:00,18.1,68,12.2,0.0,7.3,314,14.8,990.6,143.4,132.2,674.0,20.8,17.0,52.0
2024-11-18 03:00:00,17.5,70,11.9,0.0,6.9,311,14.4,990.8,144.4,132.7,649.0,19.1,16.6,52.0
2024-11-18 04:00:00,16.9,72,11.8,0.0,7.0,314,14.0,991.0,143.9,132.7,662.0,18.4,16.7,52.0
2024-11-18 05:00:00,16.4,74,11.9,0.0,6.6,313,13.7,991.2,149.0,136.9,761.0,19.4,18.1,53.0
2024-11-18 06:00:00,15.9,91,14.4,0.0,5.9,310,12.6,991.9,149.9,138.8,1060.0,25.8,20.3,46.0
2024-11-18 07:00:00,16.2,90,14.6,0.0,6.4,299,11.9,992.6,153.7,143.0,1446.0,34.2,23.4,37.0
2024-11-18 08:00:00,18.0,82,14.8,0.0,4.2,282,12.2,993.4,149.5,142.0,1629.0,37.8,26.4,40.0
2024-11-18 09:00:00,20.5,72,15.2,0.0,4.3,285,15.1,994.2,140.6,130.9,1418.0,32.1,29.5,67.0
2024-11-18 10:00:00,22.8,61,14.8,0.0,6.5,300,20.2,994.2,121.5,111.5,1005.0,21.7,32.6,106.0
2024-11-18 11:00:00,24.2,50,13.2,0.0,7.3,308,23.4,993.7,91.3,82.0,677.0,13.4,33.8,137.0
2024-11-18 12:00:00,25.4,43,11.9,0.0,7.0,310,23.4,992.4,69.6,61.5,531.0,8.2,31.5,153.0
2024-11-18 13:00:00,26.1,38,10.6,0.0,7.1,313,23.0,991.7,62.9,55.3,469.0,5.2,27.4,159.0
2024-11-18 14:00:00,26.4,35,9.6,0.0,7.1,317,23.0,991.1,58.2,51.3,489.0,7.8,24.6,156.0
2024-11-18 15:00:00,26.1,35,9.3,0.0,6.8,325,22.3,990.6,54.9,48.9,611.0,20.4,24.5,137.0
2024-11-18 16:00:00,25.5,36,9.4,0.0,6.9,332,20.2,990.7,54.5,49.6,814.0,38.8,25.7,109.0
2024-11-18 17:00:00,24.0,41,10.0,0.0,5.8,338,17.6,991.0,110.8,99.4,1032.0,56.8,27.8,71.0
2024-11-18 18:00:00,22.1,56,12.8,0.0,3.4,328,9.4,991.3,115.9,105.9,1296.0,59.1,28.9,62.0
2024-11-18 19:00:00,21.3,59,12.9,0.0,3.3,306,6.5,991.7,116.9,108.0,1575.0,62.2,30.3,49.0
2024-11-18 20:00:00,20.8,58,12.2,0.0,4.2,295,7.9,992.3,115.7,107.8,1711.0,63.2,30.8,39.0
2024-11-18 21:00:00,20.5,57,11.7,0.0,5.2,290,10.1,992.6,115.0,107.6,1595.0,60.8,29.7,35.0
2024-11-18 22:00:00,19.9,58,11.4,0.0,6.5,294,12.6,992.8,114.1,107.3,1337.0,56.4,27.6,34.0
2024-11-18 23:00:00,19.1,60,11.2,0.0,6.3,301,12.6,992.5,112.0,105.7,1109.0,51.6,25.5,34.0
2024-11-19 00:00:00,18.4,62,11.1,0.0,6.5,309,13.0,992.2,109.9,104.1,969.0,46.4,23.5,34.0
2024-11-19 01:00:00,17.8,64,10.9,0.0,6.8,312,13.3,992.1,108.3,102.9,860.0,40.7,21.5,35.0
2024-11-19 02:00:00,17.2,65,10.6,0.0,6.4,320,13.3,991.8,106.4,101.3,784.0,36.1,19.9,36.0
2024-11-19 03:00:00,16.5,68,10.6,0.0,5.4,320,12.6,991.7,103.8,99.2,709.0,32.8,18.8,37.0
2024-11-19 04:00:00,15.9,70,10.5,0.0,5.2,314,10.8,991.9,101.0,96.9,667.0,30.5,18.1,38.0
2024-11-19 05:00:00,15.4,72,10.4,0.0,4.6,301,10.1,992.1,109.2,104.8,751.0,37.0,20.4,31.0
2024-11-19 06:00:00,14.4,81,11.2,0.0,5.2,292,11.2,992.7,112.2,108.3,1114.0,39.7,22.3,28.0
2024-11-19 07:00:00,14.8,78,11.1,0.0,6.4,286,11.5,993.6,119.7,115.7,1604.0,43.0,25.1,26.0
2024-11-19 08:00:00,16.6,69,11.0,0.0,5.3,288,13.7,994.5,115.3,112.5,1849.0,42.9,27.5,36.0
2024-11-19 09:00:00,19.6,57,10.9,0.0,4.5,286,15.1,995.6,107.8,105.2,1616.0,36.3,29.7,71.0
2024-11-19 10:00:00,22.3,47,10.6,0.0,5.2,292,18.4,995.7,92.7,89.9,1140.0,26.3,31.7,120.0
2024-11-19 11:00:00,24.2,39,9.5,0.0,6.4,302,21.2,995.1,71.9,69.2,754.0,18.0,32.1,156.0
2024-11-19 12:00:00,25.4,32,7.5,0.0,8.8,314,26.3,994.0,47.4,44.9,572.0,11.3,29.6,172.0
2024-11-19 13:00:00,25.9,29,6.6,0.0,8.8,321,26.6,993.1,42.8,40.2,479.0,6.2,25.6,177.0
2024-11-19 14:00:00,26.1,28,6.3,0.0,8.3,326,26.3,992.3,41.4,38.6,470.0,8.1,23.0,171.0
2024-11-19 15:00:00,25.7,29,6.3,0.0,8.4,326,24.5,991.7,40.5,37.8,566.0,22.2,23.2,150.0
2024-11-19 16:00:00,24.9,31,6.4,0.0,8.1,328,23.0,991.5,43.7,41.6,744.0,43.1,24.8,118.0
2024-11-19 17:00:00,23.4,35,7.2,0.0,6.4,333,19.4,991.9,113.9,107.8,931.0,66.1,30.3,80.0
2024-11-19 18:00:00,22.0,42,8.6,0.0,4.3,345,10.8,992.3,129.5,123.4,1132.0,71.2,32.9,66.0
2024-11-19 19:00:00,21.2,45,8.8,0.0,4.5,326,9.0,992.6,136.0,130.9,1340.0,78.0,36.5,47.0
2024-11-19 20:00:00,20.5,46,8.6,0.0,5.1,318,10.1,992.9,136.9,131.8,1467.0,81.2,38.3,33.0
2024-11-19 21:00:00,19.9,48,8.4,0.0,5.9,315,11.5,993.3,135.0,130.4,1463.0,78.2,37.1,28.0
2024-11-19 22:00:00,19.1,50,8.3,0.0,6.4,320,12.6,993.0,133.2,129.0,1376.0,71.7,34.3,28.0
2024-11-19 23:00:00,18.1,53,8.3,0.0,6.3,323,12.6,992.7,129.0,124.8,1262.0,64.2,31.1,30.0
2024-11-20 00:00:00,17.4,55,8.2,0.0,5.5,319,12.2,992.0,122.9,119.2,1112.0,55.8,27.7,33.0
2024-11-20 01:00:00,17.0,56,8.1,0.0,6.0,314,11.5,991.6,116.9,113.4,935.0,46.4,23.9,37.0
2024-11-20 02:00:00,16.5,57,8.1,0.0,6.1,310,11.9,991.1,112.7,109.2,808.0,38.7,21.1,41.0
2024-11-20 03:00:00,16.1,59,8.1,0.0,6.1,313,11.9,990.7,109.4,106.2,731.0,33.3,19.5,43.0
2024-11-20 04:00:00,15.6,61,8.1,0.0,6.0,311,11.9,990.7,107.1,104.1,704.0,29.5,18.9,44.0
2024-11-20 05:00:00,15.1,63,8.1,0.0,6.0,303,11.9,990.9,116.2,113.2,811.0,36.4,21.8,35.0
2024-11-20 06:00:00,13.9,76,9.8,0.0,6.0,303,12.6,991.8,117.3,114.6,1210.0,39.3,23.7,32.0
2024-11-20 07:00:00,14.2,75,9.8,0.0,6.4,297,11.9,992.5,123.4,120.6,1741.0,42.9,26.4,31.0
2024-11-20 08:00:00,16.1,66,9.9,0.0,5.7,294,13.0,993.4,119.7,117.8,2010.0,43.0,29.0,42.0
2024-11-20 09:00:00,19.1,55,9.8,0.0,4.0,291,14.8,994.2,114.1,112.0,1767.0,36.5,31.5,79.0
2024-11-20 10:00:00,22.1,45,9.8,0.0,4.6,291,16.9,994.0,101.3,98.7,1262.0,26.5,33.9,129.0
2024-11-20 11:00:00,24.2,37,8.5,0.0,6.2,303,20.5,993.5,81.7,79.2,847.0,18.4,35.2,167.0
2024-11-20 12:00:00,25.5,29,6.3,0.0,7.8,316,24.5,992.4,63.8,61.0,634.0,11.8,34.3,187.0
2024-11-20 13:00:00,26.1,27,5.5,0.0,8.2,322,25.2,991.5,55.8,52.9,511.0,7.1,32.2,195.0
2024-11-20 14:00:00,26.2,27,5.6,0.0,8.0,326,24.8,990.8,53.1,50.2,499.0,10.5,31.1,190.0
2024-11-20 15:00:00,26.0,27,5.8,0.0,8.2,328,23.8,990.5,51.2,48.5,643.0,28.1,31.3,166.0
2024-11-20 16:00:00,25.1,29,5.9,0.0,7.3,335,22.7,990.7,55.2,53.0,897.0,53.8,32.5,130.0
2024-11-20 17:00:00,23.3,35,6.9,0.0,5.0,339,18.0,991.0,106.6,103.1,1150.0,81.5,36.5,89.0
2024-11-20 18:00:00,22.0,44,9.3,0.0,3.5,345,8.6,991.5,120.1,116.6,1392.0,85.6,40.6,75.0
2024-11-20 19:00:00,21.0,47,9.3,0.0,3.6,333,7.2,991.8,133.2,130.4,1633.0,91.2,46.2,55.0
2024-11-20 20:00:00,20.1,50,9.2,0.0,3.9,336,7.9,992.0,144.4,141.6,1783.0,94.6,50.1,38.0
2024-11-20 21:00:00,19.1,54,9.6,0.0,4.0,324,7.9,992.2,153.7,150.9,1802.0,94.3,51.2,28.0
2024-11-20 22:00:00,18.6,55,9.4,0.0,4.6,321,9.0,992.1,158.8,156.5,1730.0,91.7,50.5,22.0
2024-11-20 23:00:00,18.0,57,9.4,0.0,4.7,328,9.4,991.8,157.9,155.5,1602.0,87.7,48.0,18.0
2024-11-21 00:00:00,17.2,60,9.4,0.0,4.9,324,9.7,991.2,152.3,149.9,1390.0,82.1,42.7,16.0
2024-11-21 01:00:00,16.8,61,9.3,0.0,6.1,330,11.5,990.7,144.8,143.0,1122.0,75.1,35.7,16.0
2024-11-21 02:00:00,16.2,63,9.2,0.0,6.1,330,11.9,990.4,137.4,135.5,913.0,67.7,29.9,18.0
2024-11-21 03:00:00,15.6,66,9.2,0.0,6.0,327,12.2,990.3,130.4,128.5,772.0,59.1,26.4,21.0
2024-11-21 04:00:00,15.2,67,9.1,0.0,5.7,316,11.9,990.4,123.9,122.5,690.0,50.2,24.1,26.0
2024-11-21 05:00:00,14.9,68,8.9,0.0,6.3,307,12.2,990.4,138.3,136.9,760.0,55.1,27.5,18.0
2024-11-21 06:00:00,13.9,75,9.5,0.0,6.5,300,12.6,991.4,139.7,138.3,1147.0,55.3,28.9,18.0
2024-11-21 07:00:00,14.2,72,9.2,0.0,6.8,299,12.6,992.1,146.2,144.8,1684.0,55.1,31.0,19.0
2024-11-21 08:00:00,15.9,64,9.2,0.0,5.1,288,13.3,993.1,139.2,138.3,1966.0,51.7,34.0,35.0
2024-11-21 09:00:00,19.0,53,9.2,0.0,3.8,287,13.7,993.8,130.4,129.5,1742.0,42.2,39.1,78.0
2024-11-21 10:00:00,22.0,46,9.9,0.0,5.0,289,17.3,993.8,103.1,102.0,1262.0,29.4,45.1,136.0
2024-11-21 11:00:00,24.0,40,9.5,0.0,6.7,301,21.6,993.3,77.5,75.9,870.0,19.3,48.1,178.0
2024-11-21 12:00:00,25.1,33,7.9,0.0,7.7,307,24.1,992.2,58.9,56.8,669.0,12.3,45.6,195.0
2024-11-21 13:00:00,25.8,30,7.1,0.0,7.4,313,24.1,991.1,50.5,48.2,555.0,8.0,40.2,197.0
2024-11-21 14:00:00,26.1,29,6.6,0.0,7.4,319,23.4,990.6,48.1,45.8,559.0,11.0,36.1,188.0
2024-11-21 15:00:00,25.8,29,6.4,0.0,7.5,325,22.7,990.0,46.9,44.7,730.0,26.3,34.6,164.0
2024-11-21 16:00:00,24.9,31,6.6,0.0,6.8,331,21.2,990.1,50.5,48.7,1019.0,49.0,34.4,129.0
2024-11-21 17:00:00,23.0,38,7.7,0.0,4.6,339,16.6,990.4,93.8,90.3,1309.0,67.7,37.5,96.0
2024-11-21 18:00:00,22.5,42,8.9,0.0,4.6,318,9.7,991.0,111.1,107.6,1591.0,74.6,40.4,79.0
2024-11-21 19:00:00,21.8,44,8.9,0.0,4.7,302,9.4,991.2,124.8,121.5,1874.0,84.0,44.4,55.0
2024-11-21 20:00:00,21.0,46,9.1,0.0,4.9,303,9.7,991.6,138.3,135.0,2064.0,91.1,47.8,35.0
2024-11-21 21:00:00,20.0,51,9.5,0.0,4.6,309,10.1,991.7,151.8,148.5,2114.0,94.1,50.6,23.0
2024-11-21 22:00:00,19.0,56,9.9,0.0,4.1,315,9.4,991.6,163.0,159.3,2072.0,94.6,52.8,16.0
2024-11-21 23:00:00,18.1,60,10.1,0.0,3.9,326,7.9,991.4,167.6,163.9,1985.0,93.1,52.5,11.0
2024-11-22 00:00:00,17.4,63,10.4,0.0,4.0,324,7.9,990.9,167.2,163.4,1843.0,88.7,48.0,9.0
2024-11-22 01:00:00,16.8,67,10.6,0.0,3.7,325,7.6,990.6,163.9,160.2,1656.0,82.2,41.1,9.0
2024-11-22 02:00:00,16.3,68,10.4,0.0,4.0,342,7.9,990.3,160.2,156.5,1500.0,76.0,35.3,10.0
2024-11-22 03:00:00,15.7,71,10.4,0.0,4.2,348,9.4,990.3,157.4,153.2,1353.0,70.7,31.7,9.0
2024-11-22 04:00:00,14.9,75,10.6,0.0,3.7,321,8.6,990.1,155.5,151.3,1236.0,65.7,29.4,9.0
2024-11-22 05:00:00,14.7,76,10.5,0.0,4.0,291,7.6,990.1,160.2,156.5,1293.0,65.0,28.7,8.0
2024-11-22 06:00:00,13.8,84,11.1,0.0,3.7,281,7.2,991.1,170.4,166.7,1740.0,67.0,32.4,5.0
2024-11-22 07:00:00,14.7,78,10.9,0.0,4.9,278,8.3,991.6,189.5,185.3,2361.0,69.1,37.5,3.0
2024-11-22 08:00:00,16.6,69,10.9,0.0,4.9,274,11.2,992.7,188.1,185.8,2644.0,66.8,42.0,17.0
2024-11-22 09:00:00,19.6,56,10.6,0.0,3.4,288,12.6,993.6,164.4,161.6,2258.0,56.0,45.6,63.0
2024-11-22 10:00:00,22.5,47,10.7,0.0,3.3,292,14.4,994.0,139.7,136.4,1535.0,40.7,48.6,126.0
2024-11-22 11:00:00,24.5,41,10.2,0.0,4.4,305,17.3,993.2,116.9,113.2,960.0,27.9,49.8,175.0
2024-11-22 12:00:00,25.5,36,9.5,0.0,6.5,318,21.6,992.1,92.9,88.9,709.0,17.9,47.6,199.0
2024-11-22 13:00:00,26.1,34,8.9,0.0,7.5,325,23.8,991.2,85.4,81.5,606.0,10.5,43.6,209.0
2024-11-22 14:00:00,26.3,32,8.2,0.0,7.8,328,23.8,990.4,80.6,77.1,612.0,12.0,40.8,204.0
2024-11-22 15:00:00,26.0,33,8.6,0.0,7.3,329,23.8,989.9,77.5,74.3,739.0,28.5,40.0,178.0
2024-11-22 16:00:00,25.2,37,9.3,0.0,7.4,331,20.9,990.0,81.5,78.7,976.0,54.0,40.4,138.0
2024-11-22 17:00:00,23.4,44,10.4,0.0,4.6,347,18.0,989.8,143.9,138.3,1246.0,84.2,47.8,98.0
2024-11-22 18:00:00,22.5,50,11.6,0.0,3.5,351,8.3,990.4,170.4,165.3,1558.0,92.8,54.0,78.0
2024-11-22 19:00:00,21.6,54,12.0,0.0,3.3,338,6.8,990.8,191.9,186.3,1903.0,104.5,62.5,51.0
2024-11-22 20:00:00,20.7,58,12.1,0.0,3.5,336,6.8,991.0,209.5,204.4,2186.0,112.6,69.4,29.0
2024-11-22 21:00:00,19.8,62,12.3,0.0,3.3,331,6.8,991.2,224.9,219.8,2387.0,114.1,73.4,18.0
2024-11-22 22:00:00,18.9,66,12.4,0.0,3.4,328,6.8,991.3,237.5,231.9,2524.0,112.0,75.7,12.0
2024-11-22 23:00:00,18.1,70,12.6,0.0,3.3,331,6.5,990.8,241.2,236.1,2557.0,108.9,75.5,8.0
2024-11-23 00:00:00,17.4,74,12.6,0.0,3.2,333,6.5,990.2,239.3,233.8,2420.0,105.4,71.4,5.0
2024-11-23 01:00:00,16.7,78,12.8,0.0,3.0,335,6.5,989.9,236.1,230.5,2179.0,100.9,64.7,4.0
2024-11-23 02:00:00,15.9,81,12.7,0.0,2.6,348,5.4,989.6,232.8,227.2,1987.0,96.1,58.8,3.0
2024-11-23 03:00:00,15.1,85,12.6,0.0,2.8,349,5.8,989.8,228.6,223.1,1861.0,90.7,54.4,2.0
2024-11-23 04:00:00,14.9,86,12.6,0.0,2.2,312,5.8,989.9,224.4,218.9,1785.0,84.9,50.8,2.0
2024-11-23 05:00:00,14.7,86,12.4,0.0,3.2,267,5.0,990.2,240.3,234.7,1859.0,100.5,70.1,0.0
2024-11-23 06:00:00,13.9,92,12.6,0.0,3.8,265,6.8,991.3,241.2,236.1,2293.0,99.1,69.2,3.0
2024-11-23 07:00:00,14.8,86,12.5,0.0,4.4,277,7.2,992.3,235.2,230.0,2877.0,96.4,67.6,8.0
2024-11-23 08:00:00,17.0,73,12.1,0.0,4.5,263,10.8,993.3,202.1,198.4,3084.0,89.1,64.3,25.0
2024-11-23 09:00:00,20.0,57,11.2,0.0,2.6,245,11.5,994.1,176.5,172.8,2547.0,73.3,58.0,64.0
2024-11-23 10:00:00,23.0,44,10.0,0.0,3.4,227,14.4,994.4,148.5,143.9,1634.0,52.9,50.0,115.0
2024-11-23 11:00:00,25.2,36,9.0,0.0,4.8,233,17.3,993.9,120.6,114.8,921.0,35.8,42.8,153.0
2024-11-23 12:00:00,26.7,30,7.7,0.0,4.2,250,17.6,992.9,97.1,91.0,622.0,21.9,36.6,171.0
2024-11-23 13:00:00,27.5,27,6.8,0.0,3.1,270,16.9,991.9,81.0,75.4,525.0,11.4,31.1,177.0
2024-11-23 14:00:00,27.8,25,6.2,0.0,2.1,290,14.8,991.4,67.5,62.9,564.0,12.3,28.3,169.0
2024-11-23 15:00:00,27.5,25,5.9,0.0,1.8,336,12.6,990.9,58.7,54.6,789.0,33.4,28.7,141.0
2024-11-23 16:00:00,26.6,27,6.2,0.0,3.5,28,10.4,990.9,66.6,63.3,1151.0,66.0,31.8,99.0
2024-11-23 17:00:00,24.0,38,8.8,0.0,5.6,61,11.5,991.0,142.5,136.0,1442.0,102.1,46.4,71.0
2024-11-23 18:00:00,23.0,49,11.6,0.0,7.7,101,17.3,991.6,176.0,169.0,1557.0,108.1,56.8,60.0
2024-11-23 19:00:00,22.0,53,12.1,0.0,5.4,111,15.8,992.0,203.5,196.5,1601.0,116.5,71.2,44.0
2024-11-23 20:00:00,20.9,58,12.4,0.0,5.0,116,11.2,992.1,222.6,216.1,1678.0,123.9,82.3,29.0
2024-11-23 21:00:00,19.8,63,12.6,0.0,4.3,138,10.4,992.3,236.1,229.1,1878.0,129.9,88.1,17.0
2024-11-23 22:00:00,19.2,66,12.6,0.0,5.9,178,11.5,992.2,244.0,237.0,2110.0,134.9,90.6,8.0
2024-11-23 23:00:00,19.0,65,12.2,0.0,5.5,203,11.5,991.7,240.3,234.2,2207.0,136.1,88.7,1.0
2024-11-24 00:00:00,19.1,61,11.6,0.0,6.4,227,11.9,991.3,226.8,220.3,2074.0,132.4,80.1,0.0
2024-11-24 01:00:00,19.4,57,10.6,0.0,7.7,237,14.0,991.1,203.0,197.0,1806.0,124.9,67.0,1.0
2024-11-24 02:00:00,19.0,56,10.1,0.0,8.0,247,14.8,990.6,176.0,170.9,1521.0,115.0,55.0,4.0
2024-11-24 03:00:00,18.6,57,9.9,0.0,7.7,245,14.8,990.3,149.0,144.8,1199.0,101.3,45.5,8.0
2024-11-24 04:00:00,18.3,57,9.8,0.0,7.6,251,14.4,990.1,128.1,124.3,860.0,85.2,37.2,13.0
2024-11-24 05:00:00,18.0,58,9.6,0.0,7.9,259,14.4,990.5,134.1,130.4,682.0,90.1,43.3,6.0
2024-11-24 06:00:00,17.0,63,9.9,0.0,8.2,256,15.1,991.8,106.2,103.1,817.0,78.7,38.2,12.0
2024-11-24 07:00:00,17.1,61,9.5,0.0,9.4,259,17.6,992.5,89.9,87.5,1112.0,62.7,31.1,22.0
2024-11-24 08:00:00,18.4,56,9.4,0.0,8.3,272,18.0,993.3,74.5,72.6,1286.0,48.1,25.6,39.0
2024-11-24 09:00:00,20.5,48,9.2,0.0,6.2,277,16.9,994.0,64.5,62.9,1199.0,36.9,23.4,69.0
2024-11-24 10:00:00,23.2,40,8.8,0.0,7.4,288,20.9,994.0,54.8,53.0,990.0,27.2,22.8,107.0
2024-11-24 11:00:00,25.5,33,8.1,0.0,7.9,290,23.4,993.3,47.0,44.6,797.0,19.4,22.2,136.0
2024-11-24 12:00:00,27.0,29,7.3,0.0,8.9,298,25.9,992.3,44.7,41.7,639.0,12.4,20.8,152.0
2024-11-24 13:00:00,27.8,26,6.7,0.0,10.0,298,27.7,991.4,42.8,39.1,497.0,7.4,19.4,161.0
2024-11-24 14:00:00,28.0,25,6.4,0.0,9.8,300,27.7,990.9,42.0,37.7,455.0,8.3,18.9,158.0
2024-11-24 15:00:00,27.8,26,6.4,0.0,9.6,298,26.6,990.4,41.6,37.4,580.0,19.5,19.8,139.0
2024-11-24 16:00:00,26.9,28,7.1,0.0,8.4,298,24.5,990.4,44.7,41.3,805.0,36.7,21.7,109.0
2024-11-24 17:00:00,25.0,34,8.1,0.0,5.4,296,17.3,990.5,73.1,67.1,1018.0,58.7,25.7,75.0
2024-11-24 18:00:00,24.4,38,9.0,0.0,4.8,292,10.4,990.7,80.8,75.7,1216.0,63.4,28.9,63.0
2024-11-24 19:00:00,23.9,40,9.4,0.0,5.3,288,10.4,991.2,85.7,81.5,1402.0,69.6,33.2,47.0
2024-11-24 20:00:00,23.1,43,9.9,0.0,6.2,296,11.9,991.3,87.3,83.6,1465.0,72.6,35.9,35.0
2024-11-24 21:00:00,22.0,47,10.1,0.0,7.4,302,14.0,991.3,88.0,84.5,1311.0,70.1,35.6,31.0
2024-11-24 22:00:00,21.4,50,10.4,0.0,7.4,302,14.4,991.1,88.7,85.4,1034.0,64.4,33.6,31.0
2024-11-24 23:00:00,20.6,54,10.9,0.0,6.9,303,14.0,991.0,88.0,85.0,809.0,58.1,31.1,32.0
2024-11-25 00:00:00,20.1,57,11.3,0.0,6.4,302,13.0,990.6,86.8,83.8,700.0,51.5,28.1,33.0
2024-11-25 01:00:00,19.4,60,11.6,0.0,5.1,288,12.2,990.4,87.5,84.3,643.0,44.3,24.5,34.0
2024-11-25 02:00:00,18.8,63,11.6,0.0,5.3,280,10.1,990.5,89.2,85.7,625.0,38.3,21.8,35.0
2024-11-25 03:00:00,17.9,67,11.8,0.0,4.2,320,10.1,990.7,91.0,87.5,629.0,33.7,20.3,35.0
2024-11-25 04:00:00,17.2,71,11.9,0.0,5.2,299,9.4,990.8,93.8,90.3,673.0,30.2,19.6,35.0
2024-11-25 05:00:00,17.0,71,11.8,0.0,7.2,276,13.7,991.1,88.0,84.8,795.0,22.4,19.2,45.0
2024-11-25 06:00:00,15.9,79,12.3,0.0,7.7,286,14.4,992.0,98.0,94.8,1098.0,27.2,21.6,40.0
2024-11-25 07:00:00,16.0,79,12.5,0.0,8.3,288,15.5,992.8,111.8,108.5,1480.0,33.5,25.0,34.0
2024-11-25 08:00:00,17.6,73,12.7,0.0,6.1,289,15.8,993.6,120.6,118.0,1676.0,36.4,27.8,39.0
2024-11-25 09:00:00,20.1,63,12.9,0.0,4.6,291,15.1,994.5,126.7,122.9,1519.0,32.7,29.6,66.0
2024-11-25 10:00:00,22.9,54,13.1,0.0,5.2,295,17.6,994.4,130.9,126.7,1177.0,25.5,30.8,105.0
2024-11-25 11:00:00,24.7,44,11.6,0.0,8.6,300,24.8,993.3,127.6,121.5,885.0,19.2,31.8,136.0
2024-11-25 12:00:00,25.6,36,9.4,0.0,10.7,297,29.9,992.1,115.5,107.6,719.0,13.6,32.7,153.0
2024-11-25 13:00:00,26.0,36,9.6,0.0,10.6,304,29.9,991.0,112.7,103.1,603.0,8.8,33.2,163.0
2024-11-25 14:00:00,26.1,37,10.4,0.0,11.0,311,29.5,990.4,110.8,100.4,553.0,9.4,33.4,161.0
2024-11-25 15:00:00,25.6,40,11.2,0.0,11.2,316,29.5,990.0,107.8,97.3,590.0,19.6,32.8,142.0
2024-11-25 16:00:00,24.9,44,11.8,0.0,10.3,320,28.4,990.0,109.2,100.8,693.0,35.2,31.7,111.0
2024-11-25 17:00:00,23.5,49,12.2,0.0,7.4,313,24.5,990.0,129.5,120.6,805.0,42.7,28.0,88.0
2024-11-25 18:00:00,23.0,51,12.4,0.0,7.0,305,16.2,990.2,129.0,121.5,933.0,45.6,29.2,78.0
2024-11-25 19:00:00,22.3,53,12.4,0.0,6.8,297,13.3,990.7,127.1,120.6,1071.0,49.4,30.7,63.0
2024-11-25 20:00:00,21.5,55,12.1,0.0,7.1,286,13.7,991.2,122.9,117.1,1145.0,51.0,31.3,52.0
2024-11-25 21:00:00,20.8,55,11.4,0.0,8.2,280,15.8,991.7,118.0,112.9,1107.0,48.8,30.3,47.0
2024-11-25 22:00:00,20.2,56,11.1,0.0,8.4,289,16.6,991.8,112.5,107.8,1005.0,44.4,28.3,45.0
2024-11-25 23:00:00,19.5,58,11.0,0.0,7.7,300,16.2,991.8,104.8,100.6,906.0,39.7,26.0,44.0
2024-11-26 00:00:00,18.6,61,10.9,0.0,7.0,310,15.1,991.6,96.4,92.7,823.0,34.8,23.3,43.0
2024-11-26 01:00:00,17.8,64,10.9,0.0,6.1,310,13.7,991.6,90.1,86.6,743.0,29.6,20.4,44.0
2024-11-26 02:00:00,17.0,67,10.9,0.0,4.8,301,11.9,991.1,86.4,82.9,692.0,25.8,18.3,43.0
2024-11-26 03:00:00,16.2,71,10.9,0.0,4.3,287,9.4,991.0,84.3,80.8,649.0,24.0,17.4,41.0
2024-11-26 04:00:00,16.0,71,10.9,0.0,5.6,274,10.8,991.3,82.9,79.4,634.0,23.7,17.3,38.0
2024-11-26 05:00:00,15.6,74,10.9,0.0,6.1,273,11.9,991.6,91.3,87.5,738.0,29.1,19.9,30.0
2024-11-26 06:00:00,14.9,80,11.5,0.0,6.2,278,12.6,992.2,92.4,88.7,1111.0,31.9,22.4,27.0
2024-11-26 07:00:00,14.9,80,11.5,0.0,6.8,273,13.0,992.8,99.7,95.7,1602.0,35.5,26.0,25.0
2024-11-26 08:00:00,16.5,73,11.6,0.0,6.3,265,14.4,993.6,101.0,97.8,1846.0,36.2,29.1,34.0
2024-11-26 09:00:00,19.4,60,11.4,0.0,4.5,275,15.1,994.4,98.7,95.0,1610.0,31.4,31.8,67.0
2024-11-26 10:00:00,22.1,49,10.8,0.0,5.8,290,18.7,994.6,90.8,85.9,1127.0,23.7,34.1,112.0
2024-11-26 11:00:00,24.0,40,9.6,0.0,7.7,303,23.0,993.6,73.6,67.8,736.0,17.1,34.6,145.0
2024-11-26 12:00:00,25.1,34,8.4,0.0,9.4,308,27.0,992.3,52.4,47.4,554.0,11.6,31.7,158.0
2024-11-26 13:00:00,25.7,31,7.4,0.0,10.2,311,28.4,991.2,44.4,40.0,464.0,7.1,26.9,161.0
2024-11-26 14:00:00,25.9,30,6.8,0.0,11.0,311,29.2,990.4,40.0,36.2,453.0,7.8,23.6,154.0
2024-11-26 15:00:00,25.5,30,6.4,0.0,11.0,312,29.2,989.8,38.0,34.5,541.0,17.6,23.1,136.0
2024-11-26 16:00:00,24.5,31,6.4,0.0,9.5,309,27.7,989.6,39.5,36.6,709.0,32.6,24.0,108.0
2024-11-26 17:00:00,23.0,37,7.3,0.0,7.2,298,22.0,989.8,64.3,59.6,885.0,48.1,26.2,80.0
2024-11-26 18:00:00,22.8,39,8.1,0.0,7.1,289,14.4,990.4,72.9,68.9,1072.0,51.8,27.6,69.0
2024-11-26 19:00:00,22.0,41,8.3,0.0,7.3,286,14.0,990.9,76.8,73.1,1268.0,56.7,29.4,55.0
2024-11-26 20:00:00,21.2,44,8.6,0.0,7.9,294,15.5,991.0,78.5,74.7,1394.0,59.0,30.4,44.0
2024-11-26 21:00:00,20.3,47,8.6,0.0,8.3,300,15.8,991.5,80.6,76.8,1411.0,56.6,29.9,41.0
2024-11-26 22:00:00,19.3,50,8.8,0.0,7.5,307,15.8,991.5,83.6,79.6,1359.0,51.6,28.5,42.0
2024-11-26 23:00:00,18.5,53,8.9,0.0,6.5,309,14.4,991.1,85.4,81.3,1277.0,46.4,26.9,44.0
2024-11-27 00:00:00,17.8,57,9.0,0.0,6.0,316,12.6,990.6,85.7,81.5,1160.0,40.9,24.8,45.0
2024-11-27 01:00:00,16.7,61,9.1,0.0,4.5,317,11.5,990.2,86.4,82.0,1015.0,35.2,22.4,47.0
2024-11-27 02:00:00,15.8,66,9.4,0.0,4.0,309,8.6,989.9,88.0,83.4,899.0,31.5,20.8,47.0
2024-11-27 03:00:00,15.4,68,9.4,0.0,3.9,292,7.2,990.0,90.8,85.9,774.0,30.8,20.4,43.0
2024-11-27 04:00:00,15.1,68,9.2,0.0,4.2,263,7.6,990.0,94.1,89.2,678.0,32.1,20.8,37.0
2024-11-27 05:00:00,14.9,68,9.1,0.0,4.5,254,8.3,990.2,101.7,96.9,789.0,36.6,24.7,34.0
2024-11-27 06:00:00,13.9,76,9.9,0.0,4.3,272,8.6,991.2,106.9,102.0,1361.0,40.2,27.6,30.0
2024-11-27 07:00:00,14.0,77,10.1,0.0,3.0,308,7.9,992.0,118.5,113.4,2139.0,44.8,31.5,26.0
2024-11-27 08:00:00,15.8,68,9.9,0.0,2.7,356,9.0,992.9,119.0,115.0,2540.0,45.2,34.5,35.0
2024-11-27 09:00:00,18.5,57,9.9,0.0,1.1,360,9.7,993.7,111.3,107.8,2198.0,37.7,36.0,71.0
2024-11-27 10:00:00,21.4,46,9.3,0.0,1.5,324,12.2,993.8,90.3,86.4,1478.0,26.0,36.6,120.0
2024-11-27 11:00:00,23.6,38,8.4,0.0,3.5,332,15.8,992.9,63.1,59.4,894.0,16.7,35.9,157.0
2024-11-27 12:00:00,24.9,33,7.6,0.0,5.5,324,19.8,991.6,44.2,41.1,627.0,10.7,32.8,171.0
2024-11-27 13:00:00,25.7,29,6.6,0.0,7.5,320,23.4,990.7,37.6,34.8,496.0,6.9,28.5,171.0
2024-11-27 14:00:00,25.9,27,5.3,0.0,8.6,323,24.8,990.1,34.7,32.0,470.0,9.0,25.7,163.0
2024-11-27 15:00:00,25.5,26,4.8,0.0,8.7,328,24.8,989.7,33.4,31.0,581.0,20.6,25.4,143.0
2024-11-27 16:00:00,24.5,30,5.6,0.0,7.8,337,23.8,989.8,36.1,34.1,796.0,37.9,26.7,115.0
2024-11-27 17:00:00,22.5,38,7.4,0.0,6.5,354,18.4,990.2,59.8,57.0,990.0,56.6,31.6,87.0
2024-11-27 18:00:00,21.7,42,8.3,0.0,5.0,345,13.3,990.6,72.4,69.6,1119.0,64.6,36.7,72.0
2024-11-27 19:00:00,21.0,45,8.4,0.0,5.3,332,10.8,991.1,88.2,85.4,1226.0,75.6,43.9,50.0
2024-11-27 20:00:00,20.0,48,8.6,0.0,5.2,331,10.8,991.6,103.4,100.6,1313.0,83.8,50.2,33.0
2024-11-27 21:00:00,18.8,52,8.9,0.0,4.8,329,10.4,992.0,116.9,114.1,1377.0,86.6,55.2,23.0
2024-11-27 22:00:00,17.9,56,8.9,0.0,4.9,336,9.7,992.0,129.5,126.2,1422.0,86.5,59.3,17.0
2024-11-27 23:00:00,16.7,61,9.1,0.0,4.1,347,10.1,991.8,136.0,132.7,1461.0,85.1,61.0,13.0
2024-11-28 00:00:00,15.5,68,9.6,0.0,3.1,357,8.3,991.5,136.4,132.2,1507.0,82.5,58.8,11.0
2024-11-28 01:00:00,14.6,72,9.7,0.0,2.8,18,6.1,991.2,135.0,130.9,1548.0,78.6,54.1,11.0
2024-11-28 02:00:00,13.9,77,9.8,0.0,2.8,15,6.1,991.2,133.6,129.5,1560.0,74.7,50.2,11.0
2024-11-28 03:00:00,13.1,80,9.8,0.0,3.1,10,6.5,991.4,132.2,128.1,1446.0,71.1,47.8,11.0
2024-11-28 04:00:00,12.6,82,9.6,0.0,3.3,9,6.8,991.3,129.9,125.7,1303.0,67.6,46.0,11.0
2024-11-28 05:00:00,12.2,84,9.6,0.0,3.0,346,6.8,991.6,118.0,114.8,1402.0,63.8,38.3,20.0
2024-11-28 06:00:00,11.9,88,10.0,0.0,3.6,319,9.0,992.4,125.3,121.5,2067.0,64.6,41.6,18.0
2024-11-28 07:00:00,12.4,85,9.9,0.0,5.0,322,9.0,992.9,140.2,136.4,2974.0,65.3,46.2,17.0
2024-11-28 08:00:00,14.7,74,10.1,0.0,4.9,324,12.6,993.7,139.2,136.4,3420.0,61.9,49.6,29.0
2024-11-28 09:00:00,18.0,61,10.4,0.0,3.5,345,13.0,994.8,117.3,115.5,2966.0,51.1,51.2,67.0
2024-11-28 10:00:00,20.9,51,10.5,0.0,4.2,355,16.2,995.1,92.9,90.8,2050.0,36.2,51.5,118.0
2024-11-28 11:00:00,23.0,43,9.6,0.0,5.2,356,19.1,994.5,67.5,65.7,1285.0,24.1,50.1,158.0
2024-11-28 12:00:00,24.2,36,8.2,0.0,5.4,345,20.2,993.6,50.8,48.2,869.0,15.4,45.4,177.0
2024-11-28 13:00:00,25.0,31,6.8,0.0,6.2,339,21.2,992.9,48.0,45.2,603.0,9.4,39.0,184.0
2024-11-28 14:00:00,25.2,28,5.7,0.0,7.6,342,22.7,992.2,46.6,43.8,504.0,10.7,34.8,180.0
2024-11-28 15:00:00,24.9,28,5.3,0.0,8.0,344,23.0,991.8,46.2,43.4,643.0,24.0,34.3,159.0
2024-11-28 16:00:00,23.9,33,6.4,0.0,7.1,351,22.3,991.9,50.8,48.4,948.0,44.5,35.9,126.0
2024-11-28 17:00:00,22.0,41,8.1,0.0,5.4,356,16.9,992.1,71.5,68.9,1218.0,62.3,39.5,94.0
2024-11-28 18:00:00,21.1,45,8.8,0.0,4.3,355,9.7,992.3,92.0,89.6,1377.0,71.3,43.0,76.0
2024-11-28 19:00:00,20.1,50,9.4,0.0,4.4,351,9.4,992.7,106.6,104.5,1502.0,83.6,47.9,52.0
2024-11-28 20:00:00,19.4,54,9.8,0.0,5.2,356,10.8,993.1,117.8,115.7,1622.0,92.3,51.4,33.0
2024-11-28 21:00:00,18.2,60,10.4,0.0,4.9,360,11.2,993.4,126.2,124.3,1768.0,93.9,52.5,25.0
2024-11-28 22:00:00,16.9,68,10.9,0.0,3.8,360,9.7,993.6,134.6,132.7,1909.0,91.9,52.3,23.0
2024-11-28 23:00:00,15.8,75,11.4,0.0,2.9,356,7.6,993.4,141.1,139.2,1980.0,89.2,51.5,21.0
2024-11-29 00:00:00,15.0,79,11.4,0.0,2.9,353,5.8,993.0,144.8,143.0,1937.0,86.5,50.2,19.0
2024-11-29 01:00:00,14.4,83,11.5,0.0,3.1,353,6.5,992.9,148.5,146.2,1824.0,83.2,48.4,18.0
2024-11-29 02:00:00,13.8,87,11.7,0.0,3.1,350,6.5,992.7,151.3,149.0,1704.0,80.1,46.6,17.0
2024-11-29 03:00:00,13.4,90,11.8,0.0,3.1,347,6.5,992.6,153.2,150.9,1535.0,77.3,44.7,14.0
2024-11-29 04:00:00,12.9,93,11.9,0.0,3.3,347,7.2,992.5,154.6,152.7,1359.0,74.7,42.8,10.0
2024-11-29 05:00:00,12.5,95,11.8,0.0,3.4,354,7.2,992.9,151.8,149.9,1363.0,73.5,42.8,11.0
2024-11-29 06:00:00,11.5,97,11.1,0.0,4.0,10,9.4,993.9,159.3,157.4,1770.0,75.4,44.8,12.0
2024-11-29 07:00:00,11.4,98,11.2,0.0,3.1,13,7.9,994.5,173.2,171.4,2356.0,77.4,47.6,15.0
2024-11-29 08:00:00,13.3,89,11.6,0.0,1.7,302,8.3,995.5,167.2,165.8,2637.0,73.7,50.3,32.0
2024-11-29 09:00:00,16.6,74,12.0,0.0,2.1,322,11.2,996.1,136.9,135.5,2308.0,59.2,53.0,77.0
2024-11-29 10:00:00,19.5,62,12.1,0.0,2.4,343,13.7,996.1,102.2,100.1,1674.0,39.1,55.4,137.0
2024-11-29 11:00:00,21.7,53,11.7,0.0,2.0,350,14.4,995.2,77.1,74.3,1159.0,23.6,56.1,181.0
2024-11-29 12:00:00,23.1,46,10.8,0.0,0.9,11,14.4,994.0,60.5,57.6,894.0,15.4,53.4,197.0
2024-11-29 13:00:00,24.1,40,9.6,0.0,0.2,180,13.0,993.0,54.8,52.3,749.0,11.7,49.0,197.0
2024-11-29 14:00:00,24.5,36,8.5,0.0,0.5,180,11.5,992.3,52.2,49.7,762.0,14.4,45.8,187.0
2024-11-29 15:00:00,24.5,34,7.7,0.0,0.0,270,10.8,991.9,50.3,48.0,1036.0,26.6,44.6,164.0
2024-11-29 16:00:00,23.7,36,7.8,0.0,1.4,40,8.3,991.7,52.7,50.8,1469.0,45.1,44.8,131.0
2024-11-29 17:00:00,21.0,50,10.2,0.0,2.7,23,5.8,991.9,91.3,87.8,1785.0,61.0,46.2,106.0
2024-11-29 18:00:00,21.0,49,9.9,0.0,5.1,6,13.7,992.3,111.8,108.3,1843.0,70.8,49.7,85.0
2024-11-29 19:00:00,19.8,56,10.9,0.0,3.8,343,11.2,992.8,126.2,123.4,1786.0,84.3,54.7,55.0
2024-11-29 20:00:00,18.9,62,11.4,0.0,4.3,343,9.0,993.1,141.6,138.3,1767.0,94.1,59.5,32.0
2024-11-29 21:00:00,18.0,66,11.6,0.0,4.7,358,9.7,993.3,156.9,154.1,1873.0,97.1,64.4,20.0
2024-11-29 22:00:00,17.0,69,11.3,0.0,4.2,7,9.4,993.2,170.0,167.2,2018.0,96.5,69.0,14.0
2024-11-29 23:00:00,15.9,73,11.1,0.0,3.4,6,8.6,993.0,176.5,173.7,2098.0,94.2,70.5,11.0
2024-11-30 00:00:00,14.8,79,11.2,0.0,2.7,8,7.2,992.2,175.6,172.8,2058.0,90.7,66.8,9.0
2024-11-30 01:00:00,14.0,83,11.1,0.0,2.4,9,5.4,991.7,171.8,169.0,1953.0,85.5,59.9,9.0
2024-11-30 02:00:00,13.6,84,10.9,0.0,2.9,353,6.1,991.4,162.1,159.7,1846.0,79.0,52.9,11.0
2024-11-30 03:00:00,13.1,86,10.8,0.0,3.3,338,6.8,991.4,147.1,145.3,1705.0,70.2,45.9,16.0
2024-11-30 04:00:00,13.0,86,10.8,0.0,3.8,329,7.6,991.5,129.5,127.6,1562.0,60.1,38.7,23.0
2024-11-30 05:00:00,12.9,87,10.8,0.0,4.5,323,9.0,991.7,133.2,131.3,1578.0,61.2,39.6,29.0
2024-11-30 06:00:00,12.1,88,10.2,0.0,5.0,314,9.7,992.6,133.2,131.3,1969.0,59.4,40.3,28.0
2024-11-30 07:00:00,12.4,87,10.3,0.0,5.7,305,10.4,993.4,138.3,136.9,2520.0,56.4,41.3,28.0
2024-11-30 08:00:00,14.1,78,10.4,0.0,4.9,306,11.9,993.9,129.0,127.6,2746.0,50.8,41.8,40.0
2024-11-30 09:00:00,17.1,66,10.6,0.0,3.9,313,13.7,994.4,115.9,114.8,2327.0,40.4,41.3,75.0
2024-11-30 10:00:00,20.1,55,10.8,0.0,4.3,318,16.2,994.5,89.6,88.0,1584.0,27.4,40.2,121.0
2024-11-30 11:00:00,22.4,46,10.1,0.0,5.1,321,18.4,993.6,66.1,63.6,997.0,17.4,39.2,157.0
2024-11-30 12:00:00,23.8,39,9.0,0.0,6.3,329,21.2,992.5,50.2,47.4,747.0,11.6,38.4,174.0
2024-11-30 13:00:00,24.5,36,8.6,0.0,6.4,331,22.0,991.0,46.4,43.5,652.0,8.9,37.8,181.0
2024-11-30 14:00:00,24.7,35,8.1,0.0,6.9,330,21.6,990.1,46.2,43.2,651.0,11.2,37.5,177.0
2024-11-30 15:00:00,24.4,35,8.1,0.0,7.4,331,21.6,989.6,46.9,43.8,749.0,21.6,37.7,158.0
2024-11-30 16:00:00,23.5,40,9.1,0.0,7.1,322,20.9,989.5,49.5,46.4,940.0,36.9,38.3,129.0
2024-11-30 17:00:00,21.8,48,10.4,0.0,4.8,312,16.6,989.3,68.7,64.3,1142.0,45.6,36.0,98.0
2024-11-30 18:00:00,21.8,46,9.8,0.0,4.1,299,10.8,989.6,78.5,74.5,1366.0,48.6,35.9,84.0
2024-11-30 19:00:00,21.1,50,10.4,0.0,4.0,275,8.3,990.1,81.3,76.8,1602.0,52.5,35.7,64.0
2024-11-30 20:00:00,20.8,51,10.2,0.0,4.5,265,8.6,990.4,82.4,77.8,1738.0,54.8,35.2,49.0
2024-11-30 21:00:00,20.4,54,10.7,0.0,5.4,274,10.4,990.7,84.8,79.9,1711.0,54.4,34.3,41.0
2024-11-30 22:00:00,19.5,59,11.4,0.0,6.4,286,12.6,990.7,88.2,83.6,1584.0,52.3,33.0,38.0
2024-11-30 23:00:00,18.6,65,11.9,0.0,6.1,304,12.2,990.5,89.6,85.4,1436.0,48.6,31.2,37.0
2024-12-01 00:00:00,17.8,70,12.1,0.0,6.9,313,13.3,990.2,88.9,84.8,1274.0,42.3,28.4,40.0
2024-12-01 01:00:00,17.0,74,12.4,0.0,6.5,326,13.3,989.8,87.5,83.8,1091.0,34.5,25.1,45.0
2024-12-01 02:00:00,16.2,78,12.4,0.0,6.4,338,12.6,989.7,85.7,82.4,942.0,28.1,22.6,49.0
2024-12-01 03:00:00,15.6,80,12.2,0.0,6.5,336,13.0,989.6,83.4,80.6,822.0,23.7,20.9,51.0
2024-12-01 04:00:00,15.2,81,11.9,0.0,5.9,329,12.6,989.6,80.8,78.2,737.0,20.8,20.0,51.0
2024-12-01 05:00:00,14.9,81,11.7,0.0,5.5,328,11.5,990.0,82.4,79.4,758.0,22.4,21.8,51.0
2024-12-01 06:00:00,13.9,86,11.6,0.0,5.5,316,11.9,990.7,83.6,80.8,998.0,29.3,25.1,43.0
2024-12-01 07:00:00,13.9,85,11.4,0.0,5.6,312,10.4,991.2,93.6,90.8,1344.0,38.4,29.7,33.0
2024-12-01 08:00:00,15.4,77,11.5,0.0,4.7,310,11.9,992.0,99.7,97.6,1527.0,42.7,33.8,37.0
2024-12-01 09:00:00,17.8,66,11.4,0.0,3.1,324,13.3,992.6,90.3,87.1,1385.0,37.5,37.0,67.0
2024-12-01 10:00:00,20.0,58,11.4,0.0,2.7,318,14.0,992.6,81.5,77.5,1079.0,27.4,39.8,111.0
2024-12-01 11:00:00,22.0,49,10.9,0.0,3.0,295,15.1,992.1,65.7,60.8,824.0,19.1,41.2,145.0
2024-12-01 12:00:00,23.6,41,9.6,0.0,5.1,302,18.7,990.9,52.9,47.7,681.0,14.0,40.5,161.0
2024-12-01 13:00:00,24.6,36,8.6,0.0,7.1,311,22.7,989.6,47.7,43.3,589.0,10.7,38.5,168.0
2024-12-01 14:00:00,25.0,35,8.6,0.0,7.5,312,23.0,988.4,44.2,40.5,577.0,11.6,36.8,165.0
2024-12-01 15:00:00,24.8,37,9.0,0.0,7.6,308,22.7,987.8,41.2,38.0,680.0,19.3,36.0,149.0
2024-12-01 16:00:00,24.0,40,9.7,0.0,7.7,309,20.9,987.5,40.9,38.1,863.0,31.3,35.6,122.0
2024-12-01 17:00:00,22.5,46,10.4,0.0,6.7,316,18.4,987.3,55.9,51.7,1055.0,38.7,35.8,99.0
2024-12-01 18:00:00,22.0,50,11.0,0.0,8.4,313,16.6,988.0,65.7,62.2,1257.0,42.8,36.6,86.0
2024-12-01 19:00:00,21.2,53,11.4,0.0,8.7,317,17.3,988.6,70.8,67.5,1467.0,48.3,37.7,69.0
2024-12-01 20:00:00,20.5,57,11.8,0.0,8.4,318,16.9,988.7,73.1,70.3,1611.0,51.4,37.9,56.0
2024-12-01 21:00:00,19.7,61,11.9,0.0,7.5,318,16.9,988.9,75.0,72.2,1659.0,50.2,36.7,51.0
2024-12-01 22:00:00,18.9,64,12.0,0.0,5.1,306,14.8,988.8,78.0,75.2,1640.0,46.5,34.6,50.0
2024-12-01 23:00:00,18.0,68,12.1,0.0,4.6,296,10.1,988.8,79.9,77.1,1566.0,42.0,32.3,50.0
2024-12-02 00:00:00,17.7,70,12.1,0.0,5.3,303,10.1,988.5,79.9,76.8,1404.0,36.6,29.5,51.0
2024-12-02 01:00:00,17.1,72,12.1,0.0,6.0,309,11.5,988.5,79.6,76.6,1186.0,30.4,26.5,54.0
2024-12-02 02:00:00,16.5,75,12.1,0.0,6.4,310,12.2,988.1,79.4,76.4,1023.0,25.6,24.1,55.0
2024-12-02 03:00:00,15.7,78,11.9,0.0,6.6,315,13.0,987.8,78.7,75.4,908.0,22.4,22.5,55.0
2024-12-02 04:00:00,15.0,80,11.6,0.0,7.0,320,13.7,988.0,78.0,74.7,848.0,20.5,21.6,54.0
2024-12-02 05:00:00,14.4,82,11.4,0.0,7.1,322,14.0,988.5,87.8,84.1,968.0,26.0,24.9,46.0
2024-12-02 06:00:00,13.6,87,11.4,0.0,6.2,327,15.1,989.5,93.4,89.6,1482.0,32.2,28.5,40.0
2024-12-02 07:00:00,13.4,86,11.1,0.0,4.7,313,11.9,990.2,106.9,103.1,2176.0,40.3,33.4,33.0
2024-12-02 08:00:00,14.9,78,11.1,0.0,4.2,288,10.4,991.2,109.4,106.4,2535.0,43.6,37.1,38.0
2024-12-02 09:00:00,17.5,65,10.9,0.0,3.1,298,12.6,992.1,103.1,100.1,2241.0,37.5,38.5,69.0
2024-12-02 10:00:00,20.1,54,10.4,0.0,3.5,305,14.8,992.3,84.1,79.6,1612.0,26.5,38.6,112.0
2024-12-02 11:00:00,22.5,45,9.8,0.0,4.3,312,17.3,991.8,54.6,49.0,1086.0,17.6,37.8,144.0
2024-12-02 12:00:00,24.2,38,8.9,0.0,6.2,324,20.9,991.0,41.4,36.1,804.0,12.1,35.4,154.0
2024-12-02 13:00:00,25.4,33,8.1,0.0,8.1,329,24.5,990.1,36.1,31.4,626.0,8.8,32.2,152.0
2024-12-02 14:00:00,25.7,32,7.6,0.0,8.3,330,24.8,989.4,33.1,28.8,563.0,10.7,30.2,143.0
2024-12-02 15:00:00,25.5,32,7.4,0.0,7.5,323,23.8,989.2,32.4,28.2,673.0,21.5,30.6,125.0
2024-12-02 16:00:00,24.6,34,7.7,0.0,6.6,315,20.5,989.2,35.0,31.4,900.0,37.5,32.4,100.0
2024-12-02 17:00:00,22.8,41,8.7,0.0,5.1,312,14.0,989.1,52.7,46.2,1085.0,47.0,34.3,74.0
2024-12-02 18:00:00,22.7,44,9.9,0.0,6.0,309,13.3,989.9,63.8,58.7,1172.0,53.6,36.4,61.0
2024-12-02 19:00:00,21.9,48,10.4,0.0,5.9,308,11.9,990.4,71.7,67.3,1218.0,62.4,39.2,43.0
2024-12-02 20:00:00,21.1,52,10.8,0.0,5.8,309,12.6,990.7,78.2,74.0,1238.0,67.7,40.4,30.0
2024-12-02 21:00:00,20.1,56,11.1,0.0,6.2,316,12.2,991.1,81.5,77.8,1232.0,66.8,39.0,25.0
2024-12-02 22:00:00,19.2,61,11.4,0.0,6.6,325,13.0,991.4,81.7,78.5,1201.0,62.4,36.0,25.0
2024-12-02 23:00:00,18.2,66,11.8,0.0,6.3,325,13.3,991.6,79.9,76.8,1160.0,56.4,32.8,27.0
2024-12-03 00:00:00,17.4,71,12.1,0.0,6.6,313,12.6,991.4,75.0,72.4,1107.0,48.5,29.3,32.0
2024-12-03 01:00:00,17.0,73,12.1,0.0,8.5,316,16.2,991.5,70.1,67.8,1044.0,39.0,25.4,39.0
2024-12-03 02:00:00,16.5,74,11.9,0.0,9.6,323,19.1,991.3,65.7,63.6,997.0,31.3,22.6,44.0
2024-12-03 03:00:00,16.1,74,11.4,0.0,9.0,327,19.4,991.1,61.9,59.8,936.0,26.2,21.2,47.0
2024-12-03 04:00:00,15.4,76,11.1,0.0,6.2,327,17.3,991.0,59.3,57.2,892.0,22.8,20.9,48.0
2024-12-03 05:00:00,14.4,80,11.1,0.0,3.6,303,11.9,991.3,73.6,71.0,981.0,38.1,25.0,32.0
2024-12-03 06:00:00,13.7,85,11.2,0.0,4.1,285,13.3,991.7,73.6,71.0,1372.0,39.8,27.6,29.0
2024-12-03 07:00:00,13.8,84,11.1,0.0,3.8,281,8.3,992.4,81.0,78.2,1897.0,41.9,31.3,26.0
2024-12-03 08:00:00,15.6,74,11.1,0.0,5.3,305,11.5,993.2,84.1,81.0,2163.0,41.5,34.4,34.0
2024-12-03 09:00:00,18.2,62,10.9,0.0,4.2,310,14.0,993.9,80.3,77.1,1934.0,36.4,36.9,65.0
2024-12-03 10:00:00,20.8,52,10.6,0.0,5.5,322,18.0,994.2,69.4,65.4,1446.0,28.8,38.9,107.0
2024-12-03 11:00:00,23.0,45,10.4,0.0,6.4,322,20.9,993.7,53.6,45.3,1020.0,22.0,38.9,138.0
2024-12-03 12:00:00,25.0,38,9.8,0.0,7.7,323,23.4,992.8,44.6,32.8,748.0,16.1,35.2,149.0
2024-12-03 13:00:00,26.1,32,8.4,0.0,10.4,324,28.4,992.1,40.2,27.9,537.0,11.0,29.5,149.0
2024-12-03 14:00:00,26.4,30,7.7,0.0,11.9,326,31.0,991.3,36.4,25.2,432.0,9.8,25.1,143.0
2024-12-03 15:00:00,25.9,33,8.4,0.0,12.0,325,31.3,990.7,34.5,24.4,492.0,15.7,23.4,129.0
2024-12-03 16:00:00,24.9,37,9.1,0.0,10.4,321,29.9,990.7,34.3,26.0,658.0,25.6,23.1,110.0
2024-12-03 17:00:00,23.2,42,9.8,0.0,8.7,313,22.7,990.8,39.2,32.5,797.0,31.0,24.9,90.0
2024-12-03 18:00:00,23.2,44,10.3,0.0,8.0,306,16.6,991.4,42.7,37.6,869.0,33.4,25.1,81.0
2024-12-03 19:00:00,22.2,48,10.8,0.0,9.3,306,17.6,992.0,43.3,39.1,915.0,36.7,25.4,68.0
2024-12-03 20:00:00,21.4,51,10.9,0.0,9.7,305,19.4,992.3,43.0,39.6,926.0,38.1,25.5,59.0
2024-12-03 21:00:00,20.6,53,10.7,0.0,10.2,306,19.8,992.4,43.3,40.0,887.0,36.4,25.2,57.0
2024-12-03 22:00:00,19.9,54,10.4,0.0,10.3,303,20.2,992.4,43.7,40.4,814.0,32.8,24.7,58.0
2024-12-03 23:00:00,19.1,56,10.1,0.0,10.6,300,20.5,992.3,42.5,39.3,739.0,28.9,23.8,60.0
2024-12-04 00:00:00,18.5,56,9.6,0.0,11.1,307,22.0,991.8,40.3,37.3,664.0,24.6,22.4,61.0
2024-12-04 01:00:00,18.0,55,8.8,0.0,11.5,311,23.0,991.5,39.0,36.1,588.0,19.9,20.6,63.0
2024-12-04 02:00:00,17.7,53,8.1,0.0,11.6,312,23.0,991.1,38.1,35.3,541.0,16.4,19.3,64.0
2024-12-04 03:00:00,17.2,54,7.8,0.0,11.8,314,23.8,990.6,37.6,34.8,527.0,14.2,18.4,65.0
2024-12-04 04:00:00,16.7,56,7.8,0.0,12.0,314,24.1,990.3,38.0,35.2,543.0,13.1,17.8,66.0
2024-12-04 05:00:00,16.4,58,8.1,0.0,11.4,309,23.8,990.4,41.7,39.1,611.0,13.9,18.0,66.0
2024-12-04 06:00:00,15.4,72,10.4,0.0,11.5,310,24.8,990.7,46.1,43.4,792.0,19.2,20.6,60.0
2024-12-04 07:00:00,15.4,73,10.6,0.0,10.8,303,23.0,991.4,52.2,49.6,1024.0,26.3,24.2,52.0
2024-12-04 08:00:00,16.9,67,10.6,0.0,10.3,292,22.0,992.4,57.5,55.5,1148.0,29.7,26.9,54.0
2024-12-04 09:00:00,18.9,59,10.6,0.0,9.5,292,23.8,993.0,55.4,52.9,1069.0,25.9,28.2,74.0
2024-12-04 10:00:00,21.1,50,10.4,0.0,10.1,295,27.0,992.9,50.4,47.3,881.0,18.5,28.7,103.0
2024-12-04 11:00:00,23.4,42,9.8,0.0,10.9,299,29.2,992.2,40.0,36.1,709.0,12.5,28.3,125.0
2024-12-04 12:00:00,25.0,35,8.3,0.0,13.2,307,33.8,991.3,33.6,29.2,580.0,9.1,26.3,135.0
2024-12-04 13:00:00,25.7,32,7.7,0.0,14.3,309,36.7,990.4,29.1,24.9,467.0,7.2,23.4,139.0
2024-12-04 14:00:00,25.8,32,7.8,0.0,14.4,307,36.4,989.8,27.1,22.9,413.0,8.0,21.3,136.0
2024-12-04 15:00:00,25.3,33,7.8,0.0,14.4,307,36.0,989.4,25.9,21.8,458.0,13.5,20.6,125.0
2024-12-04 16:00:00,24.4,35,7.8,0.0,12.7,305,34.6,989.5,26.3,22.7,561.0,21.7,20.6,107.0
2024-12-04 17:00:00,22.8,39,8.1,0.0,10.9,301,27.0,989.8,25.2,23.7,647.0,29.5,20.8,83.0
2024-12-04 18:00:00,22.5,39,7.7,0.0,9.8,300,23.0,990.5,30.5,29.0,687.0,31.3,21.8,76.0
2024-12-04 19:00:00,21.4,42,7.9,0.0,9.2,298,19.4,991.1,33.5,32.0,710.0,33.7,23.2,66.0
2024-12-04 20:00:00,20.4,44,7.9,0.0,8.8,296,18.4,991.4,35.9,34.3,719.0,34.8,23.9,59.0
2024-12-04 21:00:00,19.5,45,7.4,0.0,9.0,299,17.6,991.5,38.2,36.7,717.0,33.5,23.5,57.0
2024-12-04 22:00:00,18.8,46,6.9,0.0,8.9,304,17.6,991.6,39.1,37.6,703.0,31.0,22.5,57.0
2024-12-04 23:00:00,17.9,47,6.5,0.0,8.6,307,17.3,991.2,37.1,35.7,675.0,28.0,21.1,57.0
2024-12-05 00:00:00,17.2,48,6.2,0.0,9.1,308,17.6,990.7,33.8,32.6,622.0,24.5,19.1,56.0
2024-12-05 01:00:00,16.6,49,5.9,0.0,8.8,301,17.6,990.4,31.4,30.6,555.0,20.7,16.8,55.0
2024-12-05 02:00:00,16.0,51,5.8,0.0,8.8,298,17.3,990.3,30.4,29.6,513.0,18.0,15.2,54.0
2024-12-05 03:00:00,15.4,53,5.8,0.0,8.9,298,17.6,989.9,30.3,29.5,487.0,16.6,14.6,52.0
2024-12-05 04:00:00,14.8,56,6.0,0.0,9.3,297,18.0,989.7,31.1,30.4,486.0,16.4,14.7,51.0
2024-12-05 05:00:00,14.2,58,6.1,0.0,9.1,297,18.0,989.8,32.2,31.7,570.0,18.1,16.5,49.0
2024-12-05 06:00:00,12.6,64,5.9,0.0,7.8,296,17.6,990.5,37.4,36.8,841.0,23.0,19.5,42.0
2024-12-05 07:00:00,12.6,63,5.8,0.0,8.0,286,15.1,991.1,45.4,44.7,1199.0,29.5,23.7,35.0
2024-12-05 08:00:00,14.1,57,5.7,0.0,8.6,271,16.6,991.9,49.7,48.8,1399.0,32.5,26.8,37.0
2024-12-05 09:00:00,16.5,48,5.3,0.0,6.8,268,18.4,992.8,47.5,46.7,1304.0,28.6,28.0,59.0
2024-12-05 10:00:00,19.1,39,4.7,0.0,7.0,271,21.2,993.1,42.3,41.7,1051.0,21.1,28.2,92.0
2024-12-05 11:00:00,21.5,31,3.8,0.0,8.2,278,23.8,992.3,29.5,29.0,816.0,14.9,27.5,118.0
2024-12-05 12:00:00,23.1,26,2.3,0.0,11.1,287,29.9,991.3,19.7,19.3,632.0,10.6,25.5,131.0
2024-12-05 13:00:00,23.9,23,1.5,0.0,11.6,291,31.0,990.3,17.9,17.5,465.0,7.6,22.6,137.0
2024-12-05 14:00:00,24.0,23,1.5,0.0,12.0,296,31.3,989.6,16.6,16.3,384.0,8.2,20.7,135.0
2024-12-05 15:00:00,23.5,26,2.8,0.0,12.4,296,31.3,989.4,16.2,15.8,439.0,14.8,20.5,123.0
2024-12-05 16:00:00,22.6,29,3.5,0.0,10.9,297,30.6,989.3,17.2,16.8,579.0,25.0,21.3,103.0
2024-12-05 17:00:00,21.0,32,3.7,0.0,7.0,291,23.8,989.3,26.0,25.8,722.0,33.5,22.4,82.0
2024-12-05 18:00:00,20.8,32,3.6,0.0,8.2,292,17.3,990.1,33.5,33.3,862.0,37.5,24.5,73.0
2024-12-05 19:00:00,19.9,35,4.1,0.0,7.1,289,16.2,990.6,38.5,38.3,1004.0,42.9,27.4,60.0
2024-12-05 20:00:00,19.0,38,4.4,0.0,7.5,291,14.8,990.9,43.0,42.5,1080.0,46.0,29.1,51.0
2024-12-05 21:00:00,18.1,40,4.4,0.0,7.6,298,15.1,991.0,47.0,46.3,1042.0,45.1,28.8,48.0
2024-12-05 22:00:00,17.6,41,4.2,0.0,7.4,293,14.8,990.9,49.4,48.4,938.0,41.9,27.3,49.0
2024-12-05 23:00:00,17.2,41,3.9,0.0,7.6,301,14.4,990.5,46.6,45.8,837.0,37.8,25.3,50.0
2024-12-06 00:00:00,16.5,43,3.8,0.0,7.9,317,15.5,990.0,42.4,41.6,751.0,32.4,22.6,52.0
2024-12-06 01:00:00,15.6,46,4.0,0.0,8.3,327,16.2,989.6,40.5,39.7,669.0,26.0,19.4,55.0
2024-12-06 02:00:00,14.8,48,4.0,0.0,7.0,314,16.2,989.3,40.0,39.2,625.0,21.3,17.2,56.0
2024-12-06 03:00:00,14.1,50,3.8,0.0,6.2,300,13.3,989.1,40.5,39.6,616.0,19.1,16.2,55.0
2024-12-06 04:00:00,13.8,49,3.4,0.0,6.5,289,12.6,988.9,41.6,40.6,645.0,18.6,16.2,52.0
2024-12-06 05:00:00,13.4,50,3.2,0.0,7.5,278,14.0,989.3,56.6,55.2,762.0,29.2,20.6,35.0
2024-12-06 06:00:00,12.1,61,4.9,0.0,7.3,281,14.4,990.2,60.1,58.8,1078.0,32.3,23.6,33.0
2024-12-06 07:00:00,12.2,62,5.2,0.0,7.6,275,14.4,990.7,67.5,65.9,1482.0,36.3,27.7,31.0
2024-12-06 08:00:00,13.8,58,5.6,0.0,8.2,278,15.5,991.2,69.6,68.0,1687.0,37.1,30.7,39.0
2024-12-06 09:00:00,16.3,50,5.9,0.0,5.2,284,16.2,991.8,66.8,65.4,1513.0,31.7,31.6,67.0
2024-12-06 10:00:00,19.3,39,5.2,0.0,5.9,288,18.4,991.9,56.3,55.1,1141.0,23.0,31.5,106.0
2024-12-06 11:00:00,21.8,32,4.2,0.0,8.5,291,24.1,991.2,37.3,35.6,824.0,15.8,30.5,135.0
2024-12-06 12:00:00,23.1,30,4.7,0.0,11.7,297,31.0,990.1,29.3,27.0,639.0,10.6,28.3,146.0
2024-12-06 13:00:00,23.7,31,5.4,0.0,12.5,295,32.8,989.1,28.2,25.5,508.0,6.8,25.3,147.0
2024-12-06 14:00:00,23.9,30,5.2,0.0,12.5,295,32.8,988.4,27.5,25.0,457.0,7.2,23.5,142.0
2024-12-06 15:00:00,23.5,31,5.3,0.0,11.2,294,31.7,988.0,27.4,25.0,513.0,14.1,23.6,129.0
2024-12-06 16:00:00,22.6,33,5.6,0.0,9.4,294,27.7,987.9,28.7,26.5,648.0,25.1,25.0,109.0
2024-12-06 17:00:00,20.9,38,6.0,0.0,6.8,297,20.9,988.1,43.5,41.9,799.0,40.2,29.4,83.0
2024-12-06 18:00:00,20.4,40,6.4,0.0,5.5,314,14.8,988.5,54.7,53.3,974.0,45.4,32.0,72.0
2024-12-06 19:00:00,19.5,43,6.6,0.0,5.9,322,11.5,989.1,61.2,60.1,1166.0,52.5,35.6,57.0
2024-12-06 20:00:00,18.7,45,6.4,0.0,6.7,326,13.3,989.3,65.9,64.7,1286.0,57.1,38.3,45.0
2024-12-06 21:00:00,17.6,47,6.2,0.0,6.2,330,13.3,989.6,69.2,68.2,1284.0,56.9,39.1,41.0
2024-12-06 22:00:00,16.2,51,6.1,0.0,4.7,317,12.6,989.7,74.3,73.3,1210.0,54.2,39.0,41.0
2024-12-06 23:00:00,15.4,53,5.9,0.0,4.6,315,9.0,989.0,78.9,77.8,1129.0,51.9,38.7,40.0
2024-12-07 00:00:00,14.6,55,5.8,0.0,4.2,324,8.3,988.3,81.5,80.3,1043.0,51.3,38.4,37.0
2024-12-07 01:00:00,13.9,57,5.6,0.0,4.4,339,9.0,988.0,86.1,85.2,950.0,51.0,37.9,33.0
2024-12-07 02:00:00,13.0,60,5.4,0.0,4.2,335,9.0,987.8,90.3,89.2,901.0,50.0,36.9,30.0
2024-12-07 03:00:00,12.4,62,5.2,0.0,4.2,329,8.6,987.5,90.1,89.2,891.0,47.1,34.6,29.0
2024-12-07 04:00:00,11.9,64,5.2,0.0,4.1,326,8.6,987.5,88.7,87.8,926.0,43.4,31.9,29.0
2024-12-07 05:00:00,11.4,66,5.3,0.0,3.0,256,7.9,987.6,88.5,87.5,1072.0,39.6,32.5,32.0
2024-12-07 06:00:00,10.0,73,5.4,0.0,4.0,249,7.6,989.1,92.2,91.3,1480.0,43.0,35.8,29.0
2024-12-07 07:00:00,10.2,71,5.2,0.0,3.7,281,7.6,989.7,102.0,101.0,2001.0,47.2,40.2,26.0
2024-12-07 08:00:00,12.1,62,5.1,0.0,4.2,317,10.1,990.5,104.8,104.1,2251.0,47.0,43.0,36.0
2024-12-07 09:00:00,15.1,52,5.2,0.0,1.7,18,10.4,991.3,98.3,97.8,1981.0,38.3,42.6,70.0
2024-12-07 10:00:00,18.2,42,5.1,0.0,1.9,22,12.6,991.9,77.8,77.1,1441.0,25.2,40.4,117.0
2024-12-07 11:00:00,20.6,33,3.8,0.0,1.8,24,13.7,991.2,41.2,40.0,998.0,15.2,38.2,152.0
2024-12-07 12:00:00,22.0,27,2.2,0.0,1.5,346,13.7,990.0,31.0,29.7,766.0,9.3,35.6,168.0
2024-12-07 13:00:00,22.6,24,1.3,0.0,1.9,338,14.0,989.2,30.7,29.4,631.0,6.4,32.8,172.0
2024-12-07 14:00:00,22.9,23,0.9,0.0,1.8,354,14.0,988.6,30.0,28.8,624.0,10.7,32.3,166.0
2024-12-07 15:00:00,22.7,23,0.6,0.0,1.5,21,12.6,988.1,30.0,28.8,826.0,26.2,34.1,146.0
2024-12-07 16:00:00,21.9,25,0.9,0.0,3.3,49,10.8,988.3,34.2,33.2,1154.0,48.9,38.2,115.0
2024-12-07 17:00:00,19.2,35,3.5,0.0,5.1,63,11.2,988.4,93.4,91.3,1394.0,96.1,58.7,74.0
2024-12-07 18:00:00,18.0,45,5.9,0.0,3.2,87,9.7,989.2,130.9,129.0,1451.0,113.5,74.3,55.0
2024-12-07 19:00:00,16.8,52,6.8,0.0,3.2,124,7.9,989.5,163.4,161.1,1418.0,137.6,96.4,28.0
2024-12-07 20:00:00,15.9,56,7.2,0.0,3.7,119,7.6,990.0,187.7,185.8,1361.0,156.0,116.5,8.0
2024-12-07 21:00:00,15.2,58,7.1,0.0,5.3,100,10.4,990.3,208.2,205.4,1292.0,164.2,135.1,0.0
2024-12-07 22:00:00,14.4,59,6.7,0.0,6.3,88,12.6,990.5,224.9,220.7,1198.0,166.7,151.8,0.0
2024-12-07 23:00:00,13.8,58,5.7,0.0,6.0,93,12.2,990.2,230.5,225.8,1111.0,164.3,156.8,0.0
2024-12-08 00:00:00,13.2,58,5.0,0.0,6.0,106,12.6,989.8,220.7,216.5,1041.0,156.7,141.8,1.0
2024-12-08 01:00:00,12.6,60,5.1,0.0,5.6,107,12.2,989.7,197.4,194.2,977.0,144.2,115.2,4.0
2024-12-08 02:00:00,12.1,63,5.2,0.0,6.6,99,13.0,989.2,175.6,173.2,918.0,129.2,91.8,9.0
2024-12-08 03:00:00,11.5,66,5.4,0.0,7.2,112,13.7,989.0,158.3,156.9,841.0,110.3,77.0,18.0
2024-12-08 04:00:00,11.1,69,5.7,0.0,7.6,118,14.8,988.9,142.0,140.6,769.0,88.8,65.6,29.0
2024-12-08 05:00:00,10.6,72,5.8,0.0,7.9,117,15.1,989.3,112.7,111.1,773.0,34.0,37.4,62.0
2024-12-08 06:00:00,10.1,76,6.2,0.0,9.0,103,17.6,990.1,109.4,108.0,946.0,36.7,37.1,61.0
2024-12-08 07:00:00,10.2,76,6.1,0.0,9.9,109,19.4,990.9,110.1,108.7,1194.0,40.1,36.6,60.0
2024-12-08 08:00:00,11.7,69,6.2,0.0,9.2,116,19.4,991.7,108.5,107.1,1304.0,40.4,36.7,70.0
2024-12-08 09:00:00,14.6,57,6.2,0.0,6.6,127,18.0,992.2,105.9,104.8,1136.0,34.6,37.9,99.0
2024-12-08 10:00:00,17.9,46,6.2,0.0,8.2,128,23.0,991.9,97.8,96.4,829.0,25.6,39.6,139.0
2024-12-08 11:00:00,20.3,38,5.6,0.0,11.7,131,31.0,991.2,79.9,78.2,588.0,18.4,40.5,168.0
2024-12-08 12:00:00,21.5,35,5.3,0.0,13.1,137,34.9,989.8,60.8,59.0,485.0,14.1,39.6,179.0
2024-12-08 13:00:00,22.2,34,5.7,0.0,12.6,137,34.6,988.7,54.8,53.4,448.0,11.5,37.8,181.0
2024-12-08 14:00:00,22.4,35,6.1,0.0,12.1,137,33.5,987.6,51.9,50.6,462.0,12.5,36.5,174.0
2024-12-08 15:00:00,22.1,36,6.6,0.0,11.7,139,32.0,987.2,49.9,48.8,554.0,19.1,36.2,157.0
2024-12-08 16:00:00,21.4,39,6.9,0.0,10.7,143,29.9,986.9,50.8,49.8,698.0,29.4,36.4,133.0
2024-12-08 17:00:00,19.8,45,7.5,0.1,4.7,162,25.2,987.0,64.3,63.3,803.0,45.9,39.3,97.0
2024-12-08 18:00:00,17.0,65,10.4,1.3,12.6,211,25.2,988.6,70.8,69.8,833.0,46.3,39.5,89.0
2024-12-08 19:00:00,16.5,66,10.2,0.0,12.5,108,27.4,987.6,71.9,71.0,825.0,46.6,39.7,79.0
2024-12-08 20:00:00,15.8,70,10.4,0.2,4.9,123,25.6,988.2,74.0,73.3,790.0,45.4,38.9,71.0
2024-12-08 21:00:00,14.9,73,10.1,0.0,12.1,79,25.9,987.7,70.8,70.1,720.0,41.7,36.5,69.0
2024-12-08 22:00:00,14.2,74,9.6,0.0,4.6,42,25.6,988.2,71.7,70.8,625.0,36.5,33.2,70.0
2024-12-08 23:00:00,13.6,79,10.1,0.0,0.3,315,11.9,988.8,71.5,70.8,545.0,31.3,30.3,71.0
2024-12-09 00:00:00,12.9,77,9.0,0.0,7.4,41,14.8,988.5,71.2,70.3,492.0,26.1,28.1,73.0
2024-12-09 01:00:00,12.4,79,9.0,0.0,10.6,90,21.6,988.2,68.2,67.3,455.0,20.9,26.3,76.0
2024-12-09 02:00:00,11.9,85,9.4,0.0,10.2,100,22.0,987.8,65.7,64.7,437.0,17.3,25.0,77.0
2024-12-09 03:00:00,11.4,87,9.3,0.0,9.7,115,21.2,988.0,63.6,62.6,403.0,15.0,23.7,76.0
2024-12-09 04:00:00,10.9,89,9.1,0.0,8.8,123,19.8,988.2,63.1,62.2,388.0,14.2,23.0,73.0
2024-12-09 05:00:00,10.3,92,9.0,0.0,4.1,139,17.6,988.7,64.7,63.8,504.0,16.2,24.4,72.0
2024-12-09 06:00:00,10.1,93,9.1,0.0,3.6,360,10.1,990.2,71.7,70.5,921.0,24.6,28.4,63.0
2024-12-09 07:00:00,9.9,94,9.1,0.0,2.9,22,8.3,990.8,84.8,83.6,1470.0,35.9,34.0,51.0
2024-12-09 08:00:00,11.7,86,9.4,0.0,4.6,54,11.9,991.8,88.0,87.3,1752.0,41.8,38.7,51.0
2024-12-09 09:00:00,14.2,72,9.2,0.0,2.4,73,11.9,993.0,79.4,78.2,1506.0,37.1,41.5,73.0
2024-12-09 10:00:00,16.1,64,9.2,0.0,2.6,65,13.7,993.5,74.5,73.1,993.0,27.2,43.4,107.0
2024-12-09 11:00:00,17.8,58,9.5,0.0,2.2,81,14.0,993.1,65.7,64.0,604.0,19.4,45.1,135.0
2024-12-09 12:00:00,19.0,54,9.6,0.0,1.9,131,14.0,992.3,59.0,57.3,494.0,15.9,47.2,153.0
2024-12-09 13:00:00,19.8,49,8.9,0.0,1.3,180,13.7,991.7,56.0,54.1,507.0,14.6,49.1,165.0
2024-12-09 14:00:00,20.2,46,8.1,0.0,0.9,259,11.9,991.3,52.7,50.9,565.0,17.1,50.0,166.0
2024-12-09 15:00:00,20.1,44,7.5,0.0,2.1,308,10.1,991.1,48.9,47.1,667.0,26.5,49.1,149.0
2024-12-09 16:00:00,19.5,47,7.8,0.0,3.5,336,10.4,991.2,49.7,48.2,814.0,39.6,47.2,121.0
2024-12-09 17:00:00,17.8,56,8.9,0.0,6.5,346,13.0,991.6,63.1,61.7,931.0,34.5,37.4,102.0
2024-12-09 18:00:00,17.1,58,8.6,0.0,9.4,325,22.0,992.6,67.3,65.9,990.0,34.4,36.9,94.0
2024-12-09 19:00:00,16.1,62,8.9,0.0,8.8,325,19.1,993.3,68.5,67.5,1021.0,34.2,36.1,83.0
2024-12-09 20:00:00,15.6,63,8.6,0.0,9.0,330,18.0,993.9,70.8,69.8,1033.0,33.6,35.0,73.0
2024-12-09 21:00:00,14.9,64,8.3,0.0,9.2,329,18.7,994.4,74.0,73.1,1033.0,32.7,33.6,67.0
2024-12-09 22:00:00,14.1,66,8.0,0.0,8.9,333,18.7,994.4,77.5,76.8,1015.0,31.4,31.8,62.0
2024-12-09 23:00:00,13.4,68,7.6,0.0,9.3,336,18.4,993.8,78.2,77.3,975.0,29.3,30.0,59.0
2024-12-10 00:00:00,12.8,70,7.4,0.0,8.6,329,18.4,993.3,76.6,75.7,895.0,25.6,28.0,59.0
2024-12-10 01:00:00,12.3,72,7.3,0.0,8.0,320,16.9,993.2,75.2,74.3,793.0,21.0,26.0,60.0
2024-12-10 02:00:00,11.9,73,7.2,0.0,8.4,320,16.6,992.8,74.0,72.9,718.0,17.5,24.2,61.0
2024-12-10 03:00:00,11.4,74,6.9,0.0,8.7,318,17.3,992.5,72.4,71.5,675.0,15.3,22.5,61.0
2024-12-10 04:00:00,10.9,74,6.6,0.0,8.7,312,16.9,992.3,70.5,69.6,659.0,14.1,21.0,61.0
2024-12-10 05:00:00,10.6,74,6.2,0.0,8.7,307,17.3,992.5,75.9,75.0,709.0,16.7,26.8,54.0
2024-12-10 06:00:00,9.9,85,7.5,0.0,8.5,305,19.8,993.2,76.1,75.2,901.0,21.7,27.8,49.0
2024-12-10 07:00:00,9.7,86,7.5,0.0,8.6,300,16.6,994.0,79.4,78.7,1158.0,28.3,29.2,42.0
2024-12-10 08:00:00,11.1,81,7.8,0.0,9.7,289,18.4,994.9,81.5,81.0,1292.0,31.4,30.4,45.0
2024-12-10 09:00:00,13.4,69,7.7,0.0,8.4,295,20.9,995.5,73.8,72.9,1193.0,27.5,31.5,65.0
2024-12-10 10:00:00,15.7,59,7.8,0.0,8.5,298,23.4,995.4,63.6,62.9,971.0,20.1,32.5,94.0
2024-12-10 11:00:00,17.8,49,7.1,0.0,9.5,299,25.9,994.6,48.7,47.7,764.0,13.9,32.2,116.0
2024-12-10 12:00:00,19.5,32,2.2,0.0,12.2,311,31.3,993.7,34.0,32.9,600.0,10.0,29.6,126.0
2024-12-10 13:00:00,20.2,21,-2.7,0.0,14.4,319,36.0,992.8,29.2,28.1,452.0,7.5,25.7,129.0
2024-12-10 14:00:00,20.2,20,-3.2,0.0,14.5,318,36.0,992.1,26.3,25.2,376.0,8.2,23.0,126.0
2024-12-10 15:00:00,19.7,22,-2.9,0.0,14.2,319,35.6,991.6,25.4,24.3,412.0,14.5,22.6,115.0
2024-12-10 16:00:00,18.6,26,-1.2,0.0,11.6,314,33.5,991.4,27.0,26.1,520.0,24.2,23.3,98.0
2024-12-10 17:00:00,16.9,32,0.2,0.0,9.1,308,25.2,991.7,31.5,30.9,640.0,30.9,24.3,80.0
2024-12-10 18:00:00,16.8,35,1.4,0.0,8.7,302,20.5,992.4,37.1,36.7,773.0,32.0,25.2,75.0
2024-12-10 19:00:00,15.7,40,2.2,0.0,7.9,303,17.6,992.8,40.4,40.0,918.0,33.6,26.5,68.0
2024-12-10 20:00:00,14.7,44,2.5,0.0,8.0,304,15.8,993.5,43.5,43.1,1008.0,34.3,27.3,62.0
2024-12-10 21:00:00,13.8,47,2.5,0.0,8.5,302,16.2,993.8,47.4,47.0,1009.0,34.0,27.4,59.0
2024-12-10 22:00:00,12.9,49,2.3,0.0,8.9,299,17.3,993.9,50.8,50.4,955.0,32.8,26.9,57.0
2024-12-10 23:00:00,12.2,50,2.2,0.0,9.1,302,18.0,993.4,51.2,50.9,887.0,30.6,25.8,56.0
2024-12-11 00:00:00,11.6,51,1.9,0.0,9.0,301,18.0,993.1,49.4,49.1,805.0,26.5,23.4,57.0
2024-12-11 01:00:00,11.1,52,1.7,0.0,8.7,304,17.6,992.7,47.7,47.4,708.0,21.3,20.3,60.0
2024-12-11 02:00:00,10.7,52,1.4,0.0,9.3,306,18.0,992.4,46.0,45.8,638.0,17.2,17.9,62.0
2024-12-11 03:00:00,10.3,52,0.9,0.0,9.7,305,19.1,992.2,44.2,43.9,592.0,14.8,16.6,63.0
2024-12-11 04:00:00,9.9,52,0.4,0.0,9.4,301,19.1,992.1,42.8,42.5,571.0,13.5,16.1,64.0
2024-12-11 05:00:00,9.6,51,-0.1,0.0,9.7,301,18.7,992.4,40.6,40.3,623.0,13.4,16.9,67.0
2024-12-11 06:00:00,8.6,58,0.8,0.0,10.0,298,20.5,993.4,43.2,42.8,823.0,18.5,19.8,61.0
2024-12-11 07:00:00,8.5,58,0.8,0.0,9.9,291,19.4,994.0,48.9,48.4,1095.0,25.4,23.7,53.0
2024-12-11 08:00:00,10.0,54,1.2,0.0,10.1,286,20.2,995.1,53.3,52.9,1256.0,28.9,26.9,54.0
2024-12-11 09:00:00,12.2,48,1.5,0.0,7.8,285,20.2,995.7,52.5,52.0,1205.0,25.7,28.5,71.0
2024-12-11 10:00:00,14.7,42,1.9,0.0,8.4,289,23.4,995.6,47.5,47.1,1042.0,19.2,29.4,97.0
2024-12-11 11:00:00,17.1,36,1.8,0.0,9.4,293,25.6,994.9,40.6,40.2,886.0,14.0,29.8,118.0
2024-12-11 12:00:00,19.0,30,1.2,0.0,10.7,300,28.4,993.7,33.4,32.9,752.0,11.0,29.6,130.0
2024-12-11 13:00:00,20.1,27,0.3,0.0,11.0,302,29.5,992.7,28.2,27.7,624.0,9.3,29.0,136.0
2024-12-11 14:00:00,20.5,24,-0.6,0.0,11.4,305,29.2,992.1,26.2,25.7,578.0,11.1,28.7,134.0
2024-12-11 15:00:00,20.2,26,0.3,0.0,11.3,307,29.2,991.6,24.9,24.4,670.0,19.2,28.8,119.0
2024-12-11 16:00:00,19.1,31,1.7,0.0,9.2,305,27.4,991.4,27.3,27.0,844.0,30.8,29.2,97.0
2024-12-11 17:00:00,17.3,37,2.7,0.0,7.4,304,19.1,991.5,45.1,44.5,999.0,39.4,30.2,75.0
2024-12-11 18:00:00,17.5,37,2.8,0.0,8.1,302,15.5,991.9,52.0,51.6,1107.0,41.0,31.0,68.0
2024-12-11 19:00:00,16.5,42,3.5,0.0,8.5,312,16.6,992.0,56.3,56.0,1198.0,43.1,32.2,58.0
2024-12-11 20:00:00,15.2,47,4.0,0.0,7.9,317,16.6,992.4,60.5,60.1,1258.0,44.0,32.8,51.0
2024-12-11 21:00:00,14.2,51,4.2,0.0,7.4,309,15.5,992.7,64.7,64.5,1285.0,42.7,32.7,49.0
2024-12-11 22:00:00,13.6,53,4.2,0.0,7.5,307,14.4,992.5,69.4,69.2,1282.0,40.2,32.0,49.0
2024-12-11 23:00:00,13.0,55,4.2,0.0,7.1,311,14.4,992.2,71.9,71.7,1247.0,37.1,30.8,49.0
2024-12-12 00:00:00,12.3,58,4.2,0.0,7.3,312,14.0,991.8,72.6,72.2,1158.0,33.3,28.7,49.0
2024-12-12 01:00:00,11.6,60,4.2,0.0,7.4,315,14.8,991.2,73.3,73.1,1036.0,29.1,26.0,49.0
2024-12-12 02:00:00,10.9,63,4.2,0.0,6.7,314,14.4,991.0,74.3,74.0,947.0,25.7,24.0,49.0
2024-12-12 03:00:00,10.4,66,4.2,0.0,6.5,309,13.3,990.6,75.2,75.0,899.0,23.6,22.8,48.0
2024-12-12 04:00:00,9.9,68,4.2,0.0,6.8,305,13.0,990.3,75.9,75.7,882.0,22.4,22.1,46.0
2024-12-12 05:00:00,9.4,70,4.2,0.0,8.1,307,14.8,990.4,88.2,88.0,937.0,30.1,26.5,40.0
2024-12-12 06:00:00,8.2,74,3.8,0.0,9.2,315,17.6,991.1,85.2,85.0,1140.0,31.9,28.0,41.0
2024-12-12 07:00:00,8.1,75,3.8,0.0,9.7,317,18.4,991.6,88.5,88.0,1414.0,34.1,30.1,43.0
2024-12-12 08:00:00,9.6,68,4.1,0.0,10.1,316,19.1,992.8,88.2,88.0,1564.0,33.9,32.2,55.0
2024-12-12 09:00:00,12.2,58,4.2,0.0,6.0,316,18.7,993.4,87.5,87.3,1480.0,29.0,34.4,85.0
2024-12-12 10:00:00,15.2,48,4.2,0.0,5.9,313,18.4,993.9,79.4,79.2,1272.0,21.7,36.5,124.0
2024-12-12 11:00:00,17.9,40,4.2,0.0,7.4,311,22.0,993.4,63.8,63.6,1070.0,15.7,37.8,154.0
2024-12-12 12:00:00,19.6,33,3.0,0.0,10.1,311,27.7,993.0,47.4,46.8,892.0,11.3,37.6,167.0
2024-12-12 13:00:00,20.4,31,2.5,0.0,10.5,311,28.4,992.1,43.7,43.0,721.0,8.1,36.6,170.0
2024-12-12 14:00:00,20.6,30,2.5,0.0,9.7,305,28.4,991.9,42.5,41.4,638.0,9.0,35.9,165.0
2024-12-12 15:00:00,20.4,31,2.8,0.0,9.4,300,25.9,991.8,42.5,41.1,708.0,17.1,35.9,149.0
2024-12-12 16:00:00,19.5,34,3.3,0.0,9.1,306,23.8,991.9,45.4,44.1,866.0,29.3,36.2,124.0
2024-12-12 17:00:00,17.6,41,4.3,0.0,8.4,317,19.4,992.1,62.6,60.8,1005.0,37.3,38.0,100.0
2024-12-12 18:00:00,17.5,44,4.9,0.0,9.6,322,19.1,992.9,70.8,69.2,1099.0,38.3,38.7,91.0
2024-12-12 19:00:00,16.6,47,5.3,0.0,10.1,319,19.8,993.5,75.9,74.5,1174.0,39.5,39.5,80.0
2024-12-12 20:00:00,15.8,50,5.3,0.0,10.3,311,20.2,993.9,78.9,77.5,1200.0,38.9,39.5,72.0
2024-12-12 21:00:00,15.1,51,5.2,0.0,10.4,304,20.2,994.2,80.8,79.4,1150.0,35.0,37.8,71.0
2024-12-12 22:00:00,14.5,53,5.1,0.0,11.7,308,22.7,994.2,81.3,80.1,1050.0,29.3,35.3,74.0
2024-12-12 23:00:00,13.6,56,5.1,0.0,12.0,311,24.1,993.9,78.2,77.1,954.0,23.9,33.0,78.0
2024-12-13 00:00:00,12.9,59,5.2,0.0,11.6,313,24.1,993.9,72.6,71.5,869.0,19.3,31.3,82.0
2024-12-13 01:00:00,12.4,61,5.2,0.0,11.7,313,23.4,993.9,66.8,65.9,788.0,15.0,29.9,86.0
2024-12-13 02:00:00,11.9,63,5.0,0.0,11.5,310,23.4,993.8,61.7,60.8,736.0,11.9,28.6,89.0
2024-12-13 03:00:00,11.2,64,4.7,0.0,11.4,309,22.7,993.5,57.5,56.5,719.0,10.1,27.4,91.0
2024-12-13 04:00:00,10.8,65,4.4,0.0,11.2,310,22.7,993.4,53.9,53.0,732.0,9.4,26.4,92.0
2024-12-13 05:00:00,10.2,66,4.1,0.0,11.7,314,23.0,993.3,56.3,55.3,782.0,11.8,27.2,81.0
2024-12-13 06:00:00,9.2,73,4.6,0.0,12.2,313,24.1,993.7,54.5,53.4,911.0,15.7,27.9,77.0
2024-12-13 07:00:00,9.2,70,4.1,0.0,12.3,310,24.8,994.4,56.5,55.4,1078.0,20.9,28.8,71.0
2024-12-13 08:00:00,10.7,62,3.8,0.0,11.0,295,24.5,995.1,56.7,55.6,1162.0,23.6,29.5,73.0
2024-12-13 09:00:00,13.0,52,3.4,0.0,9.9,286,24.1,995.7,56.0,54.8,1093.0,21.4,29.9,88.0
2024-12-13 10:00:00,15.6,42,2.8,0.0,11.7,290,29.2,995.6,51.9,50.5,941.0,16.8,30.1,110.0
2024-12-13 11:00:00,18.0,35,2.4,0.0,13.4,297,33.8,994.6,46.3,44.5,799.0,12.9,29.8,127.0
2024-12-13 12:00:00,19.6,31,1.9,0.0,15.2,300,37.8,993.2,39.1,37.1,683.0,10.4,28.7,136.0
2024-12-13 13:00:00,20.6,28,1.2,0.0,16.1,304,40.0,992.1,34.3,32.0,576.0,8.7,27.0,140.0
2024-12-13 14:00:00,20.9,27,1.2,0.0,15.3,301,39.6,991.7,31.9,29.3,523.0,9.1,25.5,139.0
2024-12-13 15:00:00,20.5,28,1.1,0.0,14.7,298,37.4,991.3,30.5,27.8,564.0,13.3,24.3,129.0
2024-12-13 16:00:00,19.5,31,2.0,0.0,13.8,297,34.9,991.4,31.7,29.5,659.0,19.6,23.2,113.0
2024-12-13 17:00:00,18.0,35,2.4,0.0,13.0,294,29.9,991.9,43.5,40.5,726.0,25.2,24.3,99.0
2024-12-13 18:00:00,18.1,36,2.8,0.0,13.5,295,28.8,992.7,44.9,42.5,732.0,23.8,24.3,99.0
2024-12-13 19:00:00,17.4,38,2.8,0.0,14.3,290,29.9,993.1,45.9,43.9,711.0,21.7,24.3,99.0
2024-12-13 20:00:00,16.6,38,2.1,0.0,14.9,291,31.3,993.3,47.3,45.6,687.0,20.1,24.4,97.0
2024-12-13 21:00:00,15.9,38,1.6,0.0,15.0,296,31.3,993.7,48.8,47.4,668.0,19.5,24.7,93.0
2024-12-13 22:00:00,15.1,40,1.4,0.0,15.0,300,32.0,993.5,48.8,47.5,647.0,19.2,25.0,87.0
2024-12-13 23:00:00,14.2,42,1.5,0.0,14.3,304,31.3,993.2,46.3,45.3,624.0,18.4,25.0,83.0
2024-12-14 00:00:00,13.4,45,1.6,0.0,13.4,302,29.5,993.0,43.7,42.7,595.0,16.4,24.3,81.0
2024-12-14 01:00:00,12.9,47,1.7,0.0,13.4,301,27.7,992.8,42.1,41.2,564.0,13.9,23.2,80.0
2024-12-14 02:00:00,12.2,48,1.6,0.0,13.3,298,27.4,992.4,41.3,40.6,546.0,12.1,22.4,78.0
2024-12-14 03:00:00,11.6,49,1.4,0.0,13.0,297,27.0,992.0,41.0,40.3,534.0,11.1,21.9,75.0
2024-12-14 04:00:00,11.1,50,1.1,0.0,12.5,298,25.9,992.0,41.1,40.4,534.0,10.8,21.6,72.0
2024-12-14 05:00:00,10.7,51,0.9,0.0,11.8,296,25.2,992.0,44.0,43.4,587.0,12.6,22.4,66.0
2024-12-14 06:00:00,9.4,58,1.7,0.0,10.9,287,23.4,993.0,47.1,46.6,750.0,17.8,24.6,57.0
2024-12-14 07:00:00,9.1,59,1.6,0.0,10.8,281,21.2,993.9,53.6,53.0,966.0,24.7,27.7,45.0
2024-12-14 08:00:00,10.4,54,1.6,0.0,9.7,281,22.7,994.9,59.1,58.7,1094.0,28.4,30.0,44.0
2024-12-14 09:00:00,12.4,48,1.6,0.0,9.9,282,24.1,996.2,55.8,55.3,1057.0,25.7,30.7,62.0
2024-12-14 10:00:00,14.6,41,1.4,0.0,9.5,289,25.9,996.4,52.3,51.7,934.0,19.9,30.7,89.0
2024-12-14 11:00:00,17.0,34,1.2,0.0,8.7,297,25.9,995.6,48.3,47.7,819.0,15.0,30.4,113.0
2024-12-14 12:00:00,19.0,30,1.2,0.0,9.3,304,26.3,994.5,42.5,41.9,727.0,11.8,29.9,130.0
2024-12-14 13:00:00,20.2,28,1.2,0.0,10.9,304,29.2,993.6,35.7,35.2,643.0,9.7,29.2,143.0
2024-12-14 14:00:00,20.9,27,1.3,0.0,11.0,302,29.9,992.9,30.7,30.3,620.0,11.0,28.8,146.0
2024-12-14 15:00:00,20.8,28,1.6,0.0,10.4,298,28.4,992.7,29.2,28.9,702.0,18.1,28.9,134.0
2024-12-14 16:00:00,20.0,30,2.0,0.0,10.1,299,25.9,992.8,30.9,30.6,845.0,28.7,29.3,112.0
2024-12-14 17:00:00,18.3,35,2.5,0.0,8.6,299,21.6,993.1,41.7,41.2,968.0,36.1,31.3,87.0
2024-12-14 18:00:00,18.5,35,2.8,0.0,8.1,299,16.9,994.0,46.1,45.8,1049.0,37.6,31.8,79.0
2024-12-14 19:00:00,17.4,40,3.7,0.0,8.1,305,15.8,994.2,49.5,49.1,1111.0,39.6,32.3,67.0
2024-12-14 20:00:00,16.1,45,4.2,0.0,8.5,306,16.6,994.4,54.1,53.9,1137.0,40.5,32.4,58.0
2024-12-14 21:00:00,15.3,48,4.3,0.0,8.7,302,16.9,994.7,59.0,58.8,1113.0,39.9,31.7,54.0
2024-12-14 22:00:00,14.6,50,4.2,0.0,8.9,304,17.3,994.6,61.9,61.7,1053.0,38.2,30.6,52.0
2024-12-14 23:00:00,13.9,52,4.2,0.0,9.0,308,17.6,994.1,60.1,59.6,987.0,35.3,28.8,51.0
2024-12-15 00:00:00,13.0,55,4.1,0.0,9.0,316,18.0,993.7,55.8,55.6,916.0,30.4,25.9,52.0
2024-12-15 01:00:00,12.2,57,4.1,0.0,8.8,317,18.0,993.4,53.1,52.9,839.0,24.3,22.5,53.0
2024-12-15 02:00:00,11.4,60,4.0,0.0,8.5,312,17.3,993.3,51.6,51.2,784.0,19.7,20.0,54.0
2024-12-15 03:00:00,10.9,62,3.8,0.0,7.9,309,16.6,993.2,50.9,50.5,725.0,17.3,18.8,53.0
2024-12-15 04:00:00,10.3,63,3.5,0.0,7.6,306,15.5,993.3,50.6,50.2,687.0,16.4,18.5,51.0
2024-12-15 05:00:00,9.9,64,3.3,0.0,7.1,300,15.1,993.7,59.6,58.9,776.0,19.2,21.4,46.0
2024-12-15 06:00:00,8.3,73,3.7,0.0,5.2,299,13.0,995.1,63.3,62.4,1141.0,24.3,24.9,40.0
2024-12-15 07:00:00,7.9,74,3.6,0.0,4.1,304,10.1,995.9,73.1,71.7,1634.0,31.0,29.9,32.0
2024-12-15 08:00:00,9.3,68,3.6,0.0,5.0,308,11.2,997.1,78.7,77.1,1909.0,34.4,34.0,38.0
2024-12-15 09:00:00,11.8,57,3.7,0.0,2.8,305,11.9,998.4,77.3,75.7,1757.0,31.3,36.3,68.0
2024-12-15 10:00:00,14.6,48,3.8,0.0,3.5,309,14.8,998.8,74.7,73.3,1387.0,24.8,37.9,111.0
2024-12-15 11:00:00,17.0,41,3.5,0.0,2.9,317,15.5,997.9,72.4,70.8,1089.0,19.6,39.5,146.0
2024-12-15 12:00:00,18.8,35,3.0,0.0,3.1,320,15.8,996.9,68.9,66.8,944.0,15.2,41.3,170.0
2024-12-15 13:00:00,20.0,31,2.5,0.0,2.7,328,15.8,995.6,62.6,60.3,869.0,12.1,43.1,187.0
2024-12-15 14:00:00,20.7,29,2.2,0.0,3.1,324,14.8,994.9,58.2,56.1,908.0,15.8,45.7,189.0
2024-12-15 15:00:00,20.6,29,2.2,0.0,3.5,332,14.4,994.4,56.8,54.8,1130.0,30.9,48.2,169.0
2024-12-15 16:00:00,19.8,33,3.0,0.0,4.4,351,13.0,994.2,62.2,60.8,1465.0,52.9,51.4,134.0
2024-12-15 17:00:00,17.5,44,5.1,0.0,5.8,4,11.5,994.1,134.1,129.0,1745.0,68.0,55.8,107.0
2024-12-15 18:00:00,17.1,48,6.2,0.0,6.9,346,14.4,994.7,150.9,146.7,1859.0,75.4,59.7,85.0
2024-12-15 19:00:00,16.1,52,6.4,0.0,5.6,339,13.7,994.9,162.1,158.3,1918.0,85.4,65.0,55.0
2024-12-15 20:00:00,14.8,58,6.7,0.0,4.6,334,11.2,995.1,175.6,171.8,2080.0,91.7,68.4,31.0
2024-12-15 21:00:00,13.8,64,7.1,0.0,4.6,334,9.7,995.2,187.2,183.9,2502.0,91.3,68.8,20.0
2024-12-15 22:00:00,12.8,70,7.4,0.0,4.3,336,9.4,994.9,197.4,194.2,3027.0,87.1,67.3,16.0
2024-12-15 23:00:00,11.7,77,7.8,0.0,4.0,339,9.0,994.4,199.3,196.0,3348.0,81.9,63.8,14.0
2024-12-16 00:00:00,10.9,81,7.8,0.0,3.9,332,8.3,993.7,192.3,189.1,3295.0,76.1,57.1,14.0
2024-12-16 01:00:00,10.1,87,7.9,0.0,3.6,340,8.3,993.3,183.9,180.7,3037.0,69.3,48.5,16.0
2024-12-16 02:00:00,9.4,91,7.9,0.0,3.6,330,7.6,992.9,176.0,173.2,2773.0,62.7,41.5,19.0
2024-12-16 03:00:00,9.1,92,7.8,0.0,4.2,317,8.3,992.9,169.0,166.2,2519.0,56.2,37.2,22.0
2024-12-16 04:00:00,9.1,92,7.9,0.0,6.1,310,11.5,993.1,162.5,159.7,2258.0,49.9,34.7,25.0
2024-12-16 05:00:00,8.9,93,7.8,0.0,6.1,313,11.9,993.0,163.4,160.7,2142.0,40.2,36.5,39.0
2024-12-16 06:00:00,7.8,95,7.1,0.0,5.3,308,10.8,994.1,163.9,161.1,2335.0,42.9,38.9,36.0
2024-12-16 07:00:00,7.4,97,6.9,0.0,6.5,321,11.9,995.0,166.2,163.4,2672.0,46.2,42.1,34.0
2024-12-16 08:00:00,8.2,96,7.6,0.0,5.6,327,14.4,995.8,161.1,159.3,2811.0,46.0,44.2,45.0
2024-12-16 09:00:00,9.9,89,8.1,0.0,3.3,324,14.0,996.9,148.5,147.1,2548.0,38.7,43.7,81.0
2024-12-16 10:00:00,12.9,76,8.8,0.0,3.1,324,14.8,996.9,123.9,122.0,2087.0,27.9,42.2,131.0
2024-12-16 11:00:00,16.1,62,8.9,0.0,3.8,335,16.9,996.2,100.1,98.0,1690.0,19.6,41.9,168.0
2024-12-16 12:00:00,18.2,51,7.9,0.0,3.8,341,17.3,994.8,82.0,79.2,1418.0,13.8,43.8,186.0
2024-12-16 13:00:00,19.6,44,7.2,0.0,3.3,338,17.3,993.6,71.5,68.2,1211.0,10.7,47.0,192.0
2024-12-16 14:00:00,20.4,41,6.6,0.0,3.4,335,16.2,992.5,65.9,62.6,1149.0,16.6,51.3,185.0
2024-12-16 15:00:00,20.5,40,6.4,0.0,3.5,339,15.1,992.2,63.6,60.5,1321.0,38.4,56.3,160.0
2024-12-16 16:00:00,19.6,44,7.0,0.0,4.2,342,13.3,991.6,75.0,72.4,1638.0,69.3,62.4,121.0
2024-12-16 17:00:00,17.5,55,8.4,0.0,5.1,352,10.1,991.6,156.0,149.9,1916.0,97.3,75.9,85.0
2024-12-16 18:00:00,17.2,61,9.6,0.0,5.9,360,12.2,991.9,178.8,172.3,2060.0,102.0,81.5,68.0
2024-12-16 19:00:00,15.9,70,10.4,0.0,4.1,358,11.9,992.0,198.4,192.3,2165.0,108.3,89.4,44.0
2024-12-16 20:00:00,14.9,75,10.6,0.0,3.6,354,8.3,992.2,213.7,208.2,2331.0,112.0,96.1,25.0
2024-12-16 21:00:00,13.9,80,10.6,0.0,3.9,338,7.2,992.3,232.4,226.3,2675.0,111.3,101.9,15.0
2024-12-16 22:00:00,13.0,85,10.6,0.0,3.6,333,7.6,992.2,249.6,244.0,3080.0,107.9,106.5,10.0
2024-12-16 23:00:00,12.2,89,10.4,0.0,3.9,347,7.6,992.0,256.1,249.6,3297.0,102.8,105.5,8.0
2024-12-17 00:00:00,11.7,92,10.4,0.0,5.4,345,10.1,991.5,250.5,244.0,3161.0,95.2,94.3,9.0
2024-12-17 01:00:00,11.2,95,10.4,0.0,5.8,338,11.5,991.2,236.1,230.5,2837.0,85.8,77.5,12.0
2024-12-17 02:00:00,10.7,96,10.1,0.0,5.2,333,11.2,991.0,216.5,211.9,2570.0,77.9,64.4,15.0
2024-12-17 03:00:00,10.1,98,9.7,0.0,4.0,330,10.1,990.4,207.7,203.0,2413.0,72.3,57.8,15.0
2024-12-17 04:00:00,9.4,99,9.3,0.0,2.3,315,7.2,990.1,205.4,200.2,2313.0,68.1,54.9,14.0
2024-12-17 05:00:00,8.9,100,8.9,0.0,2.2,284,4.3,990.4,222.1,216.5,2353.0,67.2,65.9,13.0
2024-12-17 06:00:00,7.6,100,7.6,0.0,1.5,300,8.3,991.5,228.2,223.1,2670.0,70.9,74.9,12.0
2024-12-17 07:00:00,7.4,100,7.4,0.0,0.5,45,6.5,992.3,246.8,241.2,3127.0,75.5,87.2,13.0
2024-12-17 08:00:00,8.4,98,8.2,0.0,0.2,180,7.6,993.3,266.4,258.9,3392.0,75.6,94.5,27.0
2024-12-17 09:00:00,9.5,96,8.9,0.0,0.3,315,9.7,994.5,220.3,216.5,3321.0,67.1,91.1,66.0
2024-12-17 10:00:00,11.4,95,10.6,0.0,1.1,360,11.5,995.0,180.7,175.6,3059.0,54.2,82.9,118.0
2024-12-17 11:00:00,15.0,75,10.6,0.0,1.5,36,13.0,994.6,154.1,148.1,2703.0,43.6,79.0,159.0
2024-12-17 12:00:00,18.1,59,9.9,0.0,2.2,48,14.8,993.3,132.2,125.7,2170.0,36.0,85.6,183.0
2024-12-17 13:00:00,19.6,49,8.7,0.0,1.8,66,14.8,992.4,120.1,114.1,1544.0,30.8,96.5,197.0
2024-12-17 14:00:00,20.3,46,8.2,0.0,1.8,24,14.0,991.8,109.7,103.8,1178.0,32.7,103.2,196.0
2024-12-17 15:00:00,20.3,45,8.1,0.0,2.9,356,13.0,991.5,102.0,96.4,1317.0,47.6,101.1,172.0
2024-12-17 16:00:00,19.6,48,8.4,0.0,4.2,353,12.6,991.4,108.5,103.8,1716.0,69.6,94.7,133.0
2024-12-17 17:00:00,17.3,59,9.1,0.0,4.4,351,10.8,991.2,192.3,186.3,1994.0,112.1,104.5,87.0
2024-12-17 18:00:00,16.8,67,10.6,0.0,2.0,5,4.7,991.6,213.3,207.7,1959.0,107.2,100.7,74.0
2024-12-17 19:00:00,15.9,68,10.1,0.0,4.0,3,7.9,992.1,212.3,206.8,1804.0,100.0,95.1,55.0
2024-12-17 20:00:00,15.1,72,10.1,0.0,4.2,355,8.6,992.3,201.6,197.0,1725.0,91.4,87.9,41.0
2024-12-17 21:00:00,14.2,75,9.9,0.0,4.7,351,9.4,992.4,190.9,186.7,1838.0,81.0,78.2,35.0
2024-12-17 22:00:00,13.5,76,9.4,0.0,6.2,350,11.9,992.6,182.1,178.3,2028.0,69.3,66.8,34.0
2024-12-17 23:00:00,12.8,78,9.1,0.0,6.2,343,12.2,992.5,173.2,169.5,2139.0,58.3,56.5,35.0
2024-12-18 00:00:00,11.9,83,9.1,0.0,6.1,328,12.2,992.3,162.5,158.8,2094.0,48.3,47.8,38.0
2024-12-18 01:00:00,11.4,87,9.4,0.0,5.9,315,11.9,991.9,153.7,150.4,1971.0,39.1,40.2,42.0
2024-12-18 02:00:00,10.9,90,9.4,0.0,5.6,310,11.5,991.7,148.5,144.8,1851.0,32.4,34.6,45.0
2024-12-18 03:00:00,10.5,91,9.1,0.0,5.4,320,10.8,991.1,145.8,142.5,1727.0,28.9,31.5,45.0
2024-12-18 04:00:00,10.1,92,8.9,0.0,5.9,305,10.8,991.1,143.4,140.2,1607.0,27.9,30.4,43.0
2024-12-18 05:00:00,9.8,93,8.6,0.0,6.2,303,11.9,991.2,160.7,156.9,1592.0,36.2,34.7,33.0
2024-12-18 06:00:00,8.7,96,8.1,0.0,7.3,312,13.7,992.6,159.7,156.0,1804.0,39.8,37.8,31.0
2024-12-18 07:00:00,8.2,97,7.8,0.0,6.8,323,13.7,993.0,164.8,161.1,2121.0,44.4,42.3,29.0
2024-12-18 08:00:00,9.4,92,8.1,0.0,5.3,308,14.0,993.8,165.3,162.1,2282.0,45.5,46.7,40.0
2024-12-18 09:00:00,11.9,78,8.3,0.0,3.3,283,13.3,994.8,158.3,156.0,2141.0,39.6,50.6,74.0
2024-12-18 10:00:00,15.1,65,8.5,0.0,3.0,295,13.7,994.5,139.7,136.4,1844.0,30.2,54.4,121.0
2024-12-18 11:00:00,17.9,54,8.4,0.0,3.2,313,15.5,993.2,114.8,109.7,1563.0,23.0,57.8,156.0
2024-12-18 12:00:00,19.5,46,7.5,0.0,2.7,323,15.5,991.8,95.7,89.9,1307.0,18.9,61.1,172.0
2024-12-18 13:00:00,20.6,41,6.8,0.0,2.2,318,15.1,990.9,85.0,79.9,1066.0,16.9,64.0,176.0
2024-12-18 14:00:00,21.1,38,6.1,0.0,1.7,288,14.0,990.3,79.4,75.0,991.0,19.9,65.8,170.0
2024-12-18 15:00:00,21.1,36,5.4,0.0,2.5,262,12.2,990.0,78.2,73.8,1204.0,31.2,65.5,151.0
2024-12-18 16:00:00,20.5,36,5.0,0.0,4.1,270,11.2,989.8,82.4,79.2,1581.0,47.5,64.2,121.0
2024-12-18 17:00:00,18.1,44,5.8,0.0,4.2,301,8.3,989.9,148.5,143.0,1901.0,68.9,71.7,86.0
2024-12-18 18:00:00,17.7,55,8.4,0.0,7.2,342,14.4,990.3,161.6,156.5,2044.0,72.3,71.2,72.0
2024-12-18 19:00:00,16.4,61,8.9,0.0,4.4,348,14.4,990.4,173.7,168.6,2130.0,77.0,71.0,51.0
2024-12-18 20:00:00,15.2,68,9.3,0.0,1.8,323,8.6,990.6,188.1,183.0,2289.0,81.3,73.3,34.0
2024-12-18 21:00:00,14.2,72,9.2,0.0,1.1,288,3.6,990.8,208.6,204.0,2643.0,85.2,81.6,22.0
2024-12-18 22:00:00,13.4,75,9.1,0.0,1.1,279,1.8,990.8,232.8,228.2,3071.0,88.6,92.6,14.0
2024-12-18 23:00:00,12.8,78,9.0,0.0,1.2,297,1.8,990.8,249.6,244.0,3340.0,89.4,98.4,9.0
2024-12-19 00:00:00,12.2,80,8.9,0.0,1.3,278,1.8,990.4,247.7,243.1,3296.0,86.1,94.8,10.0
2024-12-19 01:00:00,11.4,83,8.7,0.0,1.5,225,2.5,990.4,235.2,230.5,3095.0,80.3,86.0,15.0
2024-12-19 02:00:00,10.9,85,8.4,0.0,1.5,210,2.5,990.1,226.3,221.2,2967.0,74.5,77.6,19.0
2024-12-19 03:00:00,10.4,86,8.1,0.0,0.6,236,2.2,990.1,220.7,216.1,2994.0,69.2,70.1,21.0
2024-12-19 04:00:00,9.6,89,8.0,0.0,1.1,9,1.8,990.2,215.6,210.9,3094.0,64.0,62.9,22.0
2024-12-19 05:00:00,8.6,94,7.8,0.0,2.2,35,5.0,990.5,245.9,240.3,3262.0,86.3,110.0,13.0
2024-12-19 06:00:00,7.2,98,6.9,0.0,0.4,63,2.2,991.7,249.6,244.0,3662.0,82.7,105.5,14.0
2024-12-19 07:00:00,7.1,99,6.9,0.0,3.7,61,7.2,992.5,264.5,259.8,4129.0,77.4,99.2,18.0
2024-12-19 08:00:00,8.9,89,7.2,0.0,6.1,76,12.6,993.7,242.1,238.4,4158.0,70.2,94.1,32.0
2024-12-19 09:00:00,12.6,72,7.7,0.0,4.5,97,13.7,994.7,207.2,204.4,3337.0,59.8,91.8,65.0
2024-12-19 10:00:00,16.0,59,8.1,0.0,5.4,116,17.3,995.0,185.8,182.5,2077.0,47.6,90.7,109.0
2024-12-19 11:00:00,18.1,50,7.7,0.0,7.9,129,24.1,994.4,156.0,152.3,1111.0,37.4,88.3,145.0
2024-12-19 12:00:00,19.6,42,6.4,0.0,8.1,137,24.8,993.4,119.7,115.9,741.0,28.5,82.8,170.0
2024-12-19 13:00:00,20.5,37,5.4,0.0,8.1,141,24.8,992.6,103.6,100.6,664.0,21.6,76.2,187.0
2024-12-19 14:00:00,20.9,35,5.0,0.0,7.6,142,24.5,991.6,98.0,95.2,703.0,22.8,71.6,191.0
2024-12-19 15:00:00,20.7,36,5.0,0.0,6.7,134,22.7,991.1,96.2,93.8,840.0,37.7,70.5,174.0
2024-12-19 16:00:00,20.0,39,5.4,0.0,5.8,126,19.8,990.6,104.3,102.4,1094.0,60.7,71.5,142.0
2024-12-19 17:00:00,17.9,47,6.6,0.0,4.1,103,14.4,990.5,147.6,144.8,1340.0,75.6,65.6,98.0
2024-12-19 18:00:00,17.3,54,7.8,0.0,4.2,108,9.7,990.7,170.4,168.1,1569.0,84.5,70.3,78.0
2024-12-19 19:00:00,15.9,61,8.5,0.0,3.4,87,9.0,991.0,192.3,190.0,1790.0,96.5,76.5,50.0
2024-12-19 20:00:00,14.9,68,8.9,0.0,3.6,60,7.9,991.3,207.2,204.9,1908.0,103.4,79.9,29.0
2024-12-19 21:00:00,14.0,72,9.1,0.0,4.8,45,9.4,991.6,214.2,212.3,1855.0,101.2,78.3,22.0
2024-12-19 22:00:00,13.4,74,8.8,0.0,6.4,52,12.2,991.9,215.6,213.7,1700.0,94.0,73.9,23.0
2024-12-19 23:00:00,12.8,75,8.5,0.0,5.8,54,12.6,991.8,209.1,207.2,1550.0,85.6,68.1,25.0
2024-12-20 00:00:00,12.2,77,8.4,0.0,5.4,56,11.5,991.6,197.0,195.1,1429.0,76.7,60.6,28.0
2024-12-20 01:00:00,11.8,80,8.4,0.0,4.9,54,10.8,991.3,186.7,184.9,1314.0,66.7,51.7,33.0
2024-12-20 02:00:00,11.2,83,8.4,0.0,4.3,42,9.7,991.2,178.8,177.0,1240.0,57.7,44.6,36.0
2024-12-20 03:00:00,10.8,85,8.4,0.0,4.3,24,9.0,990.8,172.3,170.9,1195.0,49.3,39.8,37.0
2024-12-20 04:00:00,10.4,86,8.2,0.0,5.2,14,10.1,990.7,167.2,165.3,1191.0,42.0,36.6,37.0
2024-12-20 05:00:00,10.1,87,7.9,0.0,5.6,15,11.5,990.8,149.0,147.6,1305.0,28.2,37.5,55.0
2024-12-20 06:00:00,9.3,93,8.2,0.0,3.3,29,11.2,991.9,159.7,157.9,1695.0,39.2,43.6,44.0
2024-12-20 07:00:00,9.3,92,8.0,0.0,4.5,7,8.6,992.4,177.9,176.0,2203.0,53.8,51.8,30.0
2024-12-20 08:00:00,10.9,83,8.1,0.0,5.0,360,12.6,993.2,183.0,181.6,2429.0,61.1,57.4,34.0
2024-12-20 09:00:00,14.1,69,8.4,0.0,2.8,345,12.2,994.1,157.9,156.5,2105.0,53.8,57.4,73.0
2024-12-20 10:00:00,17.2,58,8.8,0.0,2.0,350,12.6,994.2,140.2,138.8,1498.0,39.1,54.8,129.0
2024-12-20 11:00:00,19.5,49,8.4,0.0,2.8,342,14.8,993.5,113.9,111.8,1012.0,27.5,52.9,172.0
2024-12-20 12:00:00,21.0,42,7.5,0.0,3.8,341,16.9,992.3,96.9,94.3,789.0,21.6,53.2,190.0
2024-12-20 13:00:00,22.1,36,6.4,0.0,4.5,344,18.0,991.2,86.6,84.1,685.0,18.8,54.3,195.0
2024-12-20 14:00:00,22.5,35,6.2,0.0,4.7,342,18.0,990.5,82.4,80.1,677.0,22.0,55.4,187.0
2024-12-20 15:00:00,22.4,36,6.6,0.0,5.8,344,18.0,989.8,80.6,78.5,801.0,36.2,56.4,162.0
2024-12-20 16:00:00,21.5,42,8.1,0.0,6.9,340,18.4,989.6,87.5,85.9,1019.0,56.5,57.3,125.0
2024-12-20 17:00:00,19.6,51,9.1,0.0,5.9,325,16.6,989.6,117.3,115.5,1195.0,74.4,56.9,86.0
2024-12-20 18:00:00,19.1,54,9.5,0.0,6.9,317,13.3,990.3,126.7,125.3,1276.0,70.4,54.7,77.0
2024-12-20 19:00:00,18.2,58,9.9,0.0,8.3,319,16.2,990.5,128.5,126.7,1314.0,64.5,51.5,64.0
2024-12-20 20:00:00,17.1,66,10.8,0.0,8.6,319,16.9,990.8,128.1,126.7,1328.0,58.2,48.2,55.0
2024-12-20 21:00:00,16.2,72,11.2,0.0,8.0,312,16.9,991.1,128.1,127.1,1321.0,51.5,44.8,52.0
2024-12-20 22:00:00,15.4,76,11.1,0.0,7.9,317,15.5,991.2,128.5,127.6,1290.0,44.2,41.3,52.0
2024-12-20 23:00:00,14.6,78,10.9,0.0,8.1,321,15.8,990.9,126.7,125.7,1250.0,37.6,38.7,52.0
2024-12-21 00:00:00,13.8,81,10.5,0.0,8.0,326,16.2,990.7,123.4,122.0,1197.0,31.6,37.8,52.0
2024-12-21 01:00:00,13.0,83,10.1,0.0,7.8,326,16.2,990.6,120.6,119.7,1134.0,26.3,37.8,51.0
2024-12-21 02:00:00,12.4,84,9.8,0.0,7.6,329,15.5,990.6,118.5,117.6,1089.0,22.3,37.7,51.0
2024-12-21 03:00:00,11.9,85,9.4,0.0,7.7,332,15.5,990.5,116.9,115.9,1037.0,19.6,36.9,50.0
2024-12-21 04:00:00,11.4,85,8.9,0.0,7.6,335,15.5,990.5,115.7,114.6,1002.0,18.4,35.9,49.0
2024-12-21 05:00:00,10.9,85,8.6,0.0,7.2,332,15.1,990.6,117.3,116.4,1088.0,21.0,41.3,46.0
2024-12-21 06:00:00,9.5,92,8.2,0.0,4.2,310,11.9,991.4,124.8,123.9,1444.0,27.1,44.6,38.0
2024-12-21 07:00:00,9.4,92,8.1,0.0,5.2,295,9.4,991.9,139.2,138.3,1920.0,35.3,49.0,28.0
2024-12-21 08:00:00,10.8,84,8.2,0.0,6.6,292,13.7,993.0,145.8,144.8,2171.0,40.2,51.9,30.0
2024-12-21 09:00:00,13.3,71,8.1,0.0,4.8,295,14.8,994.0,143.9,143.0,1996.0,38.8,51.9,56.0
2024-12-21 10:00:00,16.0,57,7.7,0.0,4.5,304,16.6,994.2,139.2,138.3,1597.0,33.9,50.3,94.0
2024-12-21 11:00:00,18.6,46,6.9,0.0,4.7,317,18.0,993.6,130.4,129.5,1233.0,28.9,48.7,127.0
2024-12-21 12:00:00,20.7,38,6.1,0.0,5.3,325,19.4,992.5,111.5,110.1,958.0,22.3,47.4,150.0
2024-12-21 13:00:00,21.9,34,5.2,0.0,6.9,321,22.0,991.9,100.1,98.5,718.0,15.6,46.2,168.0
2024-12-21 14:00:00,22.1,33,5.0,0.0,7.4,321,22.3,991.4,94.3,92.7,610.0,15.6,45.6,171.0
2024-12-21 15:00:00,21.9,35,5.6,0.0,7.5,327,22.3,991.2,92.0,90.3,723.0,28.3,45.7,151.0
2024-12-21 16:00:00,21.0,39,6.3,0.0,7.1,336,21.2,991.0,99.9,98.7,968.0,47.7,46.4,116.0
2024-12-21 17:00:00,19.2,46,7.3,0.0,5.7,351,17.3,991.1,136.0,134.1,1170.0,62.1,50.3,84.0
2024-12-21 18:00:00,18.8,49,7.9,0.0,7.0,359,15.5,991.8,154.6,152.7,1265.0,67.0,53.7,70.0
2024-12-21 19:00:00,17.7,54,8.2,0.0,7.2,3,14.8,992.1,168.6,166.7,1317.0,73.7,58.4,51.0
2024-12-21 20:00:00,16.4,59,8.4,0.0,7.6,4,15.1,992.6,181.6,180.2,1340.0,78.0,62.0,35.0
2024-12-21 21:00:00,15.3,63,8.4,0.0,6.8,2,15.1,993.0,195.1,193.7,1333.0,78.0,63.9,26.0
2024-12-21 22:00:00,14.4,67,8.4,0.0,6.4,350,13.7,992.9,208.2,206.3,1297.0,75.7,64.7,21.0
2024-12-21 23:00:00,13.7,70,8.3,0.0,6.7,351,13.0,992.7,214.7,213.3,1256.0,73.0,64.3,18.0
2024-12-22 00:00:00,12.9,73,8.1,0.0,5.8,355,13.0,992.0,215.6,214.2,1202.0,70.5,62.4,16.0
2024-12-22 01:00:00,12.1,76,7.9,0.0,5.2,356,11.2,991.4,217.0,215.6,1143.0,67.6,59.2,16.0
2024-12-22 02:00:00,11.2,80,7.8,0.0,3.7,346,10.4,991.1,216.1,214.2,1125.0,64.2,56.0,17.0
2024-12-22 03:00:00,10.9,81,7.8,0.0,3.2,313,7.6,990.8,207.7,205.8,1102.0,59.2,51.8,21.0
2024-12-22 04:00:00,11.1,80,7.8,0.0,3.5,291,6.8,990.4,195.6,193.7,1120.0,53.8,47.6,27.0
2024-12-22 05:00:00,11.2,79,7.8,0.0,3.9,304,8.3,990.6,202.6,200.7,1369.0,57.6,44.6,20.0
2024-12-22 06:00:00,9.3,89,7.5,0.0,1.9,343,6.1,991.3,206.3,204.4,2165.0,60.8,53.7,19.0
2024-12-22 07:00:00,9.0,90,7.4,0.0,0.5,45,3.6,992.1,223.1,220.7,3191.0,64.8,66.2,19.0
2024-12-22 08:00:00,10.1,83,7.4,0.0,2.2,24,7.2,993.0,239.3,238.0,3683.0,64.8,74.9,32.0
2024-12-22 09:00:00,13.6,67,7.7,0.0,1.5,346,9.4,993.9,220.3,218.9,3134.0,57.4,76.5,69.0
2024-12-22 10:00:00,17.0,53,7.2,0.0,1.2,39,11.2,994.3,187.7,185.8,2052.0,45.9,74.3,120.0
2024-12-22 11:00:00,19.5,44,6.8,0.0,1.5,76,13.0,994.0,142.5,140.2,1196.0,36.0,71.8,159.0
2024-12-22 12:00:00,20.9,40,6.7,0.0,1.9,119,14.0,993.0,119.7,117.6,860.0,26.5,69.1,181.0
2024-12-22 13:00:00,21.8,37,6.7,0.0,2.7,148,14.8,992.1,103.8,101.7,749.0,18.5,66.0,192.0
2024-12-22 14:00:00,22.2,36,6.4,0.0,3.5,145,15.5,991.3,95.9,93.8,739.0,20.7,65.0,188.0
2024-12-22 15:00:00,22.0,36,6.2,0.0,4.9,141,16.2,990.7,92.4,90.6,814.0,41.8,67.7,162.0
2024-12-22 16:00:00,21.2,38,6.4,0.0,5.7,139,16.2,990.5,107.1,105.5,990.0,73.2,72.5,122.0
2024-12-22 17:00:00,19.0,47,7.3,0.0,4.4,117,14.8,990.2,160.7,158.8,1185.0,101.3,82.2,75.0
2024-12-22 18:00:00,18.1,52,8.0,0.0,5.2,106,12.2,990.7,191.4,190.0,1416.0,103.8,84.7,63.0
2024-12-22 19:00:00,16.9,61,9.2,0.0,5.2,86,11.5,991.3,209.1,207.2,1665.0,106.9,87.9,46.0
2024-12-22 20:00:00,15.9,67,9.6,0.0,6.5,85,13.3,991.7,211.9,210.5,1804.0,107.0,87.9,34.0
2024-12-22 21:00:00,15.1,68,9.2,0.0,5.2,92,13.3,992.0,204.4,203.0,1750.0,102.9,82.3,32.0
2024-12-22 22:00:00,14.1,70,8.8,0.0,4.0,85,10.4,992.1,199.3,197.9,1585.0,95.9,73.5,36.0
2024-12-22 23:00:00,13.2,73,8.4,0.0,4.7,81,9.7,991.7,185.3,183.9,1424.0,85.5,64.8,42.0
2024-12-23 00:00:00,12.8,73,8.1,0.0,8.3,92,15.5,991.0,165.3,164.4,1297.0,68.9,56.3,53.0
2024-12-23 01:00:00,12.6,71,7.5,0.0,10.0,99,20.5,990.3,147.1,146.2,1173.0,49.1,47.8,66.0
2024-12-23 02:00:00,12.1,73,7.3,0.0,7.3,113,19.8,990.0,140.6,139.2,1083.0,34.4,42.1,75.0
2024-12-23 03:00:00,11.6,75,7.2,0.0,8.2,119,15.8,989.7,140.2,138.8,1008.0,28.0,40.3,76.0
2024-12-23 04:00:00,11.0,77,7.2,0.0,8.2,119,16.6,989.6,143.4,142.0,966.0,26.7,41.2,71.0
2024-12-23 05:00:00,10.6,79,7.2,0.0,7.0,119,15.8,989.9,118.7,117.6,1037.0,18.7,34.3,76.0
2024-12-23 06:00:00,11.8,78,8.1,0.0,6.3,105,13.3,991.1,123.9,122.9,1364.0,30.0,38.4,62.0
2024-12-23 07:00:00,11.9,78,8.1,0.0,4.0,39,13.0,992.0,138.8,137.4,1804.0,45.4,44.1,44.0
2024-12-23 08:00:00,12.4,75,8.1,0.2,0.8,315,8.6,993.4,157.9,156.9,2012.0,55.4,47.6,36.0
2024-12-23 09:00:00,13.6,71,8.4,0.1,5.4,88,15.1,994.3,150.9,149.9,1762.0,55.4,47.0,47.0
2024-12-23 10:00:00,14.6,67,8.4,0.0,4.0,108,15.5,995.2,146.7,145.8,1279.0,50.2,44.4,69.0
2024-12-23 11:00:00,15.2,69,9.6,1.0,7.6,91,20.2,994.6,145.3,143.9,895.0,44.2,42.1,89.0
2024-12-23 12:00:00,16.2,67,10.1,1.8,9.9,69,25.9,993.6,132.7,131.3,738.0,38.0,41.1,106.0
2024-12-23 13:00:00,17.8,58,9.3,0.0,9.1,100,27.0,992.6,118.3,116.6,680.0,31.0,40.5,122.0
2024-12-23 14:00:00,16.6,63,9.6,0.5,7.4,94,25.6,992.1,112.5,110.8,668.0,26.8,40.0,130.0
2024-12-23 15:00:00,16.9,65,10.3,0.5,9.4,85,21.2,991.4,107.8,105.9,711.0,27.8,39.9,127.0
2024-12-23 16:00:00,17.0,62,9.8,0.0,9.5,81,22.7,991.2,102.4,100.8,799.0,31.5,40.1,116.0
2024-12-23 17:00:00,15.9,66,9.5,0.0,8.9,76,21.6,991.0,131.8,129.9,855.0,38.6,38.7,106.0
2024-12-23 18:00:00,15.9,66,9.6,0.0,9.0,75,18.4,991.5,126.2,123.9,835.0,36.8,39.4,98.0
2024-12-23 19:00:00,15.1,68,9.2,0.0,6.5,90,18.7,991.8,122.0,120.1,782.0,34.3,40.4,86.0
2024-12-23 20:00:00,14.1,74,9.5,0.0,4.5,88,13.0,992.3,118.5,116.6,743.0,32.8,41.0,75.0
2024-12-23 21:00:00,13.9,74,9.4,0.0,7.4,94,15.1,992.6,116.4,114.6,744.0,33.4,41.2,66.0
2024-12-23 22:00:00,13.1,81,9.8,0.0,4.8,77,14.8,992.6,117.8,115.7,758.0,34.9,41.2,59.0
2024-12-23 23:00:00,12.3,86,9.9,0.0,4.8,56,10.1,992.4,118.5,116.6,758.0,35.1,40.2,53.0
2024-12-24 00:00:00,11.8,88,9.8,0.0,6.1,45,12.6,992.0,115.7,113.9,723.0,32.4,37.9,51.0
2024-12-24 01:00:00,11.2,89,9.5,0.0,5.3,45,12.2,991.9,112.7,110.6,673.0,28.3,34.7,52.0
2024-12-24 02:00:00,11.3,88,9.4,0.0,6.1,34,12.2,991.8,111.8,109.7,639.0,25.1,31.7,51.0
2024-12-24 03:00:00,11.7,86,9.4,0.3,6.3,31,13.0,991.7,110.4,108.5,621.0,23.2,28.9,47.0
2024-12-24 04:00:00,11.1,90,9.5,0.1,5.5,46,12.6,991.5,107.3,105.7,618.0,22.1,26.3,43.0
2024-12-24 05:00:00,10.6,94,9.6,0.0,7.0,357,13.7,992.1,85.0,83.1,663.0,17.2,17.5,60.0
2024-12-24 06:00:00,11.8,88,9.9,0.9,7.8,23,23.0,992.6,86.4,84.5,815.0,24.2,20.1,54.0
2024-12-24 07:00:00,11.2,92,9.9,3.1,3.6,9,16.6,993.6,95.0,93.1,1015.0,33.6,23.6,47.0
2024-12-24 08:00:00,12.4,88,10.4,1.9,8.2,38,15.1,994.0,105.0,102.9,1116.0,38.9,26.5,49.0
2024-12-24 09:00:00,13.4,85,11.0,0.3,5.6,45,16.9,994.8,109.9,108.0,1026.0,36.2,27.7,68.0
2024-12-24 10:00:00,15.3,77,11.3,0.0,5.3,38,16.2,995.1,109.2,106.9,837.0,29.6,28.2,97.0
2024-12-24 11:00:00,17.4,68,11.4,0.1,3.5,62,16.6,994.6,105.7,102.7,680.0,24.2,29.6,121.0
2024-12-24 12:00:00,18.1,66,11.8,0.2,2.3,58,14.0,993.5,109.7,106.4,567.0,19.6,32.0,138.0
2024-12-24 13:00:00,18.6,60,10.7,0.0,3.5,75,13.7,992.6,110.6,107.1,485.0,16.3,35.3,151.0
2024-12-24 14:00:00,19.0,58,10.7,0.2,3.1,83,14.4,992.1,111.1,107.8,534.0,21.6,40.0,150.0
2024-12-24 15:00:00,18.6,62,11.2,0.1,2.5,98,12.2,991.9,111.8,108.7,834.0,43.5,46.5,126.0
2024-12-24 16:00:00,18.1,67,11.9,0.0,1.9,158,9.4,992.0,122.0,119.7,1264.0,73.9,54.6,88.0
2024-12-24 17:00:00,16.6,76,12.4,0.0,5.0,180,10.1,992.2,136.0,134.1,1558.0,77.1,46.7,62.0
2024-12-24 18:00:00,16.2,82,13.1,0.0,5.5,32,10.1,992.5,143.9,142.5,1537.0,74.5,46.8,56.0
2024-12-24 19:00:00,15.4,82,12.3,0.0,4.5,320,11.9,993.2,143.0,141.6,1381.0,70.5,46.6,47.0
2024-12-24 20:00:00,15.1,83,12.1,0.0,6.1,289,11.2,994.0,133.2,131.8,1361.0,65.0,44.8,41.0
2024-12-24 21:00:00,14.8,82,11.8,0.0,6.4,315,13.0,994.6,121.5,120.1,1671.0,56.9,40.0,39.0
2024-12-24 22:00:00,14.1,84,11.5,0.0,7.3,340,13.7,994.8,112.9,111.8,2118.0,47.2,33.5,38.0
2024-12-24 23:00:00,13.4,89,11.6,0.0,8.1,347,15.8,994.8,106.6,105.5,2388.0,39.0,28.0,38.0
2024-12-25 00:00:00,12.8,92,11.4,0.0,8.6,348,17.3,994.5,101.5,100.4,2318.0,33.3,24.3,37.0
2024-12-25 01:00:00,12.4,91,11.1,0.0,7.6,352,17.3,994.1,99.4,98.0,2073.0,29.1,21.5,37.0
2024-12-25 02:00:00,12.1,92,10.8,0.0,7.4,347,15.1,993.9,99.2,98.0,1833.0,26.1,19.5,36.0
2024-12-25 03:00:00,11.6,93,10.5,0.0,6.6,347,14.4,993.8,100.1,98.7,1609.0,24.0,18.1,35.0
2024-12-25 04:00:00,11.3,93,10.2,0.0,6.3,345,13.0,993.4,101.0,99.7,1390.0,23.2,17.5,34.0
2024-12-25 05:00:00,11.1,93,10.0,0.0,6.3,336,12.2,993.4,95.7,94.3,1328.0,21.1,16.8,39.0
2024-12-25 06:00:00,11.1,95,10.4,0.0,6.4,328,12.2,993.9,102.4,101.0,1598.0,28.4,23.0,31.0
2024-12-25 07:00:00,11.1,94,10.2,0.0,6.8,307,12.6,994.4,119.7,118.0,2024.0,38.3,31.4,21.0
2024-12-25 08:00:00,12.1,91,10.8,0.0,8.2,279,14.8,995.0,136.0,134.6,2229.0,43.8,37.2,24.0
2024-12-25 09:00:00,14.4,84,11.6,0.0,4.8,290,16.9,996.0,129.0,128.1,1991.0,41.0,37.0,52.0
2024-12-25 10:00:00,16.4,73,11.6,0.0,6.5,330,19.4,996.7,121.1,119.7,1532.0,33.8,34.0,93.0
2024-12-25 11:00:00,18.2,63,11.1,0.0,5.7,325,19.8,996.2,97.6,95.7,1145.0,27.4,33.3,126.0
2024-12-25 12:00:00,19.6,56,10.6,0.0,5.5,319,19.1,995.4,90.1,87.8,923.0,22.1,37.7,147.0
2024-12-25 13:00:00,20.5,52,10.4,0.0,5.6,318,18.7,994.6,94.1,91.7,772.0,17.5,44.4,161.0
2024-12-25 14:00:00,20.9,50,10.1,0.0,5.7,316,18.7,994.1,96.4,94.1,708.0,18.3,49.3,162.0
2024-12-25 15:00:00,20.8,51,10.1,0.0,6.6,313,18.0,993.8,96.9,94.5,755.0,28.6,50.3,143.0
2024-12-25 16:00:00,20.0,54,10.4,0.0,6.9,309,18.0,993.9,102.0,100.1,889.0,44.2,49.5,111.0
2024-12-25 17:00:00,18.2,62,10.9,0.0,6.0,307,15.5,994.0,135.0,133.2,1050.0,57.4,47.5,74.0
2024-12-25 18:00:00,17.8,67,11.6,0.0,6.5,312,14.4,994.6,146.2,144.4,1248.0,61.4,50.0,61.0
2024-12-25 19:00:00,16.9,71,11.6,0.0,6.2,311,13.0,995.3,153.2,151.8,1473.0,66.8,53.5,43.0
2024-12-25 20:00:00,16.0,75,11.6,0.0,6.0,307,12.2,995.8,161.6,160.7,1633.0,70.3,56.4,29.0
2024-12-25 21:00:00,15.2,78,11.4,0.0,5.7,307,11.9,996.3,169.0,167.6,1685.0,70.0,58.6,23.0
2024-12-25 22:00:00,14.5,81,11.2,0.0,5.6,315,10.8,996.6,176.0,174.6,1673.0,67.8,60.2,20.0
2024-12-25 23:00:00,13.9,83,11.0,0.0,6.5,318,12.2,996.4,179.3,178.3,1631.0,65.3,60.1,18.0
2024-12-26 00:00:00,13.4,84,10.8,0.0,6.2,319,12.6,996.1,180.2,179.3,1552.0,63.3,57.0,15.0
2024-12-26 01:00:00,12.9,86,10.6,0.0,6.0,314,12.2,995.6,180.7,179.7,1444.0,61.1,52.2,13.0
2024-12-26 02:00:00,12.2,88,10.4,0.0,5.3,322,11.5,995.4,180.2,178.8,1364.0,58.4,48.2,12.0
2024-12-26 03:00:00,11.8,89,10.1,0.0,5.6,318,10.8,995.5,176.5,175.6,1298.0,54.2,45.6,13.0
2024-12-26 04:00:00,11.4,91,9.9,0.0,6.1,310,11.5,995.3,170.9,170.0,1260.0,49.6,43.8,15.0
2024-12-26 05:00:00,10.9,92,9.6,0.0,5.9,313,11.5,995.7,183.9,182.5,1345.0,48.6,39.7,9.0
2024-12-26 06:00:00,10.4,94,9.5,0.0,5.0,325,10.8,996.7,174.6,173.7,1707.0,48.1,42.1,6.0
2024-12-26 07:00:00,10.2,94,9.4,0.0,5.9,340,10.8,997.4,187.2,186.3,2193.0,47.3,45.4,4.0
2024-12-26 08:00:00,11.2,91,9.9,0.0,5.4,340,12.6,998.1,192.8,192.3,2439.0,45.7,47.9,16.0
2024-12-26 09:00:00,13.9,81,10.6,0.0,2.8,325,12.6,999.0,192.8,192.3,2232.0,43.1,48.3,56.0
2024-12-26 10:00:00,16.8,70,11.3,0.0,2.1,340,11.9,999.3,180.7,180.2,1784.0,39.7,47.8,110.0
2024-12-26 11:00:00,19.4,58,11.1,0.0,2.2,351,13.0,998.7,147.6,146.7,1375.0,36.2,48.4,151.0
2024-12-26 12:00:00,21.2,50,10.2,0.0,1.1,351,13.0,997.8,101.3,100.1,1039.0,29.2,50.5,172.0
2024-12-26 13:00:00,22.1,45,9.5,0.0,0.9,169,11.5,997.0,82.0,80.6,742.0,22.0,53.7,180.0
2024-12-26 14:00:00,22.5,41,8.5,0.0,2.3,176,11.9,996.1,77.5,75.9,651.0,25.3,58.1,174.0
2024-12-26 15:00:00,22.4,40,8.0,0.0,2.3,198,11.9,995.8,77.5,75.4,863.0,48.6,64.3,147.0
2024-12-26 16:00:00,21.5,55,12.1,0.0,1.2,219,9.4,995.5,89.9,88.2,1283.0,82.5,71.7,106.0
2024-12-26 17:00:00,19.8,59,11.5,0.0,0.2,270,2.5,995.4,142.0,139.2,1790.0,103.4,69.3,63.0
2024-12-26 18:00:00,18.5,61,10.9,0.0,2.9,43,6.1,996.0,172.8,170.4,2467.0,109.4,75.6,49.0
2024-12-26 19:00:00,17.6,67,11.4,0.0,4.0,58,8.6,996.4,193.2,190.9,3232.0,117.5,84.2,29.0
2024-12-26 20:00:00,16.6,75,12.1,0.0,2.8,75,8.6,996.5,214.7,212.3,3723.0,122.3,89.2,15.0
2024-12-26 21:00:00,15.9,78,12.1,0.0,1.1,108,5.4,996.6,232.8,230.0,3767.0,121.7,88.6,10.0
2024-12-26 22:00:00,15.1,81,11.9,0.0,1.3,34,3.6,996.4,238.4,235.6,3537.0,117.7,84.6,11.0
2024-12-26 23:00:00,14.8,80,11.4,0.0,3.5,28,7.6,995.8,223.1,220.3,3194.0,110.9,77.5,13.0
2024-12-27 00:00:00,14.4,78,10.8,0.0,5.6,25,10.4,995.4,208.2,205.8,2715.0,99.6,65.4,17.0
2024-12-27 01:00:00,14.6,76,10.4,0.0,6.4,27,12.6,995.0,187.7,185.8,2122.0,85.4,50.4,23.0
2024-12-27 02:00:00,13.9,79,10.4,0.0,4.3,24,12.2,994.7,164.4,162.1,1646.0,73.9,38.7,28.0
2024-12-27 03:00:00,14.4,78,10.5,0.1,4.3,336,10.8,994.9,147.1,145.3,1379.0,67.3,33.4,31.0
2024-12-27 04:00:00,13.8,81,10.6,0.0,1.4,230,7.9,994.5,146.7,144.4,1229.0,63.4,31.6,33.0
2024-12-27 05:00:00,13.2,85,10.8,0.8,0.6,326,11.2,994.5,148.1,146.2,1147.0,71.4,44.3,25.0
2024-12-27 06:00:00,14.1,90,12.4,1.7,6.7,27,16.2,994.3,132.7,130.9,1167.0,68.8,45.3,26.0
2024-12-27 07:00:00,14.1,91,12.6,0.1,11.2,354,21.2,995.1,140.6,138.8,1256.0,64.9,46.4,28.0
2024-12-27 08:00:00,14.7,87,12.5,0.0,6.8,358,22.0,995.9,142.0,140.6,1259.0,60.3,45.4,33.0
2024-12-27 09:00:00,15.2,88,13.4,0.7,8.7,17,23.8,997.0,140.2,138.8,1077.0,54.6,40.6,45.0
2024-12-27 10:00:00,15.9,86,13.6,0.0,7.8,44,18.7,997.2,119.2,117.6,811.0,48.2,33.8,60.0
2024-12-27 11:00:00,16.8,81,13.4,0.2,9.7,51,23.4,996.9,99.7,97.8,608.0,42.2,27.9,72.0
2024-12-27 12:00:00,17.5,74,12.8,0.0,11.6,47,28.4,995.6,97.1,94.5,532.0,36.6,24.2,77.0
2024-12-27 13:00:00,17.2,73,12.4,0.1,12.0,45,32.0,994.7,93.8,91.5,519.0,31.4,21.5,79.0
2024-12-27 14:00:00,16.1,87,14.0,4.4,6.8,61,28.8,994.2,91.3,89.4,533.0,28.1,19.3,79.0
2024-12-27 15:00:00,15.8,85,13.3,5.0,11.1,44,27.4,994.1,87.1,85.4,583.0,28.0,17.3,78.0
2024-12-27 16:00:00,14.9,89,13.1,3.0,10.8,53,26.6,994.0,82.0,80.6,660.0,29.8,15.9,75.0
2024-12-27 17:00:00,14.3,92,13.0,1.7,10.3,43,27.4,994.0,96.6,94.3,693.0,36.8,16.6,64.0
2024-12-27 18:00:00,14.4,96,13.8,4.5,10.5,73,20.9,994.5,95.7,93.6,638.0,35.2,17.7,64.0
2024-12-27 19:00:00,14.5,96,13.9,2.3,11.0,69,22.3,994.5,98.7,96.6,539.0,32.8,19.2,64.0
2024-12-27 20:00:00,14.6,94,13.7,0.8,11.1,83,22.3,995.1,100.4,98.3,464.0,30.6,20.6,65.0
2024-12-27 21:00:00,14.5,94,13.5,0.0,11.5,88,21.6,995.1,104.5,102.2,445.0,28.8,21.7,66.0
2024-12-27 22:00:00,14.6,92,13.3,0.0,11.5,110,22.7,995.2,109.2,106.9,450.0,27.1,22.6,68.0
2024-12-27 23:00:00,14.2,92,13.1,0.0,10.5,107,23.0,995.0,106.6,104.3,445.0,25.5,23.2,68.0
2024-12-28 00:00:00,13.8,92,12.6,0.0,7.7,102,19.8,994.2,103.1,100.8,410.0,23.7,23.1,66.0
2024-12-28 01:00:00,13.0,93,11.9,0.0,3.3,112,15.1,993.9,102.7,100.4,367.0,21.9,22.5,63.0
2024-12-28 02:00:00,13.2,92,12.0,0.0,3.3,68,6.5,993.2,102.0,99.9,344.0,20.9,22.3,60.0
2024-12-28 03:00:00,13.2,92,11.9,0.0,4.3,90,7.9,992.8,98.0,96.2,317.0,20.3,22.0,57.0
2024-12-28 04:00:00,12.8,93,11.7,0.4,4.2,102,10.4,992.4,93.6,91.7,311.0,20.6,22.0,55.0
2024-12-28 05:00:00,13.0,92,11.7,0.8,7.5,114,14.8,992.3,84.1,82.0,434.0,17.1,21.0,66.0
2024-12-28 06:00:00,13.0,94,12.0,0.0,0.7,360,5.0,993.4,84.5,82.4,843.0,29.8,29.6,55.0
2024-12-28 07:00:00,13.5,96,12.9,1.1,4.4,339,9.7,994.5,107.6,105.2,1382.0,46.9,41.4,40.0
2024-12-28 08:00:00,14.1,95,13.4,0.7,5.7,11,12.6,995.3,127.6,125.3,1687.0,57.7,50.5,34.0
2024-12-28 09:00:00,15.2,92,13.9,1.2,3.9,323,12.6,996.3,113.9,112.0,1538.0,55.7,53.9,45.0
2024-12-28 10:00:00,16.2,86,13.9,0.0,1.6,354,11.9,996.6,105.9,103.8,1157.0,47.2,54.5,65.0
2024-12-28 11:00:00,17.0,82,14.0,0.0,3.0,343,11.5,996.3,102.0,99.9,844.0,40.6,55.2,80.0
2024-12-28 12:00:00,18.0,78,14.2,0.0,4.6,351,14.8,995.2,101.0,99.0,682.0,38.2,57.3,87.0
2024-12-28 13:00:00,18.1,77,14.1,0.0,6.7,355,17.6,994.2,99.4,97.3,589.0,37.6,59.5,91.0
2024-12-28 14:00:00,18.4,76,14.0,0.1,5.6,4,18.4,993.7,97.1,95.2,618.0,40.3,61.1,88.0
2024-12-28 15:00:00,18.3,75,13.9,0.0,5.4,2,15.5,993.5,93.1,91.5,824.0,48.5,61.5,77.0
2024-12-28 16:00:00,17.9,78,14.1,0.0,4.7,351,14.4,993.5,97.6,95.9,1154.0,59.9,61.3,59.0
2024-12-28 17:00:00,16.9,85,14.4,0.0,4.4,330,11.5,993.9,130.4,128.5,1497.0,67.4,56.8,47.0
2024-12-28 18:00:00,15.8,89,14.1,0.0,6.2,338,13.0,995.1,151.3,149.5,1863.0,67.0,55.3,42.0
2024-12-28 19:00:00,15.1,92,13.8,0.0,5.7,332,13.0,995.5,156.5,155.1,2244.0,66.3,53.0,35.0
2024-12-28 20:00:00,14.6,94,13.6,0.0,6.9,323,13.7,996.0,152.3,150.9,2504.0,63.9,49.9,30.0
2024-12-28 21:00:00,14.1,95,13.2,0.0,7.0,325,13.7,996.6,147.6,146.7,2596.0,59.2,45.4,28.0
2024-12-28 22:00:00,13.6,96,12.9,0.0,7.8,323,15.1,996.8,147.1,145.8,2568.0,52.8,40.1,28.0
2024-12-28 23:00:00,13.1,96,12.5,0.0,8.5,322,16.2,996.4,143.9,143.0,2427.0,45.9,35.0,29.0
2024-12-29 00:00:00,12.6,97,12.1,0.0,9.3,320,18.0,996.0,133.6,132.7,2110.0,37.9,30.3,32.0
2024-12-29 01:00:00,12.1,97,11.6,0.0,9.7,318,19.4,995.7,123.9,122.9,1680.0,29.3,25.9,36.0
2024-12-29 02:00:00,11.7,97,11.3,0.0,10.1,317,20.2,995.3,115.7,114.8,1336.0,22.6,22.7,40.0
2024-12-29 03:00:00,11.4,97,10.9,0.0,9.0,317,20.2,995.1,107.8,106.9,1162.0,18.5,21.0,43.0
2024-12-29 04:00:00,11.0,98,10.6,0.0,10.1,314,19.8,995.2,99.9,99.2,1074.0,16.4,20.5,45.0
2024-12-29 05:00:00,10.8,97,10.4,0.0,10.6,313,20.9,995.5,123.4,122.5,1023.0,23.8,21.8,31.0
2024-12-29 06:00:00,12.6,99,12.6,0.0,11.1,317,24.1,996.5,114.3,113.4,1010.0,26.1,23.5,31.0
2024-12-29 07:00:00,12.5,98,12.2,0.0,10.6,320,23.4,997.3,111.8,110.8,1034.0,29.2,25.9,32.0
2024-12-29 08:00:00,12.7,96,12.1,0.0,9.5,321,22.3,997.9,111.5,110.6,1039.0,30.0,28.1,38.0
2024-12-29 09:00:00,13.5,92,12.1,0.0,10.3,322,25.2,998.4,97.1,95.9,1000.0,26.5,29.9,55.0
2024-12-29 10:00:00,15.1,84,12.4,0.0,7.5,312,24.5,998.6,86.4,85.0,942.0,20.7,31.5,77.0
2024-12-29 11:00:00,16.5,79,12.8,0.0,7.2,302,21.2,997.9,74.7,73.1,882.0,16.2,32.5,95.0
2024-12-29 12:00:00,17.6,73,12.6,0.0,8.3,290,23.0,996.7,68.5,66.8,800.0,13.7,32.4,108.0
2024-12-29 13:00:00,18.4,68,12.3,0.0,9.5,289,24.8,995.7,65.9,64.0,715.0,12.4,31.7,117.0
2024-12-29 14:00:00,18.8,64,11.9,0.0,10.1,292,25.6,995.3,65.0,63.3,705.0,14.0,31.2,118.0
2024-12-29 15:00:00,18.6,64,11.6,0.0,10.0,296,25.2,995.0,62.2,60.3,830.0,20.1,30.9,108.0
2024-12-29 16:00:00,17.9,68,11.9,0.0,8.0,295,23.4,994.8,63.3,61.5,1029.0,29.1,30.7,90.0
2024-12-29 17:00:00,16.4,76,12.1,0.0,6.3,294,17.6,994.9,92.2,90.6,1197.0,35.4,32.7,65.0
2024-12-29 18:00:00,14.2,87,12.0,0.0,8.2,308,17.3,996.2,97.6,96.2,1313.0,36.6,32.5,58.0
2024-12-29 19:00:00,13.4,89,11.7,0.0,8.6,303,16.9,996.5,97.1,96.2,1398.0,38.2,32.2,50.0
2024-12-29 20:00:00,12.8,91,11.3,0.0,8.9,302,17.6,996.5,95.7,95.0,1413.0,38.0,31.1,44.0
2024-12-29 21:00:00,12.2,92,10.9,0.0,9.0,300,18.0,996.7,92.9,92.2,1316.0,34.9,28.7,45.0
2024-12-29 22:00:00,11.7,92,10.5,0.0,9.0,300,17.6,996.8,91.3,90.6,1149.0,30.1,25.5,48.0
2024-12-29 23:00:00,11.2,93,10.2,0.0,9.4,301,18.4,996.3,89.9,89.2,998.0,25.5,22.7,52.0
2024-12-30 00:00:00,10.9,94,10.0,0.0,9.5,303,18.7,995.8,85.9,85.4,884.0,21.6,20.4,55.0
2024-12-30 01:00:00,10.6,95,9.9,0.0,9.4,301,18.7,995.3,83.6,82.9,786.0,18.0,18.3,57.0
2024-12-30 02:00:00,10.4,96,9.8,0.0,9.5,299,18.7,994.9,81.3,80.8,726.0,15.2,17.2,59.0
2024-12-30 03:00:00,10.2,96,9.7,0.0,9.7,295,19.1,994.2,79.2,78.7,719.0,13.2,17.1,61.0
2024-12-30 04:00:00,10.0,97,9.5,0.0,9.3,294,19.1,993.8,77.3,77.1,752.0,12.1,18.0,62.0
2024-12-30 05:00:00,9.7,97,9.2,0.0,9.1,291,18.4,993.7,77.8,77.3,803.0,12.9,18.5,61.0
2024-12-30 06:00:00,10.9,100,10.9,0.0,11.4,298,25.2,995.1,75.7,75.4,885.0,17.0,21.4,58.0
2024-12-30 07:00:00,10.9,99,10.9,0.0,10.0,300,25.2,996.0,77.8,77.5,987.0,22.6,25.5,55.0
2024-12-30 08:00:00,11.4,97,10.9,0.0,10.3,305,23.8,996.6,79.6,79.4,1053.0,25.6,29.1,60.0
2024-12-30 09:00:00,12.1,93,10.9,0.0,10.3,308,25.2,997.1,77.1,76.8,1050.0,23.6,31.9,79.0
2024-12-30 10:00:00,13.7,84,11.1,0.0,10.3,310,25.9,997.4,76.4,76.1,1011.0,19.1,34.2,107.0
2024-12-30 11:00:00,15.5,77,11.6,0.0,8.2,292,26.3,996.8,75.4,75.2,981.0,15.3,35.5,130.0
2024-12-30 12:00:00,16.8,74,12.1,0.0,8.0,279,22.7,995.6,71.5,71.2,949.0,12.4,35.4,148.0
2024-12-30 13:00:00,17.8,70,12.4,0.0,8.1,282,23.0,994.9,63.3,63.1,926.0,10.2,34.4,163.0
2024-12-30 14:00:00,18.4,68,12.4,0.0,8.2,284,22.3,994.1,56.2,56.0,985.0,11.6,33.4,166.0
2024-12-30 15:00:00,18.5,67,12.4,0.0,8.5,287,21.6,994.1,51.8,51.5,1196.0,18.8,32.4,150.0
2024-12-30 16:00:00,18.0,70,12.5,0.0,6.6,291,20.5,994.3,52.5,52.3,1491.0,29.6,31.4,122.0
2024-12-30 17:00:00,16.2,78,12.4,0.0,5.2,290,14.4,994.2,97.3,96.2,1735.0,49.6,38.3,83.0
2024-12-30 18:00:00,12.9,86,10.6,0.0,4.3,298,8.3,995.7,109.7,108.5,1894.0,55.3,40.6,69.0
2024-12-30 19:00:00,12.3,88,10.4,0.0,4.4,277,8.3,996.0,119.0,118.0,2004.0,63.0,43.7,49.0
2024-12-30 20:00:00,11.8,90,10.2,0.0,4.5,265,9.0,996.3,128.1,127.1,2035.0,67.8,46.2,34.0
2024-12-30 21:00:00,11.1,92,9.8,0.0,4.5,265,8.6,996.2,136.9,136.0,1956.0,67.7,47.9,28.0
2024-12-30 22:00:00,10.6,93,9.4,0.0,4.4,279,8.3,996.3,144.8,143.9,1798.0,64.8,48.9,26.0
2024-12-30 23:00:00,10.2,94,9.2,0.0,4.6,296,8.6,996.2,147.1,145.8,1634.0,60.3,47.7,26.0
2024-12-31 00:00:00,9.9,94,9.1,0.0,5.0,300,9.7,995.8,141.1,140.2,1470.0,53.9,42.6,29.0
2024-12-31 01:00:00,9.4,95,8.8,0.0,5.4,304,10.1,995.5,136.4,135.0,1299.0,45.8,35.2,34.0
2024-12-31 02:00:00,8.8,97,8.3,0.0,6.2,308,12.6,995.5,133.2,131.8,1172.0,38.2,29.3,39.0
2024-12-31 03:00:00,8.6,97,8.1,0.0,6.6,313,13.0,995.6,129.0,127.6,1106.0,30.3,25.8,45.0
2024-12-31 04:00:00,8.1,97,7.8,0.0,6.5,321,13.0,995.3,127.1,125.7,1084.0,22.8,23.7,52.0
2024-12-31 05:00:00,7.8,97,7.4,0.0,6.0,319,13.0,995.3,164.4,162.5,1110.0,33.1,26.2,33.0
2024-12-31 06:00:00,9.4,100,9.4,0.0,3.1,277,11.2,996.8,157.9,156.0,1221.0,33.5,28.1,35.0
2024-12-31 07:00:00,9.2,99,9.1,0.0,2.9,281,10.1,997.6,159.7,158.3,1380.0,33.8,30.7,39.0
2024-12-31 08:00:00,9.6,99,9.4,0.0,3.8,287,11.9,998.5,153.2,151.3,1478.0,32.6,33.6,48.0
2024-12-31 09:00:00,10.4,97,9.9,0.0,4.2,295,14.4,999.3,143.4,141.6,1461.0,28.4,36.8,67.0
2024-12-31 10:00:00,12.0,90,10.4,0.0,3.4,302,14.4,999.6,129.0,126.7,1384.0,22.8,40.1,92.0
2024-12-31 11:00:00,13.5,82,10.5,0.0,2.7,298,13.0,998.7,111.3,108.7,1304.0,18.6,42.8,113.0
2024-12-31 12:00:00,14.9,77,10.8,0.0,3.5,279,14.4,997.6,106.4,103.8,1196.0,16.0,44.4,130.0
2024-12-31 13:00:00,15.6,73,10.6,0.0,4.4,277,15.8,996.4,101.7,99.2,1085.0,14.9,45.4,143.0
2024-12-31 14:00:00,16.0,69,10.4,0.0,4.7,277,16.2,995.5,99.0,96.4,1110.0,17.8,46.1,145.0
2024-12-31 15:00:00,16.1,68,10.1,0.0,4.7,274,15.5,994.9,96.4,93.8,1369.0,27.4,46.2,130.0
2024-12-31 16:00:00,15.6,70,10.3,0.0,4.3,268,13.7,994.9,97.1,94.5,1763.0,41.0,46.0,105.0
2024-12-31 17:00:00,13.9,82,10.9,0.0,3.8,265,9.4,994.9,153.2,149.9,2135.0,65.5,63.9,76.0
2024-12-31 18:00:00,12.0,88,10.1,0.0,3.6,323,8.6,996.6,178.3,175.1,2472.0,72.7,66.4,60.0
2024-12-31 19:00:00,11.1,91,9.8,0.0,3.8,352,7.6,996.5,196.5,193.2,2787.0,82.4,69.6,39.0
2024-12-31 20:00:00,10.4,93,9.3,0.0,3.8,329,7.6,997.0,203.0,200.2,2960.0,87.4,70.7,23.0
2024-12-31 21:00:00,10.2,93,9.2,0.0,4.7,320,9.0,997.1,203.5,200.2,2922.0,84.3,68.5,19.0
2024-12-31 22:00:00,10.1,93,9.0,0.0,5.9,317,10.8,997.1,206.8,204.0,2743.0,76.5,64.1,21.0
2024-12-31 23:00:00,9.6,95,8.8,0.0,5.3,322,11.5,996.5,202.1,199.3,2511.0,67.3,58.1,25.0
